date,time,stage,hr,respiratory_rate
2026-07-21,14:03,LIGHT,55,
2026-07-21,14:04,LIGHT,55,
2026-07-21,14:05,LIGHT,53,
2026-07-21,14:06,LIGHT,51,
2026-07-21,14:07,LIGHT,51,
2026-07-21,14:08,LIGHT,52,
2026-07-21,14:09,LIGHT,51,
2026-07-21,14:10,LIGHT,51,
2026-07-21,14:11,LIGHT,51,
2026-07-21,14:12,LIGHT,56,
2026-07-21,14:13,LIGHT,57,
2026-07-21,14:14,LIGHT,54,
2026-07-21,14:15,LIGHT,54,
2026-07-21,14:16,DEEP,51,
2026-07-21,14:17,DEEP,53,
2026-07-21,14:18,DEEP,58,
2026-07-21,14:19,DEEP,68,
2026-07-21,14:20,DEEP,60,
2026-07-21,14:21,DEEP,58,
2026-07-21,14:22,DEEP,69,
2026-07-21,14:23,DEEP,71,
2026-07-21,14:24,DEEP,70,
2026-07-21,14:25,DEEP,59,
2026-07-21,14:26,DEEP,59,
2026-07-21,14:27,DEEP,52,
2026-07-21,14:28,DEEP,54,
2026-07-21,14:29,DEEP,82,
2026-07-21,14:30,DEEP,65,
2026-07-21,14:31,DEEP,57,
2026-07-21,14:32,DEEP,52,
2026-07-21,14:33,DEEP,50,
2026-07-21,14:34,DEEP,51,
2026-07-21,14:35,DEEP,59,
2026-07-21,14:36,DEEP,69,
2026-07-21,14:37,DEEP,73,
2026-07-21,14:38,DEEP,56,
2026-07-21,14:39,DEEP,52,
2026-07-21,14:40,DEEP,50,
2026-07-21,14:41,DEEP,53,
2026-07-21,14:42,DEEP,56,
2026-07-21,14:43,DEEP,54,
2026-07-21,14:44,DEEP,54,
2026-07-21,14:45,DEEP,55,
2026-07-21,14:46,DEEP,55,
2026-07-21,14:47,DEEP,56,
2026-07-21,14:48,DEEP,55,
2026-07-21,14:49,DEEP,55,
2026-07-21,14:50,DEEP,57,
2026-07-21,14:51,DEEP,57,
2026-07-21,14:52,DEEP,64,
2026-07-21,14:53,DEEP,54,
2026-07-21,14:54,DEEP,56,
2026-07-21,14:55,DEEP,52,
2026-07-21,14:56,DEEP,50,
2026-07-21,14:57,DEEP,50,
2026-07-21,14:58,DEEP,50,
2026-07-21,14:59,DEEP,49,
2026-07-21,15:00,DEEP,49,
2026-07-21,15:01,DEEP,49,
2026-07-21,15:02,DEEP,49,
2026-07-21,15:03,DEEP,49,
2026-07-21,15:04,DEEP,49,
2026-07-21,15:05,DEEP,49,
2026-07-21,15:06,DEEP,49,
2026-07-21,15:07,DEEP,50,
2026-07-21,15:08,DEEP,50,
2026-07-21,15:09,DEEP,51,
2026-07-21,15:10,DEEP,52,
2026-07-21,15:11,DEEP,51,
2026-07-21,15:12,DEEP,51,
2026-07-21,15:13,DEEP,52,
2026-07-21,15:14,DEEP,51,
2026-07-21,15:15,DEEP,51,
2026-07-21,15:16,DEEP,51,
2026-07-21,15:17,DEEP,51,
2026-07-21,15:18,LIGHT,51,
2026-07-21,15:19,LIGHT,51,
2026-07-21,15:20,LIGHT,50,
2026-07-21,15:21,WAKE,50,
2026-07-21,15:22,WAKE,50,
2026-07-21,15:23,WAKE,50,
2026-07-21,15:24,LIGHT,50,
2026-07-21,15:25,LIGHT,50,
2026-07-21,15:26,LIGHT,50,
2026-07-21,15:27,LIGHT,51,
2026-07-21,15:28,LIGHT,50,
2026-07-21,15:29,LIGHT,50,
2026-07-21,15:30,REM,50,
2026-07-21,15:31,REM,50,
2026-07-21,15:32,REM,50,
2026-07-21,15:33,REM,50,
2026-07-21,15:34,REM,50,
2026-07-21,15:35,REM,50,
2026-07-21,15:36,REM,50,
2026-07-21,15:37,REM,50,
2026-07-21,15:38,REM,50,
2026-07-21,15:39,REM,51,
2026-07-21,15:40,REM,51,
2026-07-21,15:41,REM,51,
2026-07-21,15:42,REM,51,
2026-07-21,15:43,REM,51,
2026-07-21,15:44,REM,51,
2026-07-21,15:45,REM,51,
2026-07-21,15:46,REM,51,
2026-07-21,15:47,REM,56,
2026-07-21,15:48,REM,60,
2026-07-21,15:49,LIGHT,53,
2026-07-21,15:50,LIGHT,53,
2026-07-21,15:51,LIGHT,50,
2026-07-21,15:52,LIGHT,50,
2026-07-21,15:53,LIGHT,50,
2026-07-21,15:54,LIGHT,49,
2026-07-21,15:55,LIGHT,49,
2026-07-21,15:56,LIGHT,51,
2026-07-21,15:57,LIGHT,52,
2026-07-21,15:58,LIGHT,54,
2026-07-21,15:59,LIGHT,55,
2026-07-21,16:00,LIGHT,52,
2026-07-21,16:01,LIGHT,51,
2026-07-21,16:02,LIGHT,54,
2026-07-21,16:03,LIGHT,52,
2026-07-21,16:04,LIGHT,52,
2026-07-21,16:05,LIGHT,50,
2026-07-21,16:06,LIGHT,53,
2026-07-21,16:07,LIGHT,59,
2026-07-21,16:08,LIGHT,52,
2026-07-21,16:09,LIGHT,51,
2026-07-21,16:10,LIGHT,48,
2026-07-21,16:11,LIGHT,51,
2026-07-21,16:12,LIGHT,50,
2026-07-21,16:13,LIGHT,53,
2026-07-21,16:14,LIGHT,55,
2026-07-21,16:15,LIGHT,51,
2026-07-21,16:16,LIGHT,48,
2026-07-21,16:17,LIGHT,48,
2026-07-21,16:18,LIGHT,47,
2026-07-21,16:19,LIGHT,47,
2026-07-21,16:20,LIGHT,47,
2026-07-21,16:21,LIGHT,47,
2026-07-21,16:22,LIGHT,47,
2026-07-21,16:23,LIGHT,47,
2026-07-21,16:24,LIGHT,51,
2026-07-21,16:25,LIGHT,51,
2026-07-21,16:26,LIGHT,55,
2026-07-21,16:27,LIGHT,52,
2026-07-21,16:28,LIGHT,54,
2026-07-21,16:29,LIGHT,54,
2026-07-21,16:30,WAKE,51,
2026-07-21,16:31,LIGHT,50,
2026-07-21,16:32,LIGHT,50,
2026-07-21,16:33,LIGHT,51,
2026-07-21,16:34,LIGHT,48,
2026-07-21,16:35,LIGHT,50,
2026-07-21,16:36,LIGHT,51,
2026-07-21,16:37,LIGHT,53,
2026-07-21,16:38,LIGHT,49,
2026-07-21,16:39,LIGHT,49,
2026-07-21,16:40,LIGHT,46,
2026-07-21,16:41,LIGHT,45,
2026-07-21,16:42,LIGHT,44,
2026-07-21,16:43,LIGHT,46,
2026-07-21,16:44,LIGHT,48,
2026-07-21,16:45,LIGHT,47,
2026-07-21,16:46,LIGHT,49,
2026-07-21,16:47,LIGHT,48,
2026-07-21,16:48,LIGHT,48,
2026-07-21,16:49,LIGHT,48,
2026-07-21,16:50,LIGHT,53,
2026-07-21,16:51,WAKE,50,
2026-07-21,16:52,LIGHT,50,
2026-07-21,16:53,LIGHT,47,
2026-07-21,16:54,LIGHT,45,
2026-07-21,16:55,LIGHT,45,
2026-07-21,16:56,LIGHT,45,
2026-07-21,16:57,LIGHT,46,
2026-07-21,16:58,LIGHT,46,
2026-07-21,16:59,LIGHT,46,
2026-07-21,23:22,LIGHT,63,
2026-07-21,23:23,LIGHT,55,
2026-07-21,23:24,LIGHT,54,
2026-07-21,23:25,LIGHT,54,
2026-07-21,23:26,LIGHT,54,
2026-07-21,23:27,LIGHT,51,
2026-07-21,23:28,LIGHT,50,
2026-07-21,23:29,LIGHT,50,
2026-07-21,23:30,LIGHT,49,
2026-07-21,23:31,LIGHT,49,
2026-07-21,23:32,LIGHT,49,
2026-07-21,23:33,LIGHT,49,
2026-07-21,23:34,DEEP,55,
2026-07-21,23:35,DEEP,49,
2026-07-21,23:36,DEEP,49,
2026-07-21,23:37,DEEP,48,
2026-07-21,23:38,DEEP,48,
2026-07-21,23:39,DEEP,46,
2026-07-21,23:40,DEEP,46,
2026-07-21,23:41,DEEP,45,
2026-07-21,23:42,DEEP,45,
2026-07-21,23:43,DEEP,45,
2026-07-21,23:44,DEEP,45,
2026-07-21,23:45,DEEP,45,
2026-07-21,23:46,DEEP,45,
2026-07-21,23:47,DEEP,45,
2026-07-21,23:48,DEEP,45,
2026-07-21,23:49,DEEP,48,
2026-07-21,23:50,DEEP,45,
2026-07-21,23:51,DEEP,45,
2026-07-21,23:52,LIGHT,44,
2026-07-21,23:53,LIGHT,44,
2026-07-21,23:54,LIGHT,49,
2026-07-21,23:55,LIGHT,52,
2026-07-21,23:56,LIGHT,46,
2026-07-21,23:57,LIGHT,49,
2026-07-21,23:58,LIGHT,54,
2026-07-21,23:59,LIGHT,52,
2026-07-22,00:00,LIGHT,50,
2026-07-22,00:01,LIGHT,49,
2026-07-22,00:02,LIGHT,49,
2026-07-22,00:03,LIGHT,49,
2026-07-22,00:04,LIGHT,47,
2026-07-22,00:05,LIGHT,48,
2026-07-22,00:06,DEEP,47,
2026-07-22,00:07,DEEP,48,
2026-07-22,00:08,DEEP,48,
2026-07-22,00:09,DEEP,48,
2026-07-22,00:10,DEEP,48,
2026-07-22,00:11,DEEP,48,
2026-07-22,00:12,DEEP,48,
2026-07-22,00:13,DEEP,51,
2026-07-22,00:14,DEEP,49,
2026-07-22,00:15,DEEP,46,
2026-07-22,00:16,DEEP,47,
2026-07-22,00:17,DEEP,47,
2026-07-22,00:18,DEEP,46,
2026-07-22,00:19,DEEP,47,
2026-07-22,00:20,DEEP,45,
2026-07-22,00:21,LIGHT,45,
2026-07-22,00:22,LIGHT,45,
2026-07-22,00:23,LIGHT,45,
2026-07-22,00:24,LIGHT,45,
2026-07-22,00:25,LIGHT,45,
2026-07-22,00:26,LIGHT,45,
2026-07-22,00:27,LIGHT,45,
2026-07-22,00:28,LIGHT,45,
2026-07-22,00:29,REM,45,
2026-07-22,00:30,REM,47,
2026-07-22,00:31,REM,50,
2026-07-22,00:32,REM,47,
2026-07-22,00:33,REM,45,
2026-07-22,00:34,REM,47,
2026-07-22,00:35,REM,49,
2026-07-22,00:36,REM,46,
2026-07-22,00:37,REM,46,
2026-07-22,00:38,REM,45,
2026-07-22,00:39,REM,49,
2026-07-22,00:40,REM,46,
2026-07-22,00:41,REM,46,
2026-07-22,00:42,REM,45,
2026-07-22,00:43,REM,45,
2026-07-22,00:44,REM,45,
2026-07-22,00:45,REM,45,
2026-07-22,00:46,REM,45,
2026-07-22,00:47,REM,45,
2026-07-22,00:48,REM,45,
2026-07-22,00:49,REM,45,
2026-07-22,00:50,REM,45,
2026-07-22,00:51,REM,48,
2026-07-22,00:52,REM,48,
2026-07-22,00:53,REM,45,
2026-07-22,00:54,REM,45,
2026-07-22,00:55,REM,45,
2026-07-22,00:56,REM,49,
2026-07-22,00:57,REM,46,
2026-07-22,00:58,REM,47,
2026-07-22,00:59,REM,46,
2026-07-22,01:00,REM,44,
2026-07-22,01:01,REM,44,
2026-07-22,01:02,REM,44,
2026-07-22,01:03,REM,44,
2026-07-22,01:04,REM,44,
2026-07-22,01:05,LIGHT,45,
2026-07-22,01:06,LIGHT,46,
2026-07-22,01:07,LIGHT,46,
2026-07-22,01:08,LIGHT,46,
2026-07-22,01:09,LIGHT,51,
2026-07-22,01:10,LIGHT,50,
2026-07-22,01:11,LIGHT,50,
2026-07-22,01:12,LIGHT,47,
2026-07-22,01:13,LIGHT,47,
2026-07-22,01:14,LIGHT,52,
2026-07-22,01:15,LIGHT,47,
2026-07-22,01:16,LIGHT,46,
2026-07-22,01:17,LIGHT,46,
2026-07-22,01:18,LIGHT,46,
2026-07-22,01:19,LIGHT,46,
2026-07-22,01:20,LIGHT,46,
2026-07-22,01:21,LIGHT,45,
2026-07-22,01:22,LIGHT,45,
2026-07-22,01:23,LIGHT,47,
2026-07-22,01:24,LIGHT,47,
2026-07-22,01:25,LIGHT,47,
2026-07-22,01:26,LIGHT,48,
2026-07-22,01:27,LIGHT,51,
2026-07-22,01:28,LIGHT,53,
2026-07-22,01:29,LIGHT,53,
2026-07-22,01:30,LIGHT,53,
2026-07-22,01:31,LIGHT,60,
2026-07-22,01:32,DEEP,53,
2026-07-22,01:33,DEEP,50,
2026-07-22,01:34,DEEP,56,
2026-07-22,01:35,DEEP,46,
2026-07-22,01:36,DEEP,46,
2026-07-22,01:37,DEEP,46,
2026-07-22,01:38,DEEP,45,
2026-07-22,01:39,LIGHT,45,
2026-07-22,01:40,LIGHT,48,
2026-07-22,01:41,LIGHT,45,
2026-07-22,01:42,WAKE,45,
2026-07-22,01:43,WAKE,44,
2026-07-22,01:44,LIGHT,45,
2026-07-22,01:45,LIGHT,45,
2026-07-22,01:46,LIGHT,46,
2026-07-22,01:47,LIGHT,44,
2026-07-22,01:48,LIGHT,44,
2026-07-22,01:49,LIGHT,44,
2026-07-22,01:50,LIGHT,44,
2026-07-22,01:51,LIGHT,43,
2026-07-22,01:52,LIGHT,43,
2026-07-22,01:53,LIGHT,43,
2026-07-22,01:54,LIGHT,43,
2026-07-22,01:55,LIGHT,44,
2026-07-22,01:56,LIGHT,43,
2026-07-22,01:57,LIGHT,50,
2026-07-22,01:58,LIGHT,45,
2026-07-22,01:59,LIGHT,45,
2026-07-22,02:00,LIGHT,44,
2026-07-22,02:01,LIGHT,43,
2026-07-22,02:02,LIGHT,45,
2026-07-22,02:03,LIGHT,43,
2026-07-22,02:04,LIGHT,46,
2026-07-22,02:05,LIGHT,43,
2026-07-22,02:06,LIGHT,43,
2026-07-22,02:07,LIGHT,43,
2026-07-22,02:08,LIGHT,44,
2026-07-22,02:09,LIGHT,44,
2026-07-22,02:10,LIGHT,44,
2026-07-22,02:11,LIGHT,44,
2026-07-22,02:12,LIGHT,45,
2026-07-22,02:13,LIGHT,45,
2026-07-22,02:14,LIGHT,45,
2026-07-22,02:15,LIGHT,45,
2026-07-22,02:16,LIGHT,45,
2026-07-22,02:17,LIGHT,45,
2026-07-22,02:18,LIGHT,45,
2026-07-22,02:19,LIGHT,45,
2026-07-22,02:20,LIGHT,45,
2026-07-22,02:21,REM,45,
2026-07-22,02:22,REM,45,
2026-07-22,02:23,REM,45,
2026-07-22,02:24,REM,46,
2026-07-22,02:25,REM,46,
2026-07-22,02:26,REM,45,
2026-07-22,02:27,REM,45,
2026-07-22,02:28,REM,45,
2026-07-22,02:29,REM,45,
2026-07-22,02:30,REM,45,
2026-07-22,02:31,REM,45,
2026-07-22,02:32,REM,45,
2026-07-22,02:33,REM,45,
2026-07-22,02:34,REM,45,
2026-07-22,02:35,REM,45,
2026-07-22,02:36,REM,46,
2026-07-22,02:37,REM,46,
2026-07-22,02:38,REM,46,
2026-07-22,02:39,REM,46,
2026-07-22,02:40,REM,46,
2026-07-22,02:41,REM,45,
2026-07-22,02:42,REM,45,
2026-07-22,02:43,REM,45,
2026-07-22,02:44,REM,45,
2026-07-22,02:45,LIGHT,45,
2026-07-22,02:46,LIGHT,46,
2026-07-22,02:47,LIGHT,46,
2026-07-22,02:48,LIGHT,46,
2026-07-22,02:49,LIGHT,46,
2026-07-22,02:50,LIGHT,46,
2026-07-22,02:51,LIGHT,46,
2026-07-22,02:52,LIGHT,46,
2026-07-22,02:53,LIGHT,46,
2026-07-22,02:54,LIGHT,46,
2026-07-22,02:55,LIGHT,46,
2026-07-22,02:56,LIGHT,46,
2026-07-22,02:57,LIGHT,46,
2026-07-22,02:58,LIGHT,46,
2026-07-22,02:59,LIGHT,46,
2026-07-22,03:00,LIGHT,46,
2026-07-22,03:01,LIGHT,46,
2026-07-22,03:02,LIGHT,46,
2026-07-22,03:03,LIGHT,46,
2026-07-22,03:04,LIGHT,46,
2026-07-22,03:05,LIGHT,46,
2026-07-22,03:06,LIGHT,46,
2026-07-22,03:07,LIGHT,46,
2026-07-22,03:08,LIGHT,46,
2026-07-22,03:09,LIGHT,46,
2026-07-22,03:10,LIGHT,46,
2026-07-22,03:11,LIGHT,53,
2026-07-22,03:12,LIGHT,48,
2026-07-22,03:13,LIGHT,48,
2026-07-22,03:14,LIGHT,55,
2026-07-22,03:15,LIGHT,52,
2026-07-22,03:16,LIGHT,54,
2026-07-22,03:17,LIGHT,53,
2026-07-22,03:18,LIGHT,52,
2026-07-22,03:19,LIGHT,49,
2026-07-22,03:20,LIGHT,46,
2026-07-22,03:21,LIGHT,44,
2026-07-22,03:22,LIGHT,43,
2026-07-22,03:23,LIGHT,43,
2026-07-22,03:24,LIGHT,43,
2026-07-22,03:25,LIGHT,43,
2026-07-22,03:26,LIGHT,43,
2026-07-22,03:27,LIGHT,47,
2026-07-22,03:28,LIGHT,44,
2026-07-22,03:29,LIGHT,44,
2026-07-22,03:30,LIGHT,45,
2026-07-22,03:31,LIGHT,44,
2026-07-22,03:32,LIGHT,49,
2026-07-22,03:33,LIGHT,45,
2026-07-22,03:34,WAKE,45,
2026-07-22,03:35,LIGHT,43,
2026-07-22,03:36,LIGHT,47,
2026-07-22,03:37,LIGHT,45,
2026-07-22,03:38,LIGHT,43,
2026-07-22,03:39,LIGHT,42,
2026-07-22,03:40,LIGHT,42,
2026-07-22,03:41,LIGHT,42,
2026-07-22,03:42,LIGHT,42,
2026-07-22,03:43,LIGHT,42,
2026-07-22,03:44,LIGHT,42,
2026-07-22,03:45,LIGHT,42,
2026-07-22,03:46,LIGHT,42,
2026-07-22,03:47,LIGHT,42,
2026-07-22,03:48,LIGHT,48,
2026-07-22,03:49,LIGHT,44,
2026-07-22,03:50,LIGHT,44,
2026-07-22,03:51,LIGHT,42,
2026-07-22,03:52,LIGHT,42,
2026-07-22,03:53,LIGHT,43,
2026-07-22,03:54,LIGHT,46,
2026-07-22,03:55,LIGHT,43,
2026-07-22,03:56,LIGHT,43,
2026-07-22,03:57,LIGHT,43,
2026-07-22,03:58,LIGHT,43,
2026-07-22,03:59,LIGHT,44,
2026-07-22,04:00,LIGHT,46,
2026-07-22,04:01,LIGHT,44,
2026-07-22,04:02,LIGHT,42,
2026-07-22,04:03,LIGHT,43,
2026-07-22,04:04,LIGHT,45,
2026-07-22,04:05,LIGHT,44,
2026-07-22,04:06,LIGHT,42,
2026-07-22,04:07,LIGHT,42,
2026-07-22,04:08,LIGHT,42,
2026-07-22,04:09,LIGHT,43,
2026-07-22,04:10,LIGHT,44,
2026-07-22,04:11,LIGHT,45,
2026-07-22,04:12,LIGHT,45,
2026-07-22,04:13,LIGHT,47,
2026-07-22,04:14,LIGHT,44,
2026-07-22,04:15,REM,44,
2026-07-22,04:16,REM,43,
2026-07-22,04:17,REM,43,
2026-07-22,04:18,REM,43,
2026-07-22,04:19,REM,43,
2026-07-22,04:20,REM,43,
2026-07-22,04:21,REM,42,
2026-07-22,04:22,REM,42,
2026-07-22,04:23,REM,42,
2026-07-22,04:24,REM,42,
2026-07-22,04:25,REM,42,
2026-07-22,04:26,REM,42,
2026-07-22,04:27,REM,44,
2026-07-22,04:28,REM,49,
2026-07-22,04:29,REM,45,
2026-07-22,04:30,LIGHT,44,
2026-07-22,04:31,LIGHT,42,
2026-07-22,04:32,LIGHT,42,
2026-07-22,04:33,LIGHT,42,
2026-07-22,04:34,LIGHT,42,
2026-07-22,04:35,LIGHT,42,
2026-07-22,04:36,LIGHT,42,
2026-07-22,04:37,LIGHT,43,
2026-07-22,04:38,LIGHT,42,
2026-07-22,04:39,LIGHT,46,
2026-07-22,04:40,LIGHT,46,
2026-07-22,04:41,LIGHT,43,
2026-07-22,04:42,LIGHT,46,
2026-07-22,04:43,LIGHT,43,
2026-07-22,04:44,LIGHT,42,
2026-07-22,04:45,LIGHT,46,
2026-07-22,04:46,LIGHT,51,
2026-07-22,04:47,LIGHT,45,
2026-07-22,04:48,LIGHT,42,
2026-07-22,04:49,LIGHT,41,
2026-07-22,04:50,LIGHT,41,
2026-07-22,04:51,LIGHT,41,
2026-07-22,04:52,LIGHT,41,
2026-07-22,04:53,LIGHT,41,
2026-07-22,04:54,LIGHT,42,
2026-07-22,04:55,LIGHT,42,
2026-07-22,04:56,LIGHT,42,
2026-07-22,04:57,LIGHT,42,
2026-07-22,04:58,LIGHT,42,
2026-07-22,04:59,LIGHT,42,
2026-07-22,05:00,LIGHT,42,
2026-07-22,05:01,LIGHT,42,
2026-07-22,05:02,LIGHT,42,
2026-07-22,05:03,LIGHT,42,
2026-07-22,05:04,LIGHT,42,
2026-07-22,05:05,LIGHT,46,
2026-07-22,05:06,LIGHT,44,
2026-07-22,05:07,LIGHT,44,
2026-07-22,05:08,LIGHT,42,
2026-07-22,05:09,LIGHT,42,
2026-07-22,05:10,LIGHT,42,
2026-07-22,05:11,LIGHT,42,
2026-07-22,05:12,LIGHT,42,
2026-07-22,05:13,LIGHT,42,
2026-07-22,05:14,LIGHT,43,
2026-07-22,05:15,LIGHT,43,
2026-07-22,05:16,LIGHT,43,
2026-07-22,05:17,LIGHT,43,
2026-07-22,05:18,LIGHT,43,
2026-07-22,05:19,LIGHT,43,
2026-07-22,05:20,LIGHT,43,
2026-07-22,05:21,DEEP,43,
2026-07-22,05:22,DEEP,50,
2026-07-22,05:23,DEEP,52,
2026-07-22,05:24,DEEP,46,
2026-07-22,05:25,DEEP,46,
2026-07-22,05:26,DEEP,43,
2026-07-22,05:27,DEEP,43,
2026-07-22,05:28,DEEP,43,
2026-07-22,05:29,DEEP,43,
2026-07-22,05:30,DEEP,43,
2026-07-22,05:31,DEEP,43,
2026-07-22,05:32,DEEP,43,
2026-07-22,05:33,DEEP,43,
2026-07-22,05:34,DEEP,43,
2026-07-22,05:35,DEEP,43,
2026-07-22,05:36,DEEP,43,
2026-07-22,05:37,DEEP,43,
2026-07-22,05:38,DEEP,45,
2026-07-22,05:39,DEEP,48,
2026-07-22,05:40,DEEP,55,
2026-07-22,05:41,LIGHT,47,
2026-07-22,05:42,LIGHT,43,
2026-07-22,05:43,LIGHT,45,
2026-07-22,05:44,LIGHT,46,
2026-07-22,05:45,LIGHT,51,
2026-07-22,05:46,LIGHT,52,
2026-07-22,05:47,LIGHT,45,
2026-07-22,05:48,LIGHT,42,
2026-07-22,05:49,LIGHT,41,
2026-07-22,05:50,LIGHT,41,
2026-07-22,05:51,LIGHT,43,
2026-07-22,05:52,LIGHT,43,
2026-07-22,05:53,REM,43,
2026-07-22,05:54,REM,43,
2026-07-22,05:55,REM,45,
2026-07-22,05:56,REM,43,
2026-07-22,05:57,REM,44,
2026-07-22,05:58,REM,43,
2026-07-22,05:59,REM,43,
2026-07-22,06:00,REM,48,
2026-07-22,06:01,REM,50,
2026-07-22,06:02,REM,44,
2026-07-22,06:03,REM,48,
2026-07-22,06:04,REM,43,
2026-07-22,06:05,REM,43,
2026-07-22,06:06,REM,42,
2026-07-22,06:07,REM,42,
2026-07-22,06:08,REM,41,
2026-07-22,06:09,REM,43,
2026-07-22,06:10,REM,42,
2026-07-22,06:11,REM,42,
2026-07-22,06:12,REM,41,
2026-07-22,06:13,REM,41,
2026-07-22,06:14,REM,41,
2026-07-22,06:15,REM,41,
2026-07-22,06:16,REM,41,
2026-07-22,06:17,REM,41,
2026-07-22,06:18,REM,41,
2026-07-22,06:19,REM,41,
2026-07-22,06:20,LIGHT,41,
2026-07-22,06:21,LIGHT,41,
2026-07-22,06:22,LIGHT,41,
2026-07-22,06:23,LIGHT,41,
2026-07-22,06:24,LIGHT,41,
2026-07-22,06:25,LIGHT,41,
2026-07-22,06:26,LIGHT,41,
2026-07-22,06:27,LIGHT,41,
2026-07-22,06:28,LIGHT,41,
2026-07-22,06:29,LIGHT,41,
2026-07-22,06:30,LIGHT,49,
2026-07-22,06:31,LIGHT,49,
2026-07-22,06:32,LIGHT,44,
2026-07-22,06:33,LIGHT,42,
2026-07-22,06:34,LIGHT,42,
2026-07-22,06:35,LIGHT,44,
2026-07-22,06:36,WAKE,43,
2026-07-22,06:37,LIGHT,44,
2026-07-22,06:38,LIGHT,42,
2026-07-22,06:39,LIGHT,42,
2026-07-22,06:40,LIGHT,46,
2026-07-22,06:41,LIGHT,43,
2026-07-22,06:42,LIGHT,42,
2026-07-22,06:43,LIGHT,42,
2026-07-22,06:44,LIGHT,42,
2026-07-22,06:45,LIGHT,48,
2026-07-22,06:46,WAKE,44,
2026-07-22,06:47,LIGHT,42,
2026-07-22,06:48,LIGHT,42,
2026-07-22,06:49,LIGHT,45,
2026-07-22,06:50,LIGHT,45,
2026-07-22,06:51,LIGHT,45,
2026-07-22,06:52,LIGHT,43,
2026-07-22,06:53,LIGHT,44,
2026-07-22,06:54,LIGHT,44,
2026-07-22,06:55,WAKE,43,
2026-07-22,06:56,WAKE,42,
2026-07-22,06:57,WAKE,42,
2026-07-22,06:58,WAKE,42,
2026-07-22,06:59,LIGHT,44,
2026-07-22,15:01,LIGHT,50,
2026-07-22,15:02,LIGHT,50,
2026-07-22,15:03,LIGHT,50,
2026-07-22,15:04,LIGHT,52,
2026-07-22,15:05,LIGHT,52,
2026-07-22,15:06,DEEP,49,
2026-07-22,15:07,DEEP,53,
2026-07-22,15:08,DEEP,58,
2026-07-22,15:09,DEEP,57,
2026-07-22,15:10,DEEP,59,
2026-07-22,15:11,DEEP,60,
2026-07-22,15:12,DEEP,54,
2026-07-22,15:13,DEEP,56,
2026-07-22,15:14,DEEP,50,
2026-07-22,15:15,DEEP,50,
2026-07-22,15:16,DEEP,51,
2026-07-22,15:17,DEEP,50,
2026-07-22,15:18,DEEP,49,
2026-07-22,15:19,DEEP,50,
2026-07-22,15:20,DEEP,50,
2026-07-22,15:21,DEEP,51,
2026-07-22,15:22,DEEP,52,
2026-07-22,15:23,DEEP,54,
2026-07-22,15:24,DEEP,51,
2026-07-22,15:25,DEEP,48,
2026-07-22,15:26,DEEP,48,
2026-07-22,15:27,DEEP,48,
2026-07-22,15:28,DEEP,48,
2026-07-22,15:29,DEEP,48,
2026-07-22,15:30,DEEP,48,
2026-07-22,15:31,DEEP,50,
2026-07-22,15:32,DEEP,50,
2026-07-22,15:33,DEEP,49,
2026-07-22,15:34,DEEP,48,
2026-07-22,15:35,DEEP,48,
2026-07-22,15:36,DEEP,48,
2026-07-22,15:37,DEEP,53,
2026-07-22,15:38,DEEP,60,
2026-07-22,15:39,DEEP,56,
2026-07-22,15:40,DEEP,60,
2026-07-22,15:41,DEEP,52,
2026-07-22,15:42,DEEP,49,
2026-07-22,15:43,DEEP,49,
2026-07-22,15:44,DEEP,50,
2026-07-22,15:45,DEEP,50,
2026-07-22,15:46,DEEP,49,
2026-07-22,15:47,DEEP,49,
2026-07-22,15:48,DEEP,48,
2026-07-22,15:49,LIGHT,48,
2026-07-22,15:50,LIGHT,48,
2026-07-22,15:51,LIGHT,49,
2026-07-22,15:52,LIGHT,49,
2026-07-22,15:53,LIGHT,49,
2026-07-22,15:54,LIGHT,49,
2026-07-22,15:55,LIGHT,66,
2026-07-22,15:56,LIGHT,56,
2026-07-22,15:57,LIGHT,49,
2026-07-22,15:58,REM,46,
2026-07-22,15:59,REM,48,
2026-07-22,16:00,REM,48,
2026-07-22,16:01,REM,49,
2026-07-22,16:02,REM,48,
2026-07-22,16:03,REM,49,
2026-07-22,16:04,REM,49,
2026-07-22,16:05,REM,51,
2026-07-22,16:06,REM,55,
2026-07-22,16:07,REM,62,
2026-07-22,16:08,REM,63,
2026-07-22,16:09,REM,65,
2026-07-22,16:10,REM,57,
2026-07-22,16:11,REM,57,
2026-07-22,16:12,REM,53,
2026-07-22,16:13,REM,54,
2026-07-22,16:14,REM,59,
2026-07-22,16:15,REM,54,
2026-07-22,16:16,REM,56,
2026-07-22,16:17,REM,56,
2026-07-22,16:18,REM,59,
2026-07-22,16:19,REM,61,
2026-07-22,16:20,REM,61,
2026-07-22,16:21,REM,60,
2026-07-22,16:22,REM,62,
2026-07-22,16:23,REM,54,
2026-07-22,16:24,REM,57,
2026-07-22,16:25,REM,57,
2026-07-22,16:26,REM,57,
2026-07-22,16:27,REM,52,
2026-07-22,16:28,REM,56,
2026-07-22,16:29,REM,60,
2026-07-22,16:30,REM,58,
2026-07-22,16:31,LIGHT,54,
2026-07-22,16:32,LIGHT,59,
2026-07-22,16:33,LIGHT,56,
2026-07-22,16:34,LIGHT,56,
2026-07-22,16:35,REM,56,
2026-07-22,16:36,REM,57,
2026-07-22,16:37,REM,62,
2026-07-22,16:38,REM,68,
2026-07-22,16:39,LIGHT,83,
2026-07-22,16:40,LIGHT,65,
2026-07-22,16:41,LIGHT,69,
2026-07-22,16:42,LIGHT,79,
2026-07-22,16:43,LIGHT,61,
2026-07-22,16:44,LIGHT,60,
2026-07-22,16:45,LIGHT,66,
2026-07-22,16:46,LIGHT,60,
2026-07-22,16:47,LIGHT,55,
2026-07-22,16:48,LIGHT,59,
2026-07-22,16:49,LIGHT,63,
2026-07-22,16:50,LIGHT,62,
2026-07-22,16:51,LIGHT,67,
2026-07-22,16:52,LIGHT,69,
2026-07-22,16:53,LIGHT,67,
2026-07-22,16:54,LIGHT,69,
2026-07-22,16:55,LIGHT,71,
2026-07-22,16:56,LIGHT,63,
2026-07-22,16:57,LIGHT,56,
2026-07-22,16:58,LIGHT,53,
2026-07-22,16:59,LIGHT,57,
2026-07-22,17:00,LIGHT,55,
2026-07-22,17:01,LIGHT,55,
2026-07-22,17:02,LIGHT,52,
2026-07-22,17:03,LIGHT,52,
2026-07-22,17:04,LIGHT,57,
2026-07-22,17:05,LIGHT,58,
2026-07-22,17:06,LIGHT,57,
2026-07-22,17:07,LIGHT,54,
2026-07-22,17:08,LIGHT,54,
2026-07-22,17:09,LIGHT,56,
2026-07-22,17:10,LIGHT,56,
2026-07-22,17:11,LIGHT,55,
2026-07-22,17:12,LIGHT,52,
2026-07-22,17:13,LIGHT,52,
2026-07-22,17:14,LIGHT,52,
2026-07-22,17:15,LIGHT,53,
2026-07-22,17:16,LIGHT,54,
2026-07-22,17:17,LIGHT,55,
2026-07-22,17:18,WAKE,55,
2026-07-22,17:19,LIGHT,54,
2026-07-22,17:20,LIGHT,62,
2026-07-22,17:21,LIGHT,75,
2026-07-22,17:22,LIGHT,71,
2026-07-22,17:23,WAKE,74,
2026-07-22,17:24,WAKE,76,
2026-07-22,17:25,WAKE,77,
2026-07-22,17:26,LIGHT,69,
2026-07-22,17:27,LIGHT,60,
2026-07-22,17:28,LIGHT,62,
2026-07-22,17:29,LIGHT,64,
2026-07-22,17:30,LIGHT,62,
2026-07-22,17:31,LIGHT,63,
2026-07-22,17:32,LIGHT,55,
2026-07-22,23:38,LIGHT,47,
2026-07-22,23:39,LIGHT,47,
2026-07-22,23:40,LIGHT,47,
2026-07-22,23:41,LIGHT,47,
2026-07-22,23:42,LIGHT,47,
2026-07-22,23:43,LIGHT,47,
2026-07-22,23:44,LIGHT,52,
2026-07-22,23:45,LIGHT,62,
2026-07-22,23:46,LIGHT,58,
2026-07-22,23:47,LIGHT,51,
2026-07-22,23:48,LIGHT,48,
2026-07-22,23:49,LIGHT,47,
2026-07-22,23:50,LIGHT,47,
2026-07-22,23:51,LIGHT,48,
2026-07-22,23:52,LIGHT,48,
2026-07-22,23:53,LIGHT,,
2026-07-22,23:54,LIGHT,,
2026-07-22,23:55,LIGHT,,
2026-07-22,23:56,LIGHT,,
2026-07-22,23:57,LIGHT,,
2026-07-22,23:58,LIGHT,,
2026-07-22,23:59,LIGHT,,
2026-07-23,00:00,LIGHT,,
2026-07-23,00:01,LIGHT,,
2026-07-23,00:02,LIGHT,,
2026-07-23,00:03,LIGHT,,
2026-07-23,00:04,LIGHT,48,
2026-07-23,00:05,LIGHT,48,
2026-07-23,00:06,DEEP,48,
2026-07-23,00:07,DEEP,48,
2026-07-23,00:08,DEEP,47,
2026-07-23,00:09,DEEP,52,
2026-07-23,00:10,DEEP,51,
2026-07-23,00:11,DEEP,47,
2026-07-23,00:12,DEEP,45,
2026-07-23,00:13,DEEP,45,
2026-07-23,00:14,DEEP,45,
2026-07-23,00:15,DEEP,45,
2026-07-23,00:16,LIGHT,45,
2026-07-23,00:17,LIGHT,45,
2026-07-23,00:18,LIGHT,46,
2026-07-23,00:19,LIGHT,48,
2026-07-23,00:20,LIGHT,46,
2026-07-23,00:21,LIGHT,45,
2026-07-23,00:22,LIGHT,45,
2026-07-23,00:23,LIGHT,45,
2026-07-23,00:24,DEEP,45,
2026-07-23,00:25,DEEP,47,
2026-07-23,00:26,DEEP,46,
2026-07-23,00:27,DEEP,46,
2026-07-23,00:28,DEEP,46,
2026-07-23,00:29,DEEP,46,
2026-07-23,00:30,DEEP,46,
2026-07-23,00:31,DEEP,46,
2026-07-23,00:32,LIGHT,46,
2026-07-23,00:33,LIGHT,46,
2026-07-23,00:34,LIGHT,54,
2026-07-23,00:35,LIGHT,47,
2026-07-23,00:36,LIGHT,46,
2026-07-23,00:37,LIGHT,45,
2026-07-23,00:38,LIGHT,45,
2026-07-23,00:39,LIGHT,45,
2026-07-23,00:40,LIGHT,45,
2026-07-23,00:41,LIGHT,45,
2026-07-23,00:42,LIGHT,45,
2026-07-23,00:43,LIGHT,46,
2026-07-23,00:44,LIGHT,46,
2026-07-23,00:45,LIGHT,46,
2026-07-23,00:46,LIGHT,46,
2026-07-23,00:47,DEEP,45,
2026-07-23,00:48,DEEP,45,
2026-07-23,00:49,DEEP,45,
2026-07-23,00:50,DEEP,45,
2026-07-23,00:51,DEEP,44,
2026-07-23,00:52,DEEP,44,
2026-07-23,00:53,LIGHT,44,
2026-07-23,00:54,LIGHT,44,
2026-07-23,00:55,LIGHT,44,
2026-07-23,00:56,LIGHT,44,
2026-07-23,00:57,LIGHT,44,
2026-07-23,00:58,LIGHT,44,
2026-07-23,00:59,LIGHT,49,
2026-07-23,01:00,LIGHT,50,
2026-07-23,01:01,LIGHT,61,
2026-07-23,01:02,LIGHT,50,
2026-07-23,01:03,LIGHT,46,
2026-07-23,01:04,LIGHT,44,
2026-07-23,01:05,LIGHT,44,
2026-07-23,01:06,LIGHT,43,
2026-07-23,01:07,LIGHT,44,
2026-07-23,01:08,LIGHT,44,
2026-07-23,01:09,LIGHT,45,
2026-07-23,01:10,LIGHT,44,
2026-07-23,01:11,LIGHT,44,
2026-07-23,01:12,LIGHT,45,
2026-07-23,01:13,LIGHT,44,
2026-07-23,01:14,LIGHT,44,
2026-07-23,01:15,LIGHT,46,
2026-07-23,01:16,LIGHT,45,
2026-07-23,01:17,LIGHT,45,
2026-07-23,01:18,LIGHT,45,
2026-07-23,01:19,LIGHT,45,
2026-07-23,01:20,LIGHT,45,
2026-07-23,01:21,LIGHT,45,
2026-07-23,01:22,LIGHT,45,
2026-07-23,01:23,LIGHT,45,
2026-07-23,01:24,REM,45,
2026-07-23,01:25,REM,44,
2026-07-23,01:26,REM,45,
2026-07-23,01:27,REM,45,
2026-07-23,01:28,REM,45,
2026-07-23,01:29,REM,45,
2026-07-23,01:30,REM,45,
2026-07-23,01:31,REM,48,
2026-07-23,01:32,REM,45,
2026-07-23,01:33,REM,44,
2026-07-23,01:34,REM,45,
2026-07-23,01:35,REM,44,
2026-07-23,01:36,REM,44,
2026-07-23,01:37,REM,43,
2026-07-23,01:38,REM,43,
2026-07-23,01:39,REM,43,
2026-07-23,01:40,REM,43,
2026-07-23,01:41,REM,45,
2026-07-23,01:42,REM,44,
2026-07-23,01:43,REM,44,
2026-07-23,01:44,REM,45,
2026-07-23,01:45,REM,47,
2026-07-23,01:46,REM,44,
2026-07-23,01:47,REM,43,
2026-07-23,01:48,REM,43,
2026-07-23,01:49,REM,43,
2026-07-23,01:50,REM,44,
2026-07-23,01:51,REM,44,
2026-07-23,01:52,REM,44,
2026-07-23,01:53,REM,44,
2026-07-23,01:54,REM,44,
2026-07-23,01:55,REM,44,
2026-07-23,01:56,REM,44,
2026-07-23,01:57,REM,51,
2026-07-23,01:58,REM,52,
2026-07-23,01:59,REM,50,
2026-07-23,02:00,REM,47,
2026-07-23,02:01,REM,45,
2026-07-23,02:02,REM,45,
2026-07-23,02:03,REM,45,
2026-07-23,02:04,REM,46,
2026-07-23,02:05,REM,45,
2026-07-23,02:06,REM,44,
2026-07-23,02:07,REM,44,
2026-07-23,02:08,REM,50,
2026-07-23,02:09,LIGHT,46,
2026-07-23,02:10,LIGHT,44,
2026-07-23,02:11,LIGHT,44,
2026-07-23,02:12,LIGHT,43,
2026-07-23,02:13,LIGHT,44,
2026-07-23,02:14,LIGHT,43,
2026-07-23,02:15,LIGHT,43,
2026-07-23,02:16,LIGHT,43,
2026-07-23,02:17,LIGHT,43,
2026-07-23,02:18,LIGHT,43,
2026-07-23,02:19,LIGHT,44,
2026-07-23,02:20,LIGHT,45,
2026-07-23,02:21,LIGHT,53,
2026-07-23,02:22,LIGHT,45,
2026-07-23,02:23,LIGHT,45,
2026-07-23,02:24,LIGHT,53,
2026-07-23,02:25,LIGHT,46,
2026-07-23,02:26,LIGHT,47,
2026-07-23,02:27,LIGHT,47,
2026-07-23,02:28,LIGHT,47,
2026-07-23,02:29,LIGHT,47,
2026-07-23,02:30,LIGHT,46,
2026-07-23,02:31,LIGHT,46,
2026-07-23,02:32,DEEP,45,
2026-07-23,02:33,DEEP,45,
2026-07-23,02:34,DEEP,45,
2026-07-23,02:35,DEEP,49,
2026-07-23,02:36,DEEP,46,
2026-07-23,02:37,DEEP,45,
2026-07-23,02:38,DEEP,49,
2026-07-23,02:39,DEEP,46,
2026-07-23,02:40,DEEP,44,
2026-07-23,02:41,DEEP,44,
2026-07-23,02:42,DEEP,44,
2026-07-23,02:43,DEEP,45,
2026-07-23,02:44,DEEP,43,
2026-07-23,02:45,DEEP,43,
2026-07-23,02:46,DEEP,48,
2026-07-23,02:47,DEEP,48,
2026-07-23,02:48,DEEP,43,
2026-07-23,02:49,DEEP,41,
2026-07-23,02:50,DEEP,41,
2026-07-23,02:51,DEEP,40,
2026-07-23,02:52,DEEP,42,
2026-07-23,02:53,DEEP,43,
2026-07-23,02:54,DEEP,48,
2026-07-23,02:55,DEEP,43,
2026-07-23,02:56,DEEP,42,
2026-07-23,02:57,DEEP,40,
2026-07-23,02:58,DEEP,41,
2026-07-23,02:59,DEEP,51,
2026-07-23,03:00,DEEP,64,
2026-07-23,03:01,DEEP,52,
2026-07-23,03:02,DEEP,45,
2026-07-23,03:03,DEEP,44,
2026-07-23,03:04,DEEP,41,
2026-07-23,03:05,DEEP,43,
2026-07-23,03:06,DEEP,41,
2026-07-23,03:07,DEEP,43,
2026-07-23,03:08,DEEP,40,
2026-07-23,03:09,DEEP,40,
2026-07-23,03:10,DEEP,41,
2026-07-23,03:11,DEEP,42,
2026-07-23,03:12,LIGHT,42,
2026-07-23,03:13,LIGHT,42,
2026-07-23,03:14,LIGHT,42,
2026-07-23,03:15,LIGHT,42,
2026-07-23,03:16,LIGHT,41,
2026-07-23,03:17,LIGHT,41,
2026-07-23,03:18,LIGHT,41,
2026-07-23,03:19,LIGHT,43,
2026-07-23,03:20,LIGHT,46,
2026-07-23,03:21,LIGHT,43,
2026-07-23,03:22,REM,41,
2026-07-23,03:23,REM,42,
2026-07-23,03:24,REM,44,
2026-07-23,03:25,REM,45,
2026-07-23,03:26,REM,47,
2026-07-23,03:27,REM,47,
2026-07-23,03:28,REM,51,
2026-07-23,03:29,REM,44,
2026-07-23,03:30,REM,46,
2026-07-23,03:31,REM,47,
2026-07-23,03:32,REM,47,
2026-07-23,03:33,REM,45,
2026-07-23,03:34,REM,43,
2026-07-23,03:35,REM,43,
2026-07-23,03:36,LIGHT,43,
2026-07-23,03:37,LIGHT,43,
2026-07-23,03:38,LIGHT,43,
2026-07-23,03:39,LIGHT,43,
2026-07-23,03:40,LIGHT,43,
2026-07-23,03:41,LIGHT,43,
2026-07-23,03:42,LIGHT,43,
2026-07-23,03:43,LIGHT,43,
2026-07-23,03:44,LIGHT,43,
2026-07-23,03:45,LIGHT,43,
2026-07-23,03:46,LIGHT,44,
2026-07-23,03:47,LIGHT,44,
2026-07-23,03:48,LIGHT,44,
2026-07-23,03:49,LIGHT,44,
2026-07-23,03:50,LIGHT,44,
2026-07-23,03:51,LIGHT,44,
2026-07-23,03:52,LIGHT,44,
2026-07-23,03:53,LIGHT,43,
2026-07-23,03:54,LIGHT,43,
2026-07-23,03:55,LIGHT,44,
2026-07-23,03:56,LIGHT,44,
2026-07-23,03:57,LIGHT,44,
2026-07-23,03:58,LIGHT,44,
2026-07-23,03:59,LIGHT,44,
2026-07-23,04:00,LIGHT,44,
2026-07-23,04:01,WAKE,44,
2026-07-23,04:02,LIGHT,44,
2026-07-23,04:03,LIGHT,46,
2026-07-23,04:04,LIGHT,47,
2026-07-23,04:05,LIGHT,44,
2026-07-23,04:06,LIGHT,44,
2026-07-23,04:07,LIGHT,44,
2026-07-23,04:08,LIGHT,44,
2026-07-23,04:09,LIGHT,44,
2026-07-23,04:10,LIGHT,43,
2026-07-23,04:11,LIGHT,43,
2026-07-23,04:12,LIGHT,43,
2026-07-23,04:13,LIGHT,43,
2026-07-23,04:14,LIGHT,43,
2026-07-23,04:15,LIGHT,43,
2026-07-23,04:16,LIGHT,43,
2026-07-23,04:17,LIGHT,43,
2026-07-23,04:18,LIGHT,43,
2026-07-23,04:19,LIGHT,43,
2026-07-23,04:20,LIGHT,43,
2026-07-23,04:21,LIGHT,44,
2026-07-23,04:22,LIGHT,44,
2026-07-23,04:23,LIGHT,44,
2026-07-23,04:24,LIGHT,44,
2026-07-23,04:25,REM,44,
2026-07-23,04:26,REM,44,
2026-07-23,04:27,REM,44,
2026-07-23,04:28,REM,44,
2026-07-23,04:29,REM,44,
2026-07-23,04:30,REM,44,
2026-07-23,04:31,REM,45,
2026-07-23,04:32,REM,45,
2026-07-23,04:33,REM,45,
2026-07-23,04:34,REM,44,
2026-07-23,04:35,REM,44,
2026-07-23,04:36,REM,44,
2026-07-23,04:37,REM,44,
2026-07-23,04:38,REM,44,
2026-07-23,04:39,REM,44,
2026-07-23,04:40,REM,46,
2026-07-23,04:41,REM,53,
2026-07-23,04:42,LIGHT,58,
2026-07-23,04:43,LIGHT,48,
2026-07-23,04:44,LIGHT,45,
2026-07-23,04:45,LIGHT,44,
2026-07-23,04:46,LIGHT,44,
2026-07-23,04:47,LIGHT,44,
2026-07-23,04:48,LIGHT,44,
2026-07-23,04:49,LIGHT,46,
2026-07-23,04:50,LIGHT,43,
2026-07-23,04:51,LIGHT,43,
2026-07-23,04:52,LIGHT,43,
2026-07-23,04:53,LIGHT,43,
2026-07-23,04:54,LIGHT,43,
2026-07-23,04:55,LIGHT,45,
2026-07-23,04:56,LIGHT,49,
2026-07-23,04:57,LIGHT,45,
2026-07-23,04:58,LIGHT,45,
2026-07-23,04:59,LIGHT,44,
2026-07-23,05:00,LIGHT,44,
2026-07-23,05:01,LIGHT,43,
2026-07-23,05:02,LIGHT,43,
2026-07-23,05:03,LIGHT,43,
2026-07-23,05:04,LIGHT,43,
2026-07-23,05:05,LIGHT,43,
2026-07-23,05:06,LIGHT,45,
2026-07-23,05:07,LIGHT,45,
2026-07-23,05:08,LIGHT,50,
2026-07-23,05:09,LIGHT,47,
2026-07-23,05:10,LIGHT,45,
2026-07-23,05:11,LIGHT,45,
2026-07-23,05:12,LIGHT,45,
2026-07-23,05:13,LIGHT,45,
2026-07-23,05:14,LIGHT,45,
2026-07-23,05:15,LIGHT,45,
2026-07-23,05:16,LIGHT,47,
2026-07-23,05:17,LIGHT,47,
2026-07-23,05:18,LIGHT,45,
2026-07-23,05:19,LIGHT,48,
2026-07-23,05:20,LIGHT,45,
2026-07-23,05:21,LIGHT,45,
2026-07-23,05:22,LIGHT,42,
2026-07-23,05:23,LIGHT,41,
2026-07-23,05:24,LIGHT,44,
2026-07-23,05:25,LIGHT,44,
2026-07-23,05:26,LIGHT,43,
2026-07-23,05:27,LIGHT,43,
2026-07-23,05:28,LIGHT,44,
2026-07-23,05:29,LIGHT,45,
2026-07-23,05:30,LIGHT,45,
2026-07-23,05:31,LIGHT,44,
2026-07-23,05:32,LIGHT,45,
2026-07-23,05:33,LIGHT,44,
2026-07-23,05:34,LIGHT,44,
2026-07-23,05:35,LIGHT,45,
2026-07-23,05:36,LIGHT,50,
2026-07-23,05:37,LIGHT,52,
2026-07-23,05:38,LIGHT,45,
2026-07-23,05:39,LIGHT,44,
2026-07-23,05:40,LIGHT,44,
2026-07-23,05:41,WAKE,44,
2026-07-23,05:42,LIGHT,44,
2026-07-23,05:43,LIGHT,44,
2026-07-23,05:44,LIGHT,44,
2026-07-23,05:45,LIGHT,44,
2026-07-23,05:46,LIGHT,44,
2026-07-23,05:47,WAKE,44,
2026-07-23,05:48,LIGHT,43,
2026-07-23,05:49,WAKE,44,
2026-07-23,05:50,WAKE,50,
2026-07-23,05:51,WAKE,45,
2026-07-23,05:52,LIGHT,45,
2026-07-23,05:53,LIGHT,42,
2026-07-23,05:54,LIGHT,42,
2026-07-23,05:55,LIGHT,43,
2026-07-23,05:56,LIGHT,43,
2026-07-23,05:57,LIGHT,43,
2026-07-23,05:58,LIGHT,43,
2026-07-23,05:59,LIGHT,43,
2026-07-23,06:00,LIGHT,49,
2026-07-23,06:01,LIGHT,50,
2026-07-23,06:02,LIGHT,45,
2026-07-23,06:03,LIGHT,43,
2026-07-23,06:04,LIGHT,45,
2026-07-23,06:05,LIGHT,47,
2026-07-23,06:06,LIGHT,44,
2026-07-23,06:07,LIGHT,43,
2026-07-23,06:08,LIGHT,43,
2026-07-23,06:09,LIGHT,45,
2026-07-23,06:10,LIGHT,50,
2026-07-23,06:11,LIGHT,44,
2026-07-23,06:12,LIGHT,43,
2026-07-23,06:13,LIGHT,42,
2026-07-23,06:14,LIGHT,43,
2026-07-23,06:15,LIGHT,50,
2026-07-23,06:16,LIGHT,48,
2026-07-23,06:17,LIGHT,49,
2026-07-23,06:18,LIGHT,49,
2026-07-23,06:19,LIGHT,47,
2026-07-23,06:20,LIGHT,48,
2026-07-23,06:21,LIGHT,52,
2026-07-23,06:22,LIGHT,48,
2026-07-23,06:23,LIGHT,52,
2026-07-23,06:24,LIGHT,54,
2026-07-23,06:25,LIGHT,54,
2026-07-23,06:26,LIGHT,53,
2026-07-23,06:27,LIGHT,60,
2026-07-23,06:28,LIGHT,63,
2026-07-23,06:29,LIGHT,59,
2026-07-23,06:30,LIGHT,60,
2026-07-23,06:31,LIGHT,61,
2026-07-23,06:32,LIGHT,50,
2026-07-23,06:33,LIGHT,47,
2026-07-23,06:34,LIGHT,51,
2026-07-23,06:35,LIGHT,49,
2026-07-23,06:36,LIGHT,61,
2026-07-23,06:37,LIGHT,69,
2026-07-23,06:38,LIGHT,73,
2026-07-23,06:39,LIGHT,81,
2026-07-23,06:40,LIGHT,86,
2026-07-23,06:41,LIGHT,95,
2026-07-23,06:42,LIGHT,106,
2026-07-23,06:43,LIGHT,90,
2026-07-23,06:44,LIGHT,79,
2026-07-23,06:45,LIGHT,80,
2026-07-23,06:46,LIGHT,69,
2026-07-23,06:47,LIGHT,56,
2026-07-23,06:48,LIGHT,52,
2026-07-23,06:49,LIGHT,52,
2026-07-23,06:50,LIGHT,52,
2026-07-23,06:51,LIGHT,58,
2026-07-23,06:52,LIGHT,70,
2026-07-23,06:53,LIGHT,58,
2026-07-23,06:54,LIGHT,62,
2026-07-23,06:55,LIGHT,64,
2026-07-23,14:05,LIGHT,50,
2026-07-23,14:06,LIGHT,55,
2026-07-23,14:07,LIGHT,55,
2026-07-23,14:08,LIGHT,57,
2026-07-23,14:09,LIGHT,54,
2026-07-23,14:10,LIGHT,51,
2026-07-23,14:11,LIGHT,51,
2026-07-23,14:12,LIGHT,54,
2026-07-23,14:13,LIGHT,61,
2026-07-23,14:14,DEEP,67,
2026-07-23,14:15,DEEP,66,
2026-07-23,14:16,DEEP,68,
2026-07-23,14:17,DEEP,70,
2026-07-23,14:18,DEEP,69,
2026-07-23,14:19,DEEP,55,
2026-07-23,14:20,DEEP,52,
2026-07-23,14:21,DEEP,49,
2026-07-23,14:22,DEEP,54,
2026-07-23,14:23,DEEP,49,
2026-07-23,14:24,DEEP,49,
2026-07-23,14:25,DEEP,48,
2026-07-23,14:26,DEEP,53,
2026-07-23,14:27,DEEP,60,
2026-07-23,14:28,DEEP,64,
2026-07-23,14:29,DEEP,65,
2026-07-23,14:30,DEEP,74,
2026-07-23,14:31,DEEP,75,
2026-07-23,14:32,DEEP,75,
2026-07-23,14:33,LIGHT,75,
2026-07-23,14:34,LIGHT,69,
2026-07-23,14:35,LIGHT,58,
2026-07-23,14:36,LIGHT,65,
2026-07-23,14:37,LIGHT,69,
2026-07-23,14:38,LIGHT,63,
2026-07-23,14:39,LIGHT,63,
2026-07-23,14:40,LIGHT,57,
2026-07-23,14:41,LIGHT,59,
2026-07-23,14:42,LIGHT,61,
2026-07-23,14:43,LIGHT,61,
2026-07-23,14:44,LIGHT,66,
2026-07-23,14:45,LIGHT,68,
2026-07-23,14:46,LIGHT,65,
2026-07-23,14:47,LIGHT,72,
2026-07-23,14:48,LIGHT,74,
2026-07-23,14:49,LIGHT,68,
2026-07-23,14:50,LIGHT,62,
2026-07-23,14:51,LIGHT,59,
2026-07-23,14:52,REM,59,
2026-07-23,14:53,REM,61,
2026-07-23,14:54,REM,58,
2026-07-23,14:55,REM,55,
2026-07-23,14:56,REM,57,
2026-07-23,14:57,REM,54,
2026-07-23,14:58,REM,56,
2026-07-23,14:59,REM,56,
2026-07-23,15:00,REM,55,
2026-07-23,15:01,REM,55,
2026-07-23,15:02,REM,58,
2026-07-23,15:03,REM,58,
2026-07-23,15:04,REM,60,
2026-07-23,15:05,REM,83,
2026-07-23,15:06,REM,63,
2026-07-23,15:07,REM,59,
2026-07-23,15:08,REM,55,
2026-07-23,15:09,REM,54,
2026-07-23,15:10,REM,54,
2026-07-23,15:11,REM,51,
2026-07-23,15:12,REM,55,
2026-07-23,15:13,REM,65,
2026-07-23,15:14,REM,61,
2026-07-23,15:15,REM,55,
2026-07-23,15:16,REM,57,
2026-07-23,15:17,REM,57,
2026-07-23,15:18,REM,53,
2026-07-23,15:19,REM,55,
2026-07-23,15:20,REM,55,
2026-07-23,15:21,REM,,
2026-07-23,15:22,REM,,
2026-07-23,15:23,REM,,
2026-07-23,15:24,LIGHT,,
2026-07-23,15:25,LIGHT,,
2026-07-23,15:26,LIGHT,,
2026-07-23,15:27,LIGHT,60,
2026-07-23,15:28,LIGHT,58,
2026-07-23,15:29,LIGHT,53,
2026-07-23,15:30,LIGHT,52,
2026-07-23,15:31,LIGHT,51,
2026-07-23,15:32,LIGHT,52,
2026-07-23,15:33,LIGHT,52,
2026-07-23,15:34,LIGHT,52,
2026-07-23,15:35,LIGHT,51,
2026-07-23,15:36,LIGHT,51,
2026-07-23,15:37,LIGHT,52,
2026-07-23,15:38,LIGHT,53,
2026-07-23,15:39,LIGHT,,
2026-07-23,15:40,LIGHT,,
2026-07-23,15:41,LIGHT,,
2026-07-23,15:42,LIGHT,,
2026-07-23,15:43,LIGHT,,
2026-07-23,15:44,LIGHT,,
2026-07-23,15:45,LIGHT,,
2026-07-23,15:46,LIGHT,,
2026-07-23,15:47,LIGHT,,
2026-07-23,15:48,LIGHT,,
2026-07-23,15:49,LIGHT,,
2026-07-23,15:50,LIGHT,,
2026-07-23,15:51,LIGHT,,
2026-07-23,15:52,LIGHT,,
2026-07-23,15:53,LIGHT,,
2026-07-23,15:54,LIGHT,,
2026-07-23,15:55,LIGHT,,
2026-07-23,15:56,LIGHT,,
2026-07-23,15:57,LIGHT,,
2026-07-23,15:58,LIGHT,,
2026-07-23,15:59,LIGHT,,
2026-07-23,16:00,LIGHT,,
2026-07-23,16:01,LIGHT,56,
2026-07-23,16:02,LIGHT,55,
2026-07-23,16:03,LIGHT,52,
2026-07-23,16:04,LIGHT,52,
2026-07-23,16:05,LIGHT,55,
2026-07-23,16:06,LIGHT,57,
2026-07-23,16:07,LIGHT,52,
2026-07-23,16:08,LIGHT,51,
2026-07-23,16:09,LIGHT,52,
2026-07-23,16:10,LIGHT,54,
2026-07-23,16:11,LIGHT,54,
2026-07-23,16:12,LIGHT,55,
2026-07-23,16:13,LIGHT,,
2026-07-23,16:14,LIGHT,,
2026-07-23,16:15,WAKE,,
2026-07-23,16:16,LIGHT,,
2026-07-23,16:17,LIGHT,,
2026-07-23,16:18,LIGHT,55,
2026-07-23,16:19,LIGHT,,
2026-07-23,16:20,LIGHT,60,
2026-07-23,16:21,LIGHT,55,
2026-07-23,16:22,LIGHT,56,
2026-07-23,16:23,LIGHT,53,
2026-07-23,16:24,LIGHT,53,
2026-07-23,16:25,LIGHT,53,
2026-07-23,16:26,LIGHT,53,
2026-07-23,16:27,LIGHT,53,
2026-07-23,16:28,LIGHT,53,
2026-07-23,16:29,LIGHT,53,
2026-07-23,16:30,LIGHT,53,
2026-07-23,16:31,LIGHT,53,
2026-07-24,00:18,LIGHT,48,
2026-07-24,00:19,LIGHT,53,
2026-07-24,00:20,LIGHT,54,
2026-07-24,00:21,LIGHT,49,
2026-07-24,00:22,LIGHT,49,
2026-07-24,00:23,LIGHT,51,
2026-07-24,00:24,LIGHT,51,
2026-07-24,00:25,LIGHT,48,
2026-07-24,00:26,LIGHT,47,
2026-07-24,00:27,LIGHT,49,
2026-07-24,00:28,LIGHT,48,
2026-07-24,00:29,WAKE,48,
2026-07-24,00:30,LIGHT,54,
2026-07-24,00:31,LIGHT,54,
2026-07-24,00:32,LIGHT,51,
2026-07-24,00:33,LIGHT,48,
2026-07-24,00:34,LIGHT,46,
2026-07-24,00:35,WAKE,43,
2026-07-24,00:36,LIGHT,43,
2026-07-24,00:37,LIGHT,43,
2026-07-24,00:38,LIGHT,43,
2026-07-24,00:39,LIGHT,44,
2026-07-24,00:40,LIGHT,44,
2026-07-24,00:41,LIGHT,44,
2026-07-24,00:42,LIGHT,44,
2026-07-24,00:43,LIGHT,47,
2026-07-24,00:44,LIGHT,43,
2026-07-24,00:45,LIGHT,43,
2026-07-24,00:46,LIGHT,45,
2026-07-24,00:47,LIGHT,44,
2026-07-24,00:48,LIGHT,44,
2026-07-24,00:49,LIGHT,44,
2026-07-24,00:50,DEEP,44,
2026-07-24,00:51,DEEP,45,
2026-07-24,00:52,DEEP,45,
2026-07-24,00:53,DEEP,45,
2026-07-24,00:54,DEEP,45,
2026-07-24,00:55,DEEP,45,
2026-07-24,00:56,DEEP,45,
2026-07-24,00:57,DEEP,45,
2026-07-24,00:58,DEEP,45,
2026-07-24,00:59,LIGHT,45,
2026-07-24,01:00,LIGHT,45,
2026-07-24,01:01,LIGHT,45,
2026-07-24,01:02,WAKE,45,
2026-07-24,01:03,LIGHT,45,
2026-07-24,01:04,LIGHT,50,
2026-07-24,01:05,LIGHT,48,
2026-07-24,01:06,LIGHT,45,
2026-07-24,01:07,LIGHT,44,
2026-07-24,01:08,LIGHT,44,
2026-07-24,01:09,LIGHT,44,
2026-07-24,01:10,LIGHT,44,
2026-07-24,01:11,REM,44,
2026-07-24,01:12,REM,44,
2026-07-24,01:13,REM,44,
2026-07-24,01:14,REM,44,
2026-07-24,01:15,REM,44,
2026-07-24,01:16,REM,44,
2026-07-24,01:17,REM,45,
2026-07-24,01:18,REM,45,
2026-07-24,01:19,REM,44,
2026-07-24,01:20,REM,44,
2026-07-24,01:21,REM,44,
2026-07-24,01:22,REM,44,
2026-07-24,01:23,REM,44,
2026-07-24,01:24,REM,44,
2026-07-24,01:25,REM,44,
2026-07-24,01:26,REM,44,
2026-07-24,01:27,REM,44,
2026-07-24,01:28,REM,44,
2026-07-24,01:29,REM,44,
2026-07-24,01:30,REM,44,
2026-07-24,01:31,REM,46,
2026-07-24,01:32,REM,51,
2026-07-24,01:33,LIGHT,51,
2026-07-24,01:34,LIGHT,45,
2026-07-24,01:35,LIGHT,51,
2026-07-24,01:36,LIGHT,45,
2026-07-24,01:37,LIGHT,46,
2026-07-24,01:38,LIGHT,45,
2026-07-24,01:39,LIGHT,43,
2026-07-24,01:40,LIGHT,45,
2026-07-24,01:41,LIGHT,44,
2026-07-24,01:42,LIGHT,44,
2026-07-24,01:43,LIGHT,44,
2026-07-24,01:44,LIGHT,45,
2026-07-24,01:45,LIGHT,45,
2026-07-24,01:46,LIGHT,43,
2026-07-24,01:47,LIGHT,45,
2026-07-24,01:48,LIGHT,50,
2026-07-24,01:49,LIGHT,45,
2026-07-24,01:50,LIGHT,42,
2026-07-24,01:51,LIGHT,42,
2026-07-24,01:52,LIGHT,47,
2026-07-24,01:53,LIGHT,42,
2026-07-24,01:54,LIGHT,43,
2026-07-24,01:55,LIGHT,43,
2026-07-24,01:56,LIGHT,43,
2026-07-24,01:57,LIGHT,43,
2026-07-24,01:58,LIGHT,43,
2026-07-24,01:59,WAKE,42,
2026-07-24,02:00,LIGHT,42,
2026-07-24,02:01,LIGHT,42,
2026-07-24,02:02,LIGHT,42,
2026-07-24,02:03,LIGHT,40,
2026-07-24,02:04,LIGHT,40,
2026-07-24,02:05,LIGHT,40,
2026-07-24,02:06,LIGHT,44,
2026-07-24,02:07,LIGHT,41,
2026-07-24,02:08,LIGHT,41,
2026-07-24,02:09,LIGHT,43,
2026-07-24,02:10,LIGHT,41,
2026-07-24,02:11,LIGHT,41,
2026-07-24,02:12,LIGHT,41,
2026-07-24,02:13,LIGHT,41,
2026-07-24,02:14,LIGHT,41,
2026-07-24,02:15,LIGHT,41,
2026-07-24,02:16,LIGHT,41,
2026-07-24,02:17,LIGHT,41,
2026-07-24,02:18,LIGHT,41,
2026-07-24,02:19,LIGHT,43,
2026-07-24,02:20,LIGHT,41,
2026-07-24,02:21,LIGHT,41,
2026-07-24,02:22,LIGHT,41,
2026-07-24,02:23,LIGHT,41,
2026-07-24,02:24,LIGHT,41,
2026-07-24,02:25,LIGHT,41,
2026-07-24,02:26,LIGHT,41,
2026-07-24,02:27,LIGHT,41,
2026-07-24,02:28,LIGHT,41,
2026-07-24,02:29,LIGHT,41,
2026-07-24,02:30,LIGHT,41,
2026-07-24,02:31,REM,41,
2026-07-24,02:32,REM,41,
2026-07-24,02:33,REM,44,
2026-07-24,02:34,REM,41,
2026-07-24,02:35,REM,41,
2026-07-24,02:36,REM,41,
2026-07-24,02:37,REM,41,
2026-07-24,02:38,REM,41,
2026-07-24,02:39,REM,41,
2026-07-24,02:40,REM,41,
2026-07-24,02:41,REM,41,
2026-07-24,02:42,REM,41,
2026-07-24,02:43,REM,42,
2026-07-24,02:44,REM,41,
2026-07-24,02:45,LIGHT,41,
2026-07-24,02:46,LIGHT,41,
2026-07-24,02:47,LIGHT,41,
2026-07-24,02:48,WAKE,41,
2026-07-24,02:49,LIGHT,41,
2026-07-24,02:50,LIGHT,41,
2026-07-24,02:51,LIGHT,41,
2026-07-24,02:52,LIGHT,41,
2026-07-24,02:53,LIGHT,41,
2026-07-24,02:54,LIGHT,41,
2026-07-24,02:55,LIGHT,41,
2026-07-24,02:56,LIGHT,41,
2026-07-24,02:57,LIGHT,41,
2026-07-24,02:58,LIGHT,41,
2026-07-24,02:59,LIGHT,41,
2026-07-24,03:00,WAKE,42,
2026-07-24,03:01,WAKE,54,
2026-07-24,03:02,WAKE,56,
2026-07-24,03:03,LIGHT,54,
2026-07-24,03:04,LIGHT,48,
2026-07-24,03:05,LIGHT,45,
2026-07-24,03:06,LIGHT,42,
2026-07-24,03:07,LIGHT,41,
2026-07-24,03:08,LIGHT,47,
2026-07-24,03:09,LIGHT,42,
2026-07-24,03:10,LIGHT,,
2026-07-24,03:11,LIGHT,41,
2026-07-24,03:12,LIGHT,44,
2026-07-24,03:13,LIGHT,42,
2026-07-24,03:14,LIGHT,42,
2026-07-24,03:15,LIGHT,41,
2026-07-24,03:16,LIGHT,43,
2026-07-24,03:17,LIGHT,43,
2026-07-24,03:18,LIGHT,48,
2026-07-24,03:19,LIGHT,55,
2026-07-24,03:20,REM,48,
2026-07-24,03:21,REM,44,
2026-07-24,03:22,REM,42,
2026-07-24,03:23,REM,42,
2026-07-24,03:24,REM,40,
2026-07-24,03:25,REM,40,
2026-07-24,03:26,REM,40,
2026-07-24,03:27,REM,40,
2026-07-24,03:28,REM,41,
2026-07-24,03:29,REM,42,
2026-07-24,03:30,REM,43,
2026-07-24,03:31,REM,43,
2026-07-24,03:32,REM,42,
2026-07-24,03:33,LIGHT,42,
2026-07-24,03:34,LIGHT,43,
2026-07-24,03:35,LIGHT,43,
2026-07-24,03:36,LIGHT,46,
2026-07-24,03:37,LIGHT,47,
2026-07-24,03:38,LIGHT,57,
2026-07-24,03:39,LIGHT,44,
2026-07-24,03:40,LIGHT,42,
2026-07-24,03:41,LIGHT,41,
2026-07-24,03:42,LIGHT,41,
2026-07-24,03:43,LIGHT,40,
2026-07-24,03:44,LIGHT,,
2026-07-24,03:45,LIGHT,,
2026-07-24,03:46,LIGHT,41,
2026-07-24,03:47,LIGHT,42,
2026-07-24,03:48,LIGHT,42,
2026-07-24,03:49,LIGHT,42,
2026-07-24,03:50,LIGHT,43,
2026-07-24,03:51,LIGHT,42,
2026-07-24,03:52,LIGHT,42,
2026-07-24,03:53,LIGHT,42,
2026-07-24,03:54,LIGHT,42,
2026-07-24,03:55,LIGHT,42,
2026-07-24,03:56,LIGHT,42,
2026-07-24,03:57,LIGHT,42,
2026-07-24,03:58,LIGHT,42,
2026-07-24,03:59,DEEP,42,
2026-07-24,04:00,DEEP,45,
2026-07-24,04:01,DEEP,43,
2026-07-24,04:02,DEEP,42,
2026-07-24,04:03,DEEP,43,
2026-07-24,04:04,DEEP,43,
2026-07-24,04:05,LIGHT,43,
2026-07-24,04:06,LIGHT,43,
2026-07-24,04:07,LIGHT,43,
2026-07-24,04:08,LIGHT,44,
2026-07-24,04:09,LIGHT,44,
2026-07-24,04:10,LIGHT,44,
2026-07-24,04:11,LIGHT,44,
2026-07-24,04:12,LIGHT,44,
2026-07-24,04:13,LIGHT,44,
2026-07-24,04:14,DEEP,44,
2026-07-24,04:15,DEEP,44,
2026-07-24,04:16,DEEP,44,
2026-07-24,04:17,DEEP,44,
2026-07-24,04:18,DEEP,44,
2026-07-24,04:19,DEEP,44,
2026-07-24,04:20,DEEP,44,
2026-07-24,04:21,DEEP,45,
2026-07-24,04:22,DEEP,49,
2026-07-24,04:23,DEEP,45,
2026-07-24,04:24,DEEP,43,
2026-07-24,04:25,DEEP,43,
2026-07-24,04:26,DEEP,43,
2026-07-24,04:27,DEEP,43,
2026-07-24,04:28,DEEP,43,
2026-07-24,04:29,DEEP,43,
2026-07-24,04:30,DEEP,45,
2026-07-24,04:31,DEEP,48,
2026-07-24,04:32,DEEP,45,
2026-07-24,04:33,DEEP,45,
2026-07-24,04:34,DEEP,44,
2026-07-24,04:35,DEEP,42,
2026-07-24,04:36,DEEP,43,
2026-07-24,04:37,DEEP,43,
2026-07-24,04:38,DEEP,43,
2026-07-24,04:39,LIGHT,47,
2026-07-24,04:40,LIGHT,44,
2026-07-24,04:41,LIGHT,42,
2026-07-24,04:42,WAKE,43,
2026-07-24,04:43,WAKE,54,
2026-07-24,04:44,LIGHT,47,
2026-07-24,04:45,LIGHT,44,
2026-07-24,04:46,LIGHT,45,
2026-07-24,04:47,LIGHT,42,
2026-07-24,04:48,LIGHT,41,
2026-07-24,04:49,LIGHT,41,
2026-07-24,04:50,LIGHT,41,
2026-07-24,04:51,LIGHT,41,
2026-07-24,04:52,LIGHT,41,
2026-07-24,04:53,LIGHT,41,
2026-07-24,04:54,LIGHT,42,
2026-07-24,04:55,LIGHT,49,
2026-07-24,04:56,LIGHT,49,
2026-07-24,04:57,LIGHT,46,
2026-07-24,04:58,LIGHT,44,
2026-07-24,04:59,LIGHT,43,
2026-07-24,05:00,LIGHT,43,
2026-07-24,05:01,LIGHT,42,
2026-07-24,05:02,LIGHT,43,
2026-07-24,05:03,LIGHT,42,
2026-07-24,05:04,LIGHT,42,
2026-07-24,05:05,LIGHT,42,
2026-07-24,05:06,REM,43,
2026-07-24,05:07,REM,51,
2026-07-24,05:08,REM,50,
2026-07-24,05:09,REM,45,
2026-07-24,05:10,REM,44,
2026-07-24,05:11,REM,44,
2026-07-24,05:12,REM,49,
2026-07-24,05:13,REM,44,
2026-07-24,05:14,REM,43,
2026-07-24,05:15,REM,42,
2026-07-24,05:16,REM,42,
2026-07-24,05:17,REM,42,
2026-07-24,05:18,REM,42,
2026-07-24,05:19,REM,45,
2026-07-24,05:20,REM,50,
2026-07-24,05:21,REM,52,
2026-07-24,05:22,REM,55,
2026-07-24,05:23,REM,49,
2026-07-24,05:24,REM,46,
2026-07-24,05:25,REM,46,
2026-07-24,05:26,REM,48,
2026-07-24,05:27,REM,44,
2026-07-24,05:28,REM,46,
2026-07-24,05:29,REM,42,
2026-07-24,05:30,REM,43,
2026-07-24,05:31,REM,45,
2026-07-24,05:32,REM,53,
2026-07-24,05:33,REM,48,
2026-07-24,05:34,REM,42,
2026-07-24,05:35,REM,48,
2026-07-24,05:36,REM,46,
2026-07-24,05:37,REM,40,
2026-07-24,05:38,LIGHT,40,
2026-07-24,05:39,LIGHT,40,
2026-07-24,05:40,LIGHT,42,
2026-07-24,05:41,LIGHT,43,
2026-07-24,05:42,LIGHT,40,
2026-07-24,05:43,LIGHT,40,
2026-07-24,05:44,LIGHT,45,
2026-07-24,05:45,LIGHT,49,
2026-07-24,05:46,LIGHT,50,
2026-07-24,05:47,LIGHT,44,
2026-07-24,05:48,LIGHT,41,
2026-07-24,05:49,LIGHT,42,
2026-07-24,05:50,LIGHT,41,
2026-07-24,05:51,LIGHT,41,
2026-07-24,05:52,LIGHT,41,
2026-07-24,05:53,LIGHT,44,
2026-07-24,05:54,LIGHT,41,
2026-07-24,05:55,LIGHT,43,
2026-07-24,05:56,LIGHT,42,
2026-07-24,05:57,LIGHT,42,
2026-07-24,05:58,LIGHT,42,
2026-07-24,05:59,LIGHT,42,
2026-07-24,06:00,LIGHT,46,
2026-07-24,06:01,WAKE,42,
2026-07-24,06:02,WAKE,41,
2026-07-24,06:03,WAKE,47,
2026-07-24,06:04,WAKE,42,
2026-07-24,06:05,WAKE,42,
2026-07-24,06:06,LIGHT,41,
2026-07-24,06:07,LIGHT,41,
2026-07-24,06:08,LIGHT,40,
2026-07-24,06:09,LIGHT,43,
2026-07-24,06:10,LIGHT,44,
2026-07-24,06:11,WAKE,41,
2026-07-24,06:12,LIGHT,40,
2026-07-24,06:13,LIGHT,40,
2026-07-24,06:14,LIGHT,40,
2026-07-24,06:15,LIGHT,46,
2026-07-24,16:30,LIGHT,55,
2026-07-24,16:31,LIGHT,55,
2026-07-24,16:32,LIGHT,55,
2026-07-24,16:33,LIGHT,54,
2026-07-24,16:34,LIGHT,54,
2026-07-24,16:35,LIGHT,54,
2026-07-24,16:36,LIGHT,54,
2026-07-24,16:37,LIGHT,54,
2026-07-24,16:38,LIGHT,54,
2026-07-24,16:39,LIGHT,54,
2026-07-24,16:40,LIGHT,54,
2026-07-24,16:41,LIGHT,54,
2026-07-24,16:42,LIGHT,55,
2026-07-24,16:43,LIGHT,55,
2026-07-24,16:44,LIGHT,54,
2026-07-24,16:45,LIGHT,54,
2026-07-24,16:46,DEEP,54,
2026-07-24,16:47,DEEP,55,
2026-07-24,16:48,DEEP,55,
2026-07-24,16:49,DEEP,55,
2026-07-24,16:50,DEEP,55,
2026-07-24,16:51,DEEP,54,
2026-07-24,16:52,DEEP,54,
2026-07-24,16:53,LIGHT,54,
2026-07-24,16:54,LIGHT,54,
2026-07-24,16:55,LIGHT,54,
2026-07-24,16:56,LIGHT,53,
2026-07-24,16:57,LIGHT,52,
2026-07-24,16:58,LIGHT,52,
2026-07-24,16:59,LIGHT,52,
2026-07-24,17:00,LIGHT,53,
2026-07-24,17:01,LIGHT,54,
2026-07-24,17:02,LIGHT,53,
2026-07-24,17:03,LIGHT,53,
2026-07-24,17:04,LIGHT,53,
2026-07-24,17:05,WAKE,53,
2026-07-24,17:06,WAKE,52,
2026-07-24,17:07,WAKE,52,
2026-07-24,17:08,WAKE,52,
2026-07-24,17:09,WAKE,52,
2026-07-24,17:10,WAKE,52,
2026-07-24,17:11,WAKE,51,
2026-07-24,17:12,LIGHT,51,
2026-07-24,17:13,LIGHT,51,
2026-07-24,17:14,LIGHT,53,
2026-07-24,17:15,LIGHT,55,
2026-07-24,17:16,LIGHT,49,
2026-07-24,17:17,LIGHT,49,
2026-07-24,17:18,LIGHT,49,
2026-07-24,17:19,LIGHT,49,
2026-07-24,17:20,LIGHT,51,
2026-07-24,17:21,LIGHT,50,
2026-07-24,17:22,LIGHT,50,
2026-07-24,17:23,LIGHT,50,
2026-07-24,17:24,LIGHT,54,
2026-07-24,17:25,LIGHT,52,
2026-07-24,17:26,LIGHT,56,
2026-07-24,17:27,LIGHT,54,
2026-07-25,00:40,LIGHT,49,
2026-07-25,00:41,LIGHT,46,
2026-07-25,00:42,LIGHT,49,
2026-07-25,00:43,LIGHT,51,
2026-07-25,00:44,LIGHT,52,
2026-07-25,00:45,LIGHT,53,
2026-07-25,00:46,LIGHT,55,
2026-07-25,00:47,LIGHT,53,
2026-07-25,00:48,LIGHT,51,
2026-07-25,00:49,LIGHT,51,
2026-07-25,00:50,LIGHT,50,
2026-07-25,00:51,DEEP,50,
2026-07-25,00:52,DEEP,56,
2026-07-25,00:53,DEEP,53,
2026-07-25,00:54,DEEP,55,
2026-07-25,00:55,DEEP,52,
2026-07-25,00:56,DEEP,54,
2026-07-25,00:57,DEEP,54,
2026-07-25,00:58,DEEP,55,
2026-07-25,00:59,DEEP,52,
2026-07-25,01:00,DEEP,52,
2026-07-25,01:01,DEEP,55,
2026-07-25,01:02,DEEP,58,
2026-07-25,01:03,DEEP,55,
2026-07-25,01:04,DEEP,52,
2026-07-25,01:05,DEEP,53,
2026-07-25,01:06,DEEP,59,
2026-07-25,01:07,DEEP,62,
2026-07-25,01:08,DEEP,62,
2026-07-25,01:09,DEEP,64,
2026-07-25,01:10,DEEP,77,
2026-07-25,01:11,DEEP,74,
2026-07-25,01:12,DEEP,73,
2026-07-25,01:13,DEEP,73,
2026-07-25,01:14,DEEP,57,
2026-07-25,01:15,DEEP,49,
2026-07-25,01:16,DEEP,47,
2026-07-25,01:17,DEEP,46,
2026-07-25,01:18,DEEP,47,
2026-07-25,01:19,DEEP,47,
2026-07-25,01:20,DEEP,50,
2026-07-25,01:21,DEEP,50,
2026-07-25,01:22,DEEP,49,
2026-07-25,01:23,DEEP,49,
2026-07-25,01:24,DEEP,51,
2026-07-25,01:25,DEEP,50,
2026-07-25,01:26,DEEP,50,
2026-07-25,01:27,DEEP,53,
2026-07-25,01:28,DEEP,50,
2026-07-25,01:29,DEEP,47,
2026-07-25,01:30,DEEP,45,
2026-07-25,01:31,DEEP,46,
2026-07-25,01:32,DEEP,45,
2026-07-25,01:33,LIGHT,47,
2026-07-25,01:34,LIGHT,47,
2026-07-25,01:35,LIGHT,47,
2026-07-25,01:36,LIGHT,47,
2026-07-25,01:37,LIGHT,47,
2026-07-25,01:38,LIGHT,46,
2026-07-25,01:39,LIGHT,45,
2026-07-25,01:40,LIGHT,45,
2026-07-25,01:41,REM,47,
2026-07-25,01:42,REM,45,
2026-07-25,01:43,REM,45,
2026-07-25,01:44,REM,47,
2026-07-25,01:45,REM,54,
2026-07-25,01:46,REM,51,
2026-07-25,01:47,REM,49,
2026-07-25,01:48,REM,54,
2026-07-25,01:49,REM,49,
2026-07-25,01:50,REM,59,
2026-07-25,01:51,REM,56,
2026-07-25,01:52,REM,51,
2026-07-25,01:53,REM,46,
2026-07-25,01:54,REM,46,
2026-07-25,01:55,REM,46,
2026-07-25,01:56,REM,46,
2026-07-25,01:57,REM,47,
2026-07-25,01:58,REM,53,
2026-07-25,01:59,REM,47,
2026-07-25,02:00,REM,45,
2026-07-25,02:01,REM,44,
2026-07-25,02:02,REM,44,
2026-07-25,02:03,REM,,
2026-07-25,02:04,REM,44,
2026-07-25,02:05,REM,44,
2026-07-25,02:06,REM,44,
2026-07-25,02:07,REM,44,
2026-07-25,02:08,LIGHT,44,
2026-07-25,02:09,LIGHT,44,
2026-07-25,02:10,LIGHT,44,
2026-07-25,02:11,LIGHT,44,
2026-07-25,02:12,LIGHT,44,
2026-07-25,02:13,LIGHT,44,
2026-07-25,02:14,LIGHT,60,
2026-07-25,02:15,LIGHT,49,
2026-07-25,02:16,LIGHT,44,
2026-07-25,02:17,LIGHT,44,
2026-07-25,02:18,LIGHT,44,
2026-07-25,02:19,LIGHT,49,
2026-07-25,02:20,LIGHT,45,
2026-07-25,02:21,LIGHT,45,
2026-07-25,02:22,LIGHT,44,
2026-07-25,02:23,LIGHT,44,
2026-07-25,02:24,LIGHT,44,
2026-07-25,02:25,LIGHT,44,
2026-07-25,02:26,LIGHT,44,
2026-07-25,02:27,LIGHT,44,
2026-07-25,02:28,LIGHT,44,
2026-07-25,02:29,LIGHT,44,
2026-07-25,02:30,LIGHT,44,
2026-07-25,02:31,LIGHT,44,
2026-07-25,02:32,DEEP,44,
2026-07-25,02:33,DEEP,44,
2026-07-25,02:34,LIGHT,44,
2026-07-25,02:35,LIGHT,44,
2026-07-25,02:36,LIGHT,44,
2026-07-25,02:37,LIGHT,44,
2026-07-25,02:38,DEEP,44,
2026-07-25,02:39,DEEP,44,
2026-07-25,02:40,DEEP,44,
2026-07-25,02:41,DEEP,44,
2026-07-25,02:42,DEEP,44,
2026-07-25,02:43,DEEP,45,
2026-07-25,02:44,DEEP,45,
2026-07-25,02:45,DEEP,45,
2026-07-25,02:46,DEEP,45,
2026-07-25,02:47,DEEP,45,
2026-07-25,02:48,DEEP,46,
2026-07-25,02:49,DEEP,46,
2026-07-25,02:50,DEEP,46,
2026-07-25,02:51,DEEP,46,
2026-07-25,02:52,DEEP,47,
2026-07-25,02:53,DEEP,47,
2026-07-25,02:54,DEEP,48,
2026-07-25,02:55,DEEP,48,
2026-07-25,02:56,DEEP,54,
2026-07-25,02:57,DEEP,48,
2026-07-25,02:58,DEEP,48,
2026-07-25,02:59,LIGHT,50,
2026-07-25,03:00,LIGHT,49,
2026-07-25,03:01,LIGHT,50,
2026-07-25,03:02,WAKE,52,
2026-07-25,03:03,WAKE,52,
2026-07-25,03:04,WAKE,52,
2026-07-25,03:05,LIGHT,51,
2026-07-25,03:06,LIGHT,51,
2026-07-25,03:07,LIGHT,48,
2026-07-25,03:08,LIGHT,50,
2026-07-25,03:09,LIGHT,54,
2026-07-25,03:10,LIGHT,52,
2026-07-25,03:11,LIGHT,50,
2026-07-25,03:12,LIGHT,50,
2026-07-25,03:13,LIGHT,48,
2026-07-25,03:14,LIGHT,48,
2026-07-25,03:15,LIGHT,48,
2026-07-25,03:16,LIGHT,47,
2026-07-25,03:17,LIGHT,47,
2026-07-25,03:18,REM,47,
2026-07-25,03:19,REM,47,
2026-07-25,03:20,REM,45,
2026-07-25,03:21,REM,45,
2026-07-25,03:22,REM,45,
2026-07-25,03:23,REM,46,
2026-07-25,03:24,LIGHT,53,
2026-07-25,03:25,LIGHT,48,
2026-07-25,03:26,LIGHT,50,
2026-07-25,03:27,LIGHT,50,
2026-07-25,03:28,LIGHT,47,
2026-07-25,03:29,LIGHT,47,
2026-07-25,03:30,LIGHT,44,
2026-07-25,03:31,LIGHT,43,
2026-07-25,03:32,LIGHT,44,
2026-07-25,03:33,LIGHT,44,
2026-07-25,03:34,LIGHT,44,
2026-07-25,03:35,LIGHT,44,
2026-07-25,03:36,LIGHT,45,
2026-07-25,03:37,LIGHT,46,
2026-07-25,03:38,LIGHT,46,
2026-07-25,03:39,WAKE,46,
2026-07-25,03:40,LIGHT,46,
2026-07-25,03:41,LIGHT,44,
2026-07-25,03:42,LIGHT,43,
2026-07-25,03:43,LIGHT,43,
2026-07-25,03:44,LIGHT,43,
2026-07-25,03:45,LIGHT,43,
2026-07-25,03:46,LIGHT,43,
2026-07-25,03:47,LIGHT,44,
2026-07-25,03:48,LIGHT,46,
2026-07-25,03:49,LIGHT,44,
2026-07-25,03:50,LIGHT,44,
2026-07-25,03:51,LIGHT,44,
2026-07-25,03:52,LIGHT,44,
2026-07-25,03:53,LIGHT,44,
2026-07-25,03:54,LIGHT,44,
2026-07-25,03:55,LIGHT,44,
2026-07-25,03:56,LIGHT,44,
2026-07-25,03:57,LIGHT,44,
2026-07-25,03:58,LIGHT,45,
2026-07-25,03:59,LIGHT,45,
2026-07-25,04:00,LIGHT,45,
2026-07-25,04:01,LIGHT,47,
2026-07-25,04:02,LIGHT,48,
2026-07-25,04:03,LIGHT,50,
2026-07-25,04:04,LIGHT,46,
2026-07-25,04:05,LIGHT,45,
2026-07-25,04:06,LIGHT,45,
2026-07-25,04:07,LIGHT,46,
2026-07-25,04:08,LIGHT,46,
2026-07-25,04:09,LIGHT,46,
2026-07-25,04:10,LIGHT,46,
2026-07-25,04:11,LIGHT,46,
2026-07-25,04:12,LIGHT,46,
2026-07-25,04:13,DEEP,46,
2026-07-25,04:14,DEEP,46,
2026-07-25,04:15,LIGHT,46,
2026-07-25,04:16,LIGHT,46,
2026-07-25,04:17,LIGHT,46,
2026-07-25,04:18,LIGHT,46,
2026-07-25,04:19,LIGHT,46,
2026-07-25,04:20,LIGHT,46,
2026-07-25,04:21,LIGHT,51,
2026-07-25,04:22,LIGHT,55,
2026-07-25,04:23,LIGHT,49,
2026-07-25,04:24,LIGHT,46,
2026-07-25,04:25,LIGHT,46,
2026-07-25,04:26,LIGHT,46,
2026-07-25,04:27,LIGHT,48,
2026-07-25,04:28,REM,43,
2026-07-25,04:29,REM,44,
2026-07-25,04:30,REM,44,
2026-07-25,04:31,REM,44,
2026-07-25,04:32,REM,42,
2026-07-25,04:33,REM,43,
2026-07-25,04:34,REM,43,
2026-07-25,04:35,REM,44,
2026-07-25,04:36,REM,43,
2026-07-25,04:37,REM,43,
2026-07-25,04:38,REM,47,
2026-07-25,04:39,REM,49,
2026-07-25,04:40,REM,46,
2026-07-25,04:41,LIGHT,45,
2026-07-25,04:42,LIGHT,47,
2026-07-25,04:43,LIGHT,49,
2026-07-25,04:44,WAKE,44,
2026-07-25,04:45,LIGHT,49,
2026-07-25,04:46,LIGHT,45,
2026-07-25,04:47,LIGHT,44,
2026-07-25,04:48,LIGHT,41,
2026-07-25,04:49,LIGHT,43,
2026-07-25,04:50,LIGHT,43,
2026-07-25,04:51,LIGHT,46,
2026-07-25,04:52,LIGHT,43,
2026-07-25,04:53,LIGHT,42,
2026-07-25,04:54,LIGHT,42,
2026-07-25,04:55,LIGHT,42,
2026-07-25,04:56,LIGHT,46,
2026-07-25,04:57,LIGHT,53,
2026-07-25,04:58,LIGHT,47,
2026-07-25,04:59,LIGHT,45,
2026-07-25,05:00,LIGHT,44,
2026-07-25,05:01,LIGHT,45,
2026-07-25,05:02,LIGHT,46,
2026-07-25,05:03,LIGHT,48,
2026-07-25,05:04,LIGHT,46,
2026-07-25,05:05,LIGHT,46,
2026-07-25,05:06,LIGHT,46,
2026-07-25,05:07,LIGHT,47,
2026-07-25,05:08,LIGHT,45,
2026-07-25,05:09,LIGHT,47,
2026-07-25,05:10,LIGHT,48,
2026-07-25,05:11,LIGHT,45,
2026-07-25,05:12,LIGHT,44,
2026-07-25,05:13,LIGHT,44,
2026-07-25,05:14,LIGHT,44,
2026-07-25,05:15,LIGHT,45,
2026-07-25,05:16,LIGHT,44,
2026-07-25,05:17,LIGHT,44,
2026-07-25,05:18,LIGHT,44,
2026-07-25,05:19,LIGHT,44,
2026-07-25,05:20,LIGHT,44,
2026-07-25,05:21,WAKE,44,
2026-07-25,05:22,WAKE,44,
2026-07-25,05:23,WAKE,44,
2026-07-25,05:24,WAKE,44,
2026-07-25,05:25,WAKE,44,
2026-07-25,05:26,WAKE,44,
2026-07-25,05:27,WAKE,44,
2026-07-25,05:28,WAKE,43,
2026-07-25,05:29,WAKE,43,
2026-07-25,05:30,WAKE,43,
2026-07-25,05:31,WAKE,43,
2026-07-25,05:32,WAKE,43,
2026-07-25,05:33,WAKE,43,
2026-07-25,05:34,WAKE,43,
2026-07-25,05:35,LIGHT,43,
2026-07-25,05:36,WAKE,43,
2026-07-25,05:37,WAKE,43,
2026-07-25,05:38,LIGHT,43,
2026-07-25,05:39,LIGHT,43,
2026-07-25,05:40,LIGHT,43,
2026-07-25,05:41,LIGHT,43,
2026-07-25,05:42,LIGHT,43,
2026-07-25,05:43,LIGHT,43,
2026-07-25,05:44,WAKE,43,
2026-07-25,05:45,LIGHT,43,
2026-07-25,05:46,WAKE,43,
2026-07-25,05:47,WAKE,43,
2026-07-25,05:48,LIGHT,43,
2026-07-25,05:49,LIGHT,43,
2026-07-25,05:50,LIGHT,43,
2026-07-25,05:51,LIGHT,43,
2026-07-25,05:52,LIGHT,43,
2026-07-25,05:53,LIGHT,43,
2026-07-25,05:54,WAKE,43,
2026-07-25,05:55,LIGHT,44,
2026-07-25,05:56,LIGHT,44,
2026-07-25,05:57,LIGHT,44,
2026-07-25,05:58,LIGHT,44,
2026-07-25,05:59,LIGHT,49,
2026-07-25,06:00,LIGHT,51,
2026-07-25,06:01,WAKE,49,
2026-07-25,06:02,LIGHT,44,
2026-07-25,06:03,LIGHT,44,
2026-07-25,06:04,LIGHT,43,
2026-07-25,06:05,LIGHT,43,
2026-07-25,06:06,LIGHT,44,
2026-07-25,06:07,LIGHT,46,
2026-07-25,06:08,LIGHT,45,
2026-07-25,06:09,LIGHT,50,
2026-07-25,06:10,LIGHT,47,
2026-07-25,06:11,WAKE,45,
2026-07-25,06:12,LIGHT,45,
2026-07-25,06:13,LIGHT,45,
2026-07-25,06:14,LIGHT,46,
2026-07-25,06:15,LIGHT,47,
2026-07-25,06:16,WAKE,55,
2026-07-25,06:17,LIGHT,49,
2026-07-25,15:37,LIGHT,52,
2026-07-25,15:38,LIGHT,52,
2026-07-25,15:39,LIGHT,52,
2026-07-25,15:40,LIGHT,53,
2026-07-25,15:41,LIGHT,53,
2026-07-25,15:42,LIGHT,51,
2026-07-25,15:43,LIGHT,51,
2026-07-25,15:44,LIGHT,51,
2026-07-25,15:45,LIGHT,55,
2026-07-25,15:46,LIGHT,58,
2026-07-25,15:47,LIGHT,54,
2026-07-25,15:48,LIGHT,54,
2026-07-25,15:49,LIGHT,54,
2026-07-25,15:50,LIGHT,57,
2026-07-25,15:51,LIGHT,65,
2026-07-25,15:52,DEEP,62,
2026-07-25,15:53,DEEP,54,
2026-07-25,15:54,DEEP,54,
2026-07-25,15:55,DEEP,52,
2026-07-25,15:56,DEEP,50,
2026-07-25,15:57,DEEP,50,
2026-07-25,15:58,DEEP,50,
2026-07-25,15:59,LIGHT,53,
2026-07-25,16:00,LIGHT,53,
2026-07-25,16:01,LIGHT,53,
2026-07-25,16:02,WAKE,53,
2026-07-25,16:03,LIGHT,55,
2026-07-25,16:04,LIGHT,52,
2026-07-25,16:05,LIGHT,,
2026-07-25,16:06,LIGHT,,
2026-07-25,16:07,LIGHT,,
2026-07-25,16:08,LIGHT,,
2026-07-25,16:09,LIGHT,,
2026-07-25,16:10,LIGHT,,
2026-07-25,16:11,LIGHT,,
2026-07-25,16:12,LIGHT,,
2026-07-25,16:13,DEEP,,
2026-07-25,16:14,DEEP,,
2026-07-25,16:15,DEEP,,
2026-07-25,16:16,LIGHT,,
2026-07-25,16:17,LIGHT,63,
2026-07-25,16:18,LIGHT,52,
2026-07-25,16:19,LIGHT,49,
2026-07-25,16:20,LIGHT,49,
2026-07-25,16:21,LIGHT,49,
2026-07-25,16:22,LIGHT,49,
2026-07-25,16:23,LIGHT,49,
2026-07-25,16:24,WAKE,49,
2026-07-25,16:25,WAKE,49,
2026-07-25,16:26,WAKE,49,
2026-07-25,16:27,LIGHT,51,
2026-07-25,16:28,WAKE,51,
2026-07-25,16:29,LIGHT,51,
2026-07-25,16:30,LIGHT,51,
2026-07-25,16:31,LIGHT,51,
2026-07-25,16:32,LIGHT,51,
2026-07-25,16:33,LIGHT,51,
2026-07-25,16:34,LIGHT,51,
2026-07-25,16:35,LIGHT,53,
2026-07-25,16:36,LIGHT,51,
2026-07-25,16:37,LIGHT,51,
2026-07-25,16:38,LIGHT,51,
2026-07-25,16:39,LIGHT,51,
2026-07-25,16:40,LIGHT,63,
2026-07-25,16:41,LIGHT,54,
2026-07-25,16:42,LIGHT,50,
2026-07-25,16:43,LIGHT,48,
2026-07-25,16:44,LIGHT,49,
2026-07-25,16:45,LIGHT,51,
2026-07-25,16:46,LIGHT,51,
2026-07-25,16:47,LIGHT,51,
2026-07-25,16:48,LIGHT,51,
2026-07-25,16:49,LIGHT,51,
2026-07-25,16:50,LIGHT,52,
2026-07-25,16:51,LIGHT,52,
2026-07-25,16:52,LIGHT,52,
2026-07-25,16:53,DEEP,52,
2026-07-25,16:54,DEEP,55,
2026-07-25,16:55,DEEP,53,
2026-07-25,16:56,DEEP,53,
2026-07-25,16:57,DEEP,54,
2026-07-25,16:58,DEEP,56,
2026-07-25,16:59,DEEP,55,
2026-07-25,17:00,DEEP,53,
2026-07-25,17:01,DEEP,53,
2026-07-25,17:02,DEEP,54,
2026-07-25,17:03,DEEP,53,
2026-07-25,17:04,DEEP,53,
2026-07-25,17:05,DEEP,53,
2026-07-25,17:06,DEEP,54,
2026-07-25,17:07,DEEP,54,
2026-07-25,17:08,DEEP,54,
2026-07-25,17:09,DEEP,62,
2026-07-25,17:10,DEEP,56,
2026-07-25,17:11,DEEP,56,
2026-07-25,17:12,DEEP,50,
2026-07-25,17:13,DEEP,48,
2026-07-25,17:14,DEEP,49,
2026-07-25,17:15,DEEP,54,
2026-07-25,17:16,LIGHT,51,
2026-07-25,17:17,LIGHT,48,
2026-07-25,17:18,LIGHT,48,
2026-07-25,17:19,LIGHT,51,
2026-07-25,17:20,LIGHT,61,
2026-07-25,17:21,LIGHT,61,
2026-07-25,17:22,LIGHT,63,
2026-07-25,17:23,REM,66,
2026-07-25,17:24,REM,62,
2026-07-25,17:25,REM,56,
2026-07-25,17:26,REM,63,
2026-07-25,17:27,REM,57,
2026-07-25,17:28,REM,60,
2026-07-25,17:29,REM,63,
2026-07-25,17:30,REM,60,
2026-07-25,17:31,REM,62,
2026-07-25,17:32,REM,59,
2026-07-25,17:33,REM,59,
2026-07-25,17:34,REM,57,
2026-07-25,17:35,REM,55,
2026-07-25,17:36,REM,57,
2026-07-25,17:37,REM,60,
2026-07-25,17:38,REM,61,
2026-07-25,17:39,REM,62,
2026-07-25,17:40,REM,61,
2026-07-25,17:41,REM,74,
2026-07-25,17:42,REM,76,
2026-07-25,17:43,REM,63,
2026-07-25,17:44,REM,59,
2026-07-25,17:45,REM,56,
2026-07-25,17:46,REM,64,
2026-07-25,17:47,REM,69,
2026-07-25,17:48,LIGHT,67,
2026-07-25,17:49,LIGHT,68,
2026-07-25,17:50,LIGHT,75,
2026-07-25,17:51,LIGHT,81,
2026-07-25,17:52,LIGHT,83,
2026-07-25,17:53,LIGHT,83,
2026-07-25,17:54,LIGHT,90,
2026-07-25,17:55,LIGHT,93,
2026-07-25,17:56,LIGHT,93,
2026-07-25,17:57,LIGHT,82,
2026-07-25,17:58,LIGHT,82,
2026-07-25,17:59,LIGHT,79,
2026-07-25,18:00,LIGHT,78,
2026-07-25,18:01,LIGHT,82,
2026-07-25,18:02,LIGHT,88,
2026-07-25,18:03,LIGHT,93,
2026-07-25,18:04,LIGHT,87,
2026-07-25,18:05,LIGHT,88,
2026-07-25,18:06,LIGHT,106,
2026-07-25,18:07,LIGHT,106,
2026-07-25,18:08,LIGHT,107,
2026-07-25,18:09,LIGHT,101,
2026-07-25,18:10,LIGHT,103,
2026-07-25,18:11,LIGHT,92,
2026-07-25,18:12,LIGHT,94,
2026-07-25,18:13,LIGHT,99,
2026-07-25,18:14,LIGHT,81,
2026-07-25,18:15,LIGHT,75,
2026-07-25,18:16,LIGHT,92,
2026-07-25,18:17,LIGHT,138,
2026-07-25,18:18,LIGHT,160,
2026-07-25,18:19,LIGHT,170,
2026-07-25,18:20,LIGHT,172,
2026-07-25,18:21,LIGHT,170,
2026-07-25,18:22,LIGHT,167,
2026-07-25,18:23,LIGHT,172,
2026-07-25,18:24,LIGHT,174,
2026-07-25,18:25,LIGHT,131,
2026-07-25,18:26,LIGHT,148,
2026-07-25,18:27,LIGHT,137,
2026-07-25,18:28,LIGHT,128,
2026-07-25,18:29,LIGHT,127,
2026-07-25,18:30,LIGHT,139,
2026-07-25,18:31,LIGHT,158,
2026-07-25,18:32,LIGHT,163,
2026-07-25,18:33,LIGHT,160,
2026-07-25,18:34,LIGHT,165,
2026-07-25,18:35,LIGHT,172,
2026-07-25,18:36,LIGHT,174,
2026-07-25,18:37,LIGHT,174,
2026-07-25,18:38,LIGHT,184,
2026-07-25,18:39,LIGHT,182,
2026-07-25,18:40,LIGHT,175,
2026-07-25,18:41,LIGHT,173,
2026-07-25,18:42,LIGHT,173,
2026-07-25,18:43,LIGHT,171,
2026-07-25,18:44,LIGHT,165,
2026-07-25,18:45,LIGHT,172,
2026-07-25,18:46,LIGHT,173,
2026-07-25,18:47,LIGHT,169,
2026-07-25,18:48,LIGHT,151,
2026-07-25,18:49,LIGHT,154,
2026-07-25,18:50,LIGHT,164,
2026-07-26,02:13,LIGHT,56,
2026-07-26,02:14,LIGHT,58,
2026-07-26,02:15,LIGHT,56,
2026-07-26,02:16,LIGHT,60,
2026-07-26,02:17,LIGHT,59,
2026-07-26,02:18,LIGHT,58,
2026-07-26,02:19,LIGHT,52,
2026-07-26,02:20,LIGHT,54,
2026-07-26,02:21,LIGHT,53,
2026-07-26,02:22,LIGHT,53,
2026-07-26,02:23,LIGHT,52,
2026-07-26,02:24,LIGHT,51,
2026-07-26,02:25,LIGHT,53,
2026-07-26,02:26,DEEP,53,
2026-07-26,02:27,DEEP,55,
2026-07-26,02:28,DEEP,55,
2026-07-26,02:29,DEEP,59,
2026-07-26,02:30,DEEP,56,
2026-07-26,02:31,DEEP,53,
2026-07-26,02:32,DEEP,52,
2026-07-26,02:33,DEEP,52,
2026-07-26,02:34,DEEP,52,
2026-07-26,02:35,DEEP,52,
2026-07-26,02:36,DEEP,50,
2026-07-26,02:37,DEEP,55,
2026-07-26,02:38,DEEP,53,
2026-07-26,02:39,DEEP,56,
2026-07-26,02:40,DEEP,52,
2026-07-26,02:41,DEEP,54,
2026-07-26,02:42,DEEP,53,
2026-07-26,02:43,DEEP,54,
2026-07-26,02:44,DEEP,59,
2026-07-26,02:45,DEEP,61,
2026-07-26,02:46,DEEP,62,
2026-07-26,02:47,DEEP,62,
2026-07-26,02:48,DEEP,56,
2026-07-26,02:49,DEEP,63,
2026-07-26,02:50,DEEP,77,
2026-07-26,02:51,DEEP,72,
2026-07-26,02:52,DEEP,88,
2026-07-26,02:53,DEEP,72,
2026-07-26,02:54,DEEP,56,
2026-07-26,02:55,DEEP,55,
2026-07-26,02:56,DEEP,49,
2026-07-26,02:57,LIGHT,48,
2026-07-26,02:58,LIGHT,47,
2026-07-26,02:59,REM,48,
2026-07-26,03:00,REM,47,
2026-07-26,03:01,REM,47,
2026-07-26,03:02,REM,47,
2026-07-26,03:03,REM,52,
2026-07-26,03:04,REM,49,
2026-07-26,03:05,REM,48,
2026-07-26,03:06,REM,48,
2026-07-26,03:07,REM,48,
2026-07-26,03:08,REM,48,
2026-07-26,03:09,REM,48,
2026-07-26,03:10,REM,48,
2026-07-26,03:11,REM,49,
2026-07-26,03:12,REM,49,
2026-07-26,03:13,REM,49,
2026-07-26,03:14,REM,49,
2026-07-26,03:15,REM,49,
2026-07-26,03:16,REM,49,
2026-07-26,03:17,REM,49,
2026-07-26,03:18,REM,49,
2026-07-26,03:19,REM,49,
2026-07-26,03:20,REM,49,
2026-07-26,03:21,REM,49,
2026-07-26,03:22,REM,49,
2026-07-26,03:23,REM,49,
2026-07-26,03:24,REM,49,
2026-07-26,03:25,REM,49,
2026-07-26,03:26,REM,49,
2026-07-26,03:27,LIGHT,51,
2026-07-26,03:28,LIGHT,50,
2026-07-26,03:29,LIGHT,48,
2026-07-26,03:30,LIGHT,48,
2026-07-26,03:31,LIGHT,48,
2026-07-26,03:32,LIGHT,48,
2026-07-26,03:33,LIGHT,48,
2026-07-26,03:34,REM,48,
2026-07-26,03:35,REM,48,
2026-07-26,03:36,REM,48,
2026-07-26,03:37,LIGHT,52,
2026-07-26,03:38,LIGHT,65,
2026-07-26,03:39,LIGHT,54,
2026-07-26,03:40,LIGHT,50,
2026-07-26,03:41,LIGHT,50,
2026-07-26,03:42,LIGHT,50,
2026-07-26,03:43,LIGHT,50,
2026-07-26,03:44,LIGHT,50,
2026-07-26,03:45,LIGHT,49,
2026-07-26,03:46,LIGHT,49,
2026-07-26,03:47,LIGHT,49,
2026-07-26,03:48,LIGHT,50,
2026-07-26,03:49,LIGHT,50,
2026-07-26,03:50,LIGHT,50,
2026-07-26,03:51,LIGHT,50,
2026-07-26,03:52,LIGHT,50,
2026-07-26,03:53,LIGHT,51,
2026-07-26,03:54,LIGHT,52,
2026-07-26,03:55,LIGHT,72,
2026-07-26,03:56,LIGHT,56,
2026-07-26,03:57,LIGHT,50,
2026-07-26,03:58,LIGHT,48,
2026-07-26,03:59,LIGHT,48,
2026-07-26,04:00,LIGHT,48,
2026-07-26,04:01,LIGHT,48,
2026-07-26,04:02,LIGHT,48,
2026-07-26,04:03,LIGHT,48,
2026-07-26,04:04,LIGHT,48,
2026-07-26,04:05,LIGHT,48,
2026-07-26,04:06,LIGHT,48,
2026-07-26,04:07,LIGHT,48,
2026-07-26,04:08,LIGHT,48,
2026-07-26,04:09,LIGHT,48,
2026-07-26,04:10,LIGHT,48,
2026-07-26,04:11,LIGHT,48,
2026-07-26,04:12,LIGHT,49,
2026-07-26,04:13,LIGHT,49,
2026-07-26,04:14,LIGHT,49,
2026-07-26,04:15,LIGHT,50,
2026-07-26,04:16,LIGHT,50,
2026-07-26,04:17,LIGHT,50,
2026-07-26,04:18,LIGHT,50,
2026-07-26,04:19,LIGHT,50,
2026-07-26,04:20,LIGHT,51,
2026-07-26,04:21,LIGHT,50,
2026-07-26,04:22,LIGHT,50,
2026-07-26,04:23,LIGHT,50,
2026-07-26,04:24,LIGHT,50,
2026-07-26,04:25,LIGHT,50,
2026-07-26,04:26,LIGHT,50,
2026-07-26,04:27,LIGHT,50,
2026-07-26,04:28,LIGHT,50,
2026-07-26,04:29,LIGHT,53,
2026-07-26,04:30,LIGHT,60,
2026-07-26,04:31,LIGHT,57,
2026-07-26,04:32,LIGHT,54,
2026-07-26,04:33,LIGHT,48,
2026-07-26,04:34,LIGHT,48,
2026-07-26,04:35,LIGHT,48,
2026-07-26,04:36,LIGHT,49,
2026-07-26,04:37,LIGHT,49,
2026-07-26,04:38,LIGHT,49,
2026-07-26,04:39,LIGHT,51,
2026-07-26,04:40,LIGHT,57,
2026-07-26,04:41,LIGHT,51,
2026-07-26,04:42,LIGHT,52,
2026-07-26,04:43,LIGHT,54,
2026-07-26,04:44,LIGHT,50,
2026-07-26,04:45,LIGHT,52,
2026-07-26,04:46,WAKE,52,
2026-07-26,04:47,LIGHT,50,
2026-07-26,04:48,LIGHT,55,
2026-07-26,04:49,LIGHT,49,
2026-07-26,04:50,REM,48,
2026-07-26,04:51,REM,49,
2026-07-26,04:52,REM,51,
2026-07-26,04:53,REM,48,
2026-07-26,04:54,REM,49,
2026-07-26,04:55,REM,49,
2026-07-26,04:56,REM,49,
2026-07-26,04:57,REM,49,
2026-07-26,04:58,REM,49,
2026-07-26,04:59,REM,49,
2026-07-26,05:00,REM,48,
2026-07-26,05:01,REM,46,
2026-07-26,05:02,REM,46,
2026-07-26,05:03,REM,47,
2026-07-26,05:04,REM,47,
2026-07-26,05:05,REM,47,
2026-07-26,05:06,REM,47,
2026-07-26,05:07,REM,47,
2026-07-26,05:08,REM,47,
2026-07-26,05:09,REM,47,
2026-07-26,05:10,REM,47,
2026-07-26,05:11,LIGHT,47,
2026-07-26,05:12,LIGHT,47,
2026-07-26,05:13,LIGHT,47,
2026-07-26,05:14,LIGHT,47,
2026-07-26,05:15,LIGHT,47,
2026-07-26,05:16,LIGHT,49,
2026-07-26,05:17,LIGHT,49,
2026-07-26,05:18,LIGHT,49,
2026-07-26,05:19,LIGHT,49,
2026-07-26,05:20,LIGHT,49,
2026-07-26,05:21,LIGHT,49,
2026-07-26,05:22,LIGHT,48,
2026-07-26,05:23,LIGHT,48,
2026-07-26,05:24,LIGHT,48,
2026-07-26,05:25,LIGHT,48,
2026-07-26,05:26,LIGHT,48,
2026-07-26,05:27,LIGHT,48,
2026-07-26,05:28,LIGHT,49,
2026-07-26,05:29,LIGHT,49,
2026-07-26,05:30,LIGHT,49,
2026-07-26,05:31,LIGHT,49,
2026-07-26,05:32,LIGHT,49,
2026-07-26,05:33,DEEP,49,
2026-07-26,05:34,DEEP,49,
2026-07-26,05:35,DEEP,49,
2026-07-26,05:36,DEEP,49,
2026-07-26,05:37,DEEP,49,
2026-07-26,05:38,DEEP,49,
2026-07-26,05:39,DEEP,49,
2026-07-26,05:40,DEEP,49,
2026-07-26,05:41,DEEP,49,
2026-07-26,05:42,DEEP,49,
2026-07-26,05:43,DEEP,49,
2026-07-26,05:44,DEEP,49,
2026-07-26,05:45,DEEP,49,
2026-07-26,05:46,DEEP,49,
2026-07-26,05:47,DEEP,49,
2026-07-26,05:48,DEEP,51,
2026-07-26,05:49,DEEP,51,
2026-07-26,05:50,DEEP,69,
2026-07-26,05:51,DEEP,58,
2026-07-26,05:52,DEEP,51,
2026-07-26,05:53,DEEP,48,
2026-07-26,05:54,DEEP,48,
2026-07-26,05:55,DEEP,48,
2026-07-26,05:56,DEEP,48,
2026-07-26,05:57,DEEP,48,
2026-07-26,05:58,DEEP,48,
2026-07-26,05:59,DEEP,49,
2026-07-26,06:00,DEEP,49,
2026-07-26,06:01,LIGHT,49,
2026-07-26,06:02,LIGHT,49,
2026-07-26,06:03,LIGHT,50,
2026-07-26,06:04,LIGHT,50,
2026-07-26,06:05,LIGHT,50,
2026-07-26,06:06,LIGHT,50,
2026-07-26,06:07,LIGHT,50,
2026-07-26,06:08,LIGHT,50,
2026-07-26,06:09,LIGHT,50,
2026-07-26,06:10,LIGHT,50,
2026-07-26,06:11,LIGHT,50,
2026-07-26,06:12,LIGHT,50,
2026-07-26,06:13,LIGHT,52,
2026-07-26,06:14,LIGHT,57,
2026-07-26,06:15,LIGHT,49,
2026-07-26,06:16,LIGHT,46,
2026-07-26,06:17,LIGHT,47,
2026-07-26,06:18,LIGHT,47,
2026-07-26,06:19,LIGHT,49,
2026-07-26,06:20,LIGHT,54,
2026-07-26,06:21,LIGHT,48,
2026-07-26,06:22,LIGHT,46,
2026-07-26,06:23,LIGHT,47,
2026-07-26,06:24,LIGHT,48,
2026-07-26,06:25,LIGHT,50,
2026-07-26,06:26,LIGHT,50,
2026-07-26,06:27,LIGHT,52,
2026-07-26,06:28,LIGHT,53,
2026-07-26,06:29,LIGHT,53,
2026-07-26,06:30,LIGHT,51,
2026-07-26,06:31,LIGHT,56,
2026-07-26,06:32,LIGHT,50,
2026-07-26,06:33,LIGHT,50,
2026-07-26,06:34,LIGHT,50,
2026-07-26,06:35,LIGHT,52,
2026-07-26,06:36,REM,50,
2026-07-26,06:37,REM,50,
2026-07-26,06:38,REM,51,
2026-07-26,06:39,REM,50,
2026-07-26,06:40,REM,49,
2026-07-26,06:41,REM,47,
2026-07-26,06:42,REM,52,
2026-07-26,06:43,REM,56,
2026-07-26,06:44,REM,58,
2026-07-26,06:45,REM,52,
2026-07-26,06:46,REM,50,
2026-07-26,06:47,REM,47,
2026-07-26,06:48,REM,47,
2026-07-26,06:49,REM,49,
2026-07-26,06:50,REM,50,
2026-07-26,06:51,REM,47,
2026-07-26,06:52,REM,47,
2026-07-26,06:53,REM,46,
2026-07-26,06:54,REM,50,
2026-07-26,06:55,REM,47,
2026-07-26,06:56,REM,48,
2026-07-26,06:57,REM,48,
2026-07-26,06:58,REM,48,
2026-07-26,06:59,REM,46,
2026-07-26,07:00,REM,46,
2026-07-26,07:01,LIGHT,44,
2026-07-26,07:02,LIGHT,44,
2026-07-26,07:03,LIGHT,45,
2026-07-26,07:04,LIGHT,46,
2026-07-26,07:05,LIGHT,46,
2026-07-26,07:06,LIGHT,46,
2026-07-26,07:07,LIGHT,44,
2026-07-26,07:08,LIGHT,45,
2026-07-26,07:09,LIGHT,45,
2026-07-26,07:10,LIGHT,44,
2026-07-26,07:11,LIGHT,44,
2026-07-26,07:12,LIGHT,43,
2026-07-26,07:13,LIGHT,43,
2026-07-26,07:14,LIGHT,44,
2026-07-26,07:15,LIGHT,47,
2026-07-26,07:16,LIGHT,50,
2026-07-26,07:17,LIGHT,47,
2026-07-26,07:18,LIGHT,46,
2026-07-26,07:19,LIGHT,46,
2026-07-26,07:20,LIGHT,46,
2026-07-26,07:21,LIGHT,46,
2026-07-26,07:22,LIGHT,46,
2026-07-26,07:23,LIGHT,46,
2026-07-26,07:24,LIGHT,47,
2026-07-26,07:25,LIGHT,47,
2026-07-26,07:26,LIGHT,47,
2026-07-26,07:27,LIGHT,47,
2026-07-26,07:28,LIGHT,47,
2026-07-26,07:29,LIGHT,47,
2026-07-26,07:30,LIGHT,47,
2026-07-26,07:31,LIGHT,47,
2026-07-26,07:32,LIGHT,47,
2026-07-26,07:33,LIGHT,47,
2026-07-26,07:34,LIGHT,47,
2026-07-26,07:35,LIGHT,47,
2026-07-26,07:36,LIGHT,47,
2026-07-26,07:37,LIGHT,47,
2026-07-26,07:38,LIGHT,48,
2026-07-26,07:39,LIGHT,48,
2026-07-26,07:40,LIGHT,48,
2026-07-26,07:41,LIGHT,48,
2026-07-26,07:42,LIGHT,48,
2026-07-26,07:43,LIGHT,48,
2026-07-26,07:44,LIGHT,47,
2026-07-26,07:45,LIGHT,47,
2026-07-26,07:46,LIGHT,47,
2026-07-26,07:47,LIGHT,47,
2026-07-26,07:48,LIGHT,47,
2026-07-26,07:49,REM,47,
2026-07-26,07:50,REM,47,
2026-07-26,07:51,REM,47,
2026-07-26,07:52,REM,47,
2026-07-26,07:53,REM,47,
2026-07-26,07:54,REM,47,
2026-07-26,07:55,REM,47,
2026-07-26,07:56,REM,47,
2026-07-26,07:57,REM,47,
2026-07-26,07:58,REM,47,
2026-07-26,07:59,REM,54,
2026-07-26,08:00,REM,53,
2026-07-26,08:01,REM,48,
2026-07-26,08:02,REM,47,
2026-07-26,08:03,REM,47,
2026-07-26,08:04,REM,49,
2026-07-26,08:05,REM,46,
2026-07-26,08:06,REM,46,
2026-07-26,08:07,REM,47,
2026-07-26,08:08,REM,49,
2026-07-26,08:09,REM,49,
2026-07-26,08:10,REM,56,
2026-07-26,08:11,LIGHT,48,
2026-07-26,08:12,LIGHT,48,
2026-07-26,08:13,LIGHT,51,
2026-07-26,08:14,WAKE,48,
2026-07-26,08:15,LIGHT,49,
2026-07-26,08:16,LIGHT,41,
2026-07-26,08:17,LIGHT,,
2026-07-26,08:18,LIGHT,,
2026-07-26,08:19,LIGHT,45,
2026-07-26,08:20,LIGHT,46,
2026-07-26,08:21,LIGHT,48,
2026-07-26,08:22,LIGHT,49,
2026-07-26,08:23,LIGHT,49,
2026-07-26,08:24,LIGHT,49,
2026-07-26,08:25,LIGHT,49,
2026-07-26,08:26,LIGHT,50,
2026-07-26,08:27,LIGHT,49,
2026-07-26,08:28,LIGHT,50,
2026-07-26,08:29,LIGHT,51,
2026-07-26,08:30,LIGHT,50,
2026-07-26,08:31,LIGHT,49,
2026-07-26,08:32,LIGHT,50,
2026-07-26,08:33,LIGHT,52,
2026-07-26,08:34,LIGHT,54,
2026-07-26,08:35,LIGHT,49,
2026-07-26,08:36,LIGHT,48,
2026-07-26,08:37,LIGHT,58,
2026-07-26,08:38,LIGHT,50,
2026-07-26,08:39,LIGHT,47,
2026-07-26,08:40,LIGHT,45,
2026-07-26,08:41,LIGHT,44,
2026-07-26,08:42,LIGHT,46,
2026-07-26,08:43,LIGHT,46,
2026-07-26,08:44,LIGHT,46,
2026-07-26,08:45,LIGHT,45,
2026-07-26,08:46,LIGHT,45,
2026-07-26,08:47,LIGHT,46,
2026-07-26,08:48,LIGHT,54,
2026-07-26,08:49,LIGHT,47,
2026-07-26,08:50,LIGHT,46,
2026-07-26,08:51,LIGHT,45,
2026-07-26,08:52,LIGHT,47,
2026-07-26,08:53,LIGHT,50,
2026-07-26,08:54,LIGHT,45,
2026-07-26,08:55,LIGHT,47,
2026-07-26,08:56,LIGHT,45,
2026-07-26,08:57,LIGHT,45,
2026-07-26,08:58,WAKE,45,
2026-07-26,08:59,LIGHT,45,
2026-07-26,09:00,WAKE,46,
2026-07-26,09:01,LIGHT,46,
2026-07-26,09:02,LIGHT,46,
2026-07-26,09:03,WAKE,47,
2026-07-26,09:04,WAKE,47,
2026-07-26,09:05,LIGHT,46,
2026-07-26,09:06,WAKE,47,
2026-07-26,09:07,LIGHT,47,
2026-07-26,09:08,WAKE,46,
2026-07-26,09:09,LIGHT,46,
2026-07-26,09:10,WAKE,46,
2026-07-26,09:11,LIGHT,46,
2026-07-26,16:27,LIGHT,53,
2026-07-26,16:28,LIGHT,52,
2026-07-26,16:29,LIGHT,54,
2026-07-26,16:30,LIGHT,53,
2026-07-26,16:31,LIGHT,53,
2026-07-26,16:32,LIGHT,50,
2026-07-26,16:33,LIGHT,51,
2026-07-26,16:34,LIGHT,53,
2026-07-26,16:35,LIGHT,59,
2026-07-26,16:36,LIGHT,53,
2026-07-26,16:37,LIGHT,54,
2026-07-26,16:38,LIGHT,50,
2026-07-26,16:39,LIGHT,55,
2026-07-26,16:40,LIGHT,62,
2026-07-26,16:41,LIGHT,55,
2026-07-26,16:42,LIGHT,52,
2026-07-26,16:43,LIGHT,56,
2026-07-26,16:44,LIGHT,50,
2026-07-26,16:45,LIGHT,49,
2026-07-26,16:46,LIGHT,51,
2026-07-26,16:47,LIGHT,48,
2026-07-26,16:48,LIGHT,58,
2026-07-26,16:49,LIGHT,69,
2026-07-26,16:50,LIGHT,66,
2026-07-26,16:51,LIGHT,68,
2026-07-26,16:52,LIGHT,71,
2026-07-26,16:53,LIGHT,55,
2026-07-26,16:54,LIGHT,50,
2026-07-26,16:55,LIGHT,49,
2026-07-26,16:56,LIGHT,49,
2026-07-26,16:57,REM,50,
2026-07-26,16:58,REM,49,
2026-07-26,16:59,REM,49,
2026-07-26,17:00,REM,54,
2026-07-26,17:01,REM,49,
2026-07-26,17:02,REM,47,
2026-07-26,17:03,REM,49,
2026-07-26,17:04,REM,51,
2026-07-26,17:05,REM,49,
2026-07-26,17:06,REM,49,
2026-07-26,17:07,LIGHT,51,
2026-07-26,17:08,LIGHT,54,
2026-07-26,17:09,LIGHT,55,
2026-07-26,17:10,WAKE,51,
2026-07-26,17:11,LIGHT,48,
2026-07-26,17:12,LIGHT,51,
2026-07-26,17:13,LIGHT,48,
2026-07-26,17:14,LIGHT,50,
2026-07-26,17:15,LIGHT,50,
2026-07-26,17:16,LIGHT,54,
2026-07-26,17:17,LIGHT,56,
2026-07-26,17:18,LIGHT,57,
2026-07-26,17:19,LIGHT,51,
2026-07-26,17:20,LIGHT,49,
2026-07-27,03:03,LIGHT,42,
2026-07-27,03:04,LIGHT,43,
2026-07-27,03:05,LIGHT,44,
2026-07-27,03:06,LIGHT,44,
2026-07-27,03:07,LIGHT,44,
2026-07-27,03:08,LIGHT,44,
2026-07-27,03:09,LIGHT,44,
2026-07-27,03:10,LIGHT,44,
2026-07-27,03:11,LIGHT,44,
2026-07-27,03:12,LIGHT,43,
2026-07-27,03:13,LIGHT,43,
2026-07-27,03:14,DEEP,43,
2026-07-27,03:15,DEEP,43,
2026-07-27,03:16,DEEP,43,
2026-07-27,03:17,DEEP,43,
2026-07-27,03:18,DEEP,43,
2026-07-27,03:19,DEEP,43,
2026-07-27,03:20,DEEP,43,
2026-07-27,03:21,DEEP,43,
2026-07-27,03:22,DEEP,43,
2026-07-27,03:23,DEEP,50,
2026-07-27,03:24,DEEP,44,
2026-07-27,03:25,DEEP,48,
2026-07-27,03:26,DEEP,42,
2026-07-27,03:27,DEEP,41,
2026-07-27,03:28,DEEP,41,
2026-07-27,03:29,DEEP,41,
2026-07-27,03:30,DEEP,41,
2026-07-27,03:31,DEEP,41,
2026-07-27,03:32,DEEP,40,
2026-07-27,03:33,DEEP,42,
2026-07-27,03:34,DEEP,40,
2026-07-27,03:35,DEEP,,
2026-07-27,03:36,DEEP,,
2026-07-27,03:37,DEEP,,
2026-07-27,03:38,DEEP,,
2026-07-27,03:39,LIGHT,,
2026-07-27,03:40,LIGHT,,
2026-07-27,03:41,LIGHT,40,
2026-07-27,03:42,LIGHT,40,
2026-07-27,03:43,LIGHT,42,
2026-07-27,03:44,LIGHT,49,
2026-07-27,03:45,LIGHT,45,
2026-07-27,03:46,LIGHT,43,
2026-07-27,03:47,DEEP,44,
2026-07-27,03:48,DEEP,42,
2026-07-27,03:49,DEEP,42,
2026-07-27,03:50,DEEP,42,
2026-07-27,03:51,DEEP,42,
2026-07-27,03:52,DEEP,43,
2026-07-27,03:53,DEEP,43,
2026-07-27,03:54,DEEP,43,
2026-07-27,03:55,DEEP,43,
2026-07-27,03:56,LIGHT,43,
2026-07-27,03:57,LIGHT,42,
2026-07-27,03:58,LIGHT,42,
2026-07-27,03:59,LIGHT,47,
2026-07-27,04:00,LIGHT,43,
2026-07-27,04:01,DEEP,43,
2026-07-27,04:02,DEEP,42,
2026-07-27,04:03,DEEP,42,
2026-07-27,04:04,DEEP,42,
2026-07-27,04:05,DEEP,42,
2026-07-27,04:06,DEEP,42,
2026-07-27,04:07,DEEP,43,
2026-07-27,04:08,DEEP,47,
2026-07-27,04:09,DEEP,44,
2026-07-27,04:10,DEEP,44,
2026-07-27,04:11,DEEP,43,
2026-07-27,04:12,DEEP,43,
2026-07-27,04:13,DEEP,43,
2026-07-27,04:14,DEEP,43,
2026-07-27,04:15,DEEP,44,
2026-07-27,04:16,DEEP,45,
2026-07-27,04:17,DEEP,42,
2026-07-27,04:18,DEEP,47,
2026-07-27,04:19,DEEP,42,
2026-07-27,04:20,DEEP,41,
2026-07-27,04:21,LIGHT,41,
2026-07-27,04:22,LIGHT,40,
2026-07-27,04:23,LIGHT,40,
2026-07-27,04:24,LIGHT,40,
2026-07-27,04:25,LIGHT,40,
2026-07-27,04:26,LIGHT,42,
2026-07-27,04:27,LIGHT,42,
2026-07-27,04:28,DEEP,45,
2026-07-27,04:29,DEEP,48,
2026-07-27,04:30,LIGHT,45,
2026-07-27,04:31,LIGHT,42,
2026-07-27,04:32,LIGHT,42,
2026-07-27,04:33,LIGHT,41,
2026-07-27,04:34,LIGHT,41,
2026-07-27,04:35,LIGHT,42,
2026-07-27,04:36,LIGHT,42,
2026-07-27,04:37,REM,42,
2026-07-27,04:38,REM,42,
2026-07-27,04:39,REM,43,
2026-07-27,04:40,REM,41,
2026-07-27,04:41,REM,41,
2026-07-27,04:42,REM,41,
2026-07-27,04:43,REM,41,
2026-07-27,04:44,REM,41,
2026-07-27,04:45,REM,42,
2026-07-27,04:46,REM,42,
2026-07-27,04:47,REM,42,
2026-07-27,04:48,REM,41,
2026-07-27,04:49,REM,42,
2026-07-27,04:50,REM,43,
2026-07-27,04:51,REM,42,
2026-07-27,04:52,REM,42,
2026-07-27,04:53,REM,42,
2026-07-27,04:54,REM,42,
2026-07-27,04:55,REM,42,
2026-07-27,04:56,REM,42,
2026-07-27,04:57,REM,42,
2026-07-27,04:58,REM,42,
2026-07-27,04:59,REM,43,
2026-07-27,05:00,REM,43,
2026-07-27,05:01,LIGHT,43,
2026-07-27,05:02,LIGHT,43,
2026-07-27,05:03,LIGHT,42,
2026-07-27,05:04,LIGHT,42,
2026-07-27,05:05,LIGHT,42,
2026-07-27,05:06,LIGHT,42,
2026-07-27,05:07,LIGHT,42,
2026-07-27,05:08,LIGHT,43,
2026-07-27,05:09,LIGHT,43,
2026-07-27,05:10,LIGHT,43,
2026-07-27,05:11,LIGHT,43,
2026-07-27,05:12,DEEP,42,
2026-07-27,05:13,DEEP,42,
2026-07-27,05:14,DEEP,42,
2026-07-27,05:15,DEEP,42,
2026-07-27,05:16,DEEP,42,
2026-07-27,05:17,DEEP,42,
2026-07-27,05:18,DEEP,42,
2026-07-27,05:19,DEEP,42,
2026-07-27,05:20,DEEP,42,
2026-07-27,05:21,DEEP,42,
2026-07-27,05:22,DEEP,42,
2026-07-27,05:23,DEEP,42,
2026-07-27,05:24,DEEP,42,
2026-07-27,05:25,DEEP,42,
2026-07-27,05:26,DEEP,42,
2026-07-27,05:27,DEEP,42,
2026-07-27,05:28,DEEP,42,
2026-07-27,05:29,DEEP,42,
2026-07-27,05:30,DEEP,52,
2026-07-27,05:31,DEEP,49,
2026-07-27,05:32,DEEP,44,
2026-07-27,05:33,DEEP,43,
2026-07-27,05:34,DEEP,50,
2026-07-27,05:35,DEEP,44,
2026-07-27,05:36,DEEP,44,
2026-07-27,05:37,DEEP,43,
2026-07-27,05:38,LIGHT,43,
2026-07-27,05:39,LIGHT,43,
2026-07-27,05:40,LIGHT,43,
2026-07-27,05:41,LIGHT,42,
2026-07-27,05:42,LIGHT,46,
2026-07-27,05:43,LIGHT,43,
2026-07-27,05:44,LIGHT,43,
2026-07-27,05:45,LIGHT,43,
2026-07-27,05:46,LIGHT,45,
2026-07-27,05:47,LIGHT,45,
2026-07-27,05:48,LIGHT,46,
2026-07-27,05:49,LIGHT,46,
2026-07-27,05:50,LIGHT,43,
2026-07-27,05:51,WAKE,42,
2026-07-27,05:52,LIGHT,44,
2026-07-27,05:53,LIGHT,44,
2026-07-27,05:54,LIGHT,44,
2026-07-27,05:55,LIGHT,44,
2026-07-27,05:56,LIGHT,44,
2026-07-27,05:57,LIGHT,43,
2026-07-27,05:58,LIGHT,48,
2026-07-27,05:59,LIGHT,43,
2026-07-27,06:00,LIGHT,41,
2026-07-27,06:01,LIGHT,41,
2026-07-27,06:02,LIGHT,41,
2026-07-27,06:03,LIGHT,41,
2026-07-27,06:04,LIGHT,41,
2026-07-27,06:05,LIGHT,48,
2026-07-27,06:06,LIGHT,49,
2026-07-27,06:07,LIGHT,45,
2026-07-27,06:08,LIGHT,42,
2026-07-27,06:09,LIGHT,41,
2026-07-27,06:10,LIGHT,,
2026-07-27,06:11,LIGHT,,
2026-07-27,06:12,LIGHT,41,
2026-07-27,06:13,LIGHT,46,
2026-07-27,06:14,LIGHT,41,
2026-07-27,06:15,LIGHT,41,
2026-07-27,06:16,LIGHT,41,
2026-07-27,06:17,LIGHT,41,
2026-07-27,06:18,LIGHT,41,
2026-07-27,06:19,LIGHT,41,
2026-07-27,06:20,LIGHT,42,
2026-07-27,06:21,LIGHT,47,
2026-07-27,06:22,LIGHT,50,
2026-07-27,06:23,REM,44,
2026-07-27,06:24,REM,44,
2026-07-27,06:25,REM,44,
2026-07-27,06:26,REM,42,
2026-07-27,06:27,REM,40,
2026-07-27,06:28,REM,43,
2026-07-27,06:29,REM,40,
2026-07-27,06:30,REM,44,
2026-07-27,06:31,REM,46,
2026-07-27,06:32,REM,42,
2026-07-27,06:33,REM,42,
2026-07-27,06:34,REM,41,
2026-07-27,06:35,REM,50,
2026-07-27,06:36,REM,49,
2026-07-27,06:37,REM,46,
2026-07-27,06:38,REM,54,
2026-07-27,06:39,REM,57,
2026-07-27,06:40,REM,59,
2026-07-27,06:41,REM,54,
2026-07-27,06:42,REM,56,
2026-07-27,06:43,REM,62,
2026-07-27,06:44,REM,59,
2026-07-27,06:45,REM,54,
2026-07-27,06:46,REM,56,
2026-07-27,06:47,REM,56,
2026-07-27,06:48,REM,57,
2026-07-27,06:49,REM,49,
2026-07-27,06:50,REM,56,
2026-07-27,06:51,LIGHT,52,
2026-07-27,06:52,LIGHT,59,
2026-07-27,06:53,LIGHT,53,
2026-07-27,06:54,LIGHT,52,
2026-07-27,06:55,LIGHT,50,
2026-07-27,06:56,LIGHT,49,
2026-07-27,06:57,LIGHT,46,
2026-07-27,06:58,LIGHT,52,
2026-07-27,06:59,LIGHT,49,
2026-07-27,07:00,LIGHT,53,
2026-07-27,07:01,LIGHT,52,
2026-07-27,07:02,LIGHT,58,
2026-07-27,07:03,LIGHT,67,
2026-07-27,07:04,LIGHT,75,
2026-07-27,07:05,LIGHT,79,
2026-07-27,07:06,LIGHT,76,
2026-07-27,07:07,LIGHT,80,
2026-07-27,07:08,LIGHT,85,
2026-07-27,07:09,LIGHT,91,
2026-07-27,07:10,LIGHT,98,
2026-07-27,07:11,LIGHT,97,
2026-07-27,07:12,LIGHT,91,
2026-07-27,07:13,LIGHT,93,
2026-07-27,07:14,LIGHT,88,
2026-07-27,07:15,LIGHT,86,
2026-07-27,07:16,LIGHT,83,
2026-07-27,07:17,LIGHT,85,
2026-07-27,07:18,LIGHT,76,
2026-07-27,07:19,LIGHT,73,
2026-07-27,07:20,LIGHT,72,
2026-07-27,07:21,LIGHT,69,
2026-07-27,07:22,LIGHT,72,
2026-07-27,07:23,LIGHT,73,
2026-07-27,07:24,LIGHT,71,
2026-07-27,07:25,LIGHT,74,
2026-07-27,07:26,LIGHT,74,
2026-07-27,07:27,LIGHT,80,
2026-07-27,07:28,LIGHT,83,
2026-07-27,07:29,LIGHT,72,
2026-07-27,07:30,LIGHT,64,
2026-07-27,07:31,LIGHT,62,
2026-07-27,07:32,LIGHT,56,
2026-07-27,07:33,LIGHT,55,
2026-07-27,07:34,DEEP,56,
2026-07-27,07:35,DEEP,59,
2026-07-27,07:36,DEEP,60,
2026-07-27,07:37,DEEP,59,
2026-07-27,07:38,DEEP,58,
2026-07-27,07:39,DEEP,58,
2026-07-27,07:40,DEEP,58,
2026-07-27,07:41,DEEP,60,
2026-07-27,07:42,DEEP,57,
2026-07-27,07:43,DEEP,57,
2026-07-27,07:44,DEEP,61,
2026-07-27,07:45,DEEP,63,
2026-07-27,07:46,DEEP,61,
2026-07-27,07:47,DEEP,67,
2026-07-27,07:48,DEEP,75,
2026-07-27,07:49,DEEP,77,
2026-07-27,07:50,DEEP,73,
2026-07-27,07:51,DEEP,68,
2026-07-27,07:52,DEEP,76,
2026-07-27,07:53,DEEP,73,
2026-07-27,07:54,DEEP,57,
2026-07-27,07:55,DEEP,54,
2026-07-27,07:56,DEEP,56,
2026-07-27,07:57,DEEP,60,
2026-07-27,07:58,DEEP,57,
2026-07-27,07:59,DEEP,52,
2026-07-27,08:00,DEEP,52,
2026-07-27,08:01,LIGHT,54,
2026-07-27,08:02,LIGHT,54,
2026-07-27,08:03,LIGHT,56,
2026-07-27,08:04,LIGHT,56,
2026-07-27,08:05,LIGHT,55,
2026-07-27,08:06,LIGHT,55,
2026-07-27,08:07,LIGHT,55,
2026-07-27,08:08,REM,55,
2026-07-27,08:09,REM,52,
2026-07-27,08:10,REM,54,
2026-07-27,08:11,REM,66,
2026-07-27,08:12,REM,59,
2026-07-27,08:13,REM,60,
2026-07-27,08:14,REM,62,
2026-07-27,08:15,REM,59,
2026-07-27,08:16,REM,63,
2026-07-27,08:17,REM,59,
2026-07-27,08:18,REM,59,
2026-07-27,08:19,REM,61,
2026-07-27,08:20,REM,58,
2026-07-27,08:21,REM,58,
2026-07-27,08:22,REM,54,
2026-07-27,08:23,REM,52,
2026-07-27,08:24,REM,53,
2026-07-27,08:25,REM,50,
2026-07-27,08:26,REM,60,
2026-07-27,08:27,REM,57,
2026-07-27,08:28,REM,54,
2026-07-27,08:29,REM,51,
2026-07-27,08:30,REM,51,
2026-07-27,08:31,REM,53,
2026-07-27,08:32,REM,60,
2026-07-27,08:33,REM,66,
2026-07-27,08:34,REM,58,
2026-07-27,08:35,LIGHT,55,
2026-07-27,08:36,LIGHT,58,
2026-07-27,08:37,LIGHT,65,
2026-07-27,08:38,WAKE,64,
2026-07-27,08:39,LIGHT,71,
2026-07-27,08:40,LIGHT,65,
2026-07-27,08:41,LIGHT,55,
2026-07-27,08:42,LIGHT,49,
2026-07-27,08:43,LIGHT,51,
2026-07-27,08:44,LIGHT,55,
2026-07-27,08:45,LIGHT,59,
2026-07-27,08:46,LIGHT,62,
2026-07-27,08:47,LIGHT,62,
2026-07-27,08:48,LIGHT,64,
2026-07-27,08:49,LIGHT,66,
2026-07-27,08:50,LIGHT,64,
2026-07-27,08:51,LIGHT,64,
2026-07-27,08:52,LIGHT,55,
2026-07-27,08:53,LIGHT,54,
2026-07-27,08:54,LIGHT,54,
2026-07-27,08:55,LIGHT,54,
2026-07-27,08:56,LIGHT,56,
2026-07-27,08:57,LIGHT,56,
2026-07-27,08:58,LIGHT,51,
2026-07-27,08:59,LIGHT,51,
2026-07-27,09:00,LIGHT,51,
2026-07-27,09:01,LIGHT,52,
2026-07-27,09:02,LIGHT,50,
2026-07-27,09:03,LIGHT,52,
2026-07-27,09:04,LIGHT,52,
2026-07-27,09:05,LIGHT,53,
2026-07-27,09:06,LIGHT,53,
2026-07-27,09:07,LIGHT,53,
2026-07-27,09:08,LIGHT,54,
2026-07-27,09:09,LIGHT,53,
2026-07-27,09:10,LIGHT,51,
2026-07-27,09:11,LIGHT,53,
2026-07-27,09:12,LIGHT,55,
2026-07-27,09:13,LIGHT,54,
2026-07-27,09:14,LIGHT,50,
2026-07-27,09:15,LIGHT,49,
2026-07-27,09:16,LIGHT,49,
2026-07-27,09:17,LIGHT,50,
2026-07-27,09:18,LIGHT,60,
2026-07-27,09:19,LIGHT,58,
2026-07-27,09:20,LIGHT,51,
2026-07-27,09:21,LIGHT,51,
2026-07-27,09:22,LIGHT,55,
2026-07-27,09:23,LIGHT,55,
2026-07-27,09:24,LIGHT,52,
2026-07-27,09:25,LIGHT,55,
2026-07-27,09:26,LIGHT,55,
2026-07-27,09:27,LIGHT,55,
2026-07-27,09:28,LIGHT,57,
2026-07-27,09:29,LIGHT,58,
2026-07-27,09:30,LIGHT,60,
2026-07-27,09:31,LIGHT,67,
2026-07-27,09:32,LIGHT,70,
2026-07-27,09:33,LIGHT,79,
2026-07-27,09:34,LIGHT,86,
2026-07-27,09:35,LIGHT,86,
2026-07-27,09:36,LIGHT,83,
2026-07-27,09:37,LIGHT,83,
2026-07-27,09:38,LIGHT,90,
2026-07-27,09:39,LIGHT,87,
2026-07-27,09:40,LIGHT,76,
2026-07-27,09:41,LIGHT,73,
2026-07-27,09:42,LIGHT,74,
2026-07-27,09:43,LIGHT,71,
2026-07-27,09:44,LIGHT,70,
2026-07-27,09:45,LIGHT,70,
2026-07-27,09:46,REM,70,
2026-07-27,09:47,REM,64,
2026-07-27,09:48,REM,65,
2026-07-27,09:49,REM,65,
2026-07-27,09:50,REM,67,
2026-07-27,09:51,REM,67,
2026-07-27,09:52,REM,77,
2026-07-27,09:53,REM,82,
2026-07-27,09:54,REM,81,
2026-07-27,09:55,REM,73,
2026-07-27,09:56,REM,78,
2026-07-27,09:57,REM,75,
2026-07-27,09:58,REM,76,
2026-07-27,09:59,REM,73,
2026-07-27,10:00,REM,71,
2026-07-27,10:01,REM,64,
2026-07-27,10:02,REM,66,
2026-07-27,10:03,REM,64,
2026-07-27,10:04,REM,70,
2026-07-27,10:05,REM,73,
2026-07-27,10:06,REM,71,
2026-07-27,10:07,REM,73,
2026-07-27,10:08,REM,72,
2026-07-27,10:09,REM,72,
2026-07-27,10:10,REM,95,
2026-07-27,10:11,REM,97,
2026-07-27,10:12,LIGHT,82,
2026-07-27,10:13,LIGHT,83,
2026-07-27,10:14,LIGHT,72,
2026-07-27,10:15,LIGHT,72,
2026-07-27,10:16,LIGHT,74,
2026-07-27,10:17,LIGHT,69,
2026-07-27,10:18,LIGHT,71,
2026-07-27,10:19,LIGHT,72,
2026-07-27,10:20,LIGHT,66,
2026-07-27,10:21,LIGHT,65,
2026-07-27,10:22,LIGHT,65,
2026-07-27,10:23,LIGHT,64,
2026-07-27,10:24,LIGHT,65,
2026-07-27,10:25,LIGHT,62,
2026-07-27,10:26,LIGHT,62,
2026-07-27,10:27,LIGHT,61,
2026-07-27,10:28,LIGHT,61,
2026-07-27,10:29,LIGHT,64,
2026-07-27,10:30,LIGHT,63,
2026-07-27,10:31,LIGHT,63,
2026-07-27,10:32,LIGHT,60,
2026-07-27,10:33,LIGHT,58,
2026-07-27,10:34,LIGHT,60,
2026-07-27,10:35,LIGHT,62,
2026-07-27,10:36,LIGHT,64,
2026-07-27,10:37,LIGHT,66,
2026-07-27,10:38,LIGHT,66,
2026-07-27,10:39,LIGHT,68,
2026-07-27,10:40,LIGHT,66,
2026-07-27,10:41,LIGHT,63,
2026-07-27,10:42,LIGHT,64,
2026-07-27,10:43,LIGHT,64,
2026-07-27,10:44,LIGHT,64,
2026-07-27,10:45,LIGHT,64,
2026-07-27,10:46,LIGHT,64,
2026-07-27,10:47,LIGHT,61,
2026-07-27,10:48,LIGHT,62,
2026-07-27,10:49,LIGHT,59,
2026-07-27,10:50,LIGHT,64,
2026-07-27,10:51,LIGHT,63,
2026-07-27,10:52,LIGHT,64,
2026-07-27,10:53,LIGHT,65,
2026-07-27,10:54,LIGHT,59,
2026-07-27,10:55,LIGHT,59,
2026-07-27,10:56,LIGHT,61,
2026-07-27,10:57,LIGHT,,
2026-07-27,10:58,LIGHT,63,
2026-07-27,10:59,LIGHT,63,
2026-07-27,11:00,LIGHT,74,
2026-07-27,11:01,LIGHT,72,
2026-07-27,11:02,LIGHT,65,
2026-07-27,11:03,LIGHT,59,
2026-07-27,11:04,LIGHT,57,
2026-07-27,11:05,LIGHT,62,
2026-07-27,11:06,LIGHT,60,
2026-07-27,11:07,LIGHT,58,
2026-07-27,11:08,LIGHT,58,
2026-07-27,11:09,LIGHT,58,
2026-07-27,11:10,LIGHT,59,
2026-07-27,11:11,LIGHT,59,
2026-07-27,11:12,LIGHT,58,
2026-07-27,11:13,LIGHT,59,
2026-07-27,11:14,LIGHT,56,
2026-07-27,11:15,LIGHT,57,
2026-07-27,11:16,WAKE,57,
2026-07-27,11:17,LIGHT,56,
2026-07-27,11:18,LIGHT,58,
2026-07-27,11:19,LIGHT,58,
2026-07-27,11:20,WAKE,58,
2026-07-27,11:21,LIGHT,58,
2026-07-27,11:22,LIGHT,58,
2026-07-27,11:23,LIGHT,59,
2026-07-27,11:24,LIGHT,59,
2026-07-27,11:25,LIGHT,56,
2026-07-27,11:26,REM,54,
2026-07-27,11:27,REM,54,
2026-07-27,11:28,REM,55,
2026-07-27,11:29,REM,55,
2026-07-27,11:30,REM,55,
2026-07-27,11:31,REM,56,
2026-07-27,11:32,REM,57,
2026-07-27,11:33,REM,57,
2026-07-27,11:34,REM,58,
2026-07-27,11:35,REM,59,
2026-07-27,11:36,REM,56,
2026-07-27,11:37,REM,54,
2026-07-27,11:38,REM,56,
2026-07-27,11:39,REM,56,
2026-07-27,11:40,REM,58,
2026-07-27,11:41,REM,58,
2026-07-27,11:42,REM,53,
2026-07-27,11:43,REM,55,
2026-07-27,11:44,REM,56,
2026-07-27,11:45,REM,55,
2026-07-27,11:46,REM,56,
2026-07-27,11:47,REM,57,
2026-07-27,11:48,REM,56,
2026-07-27,11:49,REM,56,
2026-07-27,11:50,LIGHT,57,
2026-07-27,11:51,LIGHT,57,
2026-07-27,11:52,LIGHT,56,
2026-07-27,11:53,WAKE,56,
2026-07-27,11:54,WAKE,56,
2026-07-27,11:55,LIGHT,58,
2026-07-27,11:56,WAKE,63,
2026-07-27,11:57,LIGHT,65,
2026-07-27,23:55,LIGHT,57,
2026-07-27,23:56,LIGHT,58,
2026-07-27,23:57,LIGHT,61,
2026-07-27,23:58,LIGHT,58,
2026-07-27,23:59,LIGHT,58,
2026-07-28,00:00,LIGHT,60,
2026-07-28,00:01,LIGHT,67,
2026-07-28,00:02,LIGHT,76,
2026-07-28,00:03,LIGHT,74,
2026-07-28,00:04,LIGHT,78,
2026-07-28,00:05,LIGHT,71,
2026-07-28,00:06,LIGHT,73,
2026-07-28,00:07,LIGHT,66,
2026-07-28,00:08,LIGHT,60,
2026-07-28,00:09,LIGHT,59,
2026-07-28,00:10,DEEP,62,
2026-07-28,00:11,DEEP,62,
2026-07-28,00:12,DEEP,60,
2026-07-28,00:13,DEEP,60,
2026-07-28,00:14,DEEP,62,
2026-07-28,00:15,DEEP,59,
2026-07-28,00:16,DEEP,57,
2026-07-28,00:17,DEEP,66,
2026-07-28,00:18,DEEP,73,
2026-07-28,00:19,DEEP,75,
2026-07-28,00:20,DEEP,78,
2026-07-28,00:21,DEEP,70,
2026-07-28,00:22,DEEP,65,
2026-07-28,00:23,LIGHT,72,
2026-07-28,00:24,LIGHT,83,
2026-07-28,00:25,LIGHT,85,
2026-07-28,00:26,LIGHT,67,
2026-07-28,00:27,LIGHT,55,
2026-07-28,00:28,LIGHT,54,
2026-07-28,00:29,LIGHT,54,
2026-07-28,00:30,LIGHT,51,
2026-07-28,00:31,LIGHT,52,
2026-07-28,00:32,DEEP,50,
2026-07-28,00:33,DEEP,50,
2026-07-28,00:34,DEEP,52,
2026-07-28,00:35,DEEP,51,
2026-07-28,00:36,DEEP,49,
2026-07-28,00:37,LIGHT,53,
2026-07-28,00:38,LIGHT,55,
2026-07-28,00:39,LIGHT,55,
2026-07-28,00:40,LIGHT,53,
2026-07-28,00:41,LIGHT,58,
2026-07-28,00:42,LIGHT,57,
2026-07-28,00:43,LIGHT,55,
2026-07-28,00:44,LIGHT,56,
2026-07-28,00:45,LIGHT,53,
2026-07-28,00:46,REM,50,
2026-07-28,00:47,REM,50,
2026-07-28,00:48,REM,52,
2026-07-28,00:49,REM,49,
2026-07-28,00:50,REM,51,
2026-07-28,00:51,REM,49,
2026-07-28,00:52,REM,49,
2026-07-28,00:53,REM,56,
2026-07-28,00:54,REM,56,
2026-07-28,00:55,REM,53,
2026-07-28,00:56,REM,55,
2026-07-28,00:57,REM,56,
2026-07-28,00:58,REM,55,
2026-07-28,00:59,REM,52,
2026-07-28,01:00,REM,51,
2026-07-28,01:01,REM,53,
2026-07-28,01:02,REM,49,
2026-07-28,01:03,REM,48,
2026-07-28,01:04,REM,49,
2026-07-28,01:05,REM,49,
2026-07-28,01:06,REM,59,
2026-07-28,01:07,REM,54,
2026-07-28,01:08,REM,51,
2026-07-28,01:09,REM,48,
2026-07-28,01:10,REM,47,
2026-07-28,01:11,REM,47,
2026-07-28,01:12,REM,47,
2026-07-28,01:13,REM,47,
2026-07-28,01:14,REM,47,
2026-07-28,01:15,LIGHT,47,
2026-07-28,01:16,LIGHT,52,
2026-07-28,01:17,LIGHT,49,
2026-07-28,01:18,LIGHT,48,
2026-07-28,01:19,LIGHT,48,
2026-07-28,01:20,LIGHT,48,
2026-07-28,01:21,LIGHT,48,
2026-07-28,01:22,LIGHT,48,
2026-07-28,01:23,LIGHT,48,
2026-07-28,01:24,LIGHT,47,
2026-07-28,01:25,LIGHT,47,
2026-07-28,01:26,LIGHT,47,
2026-07-28,01:27,LIGHT,47,
2026-07-28,01:28,LIGHT,46,
2026-07-28,01:29,LIGHT,46,
2026-07-28,01:30,LIGHT,47,
2026-07-28,01:31,LIGHT,47,
2026-07-28,01:32,LIGHT,46,
2026-07-28,01:33,LIGHT,46,
2026-07-28,01:34,LIGHT,46,
2026-07-28,01:35,LIGHT,45,
2026-07-28,01:36,LIGHT,46,
2026-07-28,01:37,LIGHT,46,
2026-07-28,01:38,LIGHT,47,
2026-07-28,01:39,LIGHT,47,
2026-07-28,01:40,LIGHT,47,
2026-07-28,01:41,LIGHT,48,
2026-07-28,01:42,LIGHT,48,
2026-07-28,01:43,LIGHT,48,
2026-07-28,01:44,LIGHT,48,
2026-07-28,01:45,LIGHT,48,
2026-07-28,01:46,LIGHT,48,
2026-07-28,01:47,LIGHT,49,
2026-07-28,01:48,LIGHT,49,
2026-07-28,01:49,LIGHT,49,
2026-07-28,01:50,LIGHT,49,
2026-07-28,01:51,LIGHT,49,
2026-07-28,01:52,LIGHT,64,
2026-07-28,01:53,LIGHT,56,
2026-07-28,01:54,LIGHT,51,
2026-07-28,01:55,LIGHT,48,
2026-07-28,01:56,LIGHT,48,
2026-07-28,01:57,LIGHT,53,
2026-07-28,01:58,LIGHT,50,
2026-07-28,01:59,LIGHT,47,
2026-07-28,02:00,DEEP,53,
2026-07-28,02:01,DEEP,47,
2026-07-28,02:02,DEEP,50,
2026-07-28,02:03,DEEP,47,
2026-07-28,02:04,DEEP,46,
2026-07-28,02:05,DEEP,46,
2026-07-28,02:06,DEEP,46,
2026-07-28,02:07,DEEP,46,
2026-07-28,02:08,LIGHT,48,
2026-07-28,02:09,LIGHT,45,
2026-07-28,02:10,LIGHT,45,
2026-07-28,02:11,LIGHT,44,
2026-07-28,02:12,LIGHT,44,
2026-07-28,02:13,LIGHT,44,
2026-07-28,02:14,LIGHT,44,
2026-07-28,02:15,LIGHT,45,
2026-07-28,02:16,LIGHT,45,
2026-07-28,02:17,LIGHT,45,
2026-07-28,02:18,LIGHT,45,
2026-07-28,02:19,LIGHT,45,
2026-07-28,02:20,LIGHT,46,
2026-07-28,02:21,LIGHT,46,
2026-07-28,02:22,LIGHT,47,
2026-07-28,02:23,LIGHT,46,
2026-07-28,02:24,LIGHT,46,
2026-07-28,02:25,LIGHT,58,
2026-07-28,02:26,LIGHT,52,
2026-07-28,02:27,WAKE,48,
2026-07-28,02:28,LIGHT,60,
2026-07-28,02:29,LIGHT,51,
2026-07-28,02:30,LIGHT,53,
2026-07-28,02:31,REM,54,
2026-07-28,02:32,REM,54,
2026-07-28,02:33,REM,54,
2026-07-28,02:34,REM,54,
2026-07-28,02:35,REM,55,
2026-07-28,02:36,REM,53,
2026-07-28,02:37,REM,55,
2026-07-28,02:38,REM,54,
2026-07-28,02:39,REM,55,
2026-07-28,02:40,REM,54,
2026-07-28,02:41,REM,52,
2026-07-28,02:42,REM,51,
2026-07-28,02:43,REM,53,
2026-07-28,02:44,REM,54,
2026-07-28,02:45,REM,49,
2026-07-28,02:46,REM,48,
2026-07-28,02:47,REM,45,
2026-07-28,02:48,REM,50,
2026-07-28,02:49,REM,46,
2026-07-28,02:50,REM,44,
2026-07-28,02:51,LIGHT,51,
2026-07-28,02:52,LIGHT,59,
2026-07-28,02:53,LIGHT,51,
2026-07-28,02:54,LIGHT,50,
2026-07-28,02:55,LIGHT,48,
2026-07-28,02:56,LIGHT,48,
2026-07-28,02:57,LIGHT,48,
2026-07-28,02:58,LIGHT,49,
2026-07-28,02:59,LIGHT,46,
2026-07-28,03:00,LIGHT,47,
2026-07-28,03:01,LIGHT,47,
2026-07-28,03:02,LIGHT,51,
2026-07-28,03:03,LIGHT,52,
2026-07-28,03:04,LIGHT,56,
2026-07-28,03:05,LIGHT,49,
2026-07-28,03:06,LIGHT,46,
2026-07-28,03:07,LIGHT,44,
2026-07-28,03:08,LIGHT,44,
2026-07-28,03:09,LIGHT,44,
2026-07-28,03:10,LIGHT,43,
2026-07-28,03:11,LIGHT,44,
2026-07-28,03:12,DEEP,46,
2026-07-28,03:13,DEEP,46,
2026-07-28,03:14,DEEP,44,
2026-07-28,03:15,DEEP,44,
2026-07-28,03:16,DEEP,44,
2026-07-28,03:17,DEEP,45,
2026-07-28,03:18,DEEP,45,
2026-07-28,03:19,DEEP,45,
2026-07-28,03:20,DEEP,45,
2026-07-28,03:21,DEEP,45,
2026-07-28,03:22,DEEP,46,
2026-07-28,03:23,DEEP,46,
2026-07-28,03:24,LIGHT,46,
2026-07-28,03:25,LIGHT,46,
2026-07-28,03:26,LIGHT,46,
2026-07-28,03:27,LIGHT,46,
2026-07-28,03:28,LIGHT,44,
2026-07-28,03:29,LIGHT,44,
2026-07-28,03:30,LIGHT,45,
2026-07-28,03:31,LIGHT,45,
2026-07-28,03:32,LIGHT,45,
2026-07-28,03:33,LIGHT,45,
2026-07-28,03:34,LIGHT,45,
2026-07-28,03:35,LIGHT,45,
2026-07-28,03:36,LIGHT,45,
2026-07-28,03:37,LIGHT,45,
2026-07-28,03:38,LIGHT,45,
2026-07-28,03:39,LIGHT,45,
2026-07-28,03:40,LIGHT,46,
2026-07-28,03:41,LIGHT,46,
2026-07-28,03:42,LIGHT,45,
2026-07-28,03:43,LIGHT,45,
2026-07-28,03:44,LIGHT,45,
2026-07-28,03:45,LIGHT,45,
2026-07-28,03:46,LIGHT,45,
2026-07-28,03:47,LIGHT,45,
2026-07-28,03:48,LIGHT,45,
2026-07-28,03:49,LIGHT,45,
2026-07-28,03:50,LIGHT,45,
2026-07-28,03:51,LIGHT,45,
2026-07-28,03:52,LIGHT,45,
2026-07-28,03:53,REM,45,
2026-07-28,03:54,REM,45,
2026-07-28,03:55,REM,44,
2026-07-28,03:56,REM,44,
2026-07-28,03:57,REM,44,
2026-07-28,03:58,REM,44,
2026-07-28,03:59,REM,44,
2026-07-28,04:00,REM,44,
2026-07-28,04:01,REM,44,
2026-07-28,04:02,REM,44,
2026-07-28,04:03,REM,44,
2026-07-28,04:04,REM,49,
2026-07-28,04:05,REM,44,
2026-07-28,04:06,REM,43,
2026-07-28,04:07,REM,48,
2026-07-28,04:08,REM,58,
2026-07-28,04:09,REM,52,
2026-07-28,04:10,REM,46,
2026-07-28,04:11,REM,44,
2026-07-28,04:12,REM,43,
2026-07-28,04:13,REM,43,
2026-07-28,04:14,REM,42,
2026-07-28,04:15,REM,52,
2026-07-28,04:16,REM,46,
2026-07-28,04:17,REM,43,
2026-07-28,04:18,REM,42,
2026-07-28,04:19,REM,42,
2026-07-28,04:20,REM,50,
2026-07-28,04:21,REM,45,
2026-07-28,04:22,REM,42,
2026-07-28,04:23,REM,42,
2026-07-28,04:24,REM,45,
2026-07-28,04:25,REM,46,
2026-07-28,04:26,REM,43,
2026-07-28,04:27,REM,43,
2026-07-28,04:28,REM,50,
2026-07-28,04:29,REM,43,
2026-07-28,04:30,REM,45,
2026-07-28,04:31,REM,42,
2026-07-28,04:32,LIGHT,41,
2026-07-28,04:33,LIGHT,41,
2026-07-28,04:34,LIGHT,41,
2026-07-28,04:35,LIGHT,43,
2026-07-28,04:36,LIGHT,42,
2026-07-28,04:37,LIGHT,50,
2026-07-28,04:38,LIGHT,46,
2026-07-28,04:39,LIGHT,44,
2026-07-28,04:40,LIGHT,44,
2026-07-28,04:41,LIGHT,44,
2026-07-28,04:42,LIGHT,44,
2026-07-28,04:43,LIGHT,45,
2026-07-28,04:44,LIGHT,45,
2026-07-28,04:45,LIGHT,48,
2026-07-28,04:46,LIGHT,46,
2026-07-28,04:47,LIGHT,48,
2026-07-28,04:48,LIGHT,50,
2026-07-28,04:49,LIGHT,47,
2026-07-28,04:50,LIGHT,46,
2026-07-28,04:51,LIGHT,46,
2026-07-28,04:52,LIGHT,45,
2026-07-28,04:53,LIGHT,45,
2026-07-28,04:54,LIGHT,45,
2026-07-28,04:55,LIGHT,45,
2026-07-28,04:56,LIGHT,46,
2026-07-28,04:57,LIGHT,48,
2026-07-28,04:58,LIGHT,48,
2026-07-28,04:59,LIGHT,50,
2026-07-28,05:00,LIGHT,46,
2026-07-28,05:01,LIGHT,45,
2026-07-28,05:02,LIGHT,44,
2026-07-28,05:03,LIGHT,43,
2026-07-28,05:04,LIGHT,43,
2026-07-28,05:05,LIGHT,43,
2026-07-28,05:06,DEEP,50,
2026-07-28,05:07,DEEP,47,
2026-07-28,05:08,DEEP,44,
2026-07-28,05:09,DEEP,44,
2026-07-28,05:10,DEEP,44,
2026-07-28,05:11,DEEP,44,
2026-07-28,05:12,DEEP,44,
2026-07-28,05:13,DEEP,44,
2026-07-28,05:14,DEEP,44,
2026-07-28,05:15,DEEP,44,
2026-07-28,05:16,DEEP,46,
2026-07-28,05:17,DEEP,51,
2026-07-28,05:18,DEEP,45,
2026-07-28,05:19,DEEP,45,
2026-07-28,05:20,DEEP,44,
2026-07-28,05:21,DEEP,43,
2026-07-28,05:22,DEEP,42,
2026-07-28,05:23,DEEP,43,
2026-07-28,05:24,DEEP,43,
2026-07-28,05:25,DEEP,43,
2026-07-28,05:26,DEEP,53,
2026-07-28,05:27,DEEP,49,
2026-07-28,05:28,DEEP,46,
2026-07-28,05:29,DEEP,46,
2026-07-28,05:30,DEEP,48,
2026-07-28,05:31,DEEP,45,
2026-07-28,05:32,LIGHT,47,
2026-07-28,05:33,LIGHT,45,
2026-07-28,05:34,LIGHT,44,
2026-07-28,05:35,LIGHT,48,
2026-07-28,05:36,LIGHT,47,
2026-07-28,05:37,LIGHT,46,
2026-07-28,05:38,LIGHT,46,
2026-07-28,05:39,LIGHT,46,
2026-07-28,05:40,REM,46,
2026-07-28,05:41,REM,46,
2026-07-28,05:42,REM,46,
2026-07-28,05:43,REM,46,
2026-07-28,05:44,REM,50,
2026-07-28,05:45,REM,52,
2026-07-28,05:46,REM,49,
2026-07-28,05:47,REM,51,
2026-07-28,05:48,REM,55,
2026-07-28,05:49,REM,49,
2026-07-28,05:50,REM,46,
2026-07-28,05:51,REM,48,
2026-07-28,05:52,REM,46,
2026-07-28,05:53,REM,45,
2026-07-28,05:54,REM,45,
2026-07-28,05:55,REM,48,
2026-07-28,05:56,REM,47,
2026-07-28,05:57,REM,47,
2026-07-28,05:58,REM,46,
2026-07-28,05:59,REM,45,
2026-07-28,06:00,REM,45,
2026-07-28,06:01,LIGHT,45,
2026-07-28,06:02,LIGHT,50,
2026-07-28,06:03,LIGHT,48,
2026-07-28,06:04,LIGHT,48,
2026-07-28,06:05,LIGHT,48,
2026-07-28,06:06,LIGHT,46,
2026-07-28,06:07,LIGHT,46,
2026-07-28,06:08,LIGHT,46,
2026-07-28,06:09,LIGHT,46,
2026-07-28,06:10,LIGHT,47,
2026-07-28,06:11,LIGHT,50,
2026-07-28,06:12,LIGHT,44,
2026-07-28,06:13,LIGHT,44,
2026-07-28,06:14,LIGHT,44,
2026-07-28,06:15,LIGHT,44,
2026-07-28,06:16,LIGHT,48,
2026-07-28,06:17,LIGHT,44,
2026-07-28,06:18,LIGHT,46,
2026-07-28,06:19,LIGHT,46,
2026-07-28,06:20,LIGHT,46,
2026-07-28,06:21,LIGHT,52,
2026-07-28,06:22,LIGHT,46,
2026-07-28,15:23,LIGHT,56,
2026-07-28,15:24,LIGHT,53,
2026-07-28,15:25,LIGHT,52,
2026-07-28,15:26,LIGHT,51,
2026-07-28,15:27,LIGHT,51,
2026-07-28,15:28,LIGHT,53,
2026-07-28,15:29,LIGHT,53,
2026-07-28,15:30,LIGHT,55,
2026-07-28,15:31,LIGHT,52,
2026-07-28,15:32,LIGHT,52,
2026-07-28,15:33,LIGHT,54,
2026-07-28,15:34,LIGHT,53,
2026-07-28,15:35,LIGHT,55,
2026-07-28,15:36,LIGHT,53,
2026-07-28,15:37,DEEP,53,
2026-07-28,15:38,DEEP,53,
2026-07-28,15:39,DEEP,53,
2026-07-28,15:40,DEEP,53,
2026-07-28,15:41,DEEP,55,
2026-07-28,15:42,DEEP,54,
2026-07-28,15:43,DEEP,53,
2026-07-28,15:44,DEEP,53,
2026-07-28,15:45,DEEP,50,
2026-07-28,15:46,DEEP,50,
2026-07-28,15:47,DEEP,50,
2026-07-28,15:48,DEEP,51,
2026-07-28,15:49,DEEP,51,
2026-07-28,15:50,DEEP,51,
2026-07-28,15:51,DEEP,51,
2026-07-28,15:52,DEEP,51,
2026-07-28,15:53,DEEP,51,
2026-07-28,15:54,DEEP,51,
2026-07-28,15:55,DEEP,51,
2026-07-28,15:56,DEEP,51,
2026-07-28,15:57,DEEP,51,
2026-07-28,15:58,DEEP,51,
2026-07-28,15:59,DEEP,51,
2026-07-28,16:00,LIGHT,51,
2026-07-28,16:01,LIGHT,51,
2026-07-28,16:02,LIGHT,51,
2026-07-28,16:03,LIGHT,51,
2026-07-28,16:04,LIGHT,51,
2026-07-28,16:05,LIGHT,51,
2026-07-28,16:06,LIGHT,50,
2026-07-28,16:07,LIGHT,50,
2026-07-28,16:08,LIGHT,50,
2026-07-28,16:09,LIGHT,50,
2026-07-28,16:10,LIGHT,50,
2026-07-28,16:11,REM,50,
2026-07-28,16:12,REM,50,
2026-07-28,16:13,REM,49,
2026-07-28,16:14,REM,49,
2026-07-28,16:15,REM,49,
2026-07-28,16:16,REM,49,
2026-07-28,16:17,REM,49,
2026-07-28,16:18,REM,49,
2026-07-28,16:19,REM,50,
2026-07-28,16:20,REM,50,
2026-07-28,16:21,REM,50,
2026-07-28,16:22,REM,59,
2026-07-28,16:23,REM,59,
2026-07-28,16:24,REM,56,
2026-07-28,16:25,REM,52,
2026-07-28,16:26,REM,50,
2026-07-28,16:27,REM,48,
2026-07-28,16:28,REM,48,
2026-07-28,16:29,REM,50,
2026-07-28,16:30,REM,57,
2026-07-28,16:31,REM,54,
2026-07-28,16:32,REM,49,
2026-07-28,16:33,REM,49,
2026-07-28,16:34,REM,50,
2026-07-28,16:35,REM,48,
2026-07-28,16:36,REM,47,
2026-07-28,16:37,REM,48,
2026-07-28,16:38,REM,49,
2026-07-28,16:39,REM,49,
2026-07-28,16:40,REM,54,
2026-07-28,16:41,REM,50,
2026-07-28,16:42,REM,48,
2026-07-28,16:43,REM,48,
2026-07-28,16:44,REM,50,
2026-07-28,16:45,REM,48,
2026-07-28,16:46,REM,55,
2026-07-28,16:47,REM,49,
2026-07-28,16:48,REM,48,
2026-07-28,16:49,REM,47,
2026-07-28,16:50,LIGHT,47,
2026-07-28,16:51,LIGHT,49,
2026-07-28,16:52,LIGHT,47,
2026-07-28,16:53,LIGHT,49,
2026-07-28,16:54,LIGHT,49,
2026-07-28,16:55,LIGHT,48,
2026-07-28,16:56,LIGHT,48,
2026-07-28,16:57,LIGHT,47,
2026-07-28,16:58,LIGHT,47,
2026-07-28,16:59,WAKE,49,
2026-07-28,17:00,LIGHT,53,
2026-07-28,17:01,LIGHT,48,
2026-07-28,17:02,LIGHT,47,
2026-07-28,17:03,WAKE,46,
2026-07-28,17:04,WAKE,49,
2026-07-28,17:05,LIGHT,48,
2026-07-28,17:06,LIGHT,51,
2026-07-28,17:07,LIGHT,49,
2026-07-28,17:08,LIGHT,46,
2026-07-28,17:09,WAKE,46,
2026-07-28,17:10,LIGHT,46,
2026-07-29,01:12,LIGHT,53,
2026-07-29,01:13,LIGHT,52,
2026-07-29,01:14,LIGHT,53,
2026-07-29,01:15,LIGHT,53,
2026-07-29,01:16,LIGHT,58,
2026-07-29,01:17,LIGHT,55,
2026-07-29,01:18,LIGHT,52,
2026-07-29,01:19,LIGHT,53,
2026-07-29,01:20,LIGHT,53,
2026-07-29,01:21,LIGHT,53,
2026-07-29,01:22,LIGHT,53,
2026-07-29,01:23,LIGHT,51,
2026-07-29,01:24,LIGHT,52,
2026-07-29,01:25,LIGHT,52,
2026-07-29,01:26,LIGHT,52,
2026-07-29,01:27,LIGHT,52,
2026-07-29,01:28,LIGHT,50,
2026-07-29,01:29,DEEP,50,
2026-07-29,01:30,DEEP,50,
2026-07-29,01:31,DEEP,50,
2026-07-29,01:32,DEEP,50,
2026-07-29,01:33,DEEP,50,
2026-07-29,01:34,DEEP,51,
2026-07-29,01:35,DEEP,51,
2026-07-29,01:36,DEEP,51,
2026-07-29,01:37,DEEP,51,
2026-07-29,01:38,DEEP,51,
2026-07-29,01:39,DEEP,51,
2026-07-29,01:40,DEEP,56,
2026-07-29,01:41,DEEP,51,
2026-07-29,01:42,DEEP,48,
2026-07-29,01:43,DEEP,47,
2026-07-29,01:44,DEEP,49,
2026-07-29,01:45,DEEP,48,
2026-07-29,01:46,DEEP,48,
2026-07-29,01:47,DEEP,48,
2026-07-29,01:48,DEEP,47,
2026-07-29,01:49,DEEP,47,
2026-07-29,01:50,DEEP,47,
2026-07-29,01:51,DEEP,47,
2026-07-29,01:52,DEEP,47,
2026-07-29,01:53,LIGHT,47,
2026-07-29,01:54,LIGHT,47,
2026-07-29,01:55,LIGHT,48,
2026-07-29,01:56,LIGHT,48,
2026-07-29,01:57,LIGHT,48,
2026-07-29,01:58,LIGHT,48,
2026-07-29,01:59,LIGHT,48,
2026-07-29,02:00,LIGHT,48,
2026-07-29,02:01,LIGHT,48,
2026-07-29,02:02,LIGHT,48,
2026-07-29,02:03,LIGHT,48,
2026-07-29,02:04,LIGHT,48,
2026-07-29,02:05,LIGHT,48,
2026-07-29,02:06,LIGHT,49,
2026-07-29,02:07,LIGHT,49,
2026-07-29,02:08,LIGHT,49,
2026-07-29,02:09,LIGHT,54,
2026-07-29,02:10,LIGHT,62,
2026-07-29,02:11,LIGHT,55,
2026-07-29,02:12,LIGHT,51,
2026-07-29,02:13,DEEP,50,
2026-07-29,02:14,DEEP,49,
2026-07-29,02:15,DEEP,54,
2026-07-29,02:16,DEEP,51,
2026-07-29,02:17,DEEP,51,
2026-07-29,02:18,DEEP,51,
2026-07-29,02:19,DEEP,51,
2026-07-29,02:20,DEEP,53,
2026-07-29,02:21,DEEP,54,
2026-07-29,02:22,DEEP,53,
2026-07-29,02:23,LIGHT,56,
2026-07-29,02:24,LIGHT,51,
2026-07-29,02:25,LIGHT,51,
2026-07-29,02:26,WAKE,51,
2026-07-29,02:27,LIGHT,51,
2026-07-29,02:28,LIGHT,49,
2026-07-29,02:29,WAKE,53,
2026-07-29,02:30,LIGHT,54,
2026-07-29,02:31,LIGHT,52,
2026-07-29,02:32,LIGHT,54,
2026-07-29,02:33,REM,54,
2026-07-29,02:34,REM,53,
2026-07-29,02:35,REM,52,
2026-07-29,02:36,REM,52,
2026-07-29,02:37,REM,51,
2026-07-29,02:38,REM,53,
2026-07-29,02:39,REM,53,
2026-07-29,02:40,REM,53,
2026-07-29,02:41,REM,56,
2026-07-29,02:42,REM,56,
2026-07-29,02:43,REM,56,
2026-07-29,02:44,REM,58,
2026-07-29,02:45,REM,60,
2026-07-29,02:46,REM,59,
2026-07-29,02:47,REM,61,
2026-07-29,02:48,REM,56,
2026-07-29,02:49,REM,56,
2026-07-29,02:50,REM,56,
2026-07-29,02:51,REM,55,
2026-07-29,02:52,REM,54,
2026-07-29,02:53,REM,54,
2026-07-29,02:54,REM,54,
2026-07-29,02:55,REM,53,
2026-07-29,02:56,REM,53,
2026-07-29,02:57,REM,53,
2026-07-29,02:58,REM,58,
2026-07-29,02:59,REM,50,
2026-07-29,03:00,REM,49,
2026-07-29,03:01,REM,47,
2026-07-29,03:02,REM,47,
2026-07-29,03:03,REM,47,
2026-07-29,03:04,REM,47,
2026-07-29,03:05,REM,48,
2026-07-29,03:06,REM,48,
2026-07-29,03:07,LIGHT,48,
2026-07-29,03:08,LIGHT,48,
2026-07-29,03:09,LIGHT,48,
2026-07-29,03:10,LIGHT,48,
2026-07-29,03:11,LIGHT,48,
2026-07-29,03:12,LIGHT,48,
2026-07-29,03:13,LIGHT,48,
2026-07-29,03:14,LIGHT,48,
2026-07-29,03:15,LIGHT,48,
2026-07-29,03:16,LIGHT,48,
2026-07-29,03:17,LIGHT,48,
2026-07-29,03:18,LIGHT,48,
2026-07-29,03:19,LIGHT,48,
2026-07-29,03:20,LIGHT,48,
2026-07-29,03:21,LIGHT,48,
2026-07-29,03:22,LIGHT,47,
2026-07-29,03:23,LIGHT,47,
2026-07-29,03:24,LIGHT,47,
2026-07-29,03:25,LIGHT,47,
2026-07-29,03:26,LIGHT,46,
2026-07-29,03:27,LIGHT,46,
2026-07-29,03:28,LIGHT,46,
2026-07-29,03:29,LIGHT,46,
2026-07-29,03:30,LIGHT,46,
2026-07-29,03:31,LIGHT,46,
2026-07-29,03:32,LIGHT,46,
2026-07-29,03:33,LIGHT,46,
2026-07-29,03:34,LIGHT,46,
2026-07-29,03:35,LIGHT,46,
2026-07-29,03:36,LIGHT,46,
2026-07-29,03:37,LIGHT,46,
2026-07-29,03:38,LIGHT,45,
2026-07-29,03:39,LIGHT,45,
2026-07-29,03:40,LIGHT,45,
2026-07-29,03:41,LIGHT,44,
2026-07-29,03:42,LIGHT,44,
2026-07-29,03:43,LIGHT,43,
2026-07-29,03:44,LIGHT,43,
2026-07-29,03:45,LIGHT,43,
2026-07-29,03:46,DEEP,43,
2026-07-29,03:47,DEEP,43,
2026-07-29,03:48,DEEP,44,
2026-07-29,03:49,DEEP,45,
2026-07-29,03:50,DEEP,60,
2026-07-29,03:51,DEEP,62,
2026-07-29,03:52,DEEP,62,
2026-07-29,03:53,DEEP,50,
2026-07-29,03:54,DEEP,45,
2026-07-29,03:55,DEEP,46,
2026-07-29,03:56,DEEP,48,
2026-07-29,03:57,DEEP,43,
2026-07-29,03:58,DEEP,42,
2026-07-29,03:59,DEEP,42,
2026-07-29,04:00,DEEP,45,
2026-07-29,04:01,DEEP,55,
2026-07-29,04:02,DEEP,46,
2026-07-29,04:03,DEEP,43,
2026-07-29,04:04,DEEP,43,
2026-07-29,04:05,DEEP,44,
2026-07-29,04:06,DEEP,44,
2026-07-29,04:07,DEEP,42,
2026-07-29,04:08,DEEP,45,
2026-07-29,04:09,LIGHT,45,
2026-07-29,04:10,LIGHT,43,
2026-07-29,04:11,LIGHT,43,
2026-07-29,04:12,LIGHT,43,
2026-07-29,04:13,LIGHT,45,
2026-07-29,04:14,LIGHT,50,
2026-07-29,04:15,LIGHT,49,
2026-07-29,04:16,LIGHT,49,
2026-07-29,04:17,LIGHT,53,
2026-07-29,04:18,LIGHT,46,
2026-07-29,04:19,LIGHT,46,
2026-07-29,04:20,LIGHT,51,
2026-07-29,04:21,LIGHT,58,
2026-07-29,04:22,LIGHT,58,
2026-07-29,04:23,LIGHT,58,
2026-07-29,04:24,LIGHT,68,
2026-07-29,04:25,LIGHT,68,
2026-07-29,04:26,LIGHT,,
2026-07-29,04:27,LIGHT,,
2026-07-29,04:28,LIGHT,,
2026-07-29,04:29,LIGHT,,
2026-07-29,04:30,LIGHT,,
2026-07-29,04:31,LIGHT,,
2026-07-29,04:32,LIGHT,,
2026-07-29,04:33,LIGHT,,
2026-07-29,04:34,LIGHT,,
2026-07-29,04:35,LIGHT,,
2026-07-29,04:36,LIGHT,,
2026-07-29,04:37,LIGHT,,
2026-07-29,04:38,LIGHT,,
2026-07-29,04:39,LIGHT,,
2026-07-29,04:40,LIGHT,,
2026-07-29,04:41,LIGHT,,
2026-07-29,04:42,LIGHT,,
2026-07-29,04:43,LIGHT,,
2026-07-29,04:44,LIGHT,,
2026-07-29,04:45,LIGHT,,
2026-07-29,04:46,LIGHT,,
2026-07-29,04:47,LIGHT,,
2026-07-29,04:48,WAKE,,
2026-07-29,04:49,LIGHT,,
2026-07-29,04:50,LIGHT,,
2026-07-29,04:51,LIGHT,,
2026-07-29,04:52,REM,,
2026-07-29,04:53,REM,,
2026-07-29,04:54,REM,,
2026-07-29,04:55,REM,,
2026-07-29,04:56,REM,,
2026-07-29,04:57,REM,,
2026-07-29,04:58,REM,,
2026-07-29,04:59,REM,,
2026-07-29,05:00,LIGHT,,
2026-07-29,05:01,LIGHT,,
2026-07-29,05:02,LIGHT,,
2026-07-29,05:03,LIGHT,,
2026-07-29,05:04,LIGHT,,
2026-07-29,05:05,LIGHT,,
2026-07-29,05:06,LIGHT,,
2026-07-29,05:07,LIGHT,,
2026-07-29,05:08,LIGHT,,
2026-07-29,05:09,LIGHT,,
2026-07-29,05:10,LIGHT,,
2026-07-29,05:11,LIGHT,,
2026-07-29,05:12,LIGHT,,
2026-07-29,05:13,LIGHT,,
2026-07-29,05:14,LIGHT,,
2026-07-29,05:15,LIGHT,,
2026-07-29,05:16,LIGHT,,
2026-07-29,05:17,LIGHT,,
2026-07-29,05:18,LIGHT,,
2026-07-29,05:19,LIGHT,,
2026-07-29,05:20,LIGHT,,
2026-07-29,05:21,LIGHT,,
2026-07-29,05:22,LIGHT,,
2026-07-29,05:23,LIGHT,,
2026-07-29,05:24,LIGHT,,
2026-07-29,05:25,LIGHT,,
2026-07-29,05:26,LIGHT,,
2026-07-29,05:27,LIGHT,,
2026-07-29,05:28,LIGHT,,
2026-07-29,05:29,LIGHT,,
2026-07-29,05:30,LIGHT,,
2026-07-29,05:31,LIGHT,,
2026-07-29,05:32,LIGHT,,
2026-07-29,05:33,LIGHT,,
2026-07-29,05:34,LIGHT,,
2026-07-29,05:35,LIGHT,,
2026-07-29,05:36,LIGHT,,
2026-07-29,05:37,LIGHT,,
2026-07-29,05:38,LIGHT,,
2026-07-29,05:39,LIGHT,,
2026-07-29,05:40,LIGHT,,
2026-07-29,05:41,LIGHT,,
2026-07-29,05:42,LIGHT,,
2026-07-29,05:43,LIGHT,,
2026-07-29,05:44,LIGHT,,
2026-07-29,05:45,LIGHT,,
2026-07-29,05:46,LIGHT,,
2026-07-29,05:47,LIGHT,,
2026-07-29,05:48,LIGHT,,
2026-07-29,05:49,LIGHT,,
2026-07-29,05:50,LIGHT,,
2026-07-29,05:51,LIGHT,,
2026-07-29,05:52,LIGHT,,
2026-07-29,05:53,LIGHT,,
2026-07-29,05:54,LIGHT,,
2026-07-29,05:55,LIGHT,,
2026-07-29,05:56,LIGHT,80,
2026-07-29,05:57,LIGHT,82,
2026-07-29,05:58,LIGHT,66,
2026-07-29,05:59,LIGHT,70,
2026-07-29,06:00,LIGHT,80,
2026-07-29,06:01,LIGHT,85,
2026-07-29,06:02,REM,93,
2026-07-29,06:03,REM,93,
2026-07-29,06:04,REM,90,
2026-07-29,06:05,REM,87,
2026-07-29,06:06,REM,91,
2026-07-29,06:07,REM,92,
2026-07-29,06:08,REM,,
2026-07-29,06:09,REM,91,
2026-07-29,06:10,REM,126,
2026-07-29,06:11,REM,146,
2026-07-29,06:12,REM,156,
2026-07-29,06:13,REM,161,
2026-07-29,06:14,REM,161,
2026-07-29,06:15,REM,164,
2026-07-29,06:16,REM,165,
2026-07-29,06:17,REM,167,
2026-07-29,06:18,REM,167,
2026-07-29,06:19,REM,168,
2026-07-29,06:20,REM,169,
2026-07-29,06:21,REM,168,
2026-07-29,06:22,REM,170,
2026-07-29,06:23,REM,177,
2026-07-29,06:24,REM,179,
2026-07-29,06:25,REM,181,
2026-07-29,06:26,REM,182,
2026-07-29,06:27,REM,182,
2026-07-29,06:28,REM,182,
2026-07-29,06:29,REM,182,
2026-07-29,06:30,REM,171,
2026-07-29,06:31,REM,135,
2026-07-29,06:32,REM,115,
2026-07-29,06:33,REM,107,
2026-07-29,06:34,REM,104,
2026-07-29,06:35,REM,101,
2026-07-29,06:36,REM,101,
2026-07-29,06:37,REM,101,
2026-07-29,06:38,REM,97,
2026-07-29,06:39,REM,96,
2026-07-29,06:40,REM,96,
2026-07-29,06:41,REM,103,
2026-07-29,06:42,LIGHT,110,
2026-07-29,06:43,LIGHT,112,
2026-07-29,06:44,LIGHT,114,
2026-07-29,06:45,LIGHT,106,
2026-07-29,06:46,LIGHT,96,
2026-07-29,06:47,LIGHT,93,
2026-07-29,06:48,LIGHT,91,
2026-07-29,06:49,LIGHT,91,
2026-07-29,06:50,LIGHT,90,
2026-07-29,06:51,LIGHT,90,
2026-07-29,06:52,LIGHT,89,
2026-07-29,06:53,LIGHT,89,
2026-07-29,06:54,LIGHT,105,
2026-07-29,06:55,LIGHT,100,
2026-07-29,06:56,LIGHT,104,
2026-07-29,06:57,LIGHT,101,
2026-07-29,06:58,LIGHT,108,
2026-07-29,06:59,LIGHT,105,
2026-07-29,07:00,LIGHT,107,
2026-07-29,07:01,LIGHT,107,
2026-07-29,07:02,LIGHT,110,
2026-07-29,07:03,LIGHT,117,
2026-07-29,07:04,LIGHT,128,
2026-07-29,07:05,LIGHT,132,
2026-07-29,07:06,LIGHT,127,
2026-07-29,07:07,LIGHT,105,
2026-07-29,07:08,LIGHT,91,
2026-07-29,07:09,LIGHT,84,
2026-07-29,07:10,LIGHT,84,
2026-07-29,07:11,LIGHT,99,
2026-07-29,07:12,LIGHT,104,
2026-07-29,07:13,LIGHT,93,
2026-07-29,07:14,LIGHT,96,
2026-07-29,07:15,DEEP,96,
2026-07-29,07:16,DEEP,96,
2026-07-29,07:17,DEEP,98,
2026-07-29,07:18,DEEP,99,
2026-07-29,07:19,DEEP,104,
2026-07-29,07:20,DEEP,109,
2026-07-29,07:21,DEEP,103,
2026-07-29,07:22,DEEP,97,
2026-07-29,07:23,DEEP,92,
2026-07-29,07:24,DEEP,92,
2026-07-29,07:25,DEEP,92,
2026-07-29,07:26,DEEP,91,
2026-07-29,07:27,DEEP,92,
2026-07-29,07:28,DEEP,91,
2026-07-29,07:29,DEEP,88,
2026-07-29,07:30,DEEP,88,
2026-07-29,07:31,DEEP,89,
2026-07-29,07:32,DEEP,89,
2026-07-29,07:33,LIGHT,89,
2026-07-29,07:34,LIGHT,89,
2026-07-29,07:35,LIGHT,93,
2026-07-29,07:36,WAKE,100,
2026-07-29,07:37,LIGHT,99,
2026-07-29,07:38,LIGHT,94,
2026-07-29,07:39,LIGHT,93,
2026-07-29,07:40,LIGHT,98,
2026-07-29,07:41,LIGHT,96,
2026-07-29,07:42,LIGHT,90,
2026-07-29,07:43,LIGHT,84,
2026-07-29,07:44,LIGHT,82,
2026-07-29,07:45,LIGHT,76,
2026-07-29,07:46,LIGHT,78,
2026-07-29,07:47,LIGHT,75,
2026-07-29,07:48,LIGHT,80,
2026-07-29,07:49,LIGHT,74,
2026-07-29,07:50,LIGHT,71,
2026-07-29,07:51,LIGHT,72,
2026-07-29,07:52,LIGHT,69,
2026-07-29,07:53,LIGHT,74,
2026-07-29,07:54,LIGHT,71,
2026-07-29,07:55,LIGHT,71,
2026-07-29,07:56,LIGHT,73,
2026-07-29,07:57,LIGHT,70,
2026-07-29,07:58,LIGHT,73,
2026-07-29,07:59,LIGHT,72,
2026-07-29,08:00,LIGHT,69,
2026-07-29,08:01,LIGHT,70,
2026-07-29,15:26,LIGHT,86,
2026-07-29,15:27,LIGHT,88,
2026-07-29,15:28,LIGHT,85,
2026-07-29,15:29,LIGHT,82,
2026-07-29,15:30,LIGHT,70,
2026-07-29,15:31,LIGHT,72,
2026-07-29,15:32,LIGHT,80,
2026-07-29,15:33,LIGHT,86,
2026-07-29,15:34,LIGHT,91,
2026-07-29,15:35,LIGHT,83,
2026-07-29,15:36,LIGHT,82,
2026-07-29,15:37,LIGHT,86,
2026-07-29,15:38,LIGHT,84,
2026-07-29,15:39,WAKE,89,
2026-07-29,15:40,LIGHT,91,
2026-07-29,15:41,LIGHT,87,
2026-07-29,15:42,LIGHT,92,
2026-07-29,15:43,LIGHT,90,
2026-07-29,15:44,LIGHT,96,
2026-07-29,15:45,LIGHT,105,
2026-07-29,15:46,LIGHT,92,
2026-07-29,15:47,LIGHT,81,
2026-07-29,15:48,LIGHT,91,
2026-07-29,15:49,LIGHT,105,
2026-07-29,15:50,LIGHT,99,
2026-07-29,15:51,LIGHT,92,
2026-07-29,15:52,LIGHT,89,
2026-07-29,15:53,DEEP,101,
2026-07-29,15:54,DEEP,102,
2026-07-29,15:55,DEEP,97,
2026-07-29,15:56,DEEP,89,
2026-07-29,15:57,DEEP,81,
2026-07-29,15:58,DEEP,92,
2026-07-29,15:59,DEEP,108,
2026-07-29,16:00,DEEP,97,
2026-07-29,16:01,DEEP,91,
2026-07-29,16:02,DEEP,87,
2026-07-29,16:03,DEEP,85,
2026-07-29,16:04,DEEP,97,
2026-07-29,16:05,DEEP,94,
2026-07-29,16:06,DEEP,86,
2026-07-29,16:07,DEEP,81,
2026-07-29,16:08,DEEP,86,
2026-07-29,16:09,DEEP,91,
2026-07-29,16:10,DEEP,91,
2026-07-29,16:11,DEEP,93,
2026-07-29,16:12,DEEP,92,
2026-07-29,16:13,DEEP,80,
2026-07-29,16:14,DEEP,80,
2026-07-29,16:15,DEEP,82,
2026-07-29,16:16,DEEP,95,
2026-07-29,16:17,DEEP,95,
2026-07-29,16:18,DEEP,92,
2026-07-29,16:19,DEEP,89,
2026-07-29,16:20,DEEP,93,
2026-07-29,16:21,DEEP,82,
2026-07-29,16:22,DEEP,82,
2026-07-29,16:23,DEEP,79,
2026-07-29,16:24,LIGHT,86,
2026-07-29,16:25,LIGHT,80,
2026-07-29,16:26,LIGHT,93,
2026-07-29,16:27,LIGHT,96,
2026-07-29,16:28,LIGHT,93,
2026-07-29,16:29,LIGHT,93,
2026-07-29,16:30,LIGHT,97,
2026-07-29,16:31,LIGHT,91,
2026-07-29,16:32,LIGHT,91,
2026-07-29,16:33,LIGHT,91,
2026-07-29,16:34,LIGHT,85,
2026-07-29,16:35,LIGHT,98,
2026-07-29,16:36,LIGHT,85,
2026-07-29,16:37,LIGHT,74,
2026-07-29,16:38,LIGHT,72,
2026-07-29,16:39,LIGHT,95,
2026-07-29,16:40,LIGHT,108,
2026-07-29,16:41,LIGHT,95,
2026-07-29,16:42,LIGHT,84,
2026-07-29,16:43,LIGHT,78,
2026-07-29,16:44,LIGHT,95,
2026-07-29,16:45,LIGHT,95,
2026-07-29,16:46,LIGHT,95,
2026-07-29,16:47,LIGHT,95,
2026-07-29,16:48,LIGHT,94,
2026-07-29,16:49,LIGHT,96,
2026-07-29,16:50,LIGHT,99,
2026-07-29,16:51,LIGHT,101,
2026-07-29,16:52,LIGHT,98,
2026-07-29,16:53,LIGHT,95,
2026-07-29,16:54,LIGHT,92,
2026-07-29,16:55,LIGHT,90,
2026-07-29,16:56,LIGHT,79,
2026-07-29,16:57,LIGHT,82,
2026-07-29,16:58,LIGHT,79,
2026-07-29,16:59,LIGHT,77,
2026-07-29,17:00,LIGHT,76,
2026-07-29,17:01,LIGHT,76,
2026-07-29,17:02,LIGHT,77,
2026-07-29,17:03,LIGHT,78,
2026-07-29,17:04,LIGHT,87,
2026-07-29,17:05,LIGHT,78,
2026-07-29,17:06,LIGHT,74,
2026-07-29,17:07,LIGHT,69,
2026-07-29,17:08,LIGHT,71,
2026-07-29,17:09,LIGHT,79,
2026-07-29,17:10,LIGHT,79,
2026-07-29,17:11,LIGHT,78,
2026-07-29,17:12,LIGHT,78,
2026-07-29,17:13,LIGHT,80,
2026-07-29,17:14,LIGHT,86,
2026-07-29,17:15,LIGHT,86,
2026-07-29,17:16,LIGHT,86,
2026-07-29,17:17,LIGHT,81,
2026-07-29,17:18,LIGHT,81,
2026-07-29,17:19,LIGHT,86,
2026-07-29,17:20,LIGHT,83,
2026-07-29,17:21,LIGHT,83,
2026-07-29,17:22,LIGHT,80,
2026-07-29,17:23,LIGHT,80,
2026-07-29,17:24,LIGHT,81,
2026-07-29,17:25,LIGHT,82,
2026-07-29,17:26,LIGHT,82,
2026-07-29,17:27,LIGHT,80,
2026-07-29,17:28,LIGHT,84,
2026-07-29,17:29,LIGHT,84,
2026-07-29,17:30,LIGHT,83,
2026-07-29,17:31,LIGHT,74,
2026-07-29,17:32,LIGHT,62,
2026-07-29,17:33,LIGHT,58,
2026-07-29,17:34,LIGHT,57,
2026-07-29,17:35,LIGHT,57,
2026-07-29,17:36,LIGHT,57,
2026-07-29,17:37,LIGHT,59,
2026-07-29,17:38,LIGHT,56,
2026-07-29,17:39,LIGHT,57,
2026-07-29,17:40,REM,59,
2026-07-29,17:41,REM,59,
2026-07-29,17:42,REM,59,
2026-07-29,17:43,REM,62,
2026-07-29,17:44,REM,66,
2026-07-29,17:45,REM,63,
2026-07-29,17:46,REM,59,
2026-07-29,17:47,REM,59,
2026-07-29,17:48,REM,55,
2026-07-29,17:49,REM,56,
2026-07-29,17:50,REM,55,
2026-07-29,17:51,REM,55,
2026-07-29,17:52,REM,54,
2026-07-29,17:53,REM,56,
2026-07-29,17:54,REM,53,
2026-07-29,17:55,REM,55,
2026-07-29,17:56,REM,55,
2026-07-29,17:57,REM,51,
2026-07-29,17:58,REM,51,
2026-07-29,17:59,LIGHT,51,
2026-07-29,18:00,LIGHT,50,
2026-07-29,18:01,LIGHT,50,
2026-07-29,18:02,LIGHT,56,
2026-07-29,18:03,LIGHT,56,
2026-07-29,18:04,LIGHT,57,
2026-07-29,18:05,LIGHT,56,
2026-07-29,18:06,LIGHT,56,
2026-07-29,18:07,LIGHT,55,
2026-07-29,18:08,LIGHT,54,
2026-07-29,18:09,LIGHT,51,
2026-07-29,18:10,LIGHT,55,
2026-07-29,18:11,LIGHT,58,
2026-07-29,18:12,LIGHT,59,
2026-07-29,18:13,LIGHT,61,
2026-07-30,01:16,LIGHT,64,
2026-07-30,01:17,LIGHT,64,
2026-07-30,01:18,LIGHT,65,
2026-07-30,01:19,LIGHT,67,
2026-07-30,01:20,LIGHT,67,
2026-07-30,01:21,LIGHT,69,
2026-07-30,01:22,LIGHT,55,
2026-07-30,01:23,LIGHT,52,
2026-07-30,01:24,LIGHT,51,
2026-07-30,01:25,LIGHT,51,
2026-07-30,01:26,DEEP,51,
2026-07-30,01:27,DEEP,53,
2026-07-30,01:28,DEEP,55,
2026-07-30,01:29,DEEP,55,
2026-07-30,01:30,DEEP,56,
2026-07-30,01:31,DEEP,56,
2026-07-30,01:32,DEEP,57,
2026-07-30,01:33,DEEP,56,
2026-07-30,01:34,DEEP,56,
2026-07-30,01:35,DEEP,60,
2026-07-30,01:36,DEEP,54,
2026-07-30,01:37,DEEP,53,
2026-07-30,01:38,DEEP,53,
2026-07-30,01:39,DEEP,53,
2026-07-30,01:40,DEEP,53,
2026-07-30,01:41,LIGHT,54,
2026-07-30,01:42,LIGHT,54,
2026-07-30,01:43,LIGHT,55,
2026-07-30,01:44,LIGHT,52,
2026-07-30,01:45,LIGHT,52,
2026-07-30,01:46,LIGHT,51,
2026-07-30,01:47,LIGHT,51,
2026-07-30,01:48,LIGHT,52,
2026-07-30,01:49,LIGHT,51,
2026-07-30,01:50,DEEP,51,
2026-07-30,01:51,DEEP,51,
2026-07-30,01:52,DEEP,51,
2026-07-30,01:53,DEEP,50,
2026-07-30,01:54,DEEP,50,
2026-07-30,01:55,DEEP,51,
2026-07-30,01:56,DEEP,52,
2026-07-30,01:57,DEEP,51,
2026-07-30,01:58,DEEP,52,
2026-07-30,01:59,DEEP,54,
2026-07-30,02:00,DEEP,50,
2026-07-30,02:01,DEEP,50,
2026-07-30,02:02,DEEP,51,
2026-07-30,02:03,DEEP,49,
2026-07-30,02:04,DEEP,49,
2026-07-30,02:05,DEEP,49,
2026-07-30,02:06,DEEP,50,
2026-07-30,02:07,DEEP,50,
2026-07-30,02:08,DEEP,50,
2026-07-30,02:09,DEEP,50,
2026-07-30,02:10,DEEP,50,
2026-07-30,02:11,LIGHT,50,
2026-07-30,02:12,LIGHT,50,
2026-07-30,02:13,LIGHT,50,
2026-07-30,02:14,LIGHT,55,
2026-07-30,02:15,LIGHT,63,
2026-07-30,02:16,LIGHT,54,
2026-07-30,02:17,LIGHT,52,
2026-07-30,02:18,LIGHT,52,
2026-07-30,02:19,LIGHT,52,
2026-07-30,02:20,REM,52,
2026-07-30,02:21,REM,52,
2026-07-30,02:22,REM,52,
2026-07-30,02:23,REM,52,
2026-07-30,02:24,REM,52,
2026-07-30,02:25,REM,64,
2026-07-30,02:26,REM,55,
2026-07-30,02:27,REM,49,
2026-07-30,02:28,REM,47,
2026-07-30,02:29,REM,47,
2026-07-30,02:30,REM,48,
2026-07-30,02:31,REM,48,
2026-07-30,02:32,REM,49,
2026-07-30,02:33,REM,47,
2026-07-30,02:34,REM,48,
2026-07-30,02:35,REM,48,
2026-07-30,02:36,REM,49,
2026-07-30,02:37,REM,49,
2026-07-30,02:38,REM,49,
2026-07-30,02:39,REM,49,
2026-07-30,02:40,REM,49,
2026-07-30,02:41,REM,50,
2026-07-30,02:42,REM,50,
2026-07-30,02:43,REM,50,
2026-07-30,02:44,REM,50,
2026-07-30,02:45,REM,50,
2026-07-30,02:46,REM,50,
2026-07-30,02:47,REM,50,
2026-07-30,02:48,REM,50,
2026-07-30,02:49,REM,50,
2026-07-30,02:50,REM,51,
2026-07-30,02:51,REM,49,
2026-07-30,02:52,REM,49,
2026-07-30,02:53,REM,49,
2026-07-30,02:54,REM,49,
2026-07-30,02:55,LIGHT,49,
2026-07-30,02:56,LIGHT,49,
2026-07-30,02:57,LIGHT,49,
2026-07-30,02:58,LIGHT,49,
2026-07-30,02:59,LIGHT,49,
2026-07-30,03:00,LIGHT,49,
2026-07-30,03:01,LIGHT,49,
2026-07-30,03:02,LIGHT,49,
2026-07-30,03:03,LIGHT,49,
2026-07-30,03:04,LIGHT,50,
2026-07-30,03:05,LIGHT,50,
2026-07-30,03:06,LIGHT,51,
2026-07-30,03:07,LIGHT,51,
2026-07-30,03:08,LIGHT,51,
2026-07-30,03:09,LIGHT,51,
2026-07-30,03:10,LIGHT,51,
2026-07-30,03:11,LIGHT,51,
2026-07-30,03:12,LIGHT,51,
2026-07-30,03:13,LIGHT,51,
2026-07-30,03:14,LIGHT,51,
2026-07-30,03:15,LIGHT,51,
2026-07-30,03:16,LIGHT,51,
2026-07-30,03:17,LIGHT,52,
2026-07-30,03:18,LIGHT,57,
2026-07-30,03:19,LIGHT,61,
2026-07-30,03:20,LIGHT,60,
2026-07-30,03:21,LIGHT,54,
2026-07-30,03:22,LIGHT,53,
2026-07-30,03:23,LIGHT,52,
2026-07-30,03:24,LIGHT,55,
2026-07-30,03:25,DEEP,53,
2026-07-30,03:26,DEEP,53,
2026-07-30,03:27,DEEP,53,
2026-07-30,03:28,DEEP,53,
2026-07-30,03:29,DEEP,54,
2026-07-30,03:30,DEEP,56,
2026-07-30,03:31,DEEP,62,
2026-07-30,03:32,DEEP,54,
2026-07-30,03:33,DEEP,53,
2026-07-30,03:34,DEEP,53,
2026-07-30,03:35,DEEP,53,
2026-07-30,03:36,DEEP,53,
2026-07-30,03:37,DEEP,52,
2026-07-30,03:38,DEEP,51,
2026-07-30,03:39,DEEP,51,
2026-07-30,03:40,DEEP,50,
2026-07-30,03:41,DEEP,50,
2026-07-30,03:42,DEEP,51,
2026-07-30,03:43,DEEP,51,
2026-07-30,03:44,DEEP,51,
2026-07-30,03:45,DEEP,52,
2026-07-30,03:46,DEEP,52,
2026-07-30,03:47,DEEP,51,
2026-07-30,03:48,LIGHT,51,
2026-07-30,03:49,LIGHT,52,
2026-07-30,03:50,LIGHT,52,
2026-07-30,03:51,WAKE,52,
2026-07-30,03:52,WAKE,53,
2026-07-30,03:53,WAKE,53,
2026-07-30,03:54,LIGHT,53,
2026-07-30,03:55,LIGHT,53,
2026-07-30,03:56,LIGHT,55,
2026-07-30,03:57,LIGHT,58,
2026-07-30,03:58,LIGHT,52,
2026-07-30,03:59,LIGHT,52,
2026-07-30,04:00,LIGHT,50,
2026-07-30,04:01,LIGHT,50,
2026-07-30,04:02,LIGHT,50,
2026-07-30,04:03,LIGHT,50,
2026-07-30,04:04,LIGHT,50,
2026-07-30,04:05,LIGHT,50,
2026-07-30,04:06,LIGHT,50,
2026-07-30,04:07,LIGHT,50,
2026-07-30,04:08,LIGHT,50,
2026-07-30,04:09,LIGHT,50,
2026-07-30,04:10,LIGHT,51,
2026-07-30,04:11,LIGHT,51,
2026-07-30,04:12,LIGHT,51,
2026-07-30,04:13,LIGHT,51,
2026-07-30,04:14,LIGHT,51,
2026-07-30,14:18,LIGHT,57,
2026-07-30,14:19,LIGHT,60,
2026-07-30,14:20,LIGHT,61,
2026-07-30,14:21,LIGHT,59,
2026-07-30,14:22,LIGHT,59,
2026-07-30,14:23,LIGHT,61,
2026-07-30,14:24,LIGHT,59,
2026-07-30,14:25,LIGHT,59,
2026-07-30,14:26,LIGHT,61,
2026-07-30,14:27,LIGHT,60,
2026-07-30,14:28,LIGHT,60,
2026-07-30,14:29,LIGHT,60,
2026-07-30,14:30,LIGHT,59,
2026-07-30,14:31,LIGHT,55,
2026-07-30,14:32,LIGHT,57,
2026-07-30,14:33,DEEP,57,
2026-07-30,14:34,DEEP,56,
2026-07-30,14:35,LIGHT,57,
2026-07-30,14:36,LIGHT,66,
2026-07-30,14:37,LIGHT,61,
2026-07-30,14:38,WAKE,58,
2026-07-30,14:39,LIGHT,63,
2026-07-30,14:40,LIGHT,65,
2026-07-30,14:41,LIGHT,77,
2026-07-30,14:42,LIGHT,75,
2026-07-30,14:43,LIGHT,71,
2026-07-30,14:44,LIGHT,76,
2026-07-30,14:45,LIGHT,69,
2026-07-30,14:46,LIGHT,58,
2026-07-30,14:47,LIGHT,55,
2026-07-30,14:48,LIGHT,55,
2026-07-30,14:49,LIGHT,55,
2026-07-30,14:50,LIGHT,56,
2026-07-30,14:51,LIGHT,55,
2026-07-30,14:52,LIGHT,54,
2026-07-30,14:53,LIGHT,62,
2026-07-30,14:54,LIGHT,67,
2026-07-30,14:55,LIGHT,77,
2026-07-30,14:56,LIGHT,87,
2026-07-30,14:57,LIGHT,76,
2026-07-30,14:58,LIGHT,76,
2026-07-30,14:59,LIGHT,65,
2026-07-30,15:00,LIGHT,58,
2026-07-31,00:28,LIGHT,52,
2026-07-31,00:29,LIGHT,54,
2026-07-31,00:30,LIGHT,53,
2026-07-31,00:31,LIGHT,51,
2026-07-31,00:32,LIGHT,53,
2026-07-31,00:33,LIGHT,53,
2026-07-31,00:34,LIGHT,58,
2026-07-31,00:35,LIGHT,53,
2026-07-31,00:36,LIGHT,54,
2026-07-31,00:37,LIGHT,57,
2026-07-31,00:38,LIGHT,54,
2026-07-31,00:39,LIGHT,53,
2026-07-31,00:40,LIGHT,52,
2026-07-31,00:41,LIGHT,54,
2026-07-31,00:42,LIGHT,59,
2026-07-31,00:43,LIGHT,53,
2026-07-31,00:44,LIGHT,63,
2026-07-31,00:45,DEEP,64,
2026-07-31,00:46,DEEP,64,
2026-07-31,00:47,DEEP,61,
2026-07-31,00:48,DEEP,58,
2026-07-31,00:49,DEEP,55,
2026-07-31,00:50,DEEP,55,
2026-07-31,00:51,DEEP,51,
2026-07-31,00:52,DEEP,51,
2026-07-31,00:53,DEEP,53,
2026-07-31,00:54,LIGHT,53,
2026-07-31,00:55,LIGHT,51,
2026-07-31,00:56,LIGHT,51,
2026-07-31,00:57,LIGHT,48,
2026-07-31,00:58,LIGHT,48,
2026-07-31,00:59,LIGHT,48,
2026-07-31,01:00,LIGHT,51,
2026-07-31,01:01,LIGHT,48,
2026-07-31,01:02,LIGHT,48,
2026-07-31,01:03,LIGHT,48,
2026-07-31,01:04,LIGHT,50,
2026-07-31,01:05,DEEP,50,
2026-07-31,01:06,DEEP,50,
2026-07-31,01:07,DEEP,50,
2026-07-31,01:08,DEEP,53,
2026-07-31,01:09,DEEP,50,
2026-07-31,01:10,DEEP,50,
2026-07-31,01:11,DEEP,48,
2026-07-31,01:12,DEEP,50,
2026-07-31,01:13,DEEP,50,
2026-07-31,01:14,DEEP,53,
2026-07-31,01:15,DEEP,53,
2026-07-31,01:16,LIGHT,50,
2026-07-31,01:17,LIGHT,50,
2026-07-31,01:18,LIGHT,48,
2026-07-31,01:19,LIGHT,47,
2026-07-31,01:20,LIGHT,48,
2026-07-31,01:21,LIGHT,48,
2026-07-31,01:22,LIGHT,49,
2026-07-31,01:23,LIGHT,51,
2026-07-31,01:24,LIGHT,53,
2026-07-31,01:25,LIGHT,50,
2026-07-31,01:26,REM,49,
2026-07-31,01:27,REM,48,
2026-07-31,01:28,REM,49,
2026-07-31,01:29,REM,48,
2026-07-31,01:30,REM,48,
2026-07-31,01:31,REM,47,
2026-07-31,01:32,REM,47,
2026-07-31,01:33,REM,48,
2026-07-31,01:34,REM,48,
2026-07-31,01:35,REM,48,
2026-07-31,01:36,REM,48,
2026-07-31,01:37,REM,48,
2026-07-31,01:38,REM,49,
2026-07-31,01:39,REM,48,
2026-07-31,01:40,REM,48,
2026-07-31,01:41,REM,48,
2026-07-31,01:42,REM,46,
2026-07-31,01:43,REM,47,
2026-07-31,01:44,REM,47,
2026-07-31,01:45,REM,48,
2026-07-31,01:46,REM,48,
2026-07-31,01:47,REM,47,
2026-07-31,01:48,REM,48,
2026-07-31,01:49,REM,49,
2026-07-31,01:50,REM,51,
2026-07-31,01:51,REM,50,
2026-07-31,01:52,REM,55,
2026-07-31,01:53,REM,55,
2026-07-31,01:54,REM,59,
2026-07-31,01:55,REM,55,
2026-07-31,01:56,REM,50,
2026-07-31,01:57,REM,52,
2026-07-31,01:58,REM,54,
2026-07-31,01:59,REM,56,
2026-07-31,02:00,REM,52,
2026-07-31,02:01,REM,51,
2026-07-31,02:02,REM,51,
2026-07-31,02:03,REM,52,
2026-07-31,02:04,LIGHT,51,
2026-07-31,02:05,LIGHT,50,
2026-07-31,02:06,LIGHT,49,
2026-07-31,02:07,LIGHT,49,
2026-07-31,02:08,LIGHT,48,
2026-07-31,02:09,LIGHT,50,
2026-07-31,02:10,LIGHT,53,
2026-07-31,02:11,LIGHT,48,
2026-07-31,02:12,LIGHT,50,
2026-07-31,02:13,LIGHT,57,
2026-07-31,02:14,LIGHT,57,
2026-07-31,02:15,LIGHT,55,
2026-07-31,02:16,LIGHT,52,
2026-07-31,02:17,LIGHT,52,
2026-07-31,02:18,LIGHT,53,
2026-07-31,02:19,LIGHT,52,
2026-07-31,02:20,LIGHT,52,
2026-07-31,02:21,LIGHT,51,
2026-07-31,02:22,LIGHT,56,
2026-07-31,02:23,LIGHT,62,
2026-07-31,02:24,LIGHT,64,
2026-07-31,02:25,LIGHT,59,
2026-07-31,02:26,LIGHT,66,
2026-07-31,02:27,LIGHT,75,
2026-07-31,02:28,LIGHT,64,
2026-07-31,02:29,LIGHT,51,
2026-07-31,02:30,LIGHT,48,
2026-07-31,02:31,LIGHT,46,
2026-07-31,02:32,LIGHT,43,
2026-07-31,02:33,LIGHT,43,
2026-07-31,02:34,LIGHT,44,
2026-07-31,02:35,LIGHT,44,
2026-07-31,02:36,LIGHT,45,
2026-07-31,02:37,LIGHT,43,
2026-07-31,02:38,LIGHT,44,
2026-07-31,02:39,LIGHT,44,
2026-07-31,02:40,LIGHT,46,
2026-07-31,02:41,LIGHT,45,
2026-07-31,02:42,LIGHT,43,
2026-07-31,02:43,LIGHT,47,
2026-07-31,02:44,LIGHT,44,
2026-07-31,02:45,LIGHT,46,
2026-07-31,02:46,LIGHT,44,
2026-07-31,02:47,LIGHT,45,
2026-07-31,02:48,LIGHT,45,
2026-07-31,02:49,DEEP,45,
2026-07-31,02:50,DEEP,46,
2026-07-31,02:51,DEEP,44,
2026-07-31,02:52,DEEP,45,
2026-07-31,02:53,DEEP,45,
2026-07-31,02:54,DEEP,55,
2026-07-31,02:55,DEEP,49,
2026-07-31,02:56,DEEP,46,
2026-07-31,02:57,DEEP,56,
2026-07-31,02:58,DEEP,61,
2026-07-31,02:59,DEEP,61,
2026-07-31,03:00,DEEP,62,
2026-07-31,03:01,DEEP,66,
2026-07-31,03:02,DEEP,56,
2026-07-31,03:03,DEEP,48,
2026-07-31,03:04,DEEP,44,
2026-07-31,03:05,DEEP,44,
2026-07-31,03:06,DEEP,45,
2026-07-31,03:07,DEEP,44,
2026-07-31,03:08,DEEP,44,
2026-07-31,03:09,DEEP,44,
2026-07-31,03:10,DEEP,44,
2026-07-31,03:11,DEEP,44,
2026-07-31,03:12,DEEP,44,
2026-07-31,03:13,DEEP,44,
2026-07-31,03:14,DEEP,44,
2026-07-31,03:15,DEEP,44,
2026-07-31,03:16,DEEP,45,
2026-07-31,03:17,DEEP,45,
2026-07-31,03:18,DEEP,44,
2026-07-31,03:19,LIGHT,45,
2026-07-31,03:20,LIGHT,45,
2026-07-31,03:21,LIGHT,45,
2026-07-31,03:22,LIGHT,45,
2026-07-31,03:23,LIGHT,46,
2026-07-31,03:24,REM,46,
2026-07-31,03:25,REM,46,
2026-07-31,03:26,REM,52,
2026-07-31,03:27,REM,46,
2026-07-31,03:28,REM,45,
2026-07-31,03:29,REM,45,
2026-07-31,03:30,REM,45,
2026-07-31,03:31,REM,44,
2026-07-31,03:32,REM,44,
2026-07-31,03:33,REM,44,
2026-07-31,03:34,REM,44,
2026-07-31,03:35,REM,44,
2026-07-31,03:36,LIGHT,44,
2026-07-31,03:37,LIGHT,44,
2026-07-31,03:38,LIGHT,44,
2026-07-31,03:39,LIGHT,44,
2026-07-31,03:40,LIGHT,44,
2026-07-31,03:41,LIGHT,45,
2026-07-31,03:42,LIGHT,54,
2026-07-31,03:43,LIGHT,47,
2026-07-31,03:44,LIGHT,44,
2026-07-31,03:45,LIGHT,44,
2026-07-31,03:46,LIGHT,44,
2026-07-31,03:47,LIGHT,44,
2026-07-31,03:48,LIGHT,44,
2026-07-31,03:49,LIGHT,44,
2026-07-31,03:50,LIGHT,44,
2026-07-31,03:51,LIGHT,44,
2026-07-31,03:52,LIGHT,44,
2026-07-31,03:53,LIGHT,45,
2026-07-31,03:54,LIGHT,45,
2026-07-31,03:55,LIGHT,45,
2026-07-31,03:56,LIGHT,46,
2026-07-31,03:57,LIGHT,46,
2026-07-31,03:58,LIGHT,51,
2026-07-31,03:59,LIGHT,47,
2026-07-31,04:00,LIGHT,46,
2026-07-31,04:01,LIGHT,46,
2026-07-31,04:02,LIGHT,47,
2026-07-31,04:03,LIGHT,47,
2026-07-31,04:04,LIGHT,48,
2026-07-31,04:05,LIGHT,54,
2026-07-31,04:06,LIGHT,48,
2026-07-31,04:07,LIGHT,49,
2026-07-31,04:08,LIGHT,49,
2026-07-31,04:09,LIGHT,51,
2026-07-31,04:10,LIGHT,52,
2026-07-31,04:11,LIGHT,50,
2026-07-31,04:12,LIGHT,50,
2026-07-31,04:13,LIGHT,53,
2026-07-31,04:14,LIGHT,50,
2026-07-31,04:15,LIGHT,50,
2026-07-31,04:16,LIGHT,49,
2026-07-31,04:17,LIGHT,53,
2026-07-31,04:18,LIGHT,55,
2026-07-31,04:19,LIGHT,52,
2026-07-31,04:20,LIGHT,52,
2026-07-31,04:21,LIGHT,49,
2026-07-31,04:22,LIGHT,49,
2026-07-31,04:23,LIGHT,49,
2026-07-31,04:24,LIGHT,56,
2026-07-31,04:25,LIGHT,50,
2026-07-31,04:26,LIGHT,50,
2026-07-31,04:27,LIGHT,48,
2026-07-31,04:28,LIGHT,48,
2026-07-31,04:29,LIGHT,48,
2026-07-31,04:30,LIGHT,48,
2026-07-31,04:31,LIGHT,48,
2026-07-31,04:32,LIGHT,48,
2026-07-31,04:33,LIGHT,48,
2026-07-31,04:34,LIGHT,48,
2026-07-31,04:35,LIGHT,48,
2026-07-31,04:36,LIGHT,48,
2026-07-31,04:37,LIGHT,48,
2026-07-31,04:38,LIGHT,48,
2026-07-31,04:39,LIGHT,48,
2026-07-31,04:40,LIGHT,48,
2026-07-31,04:41,LIGHT,48,
2026-07-31,04:42,REM,48,
2026-07-31,04:43,REM,49,
2026-07-31,04:44,REM,49,
2026-07-31,04:45,REM,48,
2026-07-31,04:46,REM,53,
2026-07-31,04:47,REM,53,
2026-07-31,04:48,REM,50,
2026-07-31,04:49,REM,49,
2026-07-31,04:50,REM,48,
2026-07-31,04:51,REM,48,
2026-07-31,04:52,REM,48,
2026-07-31,04:53,REM,48,
2026-07-31,04:54,REM,49,
2026-07-31,04:55,REM,47,
2026-07-31,04:56,REM,47,
2026-07-31,04:57,REM,48,
2026-07-31,04:58,REM,47,
2026-07-31,04:59,REM,49,
2026-07-31,05:00,REM,48,
2026-07-31,05:01,REM,48,
2026-07-31,05:02,REM,49,
2026-07-31,05:03,REM,48,
2026-07-31,05:04,REM,48,
2026-07-31,05:05,REM,51,
2026-07-31,05:06,REM,57,
2026-07-31,05:07,REM,48,
2026-07-31,05:08,REM,45,
2026-07-31,05:09,REM,42,
2026-07-31,05:10,REM,43,
2026-07-31,05:11,LIGHT,51,
2026-07-31,05:12,LIGHT,47,
2026-07-31,05:13,LIGHT,44,
2026-07-31,05:14,LIGHT,44,
2026-07-31,05:15,LIGHT,43,
2026-07-31,05:16,LIGHT,44,
2026-07-31,05:17,LIGHT,45,
2026-07-31,05:18,LIGHT,47,
2026-07-31,05:19,LIGHT,49,
2026-07-31,05:20,LIGHT,49,
2026-07-31,05:21,LIGHT,54,
2026-07-31,05:22,LIGHT,46,
2026-07-31,05:23,LIGHT,44,
2026-07-31,05:24,LIGHT,46,
2026-07-31,05:25,LIGHT,48,
2026-07-31,05:26,LIGHT,50,
2026-07-31,05:27,LIGHT,44,
2026-07-31,05:28,LIGHT,44,
2026-07-31,05:29,LIGHT,50,
2026-07-31,05:30,LIGHT,44,
2026-07-31,05:31,LIGHT,43,
2026-07-31,05:32,LIGHT,43,
2026-07-31,05:33,LIGHT,43,
2026-07-31,05:34,LIGHT,43,
2026-07-31,05:35,LIGHT,47,
2026-07-31,05:36,LIGHT,45,
2026-07-31,05:37,LIGHT,44,
2026-07-31,05:38,LIGHT,44,
2026-07-31,05:39,LIGHT,43,
2026-07-31,05:40,LIGHT,43,
2026-07-31,05:41,LIGHT,43,
2026-07-31,05:42,DEEP,43,
2026-07-31,05:43,DEEP,45,
2026-07-31,05:44,DEEP,47,
2026-07-31,05:45,DEEP,52,
2026-07-31,05:46,DEEP,49,
2026-07-31,05:47,DEEP,48,
2026-07-31,05:48,DEEP,48,
2026-07-31,05:49,DEEP,50,
2026-07-31,05:50,LIGHT,50,
2026-07-31,05:51,LIGHT,48,
2026-07-31,05:52,LIGHT,48,
2026-07-31,05:53,LIGHT,47,
2026-07-31,05:54,LIGHT,46,
2026-07-31,05:55,LIGHT,46,
2026-07-31,05:56,LIGHT,46,
2026-07-31,05:57,LIGHT,46,
2026-07-31,05:58,LIGHT,47,
2026-07-31,05:59,LIGHT,47,
2026-07-31,06:00,LIGHT,51,
2026-07-31,06:01,LIGHT,49,
2026-07-31,06:02,LIGHT,54,
2026-07-31,06:03,LIGHT,46,
2026-07-31,06:04,LIGHT,44,
2026-07-31,06:05,LIGHT,44,
2026-07-31,06:06,LIGHT,43,
2026-07-31,06:07,LIGHT,43,
2026-07-31,06:08,REM,45,
2026-07-31,06:09,REM,47,
2026-07-31,06:10,REM,47,
2026-07-31,06:11,REM,50,
2026-07-31,06:12,REM,47,
2026-07-31,06:13,REM,45,
2026-07-31,06:14,REM,45,
2026-07-31,06:15,REM,50,
2026-07-31,06:16,REM,46,
2026-07-31,06:17,REM,46,
2026-07-31,06:18,REM,51,
2026-07-31,06:19,REM,51,
2026-07-31,06:20,REM,46,
2026-07-31,06:21,REM,44,
2026-07-31,06:22,REM,46,
2026-07-31,06:23,REM,47,
2026-07-31,06:24,REM,50,
2026-07-31,06:25,REM,45,
2026-07-31,06:26,LIGHT,43,
2026-07-31,06:27,LIGHT,42,
2026-07-31,06:28,LIGHT,49,
2026-07-31,06:29,WAKE,51,
2026-07-31,06:30,LIGHT,51,
2026-07-31,06:31,LIGHT,58,
2026-07-31,06:32,LIGHT,54,
2026-07-31,06:33,WAKE,58,
2026-07-31,06:34,LIGHT,73,
2026-07-31,06:35,LIGHT,75,
2026-07-31,06:36,LIGHT,85,
2026-07-31,06:37,LIGHT,75,
2026-07-31,06:38,LIGHT,82,
2026-07-31,06:39,LIGHT,80,
2026-07-31,06:40,LIGHT,77,
2026-07-31,06:41,LIGHT,77,
2026-07-31,06:42,REM,,
2026-07-31,06:43,REM,,
2026-07-31,06:44,REM,,
2026-07-31,06:45,REM,,
2026-07-31,06:46,REM,,
2026-07-31,06:47,LIGHT,,
2026-07-31,06:48,LIGHT,,
2026-07-31,06:49,LIGHT,,
2026-07-31,06:50,LIGHT,,
2026-07-31,06:51,LIGHT,,
2026-07-31,15:11,LIGHT,52,
2026-07-31,15:12,LIGHT,51,
2026-07-31,15:13,LIGHT,52,
2026-07-31,15:14,LIGHT,52,
2026-07-31,15:15,LIGHT,52,
2026-07-31,15:16,LIGHT,52,
2026-07-31,15:17,LIGHT,51,
2026-07-31,15:18,LIGHT,51,
2026-07-31,15:19,LIGHT,53,
2026-07-31,15:20,LIGHT,65,
2026-07-31,15:21,LIGHT,54,
2026-07-31,15:22,LIGHT,57,
2026-07-31,15:23,LIGHT,54,
2026-07-31,15:24,LIGHT,51,
2026-07-31,15:25,DEEP,50,
2026-07-31,15:26,DEEP,50,
2026-07-31,15:27,DEEP,49,
2026-07-31,15:28,DEEP,49,
2026-07-31,15:29,DEEP,53,
2026-07-31,15:30,DEEP,50,
2026-07-31,15:31,DEEP,51,
2026-07-31,15:32,DEEP,51,
2026-07-31,15:33,DEEP,51,
2026-07-31,15:34,DEEP,50,
2026-07-31,15:35,DEEP,50,
2026-07-31,15:36,DEEP,50,
2026-07-31,15:37,DEEP,50,
2026-07-31,15:38,DEEP,50,
2026-07-31,15:39,DEEP,50,
2026-07-31,15:40,DEEP,50,
2026-07-31,15:41,DEEP,54,
2026-07-31,15:42,DEEP,50,
2026-07-31,15:43,DEEP,49,
2026-07-31,15:44,DEEP,49,
2026-07-31,15:45,DEEP,50,
2026-07-31,15:46,DEEP,61,
2026-07-31,15:47,DEEP,61,
2026-07-31,15:48,DEEP,56,
2026-07-31,15:49,DEEP,55,
2026-07-31,15:50,DEEP,51,
2026-07-31,15:51,DEEP,51,
2026-07-31,15:52,DEEP,51,
2026-07-31,15:53,DEEP,51,
2026-07-31,15:54,DEEP,50,
2026-07-31,15:55,DEEP,56,
2026-07-31,15:56,DEEP,51,
2026-07-31,15:57,DEEP,48,
2026-07-31,15:58,DEEP,47,
2026-07-31,15:59,DEEP,57,
2026-07-31,16:00,DEEP,61,
2026-07-31,16:01,DEEP,59,
2026-07-31,16:02,DEEP,64,
2026-07-31,16:03,LIGHT,58,
2026-07-31,16:04,LIGHT,58,
2026-07-31,16:05,LIGHT,63,
2026-07-31,16:06,LIGHT,67,
2026-07-31,16:07,LIGHT,67,
2026-07-31,16:08,LIGHT,62,
2026-07-31,16:09,LIGHT,63,
2026-07-31,16:10,LIGHT,62,
2026-07-31,16:11,LIGHT,60,
2026-07-31,16:12,LIGHT,65,
2026-07-31,16:13,LIGHT,69,
2026-07-31,16:14,LIGHT,58,
2026-07-31,16:15,LIGHT,63,
2026-07-31,16:16,LIGHT,83,
2026-07-31,16:17,LIGHT,65,
2026-07-31,16:18,LIGHT,67,
2026-07-31,16:19,REM,73,
2026-07-31,16:20,REM,84,
2026-07-31,16:21,REM,76,
2026-07-31,16:22,REM,68,
2026-07-31,16:23,REM,78,
2026-07-31,16:24,REM,73,
2026-07-31,16:25,REM,78,
2026-07-31,16:26,REM,75,
2026-07-31,16:27,REM,78,
2026-07-31,16:28,REM,72,
2026-07-31,16:29,REM,64,
2026-07-31,16:30,REM,71,
2026-07-31,16:31,REM,65,
2026-07-31,16:32,REM,73,
2026-07-31,16:33,REM,82,
2026-07-31,16:34,REM,75,
2026-07-31,16:35,REM,79,
2026-07-31,16:36,REM,81,
2026-07-31,16:37,REM,73,
2026-07-31,16:38,REM,67,
2026-07-31,16:39,REM,66,
2026-07-31,16:40,REM,64,
2026-07-31,16:41,REM,63,
2026-07-31,16:42,REM,57,
2026-07-31,16:43,REM,54,
2026-07-31,16:44,REM,54,
2026-07-31,16:45,REM,56,
2026-07-31,16:46,LIGHT,68,
2026-07-31,16:47,LIGHT,67,
2026-07-31,16:48,LIGHT,64,
2026-07-31,16:49,LIGHT,60,
2026-07-31,16:50,LIGHT,61,
2026-07-31,16:51,LIGHT,58,
2026-07-31,16:52,LIGHT,56,
2026-07-31,16:53,LIGHT,61,
2026-07-31,16:54,LIGHT,61,
2026-07-31,16:55,LIGHT,58,
2026-07-31,16:56,LIGHT,60,
2026-07-31,16:57,LIGHT,54,
2026-07-31,16:58,LIGHT,57,
2026-07-31,16:59,LIGHT,54,
2026-07-31,17:00,LIGHT,54,
2026-07-31,17:01,LIGHT,56,
2026-07-31,17:02,LIGHT,55,
2026-07-31,17:03,LIGHT,54,
2026-07-31,17:04,LIGHT,52,
2026-07-31,17:05,LIGHT,53,
2026-07-31,17:06,LIGHT,55,
2026-07-31,17:07,LIGHT,55,
2026-07-31,17:08,LIGHT,66,
2026-07-31,17:09,LIGHT,77,
2026-07-31,17:10,LIGHT,78,
2026-07-31,17:11,LIGHT,78,
2026-07-31,17:12,LIGHT,72,
2026-07-31,17:13,LIGHT,70,
2026-07-31,17:14,LIGHT,74,
2026-07-31,17:15,LIGHT,80,
2026-07-31,17:16,LIGHT,79,
2026-07-31,17:17,LIGHT,76,
2026-07-31,17:18,LIGHT,78,
2026-07-31,17:19,LIGHT,75,
2026-07-31,17:20,LIGHT,78,
2026-07-31,17:21,LIGHT,84,
2026-07-31,17:22,LIGHT,86,
2026-07-31,17:23,LIGHT,85,
2026-07-31,17:24,LIGHT,92,
2026-07-31,17:25,LIGHT,97,
2026-07-31,17:26,LIGHT,91,
2026-07-31,17:27,LIGHT,75,
2026-07-31,17:28,LIGHT,70,
2026-07-31,17:29,LIGHT,71,
2026-07-31,17:30,WAKE,78,
2026-07-31,17:31,LIGHT,80,
2026-07-31,17:32,LIGHT,90,
2026-07-31,17:33,LIGHT,92,
2026-07-31,17:34,LIGHT,92,
2026-07-31,17:35,LIGHT,79,
2026-07-31,17:36,WAKE,71,
2026-07-31,17:37,WAKE,82,
2026-07-31,17:38,LIGHT,102,
2026-07-31,17:39,LIGHT,98,
2026-07-31,17:40,LIGHT,87,
2026-08-01,03:03,LIGHT,83,
2026-08-01,03:04,LIGHT,82,
2026-08-01,03:05,LIGHT,84,
2026-08-01,03:06,LIGHT,86,
2026-08-01,03:07,LIGHT,83,
2026-08-01,03:08,LIGHT,80,
2026-08-01,03:09,LIGHT,71,
2026-08-01,03:10,LIGHT,64,
2026-08-01,03:11,LIGHT,67,
2026-08-01,03:12,LIGHT,63,
2026-08-01,03:13,LIGHT,65,
2026-08-01,03:14,DEEP,64,
2026-08-01,03:15,DEEP,62,
2026-08-01,03:16,DEEP,61,
2026-08-01,03:17,DEEP,63,
2026-08-01,03:18,DEEP,61,
2026-08-01,03:19,DEEP,62,
2026-08-01,03:20,DEEP,59,
2026-08-01,03:21,DEEP,60,
2026-08-01,03:22,DEEP,60,
2026-08-01,03:23,DEEP,58,
2026-08-01,03:24,DEEP,58,
2026-08-01,03:25,DEEP,60,
2026-08-01,03:26,DEEP,60,
2026-08-01,03:27,DEEP,60,
2026-08-01,03:28,DEEP,60,
2026-08-01,03:29,DEEP,60,
2026-08-01,03:30,DEEP,62,
2026-08-01,03:31,DEEP,72,
2026-08-01,03:32,DEEP,73,
2026-08-01,03:33,DEEP,73,
2026-08-01,03:34,DEEP,73,
2026-08-01,03:35,DEEP,76,
2026-08-01,03:36,DEEP,73,
2026-08-01,03:37,DEEP,75,
2026-08-01,03:38,DEEP,70,
2026-08-01,03:39,DEEP,67,
2026-08-01,03:40,DEEP,69,
2026-08-01,03:41,DEEP,70,
2026-08-01,03:42,DEEP,69,
2026-08-01,03:43,DEEP,69,
2026-08-01,03:44,DEEP,76,
2026-08-01,03:45,DEEP,81,
2026-08-01,03:46,DEEP,82,
2026-08-01,03:47,DEEP,82,
2026-08-01,03:48,DEEP,82,
2026-08-01,03:49,DEEP,79,
2026-08-01,03:50,DEEP,71,
2026-08-01,03:51,DEEP,74,
2026-08-01,03:52,DEEP,76,
2026-08-01,03:53,DEEP,63,
2026-08-01,03:54,DEEP,59,
2026-08-01,03:55,DEEP,56,
2026-08-01,03:56,DEEP,58,
2026-08-01,03:57,DEEP,60,
2026-08-01,03:58,DEEP,59,
2026-08-01,03:59,DEEP,59,
2026-08-01,04:00,DEEP,59,
2026-08-01,04:01,LIGHT,57,
2026-08-01,04:02,LIGHT,56,
2026-08-01,04:03,LIGHT,56,
2026-08-01,04:04,LIGHT,56,
2026-08-01,04:05,REM,55,
2026-08-01,04:06,REM,54,
2026-08-01,04:07,REM,54,
2026-08-01,04:08,REM,53,
2026-08-01,04:09,REM,53,
2026-08-01,04:10,REM,52,
2026-08-01,04:11,REM,53,
2026-08-01,04:12,REM,53,
2026-08-01,04:13,REM,63,
2026-08-01,04:14,REM,83,
2026-08-01,04:15,REM,85,
2026-08-01,04:16,REM,92,
2026-08-01,04:17,REM,96,
2026-08-01,04:18,REM,81,
2026-08-01,04:19,REM,68,
2026-08-01,04:20,REM,70,
2026-08-01,04:21,REM,69,
2026-08-01,04:22,REM,63,
2026-08-01,04:23,REM,62,
2026-08-01,04:24,REM,58,
2026-08-01,04:25,LIGHT,58,
2026-08-01,04:26,LIGHT,59,
2026-08-01,04:27,LIGHT,56,
2026-08-01,04:28,LIGHT,56,
2026-08-01,04:29,LIGHT,54,
2026-08-01,04:30,LIGHT,54,
2026-08-01,04:31,LIGHT,53,
2026-08-01,04:32,LIGHT,52,
2026-08-01,04:33,LIGHT,52,
2026-08-01,04:34,LIGHT,52,
2026-08-01,04:35,LIGHT,52,
2026-08-01,04:36,LIGHT,52,
2026-08-01,04:37,LIGHT,52,
2026-08-01,04:38,LIGHT,54,
2026-08-01,04:39,LIGHT,51,
2026-08-01,04:40,LIGHT,50,
2026-08-01,04:41,LIGHT,50,
2026-08-01,04:42,LIGHT,50,
2026-08-01,04:43,LIGHT,50,
2026-08-01,04:44,LIGHT,50,
2026-08-01,04:45,LIGHT,50,
2026-08-01,04:46,LIGHT,50,
2026-08-01,04:47,LIGHT,50,
2026-08-01,04:48,LIGHT,50,
2026-08-01,04:49,LIGHT,50,
2026-08-01,04:50,LIGHT,50,
2026-08-01,04:51,LIGHT,50,
2026-08-01,04:52,LIGHT,50,
2026-08-01,04:53,LIGHT,50,
2026-08-01,04:54,LIGHT,50,
2026-08-01,04:55,LIGHT,49,
2026-08-01,04:56,LIGHT,49,
2026-08-01,04:57,LIGHT,54,
2026-08-01,04:58,LIGHT,49,
2026-08-01,04:59,LIGHT,49,
2026-08-01,05:00,DEEP,52,
2026-08-01,05:01,DEEP,49,
2026-08-01,05:02,DEEP,48,
2026-08-01,05:03,LIGHT,47,
2026-08-01,05:04,LIGHT,47,
2026-08-01,05:05,LIGHT,47,
2026-08-01,05:06,WAKE,47,
2026-08-01,05:07,WAKE,47,
2026-08-01,05:08,LIGHT,47,
2026-08-01,05:09,LIGHT,54,
2026-08-01,05:10,LIGHT,48,
2026-08-01,05:11,LIGHT,46,
2026-08-01,05:12,LIGHT,48,
2026-08-01,05:13,LIGHT,46,
2026-08-01,05:14,LIGHT,46,
2026-08-01,05:15,LIGHT,46,
2026-08-01,05:16,LIGHT,46,
2026-08-01,05:17,LIGHT,46,
2026-08-01,05:18,LIGHT,46,
2026-08-01,05:19,LIGHT,49,
2026-08-01,05:20,LIGHT,50,
2026-08-01,05:21,LIGHT,48,
2026-08-01,05:22,LIGHT,51,
2026-08-01,05:23,LIGHT,50,
2026-08-01,05:24,LIGHT,50,
2026-08-01,05:25,LIGHT,50,
2026-08-01,05:26,LIGHT,50,
2026-08-01,05:27,LIGHT,52,
2026-08-01,05:28,LIGHT,53,
2026-08-01,05:29,LIGHT,58,
2026-08-01,05:30,LIGHT,52,
2026-08-01,05:31,LIGHT,50,
2026-08-01,05:32,LIGHT,49,
2026-08-01,05:33,LIGHT,49,
2026-08-01,05:34,LIGHT,49,
2026-08-01,05:35,LIGHT,49,
2026-08-01,05:36,LIGHT,50,
2026-08-01,05:37,LIGHT,51,
2026-08-01,05:38,LIGHT,51,
2026-08-01,05:39,LIGHT,51,
2026-08-01,05:40,LIGHT,50,
2026-08-01,05:41,LIGHT,49,
2026-08-01,05:42,LIGHT,49,
2026-08-01,05:43,LIGHT,48,
2026-08-01,05:44,LIGHT,49,
2026-08-01,05:45,LIGHT,49,
2026-08-01,05:46,LIGHT,49,
2026-08-01,05:47,LIGHT,50,
2026-08-01,05:48,LIGHT,50,
2026-08-01,05:49,LIGHT,50,
2026-08-01,05:50,LIGHT,56,
2026-08-01,05:51,LIGHT,49,
2026-08-01,05:52,LIGHT,46,
2026-08-01,05:53,LIGHT,47,
2026-08-01,05:54,LIGHT,47,
2026-08-01,05:55,LIGHT,48,
2026-08-01,05:56,LIGHT,48,
2026-08-01,05:57,REM,48,
2026-08-01,05:58,REM,47,
2026-08-01,05:59,REM,47,
2026-08-01,06:00,REM,47,
2026-08-01,06:01,REM,47,
2026-08-01,06:02,REM,47,
2026-08-01,06:03,REM,47,
2026-08-01,06:04,LIGHT,47,
2026-08-01,06:05,LIGHT,47,
2026-08-01,06:06,LIGHT,46,
2026-08-01,06:07,LIGHT,46,
2026-08-01,06:08,LIGHT,46,
2026-08-01,06:09,LIGHT,52,
2026-08-01,06:10,LIGHT,47,
2026-08-01,06:11,LIGHT,52,
2026-08-01,06:12,WAKE,48,
2026-08-01,06:13,LIGHT,53,
2026-08-01,06:14,LIGHT,56,
2026-08-01,06:15,LIGHT,48,
2026-08-01,06:16,WAKE,44,
2026-08-01,06:17,LIGHT,43,
2026-08-01,06:18,WAKE,43,
2026-08-01,06:19,WAKE,43,
2026-08-01,06:20,WAKE,43,
2026-08-01,06:21,LIGHT,43,
2026-08-01,06:22,LIGHT,43,
2026-08-01,06:23,LIGHT,44,
2026-08-01,06:24,LIGHT,44,
2026-08-01,06:25,WAKE,46,
2026-08-01,06:26,LIGHT,56,
2026-08-01,06:27,LIGHT,46,
2026-08-01,06:28,LIGHT,43,
2026-08-01,14:32,LIGHT,51,
2026-08-01,14:33,LIGHT,51,
2026-08-01,14:34,LIGHT,51,
2026-08-01,14:35,LIGHT,51,
2026-08-01,14:36,LIGHT,52,
2026-08-01,14:37,LIGHT,53,
2026-08-01,14:38,LIGHT,53,
2026-08-01,14:39,LIGHT,53,
2026-08-01,14:40,LIGHT,53,
2026-08-01,14:41,LIGHT,53,
2026-08-01,14:42,LIGHT,53,
2026-08-01,14:43,LIGHT,52,
2026-08-01,14:44,LIGHT,52,
2026-08-01,14:45,LIGHT,62,
2026-08-01,14:46,LIGHT,61,
2026-08-01,14:47,LIGHT,55,
2026-08-01,14:48,LIGHT,52,
2026-08-01,14:49,DEEP,53,
2026-08-01,14:50,DEEP,53,
2026-08-01,14:51,DEEP,53,
2026-08-01,14:52,DEEP,52,
2026-08-01,14:53,DEEP,54,
2026-08-01,14:54,DEEP,57,
2026-08-01,14:55,DEEP,53,
2026-08-01,14:56,DEEP,52,
2026-08-01,14:57,DEEP,52,
2026-08-01,14:58,DEEP,52,
2026-08-01,14:59,DEEP,52,
2026-08-01,15:00,DEEP,54,
2026-08-01,15:01,DEEP,53,
2026-08-01,15:02,DEEP,52,
2026-08-01,15:03,DEEP,55,
2026-08-01,15:04,DEEP,54,
2026-08-01,15:05,DEEP,55,
2026-08-01,15:06,DEEP,60,
2026-08-01,15:07,DEEP,57,
2026-08-01,15:08,DEEP,55,
2026-08-01,15:09,DEEP,56,
2026-08-01,15:10,DEEP,56,
2026-08-01,15:11,DEEP,53,
2026-08-01,15:12,DEEP,60,
2026-08-01,15:13,DEEP,54,
2026-08-01,15:14,DEEP,54,
2026-08-01,15:15,DEEP,53,
2026-08-01,15:16,DEEP,52,
2026-08-01,15:17,DEEP,52,
2026-08-01,15:18,LIGHT,52,
2026-08-01,15:19,LIGHT,53,
2026-08-01,15:20,LIGHT,52,
2026-08-01,15:21,WAKE,51,
2026-08-01,15:22,LIGHT,50,
2026-08-01,15:23,LIGHT,50,
2026-08-01,15:24,LIGHT,52,
2026-08-01,15:25,LIGHT,52,
2026-08-01,15:26,LIGHT,61,
2026-08-01,15:27,LIGHT,56,
2026-08-01,15:28,LIGHT,52,
2026-08-01,15:29,LIGHT,50,
2026-08-01,15:30,LIGHT,50,
2026-08-01,15:31,LIGHT,52,
2026-08-01,15:32,REM,50,
2026-08-01,15:33,REM,52,
2026-08-01,15:34,REM,50,
2026-08-01,15:35,LIGHT,51,
2026-08-01,15:36,LIGHT,52,
2026-08-01,15:37,LIGHT,52,
2026-08-01,15:38,WAKE,52,
2026-08-01,15:39,WAKE,54,
2026-08-01,15:40,WAKE,49,
2026-08-01,15:41,WAKE,49,
2026-08-01,15:42,WAKE,49,
2026-08-01,15:43,WAKE,49,
2026-08-01,15:44,WAKE,50,
2026-08-01,15:45,LIGHT,50,
2026-08-01,15:46,LIGHT,50,
2026-08-01,15:47,LIGHT,50,
2026-08-01,15:48,REM,51,
2026-08-01,15:49,REM,51,
2026-08-01,15:50,LIGHT,51,
2026-08-01,15:51,LIGHT,50,
2026-08-01,15:52,LIGHT,50,
2026-08-01,15:53,LIGHT,50,
2026-08-01,15:54,LIGHT,50,
2026-08-01,15:55,LIGHT,50,
2026-08-01,15:56,LIGHT,49,
2026-08-01,15:57,LIGHT,49,
2026-08-01,15:58,LIGHT,50,
2026-08-01,15:59,LIGHT,50,
2026-08-02,04:40,LIGHT,48,
2026-08-02,04:41,LIGHT,48,
2026-08-02,04:42,LIGHT,48,
2026-08-02,04:43,LIGHT,48,
2026-08-02,04:44,LIGHT,48,
2026-08-02,04:45,LIGHT,47,
2026-08-02,04:46,LIGHT,46,
2026-08-02,04:47,LIGHT,46,
2026-08-02,04:48,LIGHT,46,
2026-08-02,04:49,DEEP,46,
2026-08-02,04:50,DEEP,46,
2026-08-02,04:51,DEEP,46,
2026-08-02,04:52,DEEP,46,
2026-08-02,04:53,DEEP,45,
2026-08-02,04:54,DEEP,45,
2026-08-02,04:55,DEEP,45,
2026-08-02,04:56,DEEP,46,
2026-08-02,04:57,DEEP,45,
2026-08-02,04:58,DEEP,45,
2026-08-02,04:59,DEEP,45,
2026-08-02,05:00,DEEP,45,
2026-08-02,05:01,DEEP,45,
2026-08-02,05:02,DEEP,45,
2026-08-02,05:03,DEEP,44,
2026-08-02,05:04,DEEP,44,
2026-08-02,05:05,DEEP,44,
2026-08-02,05:06,DEEP,44,
2026-08-02,05:07,DEEP,44,
2026-08-02,05:08,DEEP,44,
2026-08-02,05:09,DEEP,44,
2026-08-02,05:10,DEEP,45,
2026-08-02,05:11,DEEP,45,
2026-08-02,05:12,LIGHT,45,
2026-08-02,05:13,LIGHT,45,
2026-08-02,05:14,LIGHT,45,
2026-08-02,05:15,LIGHT,45,
2026-08-02,05:16,LIGHT,45,
2026-08-02,05:17,LIGHT,44,
2026-08-02,05:18,LIGHT,44,
2026-08-02,05:19,LIGHT,44,
2026-08-02,05:20,LIGHT,45,
2026-08-02,05:21,LIGHT,45,
2026-08-02,05:22,LIGHT,45,
2026-08-02,05:23,LIGHT,45,
2026-08-02,05:24,REM,45,
2026-08-02,05:25,REM,45,
2026-08-02,05:26,REM,45,
2026-08-02,05:27,REM,45,
2026-08-02,05:28,REM,45,
2026-08-02,05:29,REM,45,
2026-08-02,05:30,REM,45,
2026-08-02,05:31,REM,45,
2026-08-02,05:32,REM,45,
2026-08-02,05:33,REM,45,
2026-08-02,05:34,REM,52,
2026-08-02,05:35,REM,54,
2026-08-02,05:36,REM,50,
2026-08-02,05:37,REM,54,
2026-08-02,05:38,REM,46,
2026-08-02,05:39,REM,43,
2026-08-02,05:40,REM,44,
2026-08-02,05:41,REM,43,
2026-08-02,05:42,REM,45,
2026-08-02,05:43,REM,44,
2026-08-02,05:44,REM,44,
2026-08-02,05:45,REM,44,
2026-08-02,05:46,REM,45,
2026-08-02,05:47,REM,57,
2026-08-02,05:48,REM,49,
2026-08-02,05:49,REM,45,
2026-08-02,05:50,LIGHT,44,
2026-08-02,05:51,LIGHT,44,
2026-08-02,05:52,LIGHT,46,
2026-08-02,05:53,LIGHT,44,
2026-08-02,05:54,LIGHT,42,
2026-08-02,05:55,LIGHT,42,
2026-08-02,05:56,LIGHT,44,
2026-08-02,05:57,LIGHT,45,
2026-08-02,05:58,LIGHT,48,
2026-08-02,05:59,LIGHT,51,
2026-08-02,06:00,LIGHT,46,
2026-08-02,06:01,LIGHT,51,
2026-08-02,06:02,LIGHT,46,
2026-08-02,06:03,LIGHT,47,
2026-08-02,06:04,LIGHT,46,
2026-08-02,06:05,LIGHT,44,
2026-08-02,06:06,LIGHT,44,
2026-08-02,06:07,LIGHT,44,
2026-08-02,06:08,LIGHT,46,
2026-08-02,06:09,LIGHT,43,
2026-08-02,06:10,LIGHT,48,
2026-08-02,06:11,LIGHT,54,
2026-08-02,06:12,LIGHT,49,
2026-08-02,06:13,LIGHT,44,
2026-08-02,06:14,LIGHT,44,
2026-08-02,06:15,WAKE,49,
2026-08-02,06:16,LIGHT,45,
2026-08-02,06:17,LIGHT,43,
2026-08-02,06:18,LIGHT,43,
2026-08-02,06:19,LIGHT,42,
2026-08-02,06:20,LIGHT,49,
2026-08-02,06:21,LIGHT,51,
2026-08-02,06:22,LIGHT,45,
2026-08-02,06:23,LIGHT,42,
2026-08-02,06:24,LIGHT,40,
2026-08-02,06:25,LIGHT,40,
2026-08-02,06:26,LIGHT,42,
2026-08-02,06:27,LIGHT,41,
2026-08-02,06:28,LIGHT,42,
2026-08-02,06:29,LIGHT,42,
2026-08-02,06:30,LIGHT,47,
2026-08-02,06:31,LIGHT,44,
2026-08-02,06:32,LIGHT,41,
2026-08-02,06:33,LIGHT,42,
2026-08-02,06:34,LIGHT,47,
2026-08-02,06:35,LIGHT,49,
2026-08-02,06:36,LIGHT,61,
2026-08-02,06:37,LIGHT,61,
2026-08-02,06:38,LIGHT,55,
2026-08-02,06:39,LIGHT,57,
2026-08-02,06:40,LIGHT,64,
2026-08-02,06:41,LIGHT,62,
2026-08-02,06:42,LIGHT,63,
2026-08-02,06:43,LIGHT,76,
2026-08-02,06:44,LIGHT,67,
2026-08-02,06:45,DEEP,66,
2026-08-02,06:46,DEEP,63,
2026-08-02,06:47,DEEP,66,
2026-08-02,06:48,DEEP,53,
2026-08-02,06:49,DEEP,48,
2026-08-02,06:50,DEEP,54,
2026-08-02,06:51,DEEP,59,
2026-08-02,06:52,DEEP,64,
2026-08-02,06:53,LIGHT,61,
2026-08-02,06:54,LIGHT,54,
2026-08-02,06:55,LIGHT,54,
2026-08-02,06:56,LIGHT,61,
2026-08-02,06:57,LIGHT,74,
2026-08-02,06:58,LIGHT,80,
2026-08-02,06:59,LIGHT,83,
2026-08-02,07:00,LIGHT,82,
2026-08-02,07:01,LIGHT,82,
2026-08-02,07:02,LIGHT,64,
2026-08-02,07:03,LIGHT,71,
2026-08-02,07:04,REM,85,
2026-08-02,07:05,REM,88,
2026-08-02,07:06,REM,93,
2026-08-02,07:07,REM,98,
2026-08-02,07:08,REM,105,
2026-08-02,07:09,REM,97,
2026-08-02,07:10,REM,91,
2026-08-02,07:11,REM,85,
2026-08-02,07:12,REM,77,
2026-08-02,07:13,REM,74,
2026-08-02,07:14,REM,77,
2026-08-02,07:15,REM,66,
2026-08-02,07:16,REM,63,
2026-08-02,07:17,REM,64,
2026-08-02,07:18,REM,71,
2026-08-02,07:19,REM,81,
2026-08-02,07:20,REM,78,
2026-08-02,07:21,REM,78,
2026-08-02,07:22,REM,77,
2026-08-02,07:23,REM,79,
2026-08-02,07:24,REM,79,
2026-08-02,07:25,REM,76,
2026-08-02,07:26,REM,79,
2026-08-02,07:27,REM,84,
2026-08-02,07:28,REM,88,
2026-08-02,07:29,LIGHT,87,
2026-08-02,07:30,LIGHT,83,
2026-08-02,07:31,LIGHT,76,
2026-08-02,07:32,WAKE,76,
2026-08-02,07:33,WAKE,80,
2026-08-02,07:34,WAKE,82,
2026-08-02,07:35,WAKE,72,
2026-08-02,07:36,WAKE,62,
2026-08-02,07:37,WAKE,60,
2026-08-02,07:38,WAKE,65,
2026-08-02,07:39,WAKE,72,
2026-08-02,07:40,WAKE,82,
2026-08-02,07:41,WAKE,79,
2026-08-02,07:42,WAKE,82,
2026-08-02,07:43,WAKE,79,
2026-08-02,07:44,WAKE,77,
2026-08-02,07:45,WAKE,75,
2026-08-02,07:46,WAKE,76,
2026-08-02,07:47,WAKE,80,
2026-08-02,07:48,WAKE,106,
2026-08-02,07:49,WAKE,139,
2026-08-02,07:50,WAKE,161,
2026-08-02,07:51,WAKE,166,
2026-08-02,07:52,WAKE,168,
2026-08-02,07:53,WAKE,171,
2026-08-02,07:54,WAKE,171,
2026-08-02,07:55,WAKE,173,
2026-08-02,07:56,WAKE,175,
2026-08-02,07:57,WAKE,176,
2026-08-02,07:58,WAKE,179,
2026-08-02,07:59,WAKE,179,
2026-08-02,08:00,WAKE,181,
2026-08-02,08:01,WAKE,183,
2026-08-02,08:02,WAKE,185,
2026-08-02,08:03,LIGHT,185,
2026-08-02,08:04,LIGHT,185,
2026-08-02,08:05,LIGHT,185,
2026-08-02,08:06,LIGHT,185,
2026-08-02,08:07,WAKE,184,
2026-08-02,08:08,WAKE,184,
2026-08-02,08:09,WAKE,184,
2026-08-02,08:10,WAKE,184,
2026-08-02,08:11,WAKE,184,
2026-08-02,08:12,WAKE,183,
2026-08-02,08:13,WAKE,171,
2026-08-02,08:14,LIGHT,139,
2026-08-02,08:15,LIGHT,128,
2026-08-02,08:16,LIGHT,129,
2026-08-02,08:17,LIGHT,127,
2026-08-02,08:18,LIGHT,127,
2026-08-02,08:19,LIGHT,132,
2026-08-02,08:20,LIGHT,125,
2026-08-02,08:21,LIGHT,122,
2026-08-02,08:22,LIGHT,116,
2026-08-02,08:23,LIGHT,113,
2026-08-02,08:24,LIGHT,117,
2026-08-02,08:25,LIGHT,115,
2026-08-02,08:26,LIGHT,109,
2026-08-02,08:27,LIGHT,109,
2026-08-02,08:28,LIGHT,111,
2026-08-02,08:29,LIGHT,108,
2026-08-02,08:30,LIGHT,100,
2026-08-02,08:31,LIGHT,100,
2026-08-02,14:13,LIGHT,46,
2026-08-02,14:14,LIGHT,45,
2026-08-02,14:15,LIGHT,46,
2026-08-02,14:16,LIGHT,47,
2026-08-02,14:17,LIGHT,46,
2026-08-02,14:18,LIGHT,46,
2026-08-02,14:19,LIGHT,46,
2026-08-02,14:20,LIGHT,48,
2026-08-02,14:21,LIGHT,48,
2026-08-02,14:22,LIGHT,46,
2026-08-02,14:23,LIGHT,46,
2026-08-02,14:24,LIGHT,45,
2026-08-02,14:25,LIGHT,46,
2026-08-02,14:26,LIGHT,46,
2026-08-02,14:27,LIGHT,46,
2026-08-02,14:28,LIGHT,46,
2026-08-02,14:29,LIGHT,46,
2026-08-02,14:30,LIGHT,49,
2026-08-02,14:31,LIGHT,49,
2026-08-02,14:32,DEEP,47,
2026-08-02,14:33,DEEP,52,
2026-08-02,14:34,DEEP,57,
2026-08-02,14:35,DEEP,55,
2026-08-02,14:36,DEEP,55,
2026-08-02,14:37,DEEP,55,
2026-08-02,14:38,DEEP,55,
2026-08-02,14:39,DEEP,55,
2026-08-02,14:40,DEEP,50,
2026-08-02,14:41,DEEP,50,
2026-08-02,14:42,DEEP,48,
2026-08-02,14:43,DEEP,48,
2026-08-02,14:44,DEEP,52,
2026-08-02,14:45,DEEP,48,
2026-08-02,14:46,DEEP,48,
2026-08-02,14:47,LIGHT,46,
2026-08-02,14:48,LIGHT,47,
2026-08-02,14:49,LIGHT,48,
2026-08-02,14:50,LIGHT,65,
2026-08-02,14:51,LIGHT,54,
2026-08-02,14:52,LIGHT,48,
2026-08-02,14:53,LIGHT,48,
2026-08-02,14:54,LIGHT,48,
2026-08-02,14:55,REM,52,
2026-08-02,14:56,REM,63,
2026-08-02,14:57,LIGHT,55,
2026-08-02,14:58,LIGHT,49,
2026-08-02,14:59,LIGHT,48,
2026-08-02,15:00,LIGHT,45,
2026-08-02,15:01,LIGHT,52,
2026-08-02,15:02,LIGHT,53,
2026-08-02,15:03,REM,48,
2026-08-02,15:04,REM,47,
2026-08-02,15:05,REM,46,
2026-08-02,15:06,REM,47,
2026-08-02,15:07,REM,47,
2026-08-02,15:08,REM,47,
2026-08-02,15:09,REM,47,
2026-08-02,15:10,REM,47,
2026-08-02,15:11,REM,45,
2026-08-02,15:12,REM,45,
2026-08-02,15:13,REM,46,
2026-08-02,15:14,REM,47,
2026-08-02,15:15,REM,49,
2026-08-02,15:16,REM,48,
2026-08-02,15:17,REM,46,
2026-08-02,15:18,REM,49,
2026-08-02,15:19,REM,46,
2026-08-02,15:20,REM,46,
2026-08-02,15:21,REM,46,
2026-08-02,15:22,REM,46,
2026-08-02,15:23,REM,47,
2026-08-02,15:24,REM,47,
2026-08-02,15:25,REM,51,
2026-08-02,15:26,REM,49,
2026-08-02,15:27,REM,50,
2026-08-02,15:28,REM,51,
2026-08-02,15:29,REM,50,
2026-08-02,15:30,REM,58,
2026-08-02,15:31,REM,53,
2026-08-02,15:32,REM,50,
2026-08-02,15:33,REM,49,
2026-08-02,15:34,REM,51,
2026-08-02,15:35,REM,48,
2026-08-02,15:36,REM,48,
2026-08-02,15:37,REM,54,
2026-08-02,15:38,REM,55,
2026-08-02,15:39,REM,53,
2026-08-02,15:40,LIGHT,53,
2026-08-02,15:41,LIGHT,51,
2026-08-02,15:42,LIGHT,49,
2026-08-02,15:43,LIGHT,47,
2026-08-02,15:44,LIGHT,53,
2026-08-02,15:45,LIGHT,48,
2026-08-02,15:46,LIGHT,46,
2026-08-02,15:47,LIGHT,46,
2026-08-02,15:48,LIGHT,46,
2026-08-02,15:49,LIGHT,48,
2026-08-02,15:50,LIGHT,50,
2026-08-02,15:51,LIGHT,51,
2026-08-02,15:52,LIGHT,50,
2026-08-02,15:53,LIGHT,47,
2026-08-02,15:54,LIGHT,45,
2026-08-02,15:55,LIGHT,47,
2026-08-02,15:56,LIGHT,52,
2026-08-02,15:57,LIGHT,48,
2026-08-02,15:58,LIGHT,47,
2026-08-02,15:59,LIGHT,48,
2026-08-02,16:00,LIGHT,49,
2026-08-02,16:01,LIGHT,50,
2026-08-02,16:02,LIGHT,53,
2026-08-02,16:03,LIGHT,60,
2026-08-02,16:04,LIGHT,65,
2026-08-02,16:05,LIGHT,70,
2026-08-02,16:06,LIGHT,67,
2026-08-02,16:07,LIGHT,66,
2026-08-02,16:08,LIGHT,64,
2026-08-02,16:09,LIGHT,61,
2026-08-02,16:10,LIGHT,63,
2026-08-02,16:11,LIGHT,65,
2026-08-02,16:12,LIGHT,62,
2026-08-02,16:13,LIGHT,63,
2026-08-02,16:14,LIGHT,70,
2026-08-02,16:15,LIGHT,63,
2026-08-02,16:16,LIGHT,69,
2026-08-02,16:17,LIGHT,68,
2026-08-02,16:18,LIGHT,65,
2026-08-02,16:19,LIGHT,64,
2026-08-02,16:20,LIGHT,72,
2026-08-02,16:21,LIGHT,67,
2026-08-02,16:22,LIGHT,69,
2026-08-02,16:23,LIGHT,71,
2026-08-02,16:24,LIGHT,86,
2026-08-02,16:25,LIGHT,91,
2026-08-02,16:26,LIGHT,100,
2026-08-02,16:27,LIGHT,102,
2026-08-02,16:28,LIGHT,101,
2026-08-02,16:29,LIGHT,88,
2026-08-02,16:30,LIGHT,62,
2026-08-02,16:31,LIGHT,56,
2026-08-02,16:32,LIGHT,52,
2026-08-02,16:33,LIGHT,,
2026-08-02,16:34,LIGHT,,
2026-08-02,16:35,LIGHT,,
2026-08-02,16:36,LIGHT,,
2026-08-02,16:37,LIGHT,,
2026-08-02,16:38,LIGHT,,
2026-08-02,16:39,LIGHT,,
2026-08-02,16:40,LIGHT,,
2026-08-02,16:41,LIGHT,,
2026-08-02,16:42,LIGHT,,
2026-08-02,16:43,LIGHT,,
2026-08-02,16:44,LIGHT,,
2026-08-02,16:45,LIGHT,53,
2026-08-02,16:46,LIGHT,72,
2026-08-02,16:47,LIGHT,64,
2026-08-02,16:48,REM,53,
2026-08-02,16:49,REM,50,
2026-08-02,16:50,REM,55,
2026-08-02,16:51,REM,56,
2026-08-02,16:52,REM,56,
2026-08-02,16:53,REM,54,
2026-08-02,16:54,REM,61,
2026-08-02,16:55,REM,72,
2026-08-02,16:56,REM,82,
2026-08-02,16:57,REM,86,
2026-08-02,16:58,REM,86,
2026-08-02,16:59,REM,71,
2026-08-02,17:00,REM,66,
2026-08-02,17:01,REM,65,
2026-08-02,17:02,REM,57,
2026-08-02,17:03,LIGHT,62,
2026-08-02,17:04,LIGHT,74,
2026-08-02,17:05,LIGHT,79,
2026-08-02,17:06,LIGHT,80,
2026-08-02,17:07,REM,80,
2026-08-02,17:08,REM,76,
2026-08-02,17:09,REM,79,
2026-08-02,17:10,REM,84,
2026-08-02,17:11,REM,87,
2026-08-02,17:12,LIGHT,84,
2026-08-02,17:13,LIGHT,87,
2026-08-02,17:14,LIGHT,78,
2026-08-02,17:15,LIGHT,70,
2026-08-02,17:16,LIGHT,61,
2026-08-03,01:27,LIGHT,57,
2026-08-03,01:28,LIGHT,66,
2026-08-03,01:29,LIGHT,73,
2026-08-03,01:30,LIGHT,73,
2026-08-03,01:31,LIGHT,69,
2026-08-03,01:32,DEEP,69,
2026-08-03,01:33,DEEP,67,
2026-08-03,01:34,DEEP,65,
2026-08-03,01:35,DEEP,57,
2026-08-03,01:36,DEEP,57,
2026-08-03,01:37,DEEP,54,
2026-08-03,01:38,DEEP,51,
2026-08-03,01:39,DEEP,51,
2026-08-03,01:40,DEEP,51,
2026-08-03,01:41,DEEP,51,
2026-08-03,01:42,DEEP,52,
2026-08-03,01:43,DEEP,52,
2026-08-03,01:44,DEEP,49,
2026-08-03,01:45,DEEP,49,
2026-08-03,01:46,DEEP,50,
2026-08-03,01:47,DEEP,57,
2026-08-03,01:48,DEEP,55,
2026-08-03,01:49,LIGHT,50,
2026-08-03,01:50,LIGHT,50,
2026-08-03,01:51,LIGHT,50,
2026-08-03,01:52,LIGHT,53,
2026-08-03,01:53,LIGHT,60,
2026-08-03,01:54,LIGHT,56,
2026-08-03,01:55,LIGHT,52,
2026-08-03,01:56,LIGHT,51,
2026-08-03,01:57,DEEP,52,
2026-08-03,01:58,DEEP,52,
2026-08-03,01:59,DEEP,52,
2026-08-03,02:00,DEEP,50,
2026-08-03,02:01,DEEP,50,
2026-08-03,02:02,DEEP,52,
2026-08-03,02:03,DEEP,52,
2026-08-03,02:04,DEEP,52,
2026-08-03,02:05,DEEP,51,
2026-08-03,02:06,DEEP,51,
2026-08-03,02:07,DEEP,51,
2026-08-03,02:08,DEEP,51,
2026-08-03,02:09,DEEP,51,
2026-08-03,02:10,DEEP,51,
2026-08-03,02:11,DEEP,51,
2026-08-03,02:12,DEEP,51,
2026-08-03,02:13,DEEP,51,
2026-08-03,02:14,DEEP,50,
2026-08-03,02:15,DEEP,50,
2026-08-03,02:16,DEEP,50,
2026-08-03,02:17,DEEP,50,
2026-08-03,02:18,DEEP,50,
2026-08-03,02:19,DEEP,50,
2026-08-03,02:20,DEEP,50,
2026-08-03,02:21,DEEP,51,
2026-08-03,02:22,DEEP,52,
2026-08-03,02:23,DEEP,51,
2026-08-03,02:24,DEEP,50,
2026-08-03,02:25,DEEP,50,
2026-08-03,02:26,DEEP,51,
2026-08-03,02:27,DEEP,56,
2026-08-03,02:28,LIGHT,48,
2026-08-03,02:29,LIGHT,47,
2026-08-03,02:30,LIGHT,47,
2026-08-03,02:31,WAKE,47,
2026-08-03,02:32,WAKE,47,
2026-08-03,02:33,LIGHT,47,
2026-08-03,02:34,LIGHT,47,
2026-08-03,02:35,LIGHT,47,
2026-08-03,02:36,LIGHT,47,
2026-08-03,02:37,REM,48,
2026-08-03,02:38,REM,48,
2026-08-03,02:39,REM,48,
2026-08-03,02:40,REM,48,
2026-08-03,02:41,REM,48,
2026-08-03,02:42,REM,48,
2026-08-03,02:43,REM,48,
2026-08-03,02:44,REM,48,
2026-08-03,02:45,REM,48,
2026-08-03,02:46,REM,48,
2026-08-03,02:47,REM,48,
2026-08-03,02:48,REM,48,
2026-08-03,02:49,REM,48,
2026-08-03,02:50,REM,48,
2026-08-03,02:51,REM,48,
2026-08-03,02:52,REM,48,
2026-08-03,02:53,REM,48,
2026-08-03,02:54,REM,48,
2026-08-03,02:55,REM,48,
2026-08-03,02:56,REM,48,
2026-08-03,02:57,REM,48,
2026-08-03,02:58,REM,48,
2026-08-03,02:59,LIGHT,48,
2026-08-03,03:00,LIGHT,48,
2026-08-03,03:01,LIGHT,49,
2026-08-03,03:02,LIGHT,49,
2026-08-03,03:03,LIGHT,49,
2026-08-03,03:04,LIGHT,49,
2026-08-03,03:05,LIGHT,49,
2026-08-03,03:06,LIGHT,56,
2026-08-03,03:07,LIGHT,53,
2026-08-03,03:08,LIGHT,53,
2026-08-03,03:09,LIGHT,57,
2026-08-03,03:10,LIGHT,69,
2026-08-03,03:11,LIGHT,62,
2026-08-03,03:12,LIGHT,54,
2026-08-03,03:13,LIGHT,54,
2026-08-03,03:14,LIGHT,54,
2026-08-03,03:15,LIGHT,56,
2026-08-03,03:16,LIGHT,56,
2026-08-03,03:17,LIGHT,56,
2026-08-03,03:18,LIGHT,56,
2026-08-03,03:19,LIGHT,56,
2026-08-03,03:20,LIGHT,56,
2026-08-03,03:21,LIGHT,58,
2026-08-03,03:22,LIGHT,63,
2026-08-03,03:23,LIGHT,56,
2026-08-03,03:24,LIGHT,53,
2026-08-03,03:25,LIGHT,53,
2026-08-03,03:26,LIGHT,53,
2026-08-03,03:27,LIGHT,53,
2026-08-03,03:28,LIGHT,52,
2026-08-03,03:29,LIGHT,52,
2026-08-03,03:30,LIGHT,52,
2026-08-03,03:31,LIGHT,52,
2026-08-03,03:32,LIGHT,51,
2026-08-03,03:33,LIGHT,51,
2026-08-03,03:34,LIGHT,51,
2026-08-03,03:35,LIGHT,51,
2026-08-03,03:36,LIGHT,51,
2026-08-03,03:37,LIGHT,51,
2026-08-03,03:38,LIGHT,50,
2026-08-03,03:39,LIGHT,50,
2026-08-03,03:40,LIGHT,50,
2026-08-03,03:41,LIGHT,50,
2026-08-03,03:42,LIGHT,50,
2026-08-03,03:43,LIGHT,50,
2026-08-03,03:44,LIGHT,50,
2026-08-03,03:45,DEEP,50,
2026-08-03,03:46,DEEP,50,
2026-08-03,03:47,DEEP,50,
2026-08-03,03:48,DEEP,50,
2026-08-03,03:49,DEEP,50,
2026-08-03,03:50,DEEP,49,
2026-08-03,03:51,DEEP,49,
2026-08-03,03:52,DEEP,49,
2026-08-03,03:53,DEEP,50,
2026-08-03,03:54,DEEP,50,
2026-08-03,03:55,DEEP,50,
2026-08-03,03:56,DEEP,51,
2026-08-03,03:57,DEEP,56,
2026-08-03,03:58,LIGHT,53,
2026-08-03,03:59,LIGHT,48,
2026-08-03,04:00,LIGHT,48,
2026-08-03,04:01,LIGHT,48,
2026-08-03,04:02,LIGHT,48,
2026-08-03,04:03,LIGHT,48,
2026-08-03,04:04,LIGHT,48,
2026-08-03,04:05,REM,48,
2026-08-03,04:06,REM,48,
2026-08-03,04:07,REM,49,
2026-08-03,04:08,REM,50,
2026-08-03,04:09,REM,50,
2026-08-03,04:10,REM,50,
2026-08-03,04:11,REM,49,
2026-08-03,04:12,REM,49,
2026-08-03,04:13,REM,49,
2026-08-03,04:14,REM,48,
2026-08-03,04:15,REM,48,
2026-08-03,04:16,REM,48,
2026-08-03,04:17,REM,48,
2026-08-03,04:18,REM,48,
2026-08-03,04:19,REM,47,
2026-08-03,04:20,REM,47,
2026-08-03,04:21,REM,47,
2026-08-03,04:22,REM,53,
2026-08-03,04:23,REM,53,
2026-08-03,04:24,REM,55,
2026-08-03,04:25,REM,49,
2026-08-03,04:26,REM,48,
2026-08-03,04:27,REM,46,
2026-08-03,04:28,REM,47,
2026-08-03,04:29,REM,50,
2026-08-03,04:30,REM,50,
2026-08-03,04:31,REM,50,
2026-08-03,04:32,REM,51,
2026-08-03,04:33,REM,50,
2026-08-03,04:34,REM,51,
2026-08-03,04:35,REM,56,
2026-08-03,04:36,REM,50,
2026-08-03,04:37,REM,52,
2026-08-03,04:38,REM,51,
2026-08-03,04:39,REM,51,
2026-08-03,04:40,REM,52,
2026-08-03,04:41,LIGHT,52,
2026-08-03,04:42,LIGHT,52,
2026-08-03,04:43,LIGHT,52,
2026-08-03,04:44,LIGHT,59,
2026-08-03,04:45,LIGHT,50,
2026-08-03,04:46,LIGHT,47,
2026-08-03,04:47,LIGHT,47,
2026-08-03,04:48,LIGHT,47,
2026-08-03,04:49,LIGHT,47,
2026-08-03,04:50,LIGHT,47,
2026-08-03,04:51,LIGHT,47,
2026-08-03,04:52,LIGHT,48,
2026-08-03,04:53,LIGHT,48,
2026-08-03,04:54,LIGHT,47,
2026-08-03,04:55,LIGHT,47,
2026-08-03,04:56,LIGHT,47,
2026-08-03,04:57,LIGHT,47,
2026-08-03,04:58,LIGHT,47,
2026-08-03,04:59,LIGHT,46,
2026-08-03,05:00,LIGHT,47,
2026-08-03,05:01,LIGHT,49,
2026-08-03,05:02,LIGHT,54,
2026-08-03,05:03,LIGHT,49,
2026-08-03,05:04,LIGHT,53,
2026-08-03,05:05,LIGHT,48,
2026-08-03,05:06,LIGHT,53,
2026-08-03,05:07,LIGHT,53,
2026-08-03,05:08,LIGHT,52,
2026-08-03,05:09,LIGHT,48,
2026-08-03,05:10,LIGHT,45,
2026-08-03,05:11,LIGHT,45,
2026-08-03,05:12,LIGHT,45,
2026-08-03,05:13,LIGHT,45,
2026-08-03,05:14,DEEP,45,
2026-08-03,05:15,DEEP,45,
2026-08-03,05:16,DEEP,45,
2026-08-03,05:17,DEEP,45,
2026-08-03,05:18,DEEP,45,
2026-08-03,05:19,DEEP,46,
2026-08-03,05:20,DEEP,46,
2026-08-03,05:21,DEEP,46,
2026-08-03,05:22,DEEP,46,
2026-08-03,05:23,DEEP,49,
2026-08-03,05:24,DEEP,45,
2026-08-03,05:25,DEEP,45,
2026-08-03,05:26,DEEP,44,
2026-08-03,05:27,DEEP,44,
2026-08-03,05:28,DEEP,43,
2026-08-03,05:29,DEEP,43,
2026-08-03,05:30,DEEP,43,
2026-08-03,05:31,DEEP,43,
2026-08-03,05:32,DEEP,44,
2026-08-03,05:33,DEEP,44,
2026-08-03,05:34,DEEP,43,
2026-08-03,05:35,DEEP,43,
2026-08-03,05:36,LIGHT,44,
2026-08-03,05:37,LIGHT,44,
2026-08-03,05:38,LIGHT,44,
2026-08-03,05:39,LIGHT,44,
2026-08-03,05:40,LIGHT,50,
2026-08-03,05:41,LIGHT,47,
2026-08-03,05:42,LIGHT,44,
2026-08-03,05:43,LIGHT,44,
2026-08-03,05:44,LIGHT,51,
2026-08-03,05:45,LIGHT,45,
2026-08-03,05:46,REM,44,
2026-08-03,05:47,REM,44,
2026-08-03,05:48,REM,45,
2026-08-03,05:49,REM,45,
2026-08-03,05:50,REM,45,
2026-08-03,05:51,REM,45,
2026-08-03,05:52,REM,45,
2026-08-03,05:53,REM,46,
2026-08-03,05:54,REM,46,
2026-08-03,05:55,REM,46,
2026-08-03,05:56,REM,46,
2026-08-03,05:57,REM,47,
2026-08-03,05:58,REM,47,
2026-08-03,05:59,REM,47,
2026-08-03,06:00,REM,47,
2026-08-03,06:01,REM,47,
2026-08-03,06:02,REM,48,
2026-08-03,06:03,REM,48,
2026-08-03,06:04,LIGHT,48,
2026-08-03,06:05,LIGHT,47,
2026-08-03,06:06,LIGHT,47,
2026-08-03,06:07,LIGHT,48,
2026-08-03,06:08,LIGHT,48,
2026-08-03,06:09,LIGHT,48,
2026-08-03,06:10,LIGHT,48,
2026-08-03,06:11,LIGHT,48,
2026-08-03,06:12,WAKE,48,
2026-08-03,06:13,LIGHT,48,
2026-08-03,06:14,LIGHT,48,
2026-08-03,06:15,LIGHT,54,
2026-08-03,06:16,LIGHT,48,
2026-08-03,06:17,LIGHT,46,
2026-08-03,06:18,LIGHT,51,
2026-08-03,06:19,LIGHT,47,
2026-08-03,06:20,LIGHT,46,
2026-08-03,06:21,LIGHT,46,
2026-08-03,06:22,WAKE,48,
2026-08-03,06:23,LIGHT,45,
2026-08-03,06:24,LIGHT,45,
2026-08-03,06:25,LIGHT,46,
2026-08-03,06:26,LIGHT,47,
2026-08-03,06:27,LIGHT,45,
2026-08-03,06:28,LIGHT,45,
2026-08-03,06:29,LIGHT,54,
2026-08-03,06:30,LIGHT,54,
2026-08-03,06:31,LIGHT,51,
2026-08-03,06:32,LIGHT,48,
2026-08-03,06:33,LIGHT,49,
2026-08-03,06:34,LIGHT,50,
2026-08-03,13:19,LIGHT,74,
2026-08-03,13:20,LIGHT,74,
2026-08-03,13:21,LIGHT,71,
2026-08-03,13:22,LIGHT,73,
2026-08-03,13:23,LIGHT,73,
2026-08-03,13:24,LIGHT,71,
2026-08-03,13:25,LIGHT,78,
2026-08-03,13:26,LIGHT,79,
2026-08-03,13:27,LIGHT,69,
2026-08-03,13:28,LIGHT,69,
2026-08-03,13:29,LIGHT,69,
2026-08-03,13:30,LIGHT,69,
2026-08-03,13:31,LIGHT,70,
2026-08-03,13:32,LIGHT,68,
2026-08-03,13:33,LIGHT,65,
2026-08-03,13:34,LIGHT,69,
2026-08-03,13:35,LIGHT,70,
2026-08-03,13:36,DEEP,71,
2026-08-03,13:37,DEEP,84,
2026-08-03,13:38,DEEP,90,
2026-08-03,13:39,DEEP,91,
2026-08-03,13:40,DEEP,78,
2026-08-03,13:41,DEEP,73,
2026-08-03,13:42,DEEP,68,
2026-08-03,13:43,DEEP,72,
2026-08-03,13:44,DEEP,69,
2026-08-03,13:45,DEEP,68,
2026-08-03,13:46,DEEP,65,
2026-08-03,13:47,DEEP,67,
2026-08-03,13:48,LIGHT,68,
2026-08-03,13:49,LIGHT,78,
2026-08-03,13:50,LIGHT,76,
2026-08-03,13:51,WAKE,77,
2026-08-03,13:52,LIGHT,70,
2026-08-03,13:53,LIGHT,65,
2026-08-03,13:54,LIGHT,71,
2026-08-03,13:55,LIGHT,68,
2026-08-03,13:56,LIGHT,64,
2026-08-03,13:57,LIGHT,68,
2026-08-03,13:58,LIGHT,68,
2026-08-03,13:59,LIGHT,64,
2026-08-03,14:00,LIGHT,65,
2026-08-03,14:01,LIGHT,62,
2026-08-03,14:02,LIGHT,63,
2026-08-03,14:03,REM,67,
2026-08-03,14:04,REM,63,
2026-08-03,14:05,REM,66,
2026-08-03,14:06,REM,68,
2026-08-03,14:07,REM,61,
2026-08-03,14:08,REM,69,
2026-08-03,14:09,REM,69,
2026-08-03,14:10,REM,69,
2026-08-03,14:11,REM,64,
2026-08-03,14:12,REM,64,
2026-08-03,14:13,LIGHT,70,
2026-08-03,14:14,LIGHT,70,
2026-08-03,14:15,LIGHT,69,
2026-08-03,14:16,LIGHT,70,
2026-08-03,14:17,LIGHT,65,
2026-08-03,14:18,LIGHT,61,
2026-08-03,14:19,LIGHT,61,
2026-08-03,14:20,LIGHT,63,
2026-08-03,14:21,LIGHT,63,
2026-08-03,14:22,LIGHT,62,
2026-08-03,14:23,LIGHT,61,
2026-08-03,14:24,LIGHT,77,
2026-08-03,14:25,LIGHT,85,
2026-08-03,14:26,LIGHT,70,
2026-08-03,14:27,LIGHT,62,
2026-08-03,14:28,LIGHT,60,
2026-08-03,14:29,LIGHT,62,
2026-08-03,14:30,LIGHT,56,
2026-08-03,14:31,LIGHT,56,
2026-08-03,14:32,LIGHT,57,
2026-08-03,14:33,LIGHT,58,
2026-08-03,14:34,LIGHT,58,
2026-08-03,14:35,WAKE,57,
2026-08-03,14:36,WAKE,58,
2026-08-03,14:37,WAKE,57,
2026-08-03,14:38,WAKE,57,
2026-08-03,14:39,WAKE,57,
2026-08-03,14:40,WAKE,57,
2026-08-03,14:41,LIGHT,57,
2026-08-03,14:42,LIGHT,57,
2026-08-03,14:43,LIGHT,57,
2026-08-03,14:44,LIGHT,57,
2026-08-03,14:45,LIGHT,57,
2026-08-03,14:46,LIGHT,57,
2026-08-03,14:47,LIGHT,57,
2026-08-04,02:09,LIGHT,83,
2026-08-04,02:10,LIGHT,83,
2026-08-04,02:11,LIGHT,88,
2026-08-04,02:12,LIGHT,89,
2026-08-04,02:13,LIGHT,83,
2026-08-04,02:14,LIGHT,91,
2026-08-04,02:15,LIGHT,92,
2026-08-04,02:16,LIGHT,91,
2026-08-04,02:17,LIGHT,92,
2026-08-04,02:18,LIGHT,82,
2026-08-04,02:19,DEEP,79,
2026-08-04,02:20,DEEP,79,
2026-08-04,02:21,DEEP,76,
2026-08-04,02:22,DEEP,76,
2026-08-04,02:23,DEEP,78,
2026-08-04,02:24,DEEP,77,
2026-08-04,02:25,DEEP,78,
2026-08-04,02:26,DEEP,77,
2026-08-04,02:27,DEEP,79,
2026-08-04,02:28,DEEP,77,
2026-08-04,02:29,DEEP,84,
2026-08-04,02:30,DEEP,81,
2026-08-04,02:31,DEEP,81,
2026-08-04,02:32,DEEP,78,
2026-08-04,02:33,DEEP,75,
2026-08-04,02:34,DEEP,81,
2026-08-04,02:35,DEEP,77,
2026-08-04,02:36,DEEP,77,
2026-08-04,02:37,DEEP,77,
2026-08-04,02:38,DEEP,81,
2026-08-04,02:39,DEEP,88,
2026-08-04,02:40,DEEP,83,
2026-08-04,02:41,DEEP,81,
2026-08-04,02:42,DEEP,82,
2026-08-04,02:43,DEEP,82,
2026-08-04,02:44,DEEP,79,
2026-08-04,02:45,DEEP,81,
2026-08-04,02:46,DEEP,78,
2026-08-04,02:47,DEEP,78,
2026-08-04,02:48,DEEP,81,
2026-08-04,02:49,DEEP,78,
2026-08-04,02:50,DEEP,83,
2026-08-04,02:51,DEEP,83,
2026-08-04,02:52,DEEP,80,
2026-08-04,02:53,DEEP,84,
2026-08-04,02:54,DEEP,85,
2026-08-04,02:55,DEEP,84,
2026-08-04,02:56,DEEP,78,
2026-08-04,02:57,DEEP,78,
2026-08-04,02:58,DEEP,82,
2026-08-04,02:59,DEEP,81,
2026-08-04,03:00,DEEP,80,
2026-08-04,03:01,DEEP,80,
2026-08-04,03:02,DEEP,82,
2026-08-04,03:03,DEEP,82,
2026-08-04,03:04,DEEP,81,
2026-08-04,03:05,DEEP,79,
2026-08-04,03:06,DEEP,77,
2026-08-04,03:07,DEEP,78,
2026-08-04,03:08,LIGHT,80,
2026-08-04,03:09,LIGHT,79,
2026-08-04,03:10,LIGHT,81,
2026-08-04,03:11,WAKE,79,
2026-08-04,03:12,WAKE,79,
2026-08-04,03:13,WAKE,77,
2026-08-04,03:14,LIGHT,81,
2026-08-04,03:15,LIGHT,81,
2026-08-04,03:16,LIGHT,80,
2026-08-04,03:17,REM,78,
2026-08-04,03:18,REM,79,
2026-08-04,03:19,REM,87,
2026-08-04,03:20,REM,84,
2026-08-04,03:21,REM,79,
2026-08-04,03:22,REM,86,
2026-08-04,03:23,REM,83,
2026-08-04,03:24,REM,87,
2026-08-04,03:25,LIGHT,85,
2026-08-04,03:26,LIGHT,90,
2026-08-04,03:27,LIGHT,92,
2026-08-04,03:28,LIGHT,91,
2026-08-04,03:29,LIGHT,84,
2026-08-04,03:30,LIGHT,82,
2026-08-04,03:31,LIGHT,84,
2026-08-04,03:32,LIGHT,84,
2026-08-04,03:33,LIGHT,86,
2026-08-04,03:34,LIGHT,84,
2026-08-04,03:35,LIGHT,85,
2026-08-04,03:36,LIGHT,89,
2026-08-04,03:37,LIGHT,86,
2026-08-04,03:38,LIGHT,86,
2026-08-04,03:39,LIGHT,83,
2026-08-04,03:40,LIGHT,82,
2026-08-04,03:41,LIGHT,81,
2026-08-04,03:42,LIGHT,88,
2026-08-04,03:43,LIGHT,82,
2026-08-04,03:44,LIGHT,79,
2026-08-04,03:45,LIGHT,77,
2026-08-04,03:46,LIGHT,80,
2026-08-04,03:47,DEEP,77,
2026-08-04,03:48,DEEP,77,
2026-08-04,03:49,DEEP,75,
2026-08-04,03:50,DEEP,84,
2026-08-04,03:51,DEEP,81,
2026-08-04,03:52,DEEP,80,
2026-08-04,03:53,DEEP,80,
2026-08-04,03:54,DEEP,79,
2026-08-04,03:55,DEEP,81,
2026-08-04,03:56,DEEP,80,
2026-08-04,03:57,DEEP,77,
2026-08-04,03:58,LIGHT,77,
2026-08-04,03:59,LIGHT,82,
2026-08-04,04:00,LIGHT,83,
2026-08-04,04:01,LIGHT,83,
2026-08-04,04:02,LIGHT,82,
2026-08-04,04:03,LIGHT,84,
2026-08-04,04:04,LIGHT,82,
2026-08-04,04:05,LIGHT,84,
2026-08-04,04:06,LIGHT,81,
2026-08-04,04:07,LIGHT,80,
2026-08-04,04:08,LIGHT,81,
2026-08-04,04:09,LIGHT,88,
2026-08-04,04:10,LIGHT,86,
2026-08-04,04:11,LIGHT,86,
2026-08-04,04:12,LIGHT,82,
2026-08-04,04:13,DEEP,84,
2026-08-04,04:14,DEEP,83,
2026-08-04,04:15,DEEP,79,
2026-08-04,04:16,DEEP,77,
2026-08-04,04:17,DEEP,81,
2026-08-04,04:18,DEEP,81,
2026-08-04,04:19,DEEP,88,
2026-08-04,04:20,DEEP,85,
2026-08-04,04:21,DEEP,84,
2026-08-04,04:22,DEEP,87,
2026-08-04,04:23,DEEP,84,
2026-08-04,04:24,LIGHT,84,
2026-08-04,04:25,LIGHT,86,
2026-08-04,04:26,LIGHT,88,
2026-08-04,04:27,LIGHT,90,
2026-08-04,04:28,LIGHT,92,
2026-08-04,04:29,LIGHT,104,
2026-08-04,04:30,REM,110,
2026-08-04,04:31,REM,102,
2026-08-04,04:32,REM,94,
2026-08-04,04:33,REM,84,
2026-08-04,04:34,REM,74,
2026-08-04,04:35,REM,80,
2026-08-04,04:36,REM,77,
2026-08-04,04:37,REM,72,
2026-08-04,04:38,REM,70,
2026-08-04,04:39,REM,71,
2026-08-04,04:40,REM,73,
2026-08-04,04:41,REM,73,
2026-08-04,04:42,REM,74,
2026-08-04,04:43,REM,74,
2026-08-04,04:44,REM,76,
2026-08-04,04:45,REM,76,
2026-08-04,04:46,REM,77,
2026-08-04,04:47,REM,79,
2026-08-04,04:48,REM,81,
2026-08-04,04:49,REM,80,
2026-08-04,04:50,REM,84,
2026-08-04,04:51,REM,90,
2026-08-04,04:52,REM,95,
2026-08-04,04:53,REM,101,
2026-08-04,04:54,REM,106,
2026-08-04,04:55,REM,83,
2026-08-04,04:56,REM,78,
2026-08-04,04:57,REM,82,
2026-08-04,04:58,REM,85,
2026-08-04,04:59,REM,76,
2026-08-04,05:00,REM,73,
2026-08-04,05:01,REM,74,
2026-08-04,05:02,REM,71,
2026-08-04,05:03,REM,71,
2026-08-04,05:04,LIGHT,71,
2026-08-04,05:05,LIGHT,71,
2026-08-04,05:06,LIGHT,72,
2026-08-04,05:07,LIGHT,72,
2026-08-04,05:08,LIGHT,72,
2026-08-04,05:09,WAKE,73,
2026-08-04,05:10,LIGHT,74,
2026-08-04,05:11,LIGHT,74,
2026-08-04,05:12,LIGHT,75,
2026-08-04,05:13,LIGHT,75,
2026-08-04,05:14,LIGHT,76,
2026-08-04,05:15,LIGHT,76,
2026-08-04,05:16,LIGHT,76,
2026-08-04,05:17,LIGHT,76,
2026-08-04,05:18,LIGHT,78,
2026-08-04,05:19,LIGHT,77,
2026-08-04,05:20,LIGHT,76,
2026-08-04,05:21,LIGHT,76,
2026-08-04,05:22,LIGHT,76,
2026-08-04,05:23,LIGHT,77,
2026-08-04,05:24,LIGHT,77,
2026-08-04,05:25,LIGHT,80,
2026-08-04,05:26,LIGHT,77,
2026-08-04,05:27,LIGHT,77,
2026-08-04,05:28,LIGHT,77,
2026-08-04,05:29,LIGHT,77,
2026-08-04,05:30,LIGHT,80,
2026-08-04,05:31,LIGHT,77,
2026-08-04,05:32,LIGHT,79,
2026-08-04,05:33,LIGHT,79,
2026-08-04,05:34,LIGHT,84,
2026-08-04,05:35,LIGHT,85,
2026-08-04,05:36,LIGHT,85,
2026-08-04,05:37,LIGHT,79,
2026-08-04,05:38,LIGHT,79,
2026-08-04,05:39,DEEP,76,
2026-08-04,05:40,DEEP,76,
2026-08-04,05:41,LIGHT,75,
2026-08-04,05:42,LIGHT,75,
2026-08-04,05:43,LIGHT,75,
2026-08-04,05:44,LIGHT,74,
2026-08-04,05:45,LIGHT,75,
2026-08-04,05:46,LIGHT,75,
2026-08-04,05:47,LIGHT,75,
2026-08-04,05:48,LIGHT,75,
2026-08-04,05:49,LIGHT,80,
2026-08-04,05:50,LIGHT,77,
2026-08-04,05:51,LIGHT,77,
2026-08-04,05:52,LIGHT,76,
2026-08-04,05:53,LIGHT,78,
2026-08-04,05:54,LIGHT,78,
2026-08-04,05:55,LIGHT,83,
2026-08-04,05:56,LIGHT,83,
2026-08-04,05:57,LIGHT,82,
2026-08-04,05:58,LIGHT,83,
2026-08-04,05:59,LIGHT,80,
2026-08-04,06:00,DEEP,80,
2026-08-04,06:01,DEEP,81,
2026-08-04,06:02,DEEP,86,
2026-08-04,06:03,DEEP,88,
2026-08-04,06:04,DEEP,85,
2026-08-04,06:05,DEEP,82,
2026-08-04,06:06,DEEP,79,
2026-08-04,06:07,DEEP,81,
2026-08-04,06:08,DEEP,78,
2026-08-04,06:09,DEEP,79,
2026-08-04,06:10,DEEP,81,
2026-08-04,06:11,DEEP,79,
2026-08-04,06:12,DEEP,84,
2026-08-04,06:13,DEEP,85,
2026-08-04,06:14,DEEP,83,
2026-08-04,06:15,DEEP,83,
2026-08-04,06:16,LIGHT,85,
2026-08-04,06:17,LIGHT,84,
2026-08-04,06:18,LIGHT,81,
2026-08-04,06:19,LIGHT,84,
2026-08-04,06:20,LIGHT,85,
2026-08-04,06:21,LIGHT,81,
2026-08-04,06:22,LIGHT,77,
2026-08-04,06:23,LIGHT,77,
2026-08-04,06:24,LIGHT,79,
2026-08-04,06:25,LIGHT,80,
2026-08-04,06:26,LIGHT,87,
2026-08-04,06:27,LIGHT,87,
2026-08-04,06:28,LIGHT,82,
2026-08-04,06:29,LIGHT,83,
2026-08-04,06:30,LIGHT,82,
2026-08-04,06:31,WAKE,82,
2026-08-04,06:32,LIGHT,80,
2026-08-04,06:33,LIGHT,81,
2026-08-04,06:34,LIGHT,81,
2026-08-04,06:35,REM,80,
2026-08-04,06:36,REM,78,
2026-08-04,06:37,REM,80,
2026-08-04,06:38,REM,77,
2026-08-04,06:39,REM,75,
2026-08-04,06:40,REM,75,
2026-08-04,06:41,REM,76,
2026-08-04,06:42,REM,76,
2026-08-04,06:43,REM,81,
2026-08-04,06:44,REM,82,
2026-08-04,06:45,REM,87,
2026-08-04,06:46,REM,86,
2026-08-04,06:47,REM,83,
2026-08-04,06:48,REM,81,
2026-08-04,06:49,REM,79,
2026-08-04,06:50,REM,76,
2026-08-04,06:51,REM,74,
2026-08-04,06:52,REM,76,
2026-08-04,06:53,LIGHT,75,
2026-08-04,06:54,LIGHT,75,
2026-08-04,06:55,LIGHT,74,
2026-08-04,06:56,WAKE,76,
2026-08-04,06:57,LIGHT,76,
2026-08-04,06:58,LIGHT,76,
2026-08-04,06:59,LIGHT,78,
2026-08-04,07:00,LIGHT,77,
2026-08-04,07:01,LIGHT,79,
2026-08-04,07:02,LIGHT,79,
2026-08-04,07:03,LIGHT,81,
2026-08-04,07:04,LIGHT,92,
2026-08-04,07:05,LIGHT,89,
2026-08-04,07:06,LIGHT,87,
2026-08-04,07:07,LIGHT,79,
2026-08-04,07:08,LIGHT,76,
2026-08-04,07:09,LIGHT,76,
2026-08-04,07:10,LIGHT,74,
2026-08-04,07:11,LIGHT,74,
2026-08-04,07:12,LIGHT,81,
2026-08-04,07:13,LIGHT,82,
2026-08-04,07:14,LIGHT,76,
2026-08-04,07:15,LIGHT,82,
2026-08-04,07:16,LIGHT,78,
2026-08-04,07:17,LIGHT,82,
2026-08-04,07:18,LIGHT,78,
2026-08-04,07:19,LIGHT,73,
2026-08-04,07:20,WAKE,79,
2026-08-04,07:21,LIGHT,74,
2026-08-04,07:22,LIGHT,75,
2026-08-04,07:23,LIGHT,75,
2026-08-04,07:24,LIGHT,74,
2026-08-04,07:25,LIGHT,73,
2026-08-04,07:26,WAKE,75,
2026-08-04,07:27,LIGHT,73,
2026-08-04,07:28,LIGHT,73,
2026-08-04,07:29,LIGHT,74,
2026-08-04,07:30,LIGHT,79,
2026-08-04,07:31,LIGHT,76,
2026-08-04,07:32,LIGHT,78,
2026-08-04,07:33,LIGHT,82,
2026-08-04,07:34,LIGHT,76,
2026-08-04,07:35,LIGHT,81,
2026-08-04,07:36,LIGHT,78,
2026-08-04,07:37,LIGHT,75,
2026-08-04,07:38,LIGHT,72,
2026-08-04,07:39,LIGHT,71,
2026-08-04,07:40,LIGHT,72,
2026-08-04,07:41,LIGHT,74,
2026-08-04,07:42,LIGHT,74,
2026-08-04,14:25,LIGHT,53,
2026-08-04,14:26,LIGHT,54,
2026-08-04,14:27,LIGHT,62,
2026-08-04,14:28,LIGHT,58,
2026-08-04,14:29,LIGHT,56,
2026-08-04,14:30,LIGHT,56,
2026-08-04,14:31,LIGHT,55,
2026-08-04,14:32,LIGHT,60,
2026-08-04,14:33,LIGHT,55,
2026-08-04,14:34,LIGHT,55,
2026-08-04,14:35,LIGHT,60,
2026-08-04,14:36,LIGHT,61,
2026-08-04,14:37,LIGHT,56,
2026-08-04,14:38,LIGHT,58,
2026-08-04,14:39,DEEP,60,
2026-08-04,14:40,DEEP,67,
2026-08-04,14:41,DEEP,64,
2026-08-04,14:42,DEEP,63,
2026-08-04,14:43,DEEP,68,
2026-08-04,14:44,DEEP,68,
2026-08-04,14:45,DEEP,70,
2026-08-04,14:46,DEEP,71,
2026-08-04,14:47,DEEP,75,
2026-08-04,14:48,DEEP,76,
2026-08-04,14:49,DEEP,73,
2026-08-04,14:50,LIGHT,70,
2026-08-04,14:51,LIGHT,70,
2026-08-04,14:52,LIGHT,74,
2026-08-04,14:53,WAKE,79,
2026-08-04,14:54,WAKE,76,
2026-08-04,14:55,LIGHT,75,
2026-08-04,14:56,LIGHT,86,
2026-08-04,14:57,LIGHT,93,
2026-08-04,14:58,LIGHT,92,
2026-08-04,14:59,LIGHT,86,
2026-08-04,15:00,LIGHT,78,
2026-08-04,15:01,LIGHT,77,
2026-08-04,15:02,LIGHT,79,
2026-08-04,15:03,LIGHT,73,
2026-08-04,15:04,LIGHT,70,
2026-08-04,15:05,LIGHT,69,
2026-08-04,15:06,LIGHT,70,
2026-08-04,15:07,LIGHT,71,
2026-08-04,15:08,WAKE,73,
2026-08-04,15:09,WAKE,69,
2026-08-04,15:10,WAKE,69,
2026-08-04,15:11,WAKE,72,
2026-08-04,15:12,WAKE,69,
2026-08-04,15:13,WAKE,67,
2026-08-04,15:14,WAKE,67,
2026-08-04,15:15,WAKE,67,
2026-08-04,15:16,WAKE,67,
2026-08-04,15:17,WAKE,65,
2026-08-04,15:18,WAKE,67,
2026-08-04,15:19,LIGHT,64,
2026-08-04,15:20,LIGHT,66,
2026-08-04,15:21,LIGHT,69,
2026-08-04,15:22,REM,67,
2026-08-04,15:23,REM,67,
2026-08-04,15:24,REM,67,
2026-08-04,15:25,REM,67,
2026-08-04,15:26,REM,67,
2026-08-04,15:27,REM,69,
2026-08-04,15:28,REM,69,
2026-08-04,15:29,REM,67,
2026-08-04,15:30,REM,63,
2026-08-04,15:31,REM,66,
2026-08-04,15:32,REM,69,
2026-08-04,15:33,REM,70,
2026-08-04,15:34,REM,72,
2026-08-04,15:35,REM,74,
2026-08-04,15:36,REM,71,
2026-08-04,15:37,REM,72,
2026-08-04,15:38,REM,72,
2026-08-04,15:39,REM,72,
2026-08-04,15:40,REM,75,
2026-08-04,15:41,REM,74,
2026-08-04,15:42,REM,72,
2026-08-04,15:43,REM,74,
2026-08-04,15:44,REM,74,
2026-08-04,15:45,REM,74,
2026-08-04,15:46,REM,75,
2026-08-04,15:47,REM,71,
2026-08-04,15:48,REM,74,
2026-08-04,15:49,REM,71,
2026-08-04,15:50,REM,68,
2026-08-04,15:51,LIGHT,73,
2026-08-04,15:52,LIGHT,66,
2026-08-04,15:53,LIGHT,66,
2026-08-04,15:54,WAKE,69,
2026-08-04,15:55,WAKE,69,
2026-08-04,15:56,LIGHT,74,
2026-08-04,15:57,LIGHT,66,
2026-08-04,15:58,LIGHT,66,
2026-08-04,15:59,LIGHT,66,
2026-08-04,16:00,LIGHT,69,
2026-08-04,16:01,LIGHT,68,
2026-08-04,16:02,LIGHT,65,
2026-08-04,16:03,LIGHT,65,
2026-08-04,16:04,LIGHT,69,
2026-08-04,16:05,LIGHT,71,
2026-08-04,16:06,LIGHT,65,
2026-08-04,16:07,LIGHT,67,
2026-08-04,16:08,LIGHT,69,
2026-08-04,16:09,LIGHT,68,
2026-08-04,16:10,LIGHT,68,
2026-08-04,16:11,LIGHT,68,
2026-08-04,16:12,LIGHT,68,
2026-08-04,16:13,LIGHT,70,
2026-08-04,16:14,LIGHT,70,
2026-08-04,16:15,LIGHT,71,
2026-08-04,16:16,LIGHT,70,
2026-08-04,16:17,LIGHT,70,
2026-08-04,16:18,LIGHT,69,
2026-08-04,16:19,LIGHT,72,
2026-08-04,16:20,LIGHT,71,
2026-08-04,16:21,LIGHT,70,
2026-08-04,16:22,LIGHT,68,
2026-08-04,16:23,LIGHT,70,
2026-08-04,16:24,LIGHT,72,
2026-08-04,16:25,LIGHT,71,
2026-08-04,16:26,LIGHT,71,
2026-08-04,16:27,LIGHT,69,
2026-08-04,16:28,LIGHT,71,
2026-08-04,16:29,LIGHT,69,
2026-08-04,16:30,LIGHT,71,
2026-08-04,16:31,LIGHT,72,
2026-08-04,16:32,LIGHT,72,
2026-08-04,16:33,WAKE,72,
2026-08-04,16:34,LIGHT,71,
2026-08-04,16:35,LIGHT,71,
2026-08-04,16:36,LIGHT,71,
2026-08-04,16:37,LIGHT,73,
2026-08-04,16:38,LIGHT,72,
2026-08-04,16:39,LIGHT,70,
2026-08-04,16:40,LIGHT,70,
2026-08-04,16:41,LIGHT,73,
2026-08-04,16:42,WAKE,74,
2026-08-04,16:43,LIGHT,73,
2026-08-05,11:38,LIGHT,61,
2026-08-05,11:39,LIGHT,61,
2026-08-05,11:40,LIGHT,60,
2026-08-05,11:41,LIGHT,62,
2026-08-05,11:42,LIGHT,59,
2026-08-05,11:43,DEEP,57,
2026-08-05,11:44,DEEP,57,
2026-08-05,11:45,DEEP,58,
2026-08-05,11:46,DEEP,57,
2026-08-05,11:47,DEEP,62,
2026-08-05,11:48,DEEP,59,
2026-08-05,11:49,DEEP,59,
2026-08-05,11:50,LIGHT,57,
2026-08-05,11:51,LIGHT,58,
2026-08-05,11:52,LIGHT,58,
2026-08-05,11:53,LIGHT,61,
2026-08-05,11:54,LIGHT,59,
2026-08-05,11:55,LIGHT,60,
2026-08-05,11:56,LIGHT,61,
2026-08-05,11:57,LIGHT,58,
2026-08-05,11:58,LIGHT,57,
2026-08-05,11:59,LIGHT,56,
2026-08-05,12:00,DEEP,58,
2026-08-05,12:01,DEEP,55,
2026-08-05,12:02,DEEP,55,
2026-08-05,12:03,DEEP,55,
2026-08-05,12:04,DEEP,60,
2026-08-05,12:05,DEEP,55,
2026-08-05,12:06,DEEP,55,
2026-08-05,12:07,DEEP,55,
2026-08-05,12:08,DEEP,56,
2026-08-05,12:09,DEEP,55,
2026-08-05,12:10,DEEP,55,
2026-08-05,12:11,DEEP,60,
2026-08-05,12:12,DEEP,54,
2026-08-05,12:13,DEEP,56,
2026-08-05,12:14,DEEP,65,
2026-08-05,12:15,DEEP,70,
2026-08-05,12:16,DEEP,60,
2026-08-05,12:17,DEEP,57,
2026-08-05,12:18,DEEP,53,
2026-08-05,12:19,DEEP,53,
2026-08-05,12:20,LIGHT,58,
2026-08-05,12:21,LIGHT,56,
2026-08-05,12:22,LIGHT,56,
2026-08-05,12:23,LIGHT,57,
2026-08-05,12:24,LIGHT,59,
2026-08-05,12:25,LIGHT,52,
2026-08-05,12:26,LIGHT,50,
2026-08-05,12:27,LIGHT,51,
2026-08-05,12:28,LIGHT,58,
2026-08-05,12:29,LIGHT,55,
2026-08-05,12:30,LIGHT,54,
2026-08-05,12:31,LIGHT,54,
2026-08-05,12:32,LIGHT,54,
2026-08-05,12:33,LIGHT,54,
2026-08-05,12:34,LIGHT,53,
2026-08-05,12:35,LIGHT,52,
2026-08-05,12:36,LIGHT,54,
2026-08-05,12:37,LIGHT,56,
2026-08-05,12:38,LIGHT,56,
2026-08-05,12:39,LIGHT,58,
2026-08-05,12:40,LIGHT,55,
2026-08-05,12:41,LIGHT,53,
2026-08-05,12:42,LIGHT,52,
2026-08-05,12:43,LIGHT,52,
2026-08-05,12:44,LIGHT,54,
2026-08-05,12:45,LIGHT,54,
2026-08-05,12:46,LIGHT,52,
2026-08-05,12:47,LIGHT,56,
2026-08-05,12:48,LIGHT,55,
2026-08-05,12:49,WAKE,56,
2026-08-05,12:50,WAKE,53,
2026-08-05,12:51,LIGHT,52,
2026-08-05,12:52,LIGHT,57,
2026-08-05,12:53,LIGHT,57,
2026-08-05,12:54,LIGHT,54,
2026-08-05,12:55,LIGHT,51,
2026-08-05,12:56,LIGHT,53,
2026-08-05,12:57,LIGHT,53,
2026-08-05,12:58,LIGHT,53,
2026-08-05,12:59,LIGHT,51,
2026-08-05,13:00,LIGHT,51,
2026-08-05,13:01,LIGHT,52,
2026-08-05,13:02,LIGHT,51,
2026-08-05,13:03,LIGHT,51,
2026-08-05,13:04,WAKE,53,
2026-08-05,13:05,LIGHT,51,
2026-08-05,13:06,LIGHT,51,
2026-08-05,13:07,LIGHT,56,
2026-08-05,13:08,LIGHT,53,
2026-08-05,13:09,LIGHT,52,
2026-08-05,13:10,LIGHT,52,
2026-08-05,13:11,REM,64,
2026-08-05,13:12,REM,76,
2026-08-05,13:13,REM,74,
2026-08-05,13:14,REM,63,
2026-08-05,13:15,REM,52,
2026-08-05,13:16,REM,48,
2026-08-05,13:17,REM,48,
2026-08-05,13:18,REM,48,
2026-08-05,13:19,REM,50,
2026-08-05,13:20,REM,50,
2026-08-05,13:21,REM,50,
2026-08-05,13:22,REM,51,
2026-08-05,13:23,REM,56,
2026-08-05,13:24,REM,57,
2026-08-05,13:25,REM,54,
2026-08-05,13:26,REM,54,
2026-08-05,13:27,REM,54,
2026-08-05,13:28,REM,58,
2026-08-05,13:29,REM,57,
2026-08-05,13:30,REM,57,
2026-08-05,13:31,REM,58,
2026-08-05,13:32,REM,58,
2026-08-05,13:33,LIGHT,55,
2026-08-05,13:34,LIGHT,54,
2026-08-05,13:35,LIGHT,56,
2026-08-05,13:36,WAKE,54,
2026-08-05,13:37,WAKE,55,
2026-08-05,13:38,LIGHT,56,
2026-08-05,13:39,LIGHT,54,
2026-08-05,13:40,LIGHT,56,
2026-08-05,13:41,REM,56,
2026-08-05,13:42,REM,56,
2026-08-05,13:43,REM,56,
2026-08-05,13:44,REM,56,
2026-08-05,13:45,REM,56,
2026-08-05,13:46,REM,61,
2026-08-05,13:47,REM,63,
2026-08-05,13:48,REM,65,
2026-08-05,13:49,REM,64,
2026-08-05,13:50,REM,66,
2026-08-05,13:51,REM,73,
2026-08-05,13:52,REM,70,
2026-08-05,13:53,LIGHT,73,
2026-08-05,13:54,LIGHT,75,
2026-08-05,13:55,LIGHT,72,
2026-08-05,13:56,WAKE,76,
2026-08-05,13:57,WAKE,74,
2026-08-05,13:58,WAKE,74,
2026-08-05,13:59,WAKE,74,
2026-08-05,14:00,WAKE,66,
2026-08-05,14:01,WAKE,69,
2026-08-05,14:02,WAKE,64,
2026-08-05,14:03,WAKE,68,
2026-08-05,14:04,LIGHT,69,
2026-08-05,14:05,LIGHT,67,
2026-08-05,14:06,LIGHT,63,
2026-08-05,14:07,LIGHT,61,
2026-08-05,14:08,LIGHT,68,
2026-08-05,14:09,LIGHT,68,
2026-08-05,14:10,LIGHT,79,
2026-08-05,14:11,LIGHT,75,
2026-08-05,14:12,LIGHT,62,
2026-08-05,14:13,LIGHT,57,
2026-08-05,14:14,LIGHT,56,
2026-08-05,14:15,LIGHT,62,
2026-08-05,14:16,LIGHT,69,
2026-08-05,14:17,LIGHT,71,
2026-08-05,14:18,WAKE,74,
2026-08-05,14:19,LIGHT,74,
2026-08-05,14:20,LIGHT,72,
2026-08-05,14:21,LIGHT,72,
2026-08-05,14:22,WAKE,72,
2026-08-05,14:23,WAKE,62,
2026-08-05,14:24,WAKE,56,
2026-08-05,14:25,WAKE,56,
2026-08-05,14:26,WAKE,54,
2026-08-05,14:27,LIGHT,55,
2026-08-05,14:28,WAKE,58,
2026-08-05,14:29,WAKE,55,
2026-08-05,14:30,WAKE,55,
2026-08-05,14:31,LIGHT,55,
2026-08-05,14:32,LIGHT,54,
2026-08-05,14:33,WAKE,55,
2026-08-05,14:34,LIGHT,52,
2026-08-05,14:35,LIGHT,54,
2026-08-05,14:36,LIGHT,52,
2026-08-05,05:10,LIGHT,47,
2026-08-05,05:11,LIGHT,48,
2026-08-05,05:12,LIGHT,53,
2026-08-05,05:13,LIGHT,50,
2026-08-05,05:14,LIGHT,49,
2026-08-05,05:15,DEEP,55,
2026-08-05,05:16,DEEP,52,
2026-08-05,05:17,DEEP,49,
2026-08-05,05:18,DEEP,48,
2026-08-05,05:19,DEEP,48,
2026-08-05,05:20,LIGHT,48,
2026-08-05,05:21,LIGHT,48,
2026-08-05,05:22,LIGHT,48,
2026-08-05,05:23,LIGHT,48,
2026-08-05,05:24,LIGHT,48,
2026-08-05,05:25,LIGHT,48,
2026-08-05,05:26,DEEP,48,
2026-08-05,05:27,DEEP,48,
2026-08-05,05:28,LIGHT,48,
2026-08-05,05:29,LIGHT,48,
2026-08-05,05:30,LIGHT,49,
2026-08-05,05:31,LIGHT,49,
2026-08-05,05:32,LIGHT,48,
2026-08-05,05:33,LIGHT,48,
2026-08-05,05:34,LIGHT,48,
2026-08-05,05:35,LIGHT,48,
2026-08-05,05:36,LIGHT,48,
2026-08-05,05:37,LIGHT,48,
2026-08-05,05:38,LIGHT,48,
2026-08-05,05:39,LIGHT,47,
2026-08-05,05:40,LIGHT,47,
2026-08-05,05:41,LIGHT,47,
2026-08-05,05:42,LIGHT,48,
2026-08-05,05:43,LIGHT,48,
2026-08-05,05:44,LIGHT,48,
2026-08-05,05:45,LIGHT,49,
2026-08-05,05:46,LIGHT,48,
2026-08-05,05:47,LIGHT,48,
2026-08-05,05:48,LIGHT,48,
2026-08-05,05:49,LIGHT,55,
2026-08-05,05:50,LIGHT,52,
2026-08-05,05:51,LIGHT,48,
2026-08-05,05:52,LIGHT,48,
2026-08-05,05:53,LIGHT,47,
2026-08-05,05:54,REM,52,
2026-08-05,05:55,REM,50,
2026-08-05,05:56,REM,47,
2026-08-05,05:57,REM,47,
2026-08-05,05:58,LIGHT,51,
2026-08-05,05:59,LIGHT,48,
2026-08-05,06:00,LIGHT,48,
2026-08-05,06:01,LIGHT,52,
2026-08-05,06:02,LIGHT,50,
2026-08-05,07:13,LIGHT,48,
2026-08-05,07:14,LIGHT,47,
2026-08-05,07:15,LIGHT,47,
2026-08-05,07:16,LIGHT,48,
2026-08-05,07:17,LIGHT,48,
2026-08-05,07:18,LIGHT,55,
2026-08-05,07:19,LIGHT,51,
2026-08-05,07:20,LIGHT,48,
2026-08-05,07:21,LIGHT,48,
2026-08-05,07:22,LIGHT,47,
2026-08-05,07:23,LIGHT,47,
2026-08-05,07:24,LIGHT,49,
2026-08-05,07:25,LIGHT,48,
2026-08-05,07:26,LIGHT,48,
2026-08-05,07:27,LIGHT,48,
2026-08-05,07:28,LIGHT,48,
2026-08-05,07:29,LIGHT,48,
2026-08-05,07:30,LIGHT,48,
2026-08-05,07:31,LIGHT,47,
2026-08-05,07:32,LIGHT,47,
2026-08-05,07:33,LIGHT,46,
2026-08-05,07:34,LIGHT,46,
2026-08-05,07:35,LIGHT,47,
2026-08-05,17:22,LIGHT,44,
2026-08-05,17:23,LIGHT,46,
2026-08-05,17:24,LIGHT,48,
2026-08-05,17:25,LIGHT,48,
2026-08-05,17:26,LIGHT,47,
2026-08-05,17:27,LIGHT,43,
2026-08-05,17:28,LIGHT,41,
2026-08-05,17:29,LIGHT,43,
2026-08-05,17:30,LIGHT,42,
2026-08-05,17:31,LIGHT,42,
2026-08-05,17:32,LIGHT,43,
2026-08-05,17:33,LIGHT,43,
2026-08-05,17:34,LIGHT,44,
2026-08-05,17:35,LIGHT,47,
2026-08-05,17:36,LIGHT,47,
2026-08-05,17:37,LIGHT,44,
2026-08-05,17:38,LIGHT,44,
2026-08-05,17:39,LIGHT,44,
2026-08-05,17:40,LIGHT,45,
2026-08-05,17:41,LIGHT,45,
2026-08-05,17:42,LIGHT,46,
2026-08-05,17:43,LIGHT,46,
2026-08-05,17:44,LIGHT,46,
2026-08-05,17:45,LIGHT,47,
2026-08-05,17:46,LIGHT,54,
2026-08-05,17:47,LIGHT,47,
2026-08-05,17:48,LIGHT,45,
2026-08-05,17:49,LIGHT,45,
2026-08-05,17:50,LIGHT,45,
2026-08-05,17:51,LIGHT,45,
2026-08-05,17:52,LIGHT,45,
2026-08-05,17:53,LIGHT,46,
2026-08-05,17:54,LIGHT,46,
2026-08-05,22:42,LIGHT,52,
2026-08-05,22:43,LIGHT,53,
2026-08-05,22:44,LIGHT,53,
2026-08-05,22:45,LIGHT,54,
2026-08-05,22:46,LIGHT,55,
2026-08-05,22:47,LIGHT,56,
2026-08-05,22:48,LIGHT,53,
2026-08-05,22:49,LIGHT,54,
2026-08-05,22:50,LIGHT,51,
2026-08-05,22:51,LIGHT,51,
2026-08-05,22:52,LIGHT,58,
2026-08-05,22:53,LIGHT,70,
2026-08-05,22:54,LIGHT,76,
2026-08-05,22:55,LIGHT,81,
2026-08-05,22:56,LIGHT,81,
2026-08-05,22:57,LIGHT,62,
2026-08-05,22:58,LIGHT,54,
2026-08-05,22:59,LIGHT,51,
2026-08-05,23:00,LIGHT,51,
2026-08-05,23:01,LIGHT,50,
2026-08-05,23:02,LIGHT,50,
2026-08-05,23:03,LIGHT,50,
2026-08-05,23:04,LIGHT,51,
2026-08-05,23:05,DEEP,50,
2026-08-05,23:06,DEEP,50,
2026-08-05,23:07,DEEP,49,
2026-08-05,23:08,DEEP,49,
2026-08-05,23:09,DEEP,50,
2026-08-05,23:10,DEEP,48,
2026-08-05,23:11,DEEP,48,
2026-08-05,23:12,DEEP,48,
2026-08-05,23:13,DEEP,48,
2026-08-05,23:14,DEEP,48,
2026-08-05,23:15,DEEP,48,
2026-08-05,23:16,DEEP,48,
2026-08-05,23:17,DEEP,50,
2026-08-05,23:18,DEEP,50,
2026-08-05,23:19,DEEP,47,
2026-08-05,23:20,DEEP,47,
2026-08-05,23:21,DEEP,47,
2026-08-05,23:22,DEEP,47,
2026-08-05,23:23,DEEP,48,
2026-08-05,23:24,DEEP,47,
2026-08-05,23:25,DEEP,48,
2026-08-05,23:26,DEEP,48,
2026-08-05,23:27,DEEP,51,
2026-08-05,23:28,DEEP,53,
2026-08-05,23:29,DEEP,56,
2026-08-05,23:30,DEEP,51,
2026-08-05,23:31,DEEP,51,
2026-08-05,23:32,DEEP,51,
2026-08-05,23:33,DEEP,56,
2026-08-05,23:34,DEEP,60,
2026-08-05,23:35,DEEP,57,
2026-08-05,23:36,LIGHT,56,
2026-08-05,23:37,LIGHT,58,
2026-08-05,23:38,LIGHT,57,
2026-08-05,23:39,LIGHT,52,
2026-08-05,23:40,LIGHT,52,
2026-08-05,23:41,LIGHT,51,
2026-08-05,23:42,LIGHT,52,
2026-08-05,23:43,LIGHT,53,
2026-08-05,23:44,LIGHT,58,
2026-08-05,23:45,LIGHT,63,
2026-08-05,23:46,LIGHT,56,
2026-08-05,23:47,LIGHT,52,
2026-08-05,23:48,LIGHT,51,
2026-08-05,23:49,LIGHT,51,
2026-08-05,23:50,LIGHT,49,
2026-08-05,23:51,LIGHT,49,
2026-08-05,23:52,LIGHT,49,
2026-08-05,23:53,LIGHT,49,
2026-08-05,23:54,LIGHT,49,
2026-08-05,23:55,LIGHT,49,
2026-08-05,23:56,LIGHT,52,
2026-08-05,23:57,LIGHT,54,
2026-08-05,23:58,LIGHT,51,
2026-08-05,23:59,LIGHT,50,
2026-08-06,00:00,LIGHT,52,
2026-08-06,00:01,DEEP,51,
2026-08-06,00:02,DEEP,51,
2026-08-06,00:03,DEEP,48,
2026-08-06,00:04,DEEP,53,
2026-08-06,00:05,DEEP,53,
2026-08-06,00:06,DEEP,50,
2026-08-06,00:07,DEEP,49,
2026-08-06,00:08,DEEP,53,
2026-08-06,00:09,DEEP,61,
2026-08-06,00:10,DEEP,56,
2026-08-06,00:11,DEEP,53,
2026-08-06,00:12,DEEP,51,
2026-08-06,00:13,DEEP,47,
2026-08-06,00:14,DEEP,44,
2026-08-06,00:15,DEEP,44,
2026-08-06,00:16,DEEP,44,
2026-08-06,00:17,DEEP,44,
2026-08-06,00:18,DEEP,45,
2026-08-06,00:19,DEEP,45,
2026-08-06,00:20,DEEP,46,
2026-08-06,00:21,DEEP,46,
2026-08-06,00:22,DEEP,46,
2026-08-06,00:23,DEEP,46,
2026-08-06,00:24,DEEP,46,
2026-08-06,00:25,DEEP,46,
2026-08-06,00:26,DEEP,46,
2026-08-06,00:27,DEEP,48,
2026-08-06,00:28,DEEP,46,
2026-08-06,00:29,DEEP,46,
2026-08-06,00:30,DEEP,46,
2026-08-06,00:31,DEEP,46,
2026-08-06,00:32,DEEP,46,
2026-08-06,00:33,DEEP,46,
2026-08-06,00:34,DEEP,46,
2026-08-06,00:35,DEEP,46,
2026-08-06,00:36,LIGHT,46,
2026-08-06,00:37,LIGHT,46,
2026-08-06,00:38,LIGHT,46,
2026-08-06,00:39,WAKE,46,
2026-08-06,00:40,LIGHT,46,
2026-08-06,00:41,LIGHT,46,
2026-08-06,00:42,LIGHT,46,
2026-08-06,00:43,LIGHT,46,
2026-08-06,00:44,LIGHT,46,
2026-08-06,00:45,LIGHT,46,
2026-08-06,00:46,LIGHT,46,
2026-08-06,00:47,LIGHT,46,
2026-08-06,00:48,LIGHT,45,
2026-08-06,00:49,LIGHT,45,
2026-08-06,00:50,LIGHT,55,
2026-08-06,00:51,LIGHT,50,
2026-08-06,00:52,LIGHT,47,
2026-08-06,00:53,LIGHT,45,
2026-08-06,00:54,LIGHT,46,
2026-08-06,00:55,LIGHT,50,
2026-08-06,00:56,LIGHT,47,
2026-08-06,00:57,LIGHT,45,
2026-08-06,00:58,LIGHT,45,
2026-08-06,00:59,LIGHT,45,
2026-08-06,01:00,LIGHT,46,
2026-08-06,01:01,LIGHT,46,
2026-08-06,01:02,LIGHT,48,
2026-08-06,01:03,LIGHT,50,
2026-08-06,01:04,LIGHT,49,
2026-08-06,01:05,LIGHT,51,
2026-08-06,01:06,LIGHT,51,
2026-08-06,01:07,LIGHT,51,
2026-08-06,01:08,LIGHT,51,
2026-08-06,01:09,LIGHT,52,
2026-08-06,01:10,LIGHT,55,
2026-08-06,01:11,LIGHT,49,
2026-08-06,01:12,LIGHT,48,
2026-08-06,01:13,LIGHT,50,
2026-08-06,01:14,LIGHT,50,
2026-08-06,01:15,LIGHT,51,
2026-08-06,01:16,LIGHT,51,
2026-08-06,01:17,LIGHT,50,
2026-08-06,01:18,REM,50,
2026-08-06,01:19,REM,50,
2026-08-06,01:20,REM,51,
2026-08-06,01:21,REM,50,
2026-08-06,01:22,REM,47,
2026-08-06,01:23,REM,46,
2026-08-06,01:24,REM,47,
2026-08-06,01:25,REM,48,
2026-08-06,01:26,REM,45,
2026-08-06,01:27,REM,46,
2026-08-06,01:28,REM,46,
2026-08-06,01:29,REM,47,
2026-08-06,01:30,REM,53,
2026-08-06,01:31,REM,47,
2026-08-06,01:32,REM,44,
2026-08-06,01:33,REM,44,
2026-08-06,01:34,REM,44,
2026-08-06,01:35,REM,44,
2026-08-06,01:36,REM,44,
2026-08-06,01:37,REM,44,
2026-08-06,01:38,REM,44,
2026-08-06,01:39,REM,44,
2026-08-06,01:40,REM,45,
2026-08-06,01:41,REM,45,
2026-08-06,01:42,REM,46,
2026-08-06,01:43,REM,46,
2026-08-06,01:44,REM,46,
2026-08-06,01:45,REM,46,
2026-08-06,01:46,REM,46,
2026-08-06,01:47,REM,46,
2026-08-06,01:48,LIGHT,46,
2026-08-06,01:49,LIGHT,46,
2026-08-06,01:50,LIGHT,46,
2026-08-06,01:51,LIGHT,46,
2026-08-06,01:52,LIGHT,46,
2026-08-06,01:53,LIGHT,46,
2026-08-06,01:54,LIGHT,46,
2026-08-06,01:55,LIGHT,46,
2026-08-06,01:56,LIGHT,46,
2026-08-06,01:57,LIGHT,46,
2026-08-06,01:58,LIGHT,45,
2026-08-06,01:59,WAKE,45,
2026-08-06,02:00,WAKE,45,
2026-08-06,02:01,LIGHT,46,
2026-08-06,02:02,LIGHT,46,
2026-08-06,02:03,LIGHT,45,
2026-08-06,02:04,LIGHT,45,
2026-08-06,02:05,LIGHT,45,
2026-08-06,02:06,LIGHT,45,
2026-08-06,02:07,LIGHT,45,
2026-08-06,02:08,LIGHT,45,
2026-08-06,02:09,LIGHT,45,
2026-08-06,02:10,LIGHT,45,
2026-08-06,02:11,LIGHT,45,
2026-08-06,02:12,LIGHT,45,
2026-08-06,02:13,LIGHT,45,
2026-08-06,02:14,LIGHT,45,
2026-08-06,02:15,LIGHT,45,
2026-08-06,02:16,LIGHT,44,
2026-08-06,02:17,LIGHT,44,
2026-08-06,02:18,LIGHT,44,
2026-08-06,02:19,LIGHT,44,
2026-08-06,02:20,LIGHT,44,
2026-08-06,02:21,LIGHT,43,
2026-08-06,02:22,LIGHT,43,
2026-08-06,02:23,LIGHT,42,
2026-08-06,02:24,LIGHT,42,
2026-08-06,02:25,LIGHT,52,
2026-08-06,02:26,DEEP,52,
2026-08-06,02:27,DEEP,45,
2026-08-06,02:28,DEEP,44,
2026-08-06,02:29,DEEP,43,
2026-08-06,02:30,DEEP,43,
2026-08-06,02:31,DEEP,45,
2026-08-06,02:32,DEEP,45,
2026-08-06,02:33,DEEP,45,
2026-08-06,02:34,DEEP,45,
2026-08-06,02:35,DEEP,50,
2026-08-06,02:36,DEEP,47,
2026-08-06,02:37,DEEP,46,
2026-08-06,02:38,DEEP,46,
2026-08-06,02:39,DEEP,48,
2026-08-06,02:40,DEEP,48,
2026-08-06,02:41,DEEP,48,
2026-08-06,02:42,DEEP,49,
2026-08-06,02:43,DEEP,48,
2026-08-06,02:44,DEEP,48,
2026-08-06,02:45,DEEP,47,
2026-08-06,02:46,DEEP,47,
2026-08-06,02:47,DEEP,47,
2026-08-06,02:48,DEEP,47,
2026-08-06,02:49,LIGHT,46,
2026-08-06,02:50,LIGHT,52,
2026-08-06,02:51,LIGHT,49,
2026-08-06,02:52,WAKE,48,
2026-08-06,02:53,LIGHT,47,
2026-08-06,02:54,LIGHT,45,
2026-08-06,02:55,LIGHT,44,
2026-08-06,02:56,LIGHT,44,
2026-08-06,02:57,LIGHT,45,
2026-08-06,02:58,LIGHT,45,
2026-08-06,02:59,LIGHT,49,
2026-08-06,03:00,LIGHT,46,
2026-08-06,03:01,LIGHT,45,
2026-08-06,03:02,LIGHT,45,
2026-08-06,03:03,LIGHT,46,
2026-08-06,03:04,LIGHT,46,
2026-08-06,03:05,LIGHT,48,
2026-08-06,03:06,LIGHT,48,
2026-08-06,03:07,LIGHT,48,
2026-08-06,03:08,LIGHT,46,
2026-08-06,03:09,LIGHT,45,
2026-08-06,03:10,LIGHT,45,
2026-08-06,03:11,LIGHT,45,
2026-08-06,03:12,LIGHT,45,
2026-08-06,03:13,LIGHT,52,
2026-08-06,03:14,LIGHT,46,
2026-08-06,03:15,LIGHT,45,
2026-08-06,03:16,LIGHT,45,
2026-08-06,03:17,LIGHT,45,
2026-08-06,03:18,LIGHT,43,
2026-08-06,03:19,LIGHT,45,
2026-08-06,03:20,LIGHT,47,
2026-08-06,03:21,LIGHT,47,
2026-08-06,03:22,LIGHT,46,
2026-08-06,03:23,LIGHT,46,
2026-08-06,03:24,LIGHT,45,
2026-08-06,03:25,LIGHT,50,
2026-08-06,03:26,LIGHT,44,
2026-08-06,03:27,LIGHT,45,
2026-08-06,03:28,REM,45,
2026-08-06,03:29,REM,46,
2026-08-06,03:30,REM,46,
2026-08-06,03:31,REM,49,
2026-08-06,03:32,REM,50,
2026-08-06,03:33,REM,47,
2026-08-06,03:34,REM,46,
2026-08-06,03:35,REM,51,
2026-08-06,03:36,REM,47,
2026-08-06,03:37,REM,47,
2026-08-06,03:38,REM,50,
2026-08-06,03:39,REM,48,
2026-08-06,03:40,REM,48,
2026-08-06,03:41,REM,47,
2026-08-06,03:42,REM,47,
2026-08-06,03:43,REM,47,
2026-08-06,03:44,LIGHT,46,
2026-08-06,03:45,LIGHT,47,
2026-08-06,03:46,LIGHT,47,
2026-08-06,03:47,WAKE,47,
2026-08-06,03:48,LIGHT,46,
2026-08-06,03:49,LIGHT,47,
2026-08-06,03:50,LIGHT,49,
2026-08-06,03:51,LIGHT,51,
2026-08-06,03:52,LIGHT,46,
2026-08-06,03:53,LIGHT,45,
2026-08-06,03:54,LIGHT,44,
2026-08-06,03:55,LIGHT,44,
2026-08-06,03:56,LIGHT,45,
2026-08-06,03:57,LIGHT,44,
2026-08-06,03:58,LIGHT,44,
2026-08-06,03:59,LIGHT,44,
2026-08-06,04:00,LIGHT,43,
2026-08-06,04:01,LIGHT,43,
2026-08-06,04:02,LIGHT,43,
2026-08-06,04:03,LIGHT,43,
2026-08-06,04:04,LIGHT,43,
2026-08-06,04:05,LIGHT,43,
2026-08-06,04:06,LIGHT,44,
2026-08-06,04:07,LIGHT,44,
2026-08-06,04:08,LIGHT,44,
2026-08-06,04:09,LIGHT,46,
2026-08-06,04:10,LIGHT,44,
2026-08-06,04:11,LIGHT,44,
2026-08-06,04:12,LIGHT,43,
2026-08-06,04:13,LIGHT,43,
2026-08-06,04:14,LIGHT,43,
2026-08-06,04:15,LIGHT,44,
2026-08-06,04:16,LIGHT,44,
2026-08-06,04:17,LIGHT,44,
2026-08-06,04:18,LIGHT,44,
2026-08-06,04:19,LIGHT,44,
2026-08-06,04:20,LIGHT,44,
2026-08-06,04:21,LIGHT,44,
2026-08-06,04:22,LIGHT,44,
2026-08-06,04:23,LIGHT,44,
2026-08-06,04:24,LIGHT,44,
2026-08-06,04:25,LIGHT,44,
2026-08-06,04:26,LIGHT,44,
2026-08-06,04:27,LIGHT,44,
2026-08-06,04:28,LIGHT,44,
2026-08-06,04:29,LIGHT,44,
2026-08-06,04:30,LIGHT,44,
2026-08-06,04:31,LIGHT,44,
2026-08-06,04:32,LIGHT,43,
2026-08-06,04:33,LIGHT,43,
2026-08-06,04:34,LIGHT,43,
2026-08-06,04:35,LIGHT,43,
2026-08-06,04:36,LIGHT,43,
2026-08-06,04:37,LIGHT,43,
2026-08-06,04:38,LIGHT,43,
2026-08-06,04:39,LIGHT,43,
2026-08-06,04:40,LIGHT,43,
2026-08-06,04:41,LIGHT,43,
2026-08-06,04:42,LIGHT,43,
2026-08-06,04:43,LIGHT,43,
2026-08-06,04:44,LIGHT,43,
2026-08-06,04:45,LIGHT,43,
2026-08-06,04:46,LIGHT,42,
2026-08-06,04:47,LIGHT,43,
2026-08-06,04:48,LIGHT,55,
2026-08-06,04:49,LIGHT,53,
2026-08-06,04:50,LIGHT,47,
2026-08-06,04:51,LIGHT,44,
2026-08-06,04:52,LIGHT,42,
2026-08-06,04:53,LIGHT,42,
2026-08-06,04:54,LIGHT,42,
2026-08-06,04:55,REM,42,
2026-08-06,04:56,REM,42,
2026-08-06,04:57,REM,42,
2026-08-06,04:58,REM,42,
2026-08-06,04:59,REM,45,
2026-08-06,05:00,REM,43,
2026-08-06,05:01,REM,43,
2026-08-06,05:02,REM,43,
2026-08-06,05:03,REM,50,
2026-08-06,05:04,REM,44,
2026-08-06,05:05,REM,41,
2026-08-06,05:06,REM,,
2026-08-06,05:07,REM,40,
2026-08-06,05:08,REM,40,
2026-08-06,05:09,REM,42,
2026-08-06,05:10,REM,42,
2026-08-06,05:11,REM,40,
2026-08-06,05:12,REM,40,
2026-08-06,05:13,REM,,
2026-08-06,05:14,REM,40,
2026-08-06,05:15,REM,40,
2026-08-06,05:16,REM,41,
2026-08-06,05:17,LIGHT,41,
2026-08-06,05:18,LIGHT,41,
2026-08-06,05:19,LIGHT,41,
2026-08-06,05:20,LIGHT,43,
2026-08-06,05:21,LIGHT,42,
2026-08-06,05:22,LIGHT,41,
2026-08-06,05:23,LIGHT,41,
2026-08-06,05:24,LIGHT,40,
2026-08-06,05:25,LIGHT,40,
2026-08-06,05:26,LIGHT,41,
2026-08-06,05:27,LIGHT,41,
2026-08-06,05:28,LIGHT,41,
2026-08-06,05:29,LIGHT,41,
2026-08-06,05:30,LIGHT,40,
2026-08-06,05:31,LIGHT,40,
2026-08-06,05:32,LIGHT,40,
2026-08-06,05:33,LIGHT,40,
2026-08-06,05:34,LIGHT,40,
2026-08-06,05:35,LIGHT,40,
2026-08-06,05:36,LIGHT,45,
2026-08-06,05:37,LIGHT,50,
2026-08-06,05:38,LIGHT,49,
2026-08-06,05:39,LIGHT,49,
2026-08-06,05:40,LIGHT,45,
2026-08-06,05:41,LIGHT,43,
2026-08-06,05:42,LIGHT,42,
2026-08-06,05:43,LIGHT,42,
2026-08-06,05:44,LIGHT,42,
2026-08-06,05:45,LIGHT,43,
2026-08-06,05:46,LIGHT,43,
2026-08-06,05:47,LIGHT,43,
2026-08-06,05:48,LIGHT,43,
2026-08-06,05:49,LIGHT,43,
2026-08-06,05:50,LIGHT,43,
2026-08-06,05:51,LIGHT,43,
2026-08-06,05:52,LIGHT,43,
2026-08-06,05:53,LIGHT,43,
2026-08-06,05:54,LIGHT,44,
2026-08-06,05:55,LIGHT,47,
2026-08-06,05:56,LIGHT,49,
2026-08-06,05:57,LIGHT,46,
2026-08-06,05:58,LIGHT,45,
2026-08-06,05:59,LIGHT,45,
2026-08-06,06:00,LIGHT,49,
2026-08-06,06:01,LIGHT,49,
2026-08-06,06:02,LIGHT,46,
2026-08-06,06:03,REM,44,
2026-08-06,06:04,REM,50,
2026-08-06,06:05,REM,52,
2026-08-06,06:06,REM,52,
2026-08-06,06:07,REM,52,
2026-08-06,06:08,REM,52,
2026-08-06,06:09,REM,52,
2026-08-06,06:10,REM,53,
2026-08-06,06:11,REM,55,
2026-08-06,06:12,REM,49,
2026-08-06,06:13,REM,46,
2026-08-06,06:14,REM,52,
2026-08-06,06:15,REM,50,
2026-08-06,06:16,REM,52,
2026-08-06,06:17,REM,58,
2026-08-06,06:18,REM,59,
2026-08-06,06:19,REM,52,
2026-08-06,06:20,REM,58,
2026-08-06,06:21,REM,58,
2026-08-06,06:22,REM,54,
2026-08-06,06:23,REM,51,
2026-08-06,06:24,REM,53,
2026-08-06,06:25,REM,58,
2026-08-06,06:26,REM,,
2026-08-06,06:27,REM,,
2026-08-06,06:28,REM,,
2026-08-06,06:29,REM,,
2026-08-06,06:30,REM,,
2026-08-06,06:31,REM,,
2026-08-06,06:32,REM,,
2026-08-06,06:33,LIGHT,,
2026-08-06,06:34,LIGHT,,
2026-08-06,06:35,LIGHT,,
2026-08-06,06:36,LIGHT,,
2026-08-06,06:37,LIGHT,,
2026-08-06,06:38,LIGHT,,
2026-08-06,06:39,LIGHT,,
2026-08-06,06:40,LIGHT,,
2026-08-06,06:41,LIGHT,,
2026-08-06,06:42,LIGHT,,
2026-08-06,06:43,LIGHT,,
2026-08-06,06:44,LIGHT,,
2026-08-06,06:45,LIGHT,,
2026-08-06,06:46,LIGHT,,
2026-08-06,06:47,LIGHT,,
2026-08-06,06:48,LIGHT,,
2026-08-06,06:49,LIGHT,,
2026-08-06,06:50,LIGHT,,
2026-08-06,06:51,LIGHT,,
2026-08-06,06:52,LIGHT,,
2026-08-06,06:53,LIGHT,,
2026-08-06,06:54,LIGHT,,
2026-08-06,06:55,LIGHT,,
2026-08-06,06:56,LIGHT,,
2026-08-06,06:57,LIGHT,63,
2026-08-06,06:58,LIGHT,64,
2026-08-06,06:59,LIGHT,90,
2026-08-06,07:00,LIGHT,90,
2026-08-06,07:01,LIGHT,85,
2026-08-06,07:02,LIGHT,74,
2026-08-06,07:03,LIGHT,76,
2026-08-06,07:04,LIGHT,71,
2026-08-06,07:05,LIGHT,60,
2026-08-06,07:06,LIGHT,50,
2026-08-06,07:07,LIGHT,47,
2026-08-06,07:08,LIGHT,47,
2026-08-06,07:09,LIGHT,49,
2026-08-06,07:10,LIGHT,51,
2026-08-06,07:11,LIGHT,48,
2026-08-06,07:12,LIGHT,51,
2026-08-06,07:13,LIGHT,51,
2026-08-06,07:14,LIGHT,50,
2026-08-06,07:15,LIGHT,52,
2026-08-06,07:16,LIGHT,51,
2026-08-06,07:17,LIGHT,58,
2026-08-06,07:18,LIGHT,55,
2026-08-06,07:19,LIGHT,52,
2026-08-06,07:20,LIGHT,56,
2026-08-06,07:21,LIGHT,51,
2026-08-06,07:22,LIGHT,51,
2026-08-06,07:23,LIGHT,53,
2026-08-06,07:24,LIGHT,53,
2026-08-06,07:25,LIGHT,55,
2026-08-06,07:26,LIGHT,54,
2026-08-06,07:27,LIGHT,54,
2026-08-06,07:28,LIGHT,61,
2026-08-06,07:29,LIGHT,67,
2026-08-06,07:30,LIGHT,72,
2026-08-06,07:31,LIGHT,73,
2026-08-06,07:32,LIGHT,63,
2026-08-06,07:33,LIGHT,52,
2026-08-06,07:34,LIGHT,52,
2026-08-06,07:35,LIGHT,54,
2026-08-06,07:36,LIGHT,57,
2026-08-06,07:37,LIGHT,57,
2026-08-06,07:38,DEEP,58,
2026-08-06,07:39,DEEP,69,
2026-08-06,07:40,LIGHT,77,
2026-08-06,07:41,LIGHT,92,
2026-08-06,07:42,LIGHT,95,
2026-08-06,07:43,LIGHT,82,
2026-08-06,07:44,LIGHT,78,
2026-08-06,07:45,LIGHT,60,
2026-08-06,07:46,LIGHT,54,
2026-08-06,07:47,LIGHT,53,
2026-08-06,07:48,LIGHT,58,
2026-08-06,07:49,REM,60,
2026-08-06,07:50,REM,57,
2026-08-06,07:51,REM,57,
2026-08-06,07:52,REM,64,
2026-08-06,07:53,REM,59,
2026-08-06,07:54,REM,60,
2026-08-06,07:55,REM,59,
2026-08-06,07:56,REM,57,
2026-08-06,07:57,REM,63,
2026-08-06,07:58,REM,61,
2026-08-06,07:59,REM,60,
2026-08-06,08:00,REM,58,
2026-08-06,08:01,REM,58,
2026-08-06,08:02,REM,57,
2026-08-06,08:03,REM,59,
2026-08-06,08:04,REM,56,
2026-08-06,08:05,REM,56,
2026-08-06,08:06,REM,62,
2026-08-06,08:07,REM,56,
2026-08-06,08:08,REM,56,
2026-08-06,08:09,REM,57,
2026-08-06,08:10,REM,58,
2026-08-06,08:11,REM,58,
2026-08-06,08:12,REM,60,
2026-08-06,08:13,REM,60,
2026-08-06,08:14,REM,60,
2026-08-06,08:15,REM,61,
2026-08-06,08:16,REM,60,
2026-08-06,08:17,REM,61,
2026-08-06,08:18,REM,60,
2026-08-06,08:19,REM,59,
2026-08-06,08:20,REM,59,
2026-08-06,08:21,LIGHT,58,
2026-08-06,08:22,LIGHT,58,
2026-08-06,08:23,LIGHT,60,
2026-08-06,08:24,LIGHT,61,
2026-08-06,08:25,LIGHT,60,
2026-08-06,08:26,LIGHT,57,
2026-08-06,08:27,LIGHT,62,
2026-08-06,08:28,LIGHT,64,
2026-08-06,08:29,LIGHT,65,
2026-08-06,08:30,LIGHT,72,
2026-08-06,08:31,LIGHT,63,
2026-08-06,08:32,LIGHT,60,
2026-08-06,08:33,LIGHT,59,
2026-08-06,08:34,LIGHT,59,
2026-08-06,08:35,LIGHT,60,
2026-08-06,08:36,LIGHT,61,
2026-08-06,08:37,LIGHT,59,
2026-08-06,08:38,LIGHT,59,
2026-08-06,08:39,LIGHT,60,
2026-08-06,08:40,LIGHT,62,
2026-08-06,08:41,LIGHT,63,
2026-08-06,08:42,LIGHT,61,
2026-08-06,08:43,LIGHT,59,
2026-08-06,08:44,LIGHT,56,
2026-08-06,08:45,LIGHT,54,
2026-08-06,08:46,LIGHT,57,
2026-08-06,08:47,LIGHT,61,
2026-08-06,08:48,LIGHT,62,
2026-08-06,08:49,LIGHT,65,
2026-08-06,08:50,LIGHT,59,
2026-08-06,08:51,LIGHT,57,
2026-08-06,08:52,LIGHT,61,
2026-08-06,08:53,LIGHT,61,
2026-08-06,08:54,LIGHT,66,
2026-08-06,15:52,LIGHT,51,
2026-08-06,15:53,LIGHT,51,
2026-08-06,15:54,LIGHT,57,
2026-08-06,15:55,LIGHT,54,
2026-08-06,15:56,LIGHT,52,
2026-08-06,15:57,LIGHT,50,
2026-08-06,15:58,LIGHT,49,
2026-08-06,15:59,WAKE,49,
2026-08-06,16:00,LIGHT,49,
2026-08-06,16:01,LIGHT,49,
2026-08-06,16:02,LIGHT,50,
2026-08-06,16:03,LIGHT,50,
2026-08-06,16:04,LIGHT,52,
2026-08-06,16:05,LIGHT,53,
2026-08-06,16:06,LIGHT,52,
2026-08-06,16:07,LIGHT,51,
2026-08-06,16:08,LIGHT,50,
2026-08-06,16:09,LIGHT,50,
2026-08-06,16:10,LIGHT,50,
2026-08-06,16:11,LIGHT,50,
2026-08-06,16:12,LIGHT,50,
2026-08-06,16:13,LIGHT,50,
2026-08-06,16:14,LIGHT,50,
2026-08-06,16:15,LIGHT,50,
2026-08-06,16:16,LIGHT,52,
2026-08-06,16:17,LIGHT,57,
2026-08-06,16:18,DEEP,53,
2026-08-06,16:19,DEEP,52,
2026-08-06,16:20,DEEP,51,
2026-08-06,16:21,DEEP,50,
2026-08-06,16:22,DEEP,49,
2026-08-06,16:23,DEEP,49,
2026-08-06,16:24,DEEP,50,
2026-08-06,16:25,DEEP,50,
2026-08-06,16:26,DEEP,50,
2026-08-06,16:27,DEEP,51,
2026-08-06,16:28,DEEP,51,
2026-08-06,16:29,LIGHT,51,
2026-08-06,16:30,LIGHT,51,
2026-08-06,16:31,LIGHT,51,
2026-08-06,16:32,LIGHT,51,
2026-08-06,16:33,LIGHT,51,
2026-08-06,16:34,DEEP,51,
2026-08-06,16:35,DEEP,53,
2026-08-06,16:36,DEEP,55,
2026-08-06,16:37,DEEP,52,
2026-08-06,16:38,DEEP,53,
2026-08-06,16:39,DEEP,53,
2026-08-06,16:40,DEEP,52,
2026-08-06,16:41,DEEP,51,
2026-08-06,16:42,DEEP,50,
2026-08-06,16:43,DEEP,51,
2026-08-06,16:44,DEEP,51,
2026-08-06,16:45,DEEP,51,
2026-08-06,16:46,DEEP,51,
2026-08-06,16:47,DEEP,51,
2026-08-06,16:48,DEEP,52,
2026-08-06,16:49,DEEP,52,
2026-08-06,16:50,DEEP,53,
2026-08-06,16:51,DEEP,56,
2026-08-06,16:52,DEEP,53,
2026-08-06,16:53,DEEP,53,
2026-08-06,16:54,DEEP,53,
2026-08-06,16:55,LIGHT,52,
2026-08-06,16:56,LIGHT,53,
2026-08-06,16:57,LIGHT,53,
2026-08-06,16:58,LIGHT,50,
2026-08-06,16:59,LIGHT,53,
2026-08-06,17:00,REM,50,
2026-08-06,17:01,REM,50,
2026-08-06,17:02,REM,50,
2026-08-06,17:03,REM,52,
2026-08-06,17:04,REM,61,
2026-08-06,17:05,REM,51,
2026-08-06,17:06,REM,47,
2026-08-06,17:07,REM,46,
2026-08-06,17:08,REM,47,
2026-08-06,17:09,REM,52,
2026-08-06,17:10,REM,50,
2026-08-06,17:11,REM,50,
2026-08-06,17:12,REM,52,
2026-08-06,17:13,REM,51,
2026-08-06,17:14,REM,51,
2026-08-06,17:15,LIGHT,49,
2026-08-06,17:16,LIGHT,49,
2026-08-06,17:17,LIGHT,51,
2026-08-06,17:18,LIGHT,51,
2026-08-06,17:19,LIGHT,51,
2026-08-06,17:20,LIGHT,51,
2026-08-06,17:21,LIGHT,51,
2026-08-06,17:22,LIGHT,51,
2026-08-06,17:23,LIGHT,51,
2026-08-06,17:24,LIGHT,52,
2026-08-06,17:25,LIGHT,52,
2026-08-06,17:26,LIGHT,52,
2026-08-06,17:27,LIGHT,52,
2026-08-06,17:28,LIGHT,56,
2026-08-06,17:29,LIGHT,53,
2026-08-06,17:30,LIGHT,53,
2026-08-06,17:31,LIGHT,53,
2026-08-06,17:32,LIGHT,58,
2026-08-06,17:33,LIGHT,55,
2026-08-06,17:34,LIGHT,52,
2026-08-06,17:35,LIGHT,57,
2026-08-06,17:36,LIGHT,62,
2026-08-06,17:37,LIGHT,61,
2026-08-06,17:38,LIGHT,60,
2026-08-06,17:39,LIGHT,57,
2026-08-06,17:40,LIGHT,53,
2026-08-06,17:41,LIGHT,52,
2026-08-06,17:42,LIGHT,51,
2026-08-06,17:43,LIGHT,51,
2026-08-06,17:44,LIGHT,53,
2026-08-06,17:45,LIGHT,52,
2026-08-06,17:46,LIGHT,51,
2026-08-06,17:47,LIGHT,51,
2026-08-06,17:48,LIGHT,51,
2026-08-06,17:49,LIGHT,52,
2026-08-06,17:50,LIGHT,52,
2026-08-06,17:51,LIGHT,49,
2026-08-06,17:52,LIGHT,49,
2026-08-06,17:53,LIGHT,51,
2026-08-06,17:54,LIGHT,56,
2026-08-06,17:55,LIGHT,53,
2026-08-06,17:56,LIGHT,51,
2026-08-06,17:57,DEEP,54,
2026-08-06,17:58,DEEP,53,
2026-08-06,17:59,DEEP,55,
2026-08-06,18:00,DEEP,52,
2026-08-06,18:01,LIGHT,52,
2026-08-06,18:02,LIGHT,52,
2026-08-06,18:03,LIGHT,52,
2026-08-06,18:04,WAKE,54,
2026-08-06,18:05,WAKE,52,
2026-08-06,18:06,LIGHT,52,
2026-08-06,18:07,LIGHT,52,
2026-08-06,18:08,LIGHT,58,
2026-08-06,18:09,LIGHT,66,
2026-08-06,18:10,LIGHT,58,
2026-08-06,18:11,LIGHT,52,
2026-08-06,18:12,LIGHT,50,
2026-08-06,18:13,LIGHT,50,
2026-08-06,18:14,LIGHT,50,
2026-08-06,18:15,LIGHT,52,
2026-08-06,18:16,LIGHT,50,
2026-08-06,18:17,LIGHT,48,
2026-08-06,18:18,LIGHT,49,
2026-08-06,18:19,LIGHT,50,
2026-08-06,18:20,LIGHT,65,
2026-08-06,18:21,LIGHT,70,
2026-08-06,18:22,WAKE,75,
2026-08-06,18:23,LIGHT,74,
2026-08-06,18:24,WAKE,74,
2026-08-06,18:25,LIGHT,61,
2026-08-07,00:21,LIGHT,46,
2026-08-07,00:22,LIGHT,45,
2026-08-07,00:23,LIGHT,46,
2026-08-07,00:24,LIGHT,46,
2026-08-07,00:25,LIGHT,47,
2026-08-07,00:26,DEEP,48,
2026-08-07,00:27,DEEP,50,
2026-08-07,00:28,DEEP,48,
2026-08-07,00:29,DEEP,46,
2026-08-07,00:30,DEEP,46,
2026-08-07,00:31,DEEP,48,
2026-08-07,00:32,DEEP,48,
2026-08-07,00:33,DEEP,47,
2026-08-07,00:34,DEEP,47,
2026-08-07,00:35,DEEP,46,
2026-08-07,00:36,DEEP,46,
2026-08-07,00:37,DEEP,46,
2026-08-07,00:38,DEEP,46,
2026-08-07,00:39,DEEP,46,
2026-08-07,00:40,DEEP,46,
2026-08-07,00:41,DEEP,46,
2026-08-07,00:42,DEEP,46,
2026-08-07,00:43,DEEP,46,
2026-08-07,00:44,DEEP,46,
2026-08-07,00:45,DEEP,46,
2026-08-07,00:46,DEEP,48,
2026-08-07,00:47,DEEP,49,
2026-08-07,00:48,DEEP,46,
2026-08-07,00:49,DEEP,46,
2026-08-07,00:50,DEEP,46,
2026-08-07,00:51,LIGHT,47,
2026-08-07,00:52,LIGHT,46,
2026-08-07,00:53,LIGHT,46,
2026-08-07,00:54,LIGHT,47,
2026-08-07,00:55,LIGHT,50,
2026-08-07,00:56,LIGHT,52,
2026-08-07,00:57,LIGHT,52,
2026-08-07,00:58,LIGHT,49,
2026-08-07,00:59,LIGHT,49,
2026-08-07,01:00,LIGHT,47,
2026-08-07,01:01,LIGHT,48,
2026-08-07,01:02,LIGHT,49,
2026-08-07,01:03,REM,48,
2026-08-07,01:04,REM,45,
2026-08-07,01:05,REM,47,
2026-08-07,01:06,REM,50,
2026-08-07,01:07,REM,48,
2026-08-07,01:08,REM,49,
2026-08-07,01:09,REM,48,
2026-08-07,01:10,REM,50,
2026-08-07,01:11,REM,48,
2026-08-07,01:12,REM,49,
2026-08-07,01:13,REM,48,
2026-08-07,01:14,REM,48,
2026-08-07,01:15,REM,48,
2026-08-07,01:16,REM,46,
2026-08-07,01:17,REM,46,
2026-08-07,01:18,REM,45,
2026-08-07,01:19,REM,46,
2026-08-07,01:20,REM,47,
2026-08-07,01:21,REM,47,
2026-08-07,01:22,REM,47,
2026-08-07,01:23,REM,47,
2026-08-07,01:24,REM,47,
2026-08-07,01:25,REM,47,
2026-08-07,01:26,REM,47,
2026-08-07,01:27,REM,47,
2026-08-07,01:28,REM,47,
2026-08-07,01:29,REM,47,
2026-08-07,01:30,REM,46,
2026-08-07,01:31,LIGHT,46,
2026-08-07,01:32,LIGHT,46,
2026-08-07,01:33,LIGHT,46,
2026-08-07,01:34,LIGHT,46,
2026-08-07,01:35,LIGHT,46,
2026-08-07,01:36,LIGHT,46,
2026-08-07,01:37,LIGHT,46,
2026-08-07,01:38,LIGHT,46,
2026-08-07,01:39,LIGHT,46,
2026-08-07,01:40,LIGHT,45,
2026-08-07,01:41,LIGHT,45,
2026-08-07,01:42,LIGHT,45,
2026-08-07,01:43,LIGHT,45,
2026-08-07,01:44,LIGHT,45,
2026-08-07,01:45,LIGHT,45,
2026-08-07,01:46,LIGHT,45,
2026-08-07,01:47,LIGHT,45,
2026-08-07,01:48,LIGHT,45,
2026-08-07,01:49,LIGHT,45,
2026-08-07,01:50,LIGHT,45,
2026-08-07,01:51,LIGHT,45,
2026-08-07,01:52,LIGHT,45,
2026-08-07,01:53,LIGHT,45,
2026-08-07,01:54,LIGHT,45,
2026-08-07,01:55,LIGHT,45,
2026-08-07,01:56,LIGHT,45,
2026-08-07,01:57,DEEP,45,
2026-08-07,01:58,DEEP,45,
2026-08-07,01:59,DEEP,45,
2026-08-07,02:00,DEEP,45,
2026-08-07,02:01,DEEP,45,
2026-08-07,02:02,DEEP,48,
2026-08-07,02:03,DEEP,55,
2026-08-07,02:04,LIGHT,51,
2026-08-07,02:05,LIGHT,54,
2026-08-07,02:06,LIGHT,53,
2026-08-07,02:07,LIGHT,47,
2026-08-07,02:08,LIGHT,45,
2026-08-07,02:09,LIGHT,45,
2026-08-07,02:10,LIGHT,45,
2026-08-07,02:11,LIGHT,45,
2026-08-07,02:12,DEEP,45,
2026-08-07,02:13,DEEP,46,
2026-08-07,02:14,DEEP,46,
2026-08-07,02:15,DEEP,46,
2026-08-07,02:16,DEEP,46,
2026-08-07,02:17,DEEP,46,
2026-08-07,02:18,DEEP,46,
2026-08-07,02:19,DEEP,46,
2026-08-07,02:20,DEEP,46,
2026-08-07,02:21,DEEP,46,
2026-08-07,02:22,DEEP,46,
2026-08-07,02:23,DEEP,46,
2026-08-07,02:24,DEEP,46,
2026-08-07,02:25,DEEP,46,
2026-08-07,02:26,LIGHT,46,
2026-08-07,02:27,LIGHT,46,
2026-08-07,02:28,LIGHT,48,
2026-08-07,02:29,LIGHT,52,
2026-08-07,02:30,LIGHT,50,
2026-08-07,02:31,LIGHT,50,
2026-08-07,02:32,LIGHT,47,
2026-08-07,02:33,LIGHT,45,
2026-08-07,02:34,LIGHT,45,
2026-08-07,02:35,LIGHT,45,
2026-08-07,02:36,LIGHT,43,
2026-08-07,02:37,LIGHT,43,
2026-08-07,02:38,LIGHT,43,
2026-08-07,02:39,LIGHT,43,
2026-08-07,02:40,LIGHT,42,
2026-08-07,02:41,LIGHT,44,
2026-08-07,02:42,LIGHT,47,
2026-08-07,02:43,LIGHT,44,
2026-08-07,02:44,LIGHT,49,
2026-08-07,02:45,LIGHT,43,
2026-08-07,02:46,LIGHT,43,
2026-08-07,02:47,LIGHT,45,
2026-08-07,02:48,LIGHT,45,
2026-08-07,02:49,LIGHT,44,
2026-08-07,02:50,LIGHT,43,
2026-08-07,02:51,WAKE,43,
2026-08-07,02:52,LIGHT,43,
2026-08-07,02:53,LIGHT,42,
2026-08-07,02:54,LIGHT,42,
2026-08-07,02:55,LIGHT,47,
2026-08-07,02:56,LIGHT,44,
2026-08-07,02:57,LIGHT,44,
2026-08-07,02:58,LIGHT,44,
2026-08-07,02:59,LIGHT,44,
2026-08-07,03:00,LIGHT,44,
2026-08-07,03:01,LIGHT,44,
2026-08-07,03:02,LIGHT,53,
2026-08-07,03:03,LIGHT,49,
2026-08-07,03:04,LIGHT,48,
2026-08-07,03:05,LIGHT,48,
2026-08-07,03:06,LIGHT,45,
2026-08-07,03:07,LIGHT,46,
2026-08-07,03:08,LIGHT,46,
2026-08-07,03:09,LIGHT,50,
2026-08-07,03:10,LIGHT,47,
2026-08-07,03:11,REM,45,
2026-08-07,03:12,REM,45,
2026-08-07,03:13,REM,45,
2026-08-07,03:14,REM,44,
2026-08-07,03:15,REM,45,
2026-08-07,03:16,REM,45,
2026-08-07,03:17,REM,45,
2026-08-07,03:18,REM,45,
2026-08-07,03:19,REM,45,
2026-08-07,03:20,REM,45,
2026-08-07,03:21,REM,45,
2026-08-07,03:22,REM,45,
2026-08-07,03:23,REM,45,
2026-08-07,03:24,REM,45,
2026-08-07,03:25,REM,48,
2026-08-07,03:26,REM,47,
2026-08-07,03:27,REM,46,
2026-08-07,03:28,REM,45,
2026-08-07,03:29,REM,44,
2026-08-07,03:30,REM,44,
2026-08-07,03:31,REM,44,
2026-08-07,03:32,REM,43,
2026-08-07,03:33,REM,43,
2026-08-07,03:34,REM,43,
2026-08-07,03:35,REM,44,
2026-08-07,03:36,REM,44,
2026-08-07,03:37,REM,44,
2026-08-07,03:38,REM,44,
2026-08-07,03:39,REM,44,
2026-08-07,03:40,REM,44,
2026-08-07,03:41,REM,45,
2026-08-07,03:42,REM,45,
2026-08-07,03:43,REM,44,
2026-08-07,03:44,REM,43,
2026-08-07,03:45,REM,44,
2026-08-07,03:46,REM,44,
2026-08-07,03:47,REM,44,
2026-08-07,03:48,REM,45,
2026-08-07,03:49,REM,44,
2026-08-07,03:50,REM,44,
2026-08-07,03:51,REM,44,
2026-08-07,03:52,LIGHT,44,
2026-08-07,03:53,LIGHT,44,
2026-08-07,03:54,LIGHT,44,
2026-08-07,03:55,LIGHT,45,
2026-08-07,03:56,LIGHT,45,
2026-08-07,03:57,LIGHT,52,
2026-08-07,03:58,LIGHT,52,
2026-08-07,03:59,LIGHT,50,
2026-08-07,04:00,LIGHT,46,
2026-08-07,04:01,LIGHT,44,
2026-08-07,04:02,LIGHT,44,
2026-08-07,04:03,LIGHT,43,
2026-08-07,04:04,LIGHT,43,
2026-08-07,04:05,LIGHT,44,
2026-08-07,04:06,LIGHT,44,
2026-08-07,04:07,LIGHT,45,
2026-08-07,04:08,LIGHT,45,
2026-08-07,04:09,LIGHT,45,
2026-08-07,04:10,LIGHT,45,
2026-08-07,04:11,LIGHT,44,
2026-08-07,04:12,LIGHT,43,
2026-08-07,04:13,LIGHT,43,
2026-08-07,04:14,LIGHT,43,
2026-08-07,04:15,LIGHT,46,
2026-08-07,04:16,LIGHT,43,
2026-08-07,04:17,LIGHT,46,
2026-08-07,04:18,LIGHT,44,
2026-08-07,04:19,LIGHT,45,
2026-08-07,04:20,LIGHT,43,
2026-08-07,04:21,DEEP,42,
2026-08-07,04:22,DEEP,44,
2026-08-07,04:23,DEEP,44,
2026-08-07,04:24,DEEP,44,
2026-08-07,04:25,DEEP,54,
2026-08-07,04:26,DEEP,52,
2026-08-07,04:27,DEEP,45,
2026-08-07,04:28,DEEP,44,
2026-08-07,04:29,DEEP,44,
2026-08-07,04:30,DEEP,43,
2026-08-07,04:31,DEEP,43,
2026-08-07,04:32,DEEP,41,
2026-08-07,04:33,DEEP,41,
2026-08-07,04:34,DEEP,41,
2026-08-07,04:35,DEEP,41,
2026-08-07,04:36,DEEP,42,
2026-08-07,04:37,DEEP,41,
2026-08-07,04:38,DEEP,40,
2026-08-07,04:39,DEEP,41,
2026-08-07,04:40,DEEP,41,
2026-08-07,04:41,DEEP,41,
2026-08-07,04:42,DEEP,41,
2026-08-07,04:43,DEEP,42,
2026-08-07,04:44,DEEP,43,
2026-08-07,04:45,DEEP,41,
2026-08-07,04:46,LIGHT,41,
2026-08-07,04:47,LIGHT,41,
2026-08-07,04:48,LIGHT,41,
2026-08-07,04:49,WAKE,41,
2026-08-07,04:50,WAKE,41,
2026-08-07,04:51,LIGHT,41,
2026-08-07,04:52,LIGHT,41,
2026-08-07,04:53,LIGHT,42,
2026-08-07,04:54,LIGHT,42,
2026-08-07,04:55,LIGHT,46,
2026-08-07,04:56,LIGHT,49,
2026-08-07,04:57,LIGHT,53,
2026-08-07,04:58,REM,46,
2026-08-07,04:59,REM,44,
2026-08-07,05:00,REM,43,
2026-08-07,05:01,LIGHT,43,
2026-08-07,05:02,LIGHT,43,
2026-08-07,05:03,LIGHT,43,
2026-08-07,05:04,WAKE,44,
2026-08-07,05:05,LIGHT,50,
2026-08-07,05:06,LIGHT,46,
2026-08-07,05:07,LIGHT,44,
2026-08-07,05:08,LIGHT,44,
2026-08-07,05:09,LIGHT,44,
2026-08-07,05:10,LIGHT,43,
2026-08-07,05:11,LIGHT,43,
2026-08-07,05:12,LIGHT,43,
2026-08-07,05:13,LIGHT,43,
2026-08-07,05:14,LIGHT,43,
2026-08-07,05:15,LIGHT,43,
2026-08-07,05:16,LIGHT,44,
2026-08-07,05:17,LIGHT,44,
2026-08-07,05:18,LIGHT,44,
2026-08-07,05:19,LIGHT,44,
2026-08-07,05:20,LIGHT,44,
2026-08-07,05:21,LIGHT,44,
2026-08-07,05:22,LIGHT,44,
2026-08-07,05:23,LIGHT,44,
2026-08-07,05:24,LIGHT,44,
2026-08-07,05:25,LIGHT,44,
2026-08-07,05:26,LIGHT,44,
2026-08-07,05:27,LIGHT,44,
2026-08-07,05:28,LIGHT,45,
2026-08-07,05:29,LIGHT,44,
2026-08-07,05:30,LIGHT,45,
2026-08-07,05:31,LIGHT,45,
2026-08-07,05:32,LIGHT,45,
2026-08-07,05:33,LIGHT,45,
2026-08-07,05:34,LIGHT,45,
2026-08-07,05:35,LIGHT,54,
2026-08-07,05:36,LIGHT,55,
2026-08-07,05:37,LIGHT,52,
2026-08-07,05:38,LIGHT,50,
2026-08-07,05:39,LIGHT,45,
2026-08-07,05:40,LIGHT,43,
2026-08-07,05:41,LIGHT,43,
2026-08-07,05:42,LIGHT,43,
2026-08-07,05:43,LIGHT,43,
2026-08-07,05:44,LIGHT,48,
2026-08-07,05:45,LIGHT,44,
2026-08-07,05:46,LIGHT,43,
2026-08-07,05:47,LIGHT,42,
2026-08-07,05:48,LIGHT,43,
2026-08-07,05:49,LIGHT,43,
2026-08-07,05:50,LIGHT,50,
2026-08-07,05:51,LIGHT,47,
2026-08-07,05:52,LIGHT,44,
2026-08-07,05:53,LIGHT,43,
2026-08-07,05:54,LIGHT,48,
2026-08-07,05:55,LIGHT,46,
2026-08-07,05:56,LIGHT,46,
2026-08-07,05:57,LIGHT,43,
2026-08-07,05:58,LIGHT,45,
2026-08-07,05:59,LIGHT,43,
2026-08-07,06:00,LIGHT,47,
2026-08-07,06:01,WAKE,43,
2026-08-07,06:02,LIGHT,43,
2026-08-07,06:03,LIGHT,43,
2026-08-07,06:04,LIGHT,43,
2026-08-07,15:49,LIGHT,,
2026-08-07,15:50,LIGHT,,
2026-08-07,15:51,LIGHT,,
2026-08-07,15:52,LIGHT,,
2026-08-07,15:53,LIGHT,,
2026-08-07,15:54,LIGHT,,
2026-08-07,15:55,LIGHT,,
2026-08-07,15:56,LIGHT,,
2026-08-07,15:57,LIGHT,,
2026-08-07,15:58,LIGHT,,
2026-08-07,15:59,LIGHT,,
2026-08-07,16:00,LIGHT,,
2026-08-07,16:01,LIGHT,,
2026-08-07,16:02,LIGHT,,
2026-08-07,16:03,LIGHT,,
2026-08-07,16:04,LIGHT,,
2026-08-07,16:05,LIGHT,,
2026-08-07,16:06,LIGHT,,
2026-08-07,16:07,LIGHT,,
2026-08-07,16:08,LIGHT,,
2026-08-07,16:09,DEEP,,
2026-08-07,16:10,DEEP,,
2026-08-07,16:11,DEEP,,
2026-08-07,16:12,DEEP,,
2026-08-07,16:13,DEEP,,
2026-08-07,16:14,DEEP,,
2026-08-07,16:15,DEEP,,
2026-08-07,16:16,LIGHT,,
2026-08-07,16:17,LIGHT,,
2026-08-07,16:18,LIGHT,,
2026-08-07,16:19,LIGHT,,
2026-08-07,16:20,LIGHT,,
2026-08-07,16:21,LIGHT,,
2026-08-07,16:22,LIGHT,,
2026-08-07,16:23,LIGHT,,
2026-08-07,16:24,LIGHT,,
2026-08-07,16:25,LIGHT,,
2026-08-07,16:26,LIGHT,,
2026-08-07,16:27,LIGHT,,
2026-08-07,16:28,DEEP,,
2026-08-07,16:29,DEEP,,
2026-08-07,16:30,DEEP,,
2026-08-07,16:31,DEEP,,
2026-08-07,16:32,DEEP,,
2026-08-07,16:33,DEEP,,
2026-08-07,16:34,DEEP,,
2026-08-07,16:35,DEEP,,
2026-08-07,16:36,LIGHT,,
2026-08-07,16:37,LIGHT,,
2026-08-07,16:38,LIGHT,,
2026-08-07,16:39,LIGHT,,
2026-08-07,16:40,LIGHT,,
2026-08-07,16:41,LIGHT,,
2026-08-07,16:42,LIGHT,,
2026-08-07,16:43,LIGHT,,
2026-08-07,16:44,LIGHT,,
2026-08-07,16:45,LIGHT,,
2026-08-07,16:46,LIGHT,,
2026-08-07,16:47,LIGHT,,
2026-08-07,16:48,REM,,
2026-08-07,16:49,REM,,
2026-08-07,16:50,REM,,
2026-08-07,16:51,REM,,
2026-08-07,16:52,REM,,
2026-08-07,16:53,REM,,
2026-08-07,16:54,REM,65,
2026-08-07,16:55,REM,85,
2026-08-07,16:56,REM,85,
2026-08-07,16:57,REM,91,
2026-08-07,16:58,REM,86,
2026-08-07,16:59,REM,83,
2026-08-07,17:00,LIGHT,83,
2026-08-07,17:01,LIGHT,89,
2026-08-07,17:02,LIGHT,84,
2026-08-07,17:03,LIGHT,81,
2026-08-07,17:04,LIGHT,81,
2026-08-07,23:48,LIGHT,,
2026-08-07,23:49,LIGHT,,
2026-08-07,23:50,LIGHT,,
2026-08-07,23:51,LIGHT,,
2026-08-07,23:52,LIGHT,,
2026-08-07,23:53,LIGHT,,
2026-08-07,23:54,LIGHT,,
2026-08-07,23:55,LIGHT,,
2026-08-07,23:56,LIGHT,,
2026-08-07,23:57,LIGHT,,
2026-08-07,23:58,LIGHT,,
2026-08-07,23:59,LIGHT,,
2026-08-08,00:00,LIGHT,,
2026-08-08,00:01,LIGHT,,
2026-08-08,00:02,LIGHT,85,
2026-08-08,00:03,LIGHT,62,
2026-08-08,00:04,LIGHT,51,
2026-08-08,00:05,LIGHT,48,
2026-08-08,00:06,LIGHT,48,
2026-08-08,00:07,LIGHT,48,
2026-08-08,00:08,LIGHT,45,
2026-08-08,00:09,LIGHT,47,
2026-08-08,00:10,LIGHT,61,
2026-08-08,00:11,DEEP,62,
2026-08-08,00:12,DEEP,51,
2026-08-08,00:13,DEEP,48,
2026-08-08,00:14,DEEP,46,
2026-08-08,00:15,DEEP,45,
2026-08-08,00:16,DEEP,45,
2026-08-08,00:17,DEEP,46,
2026-08-08,00:18,DEEP,46,
2026-08-08,00:19,DEEP,45,
2026-08-08,00:20,DEEP,46,
2026-08-08,00:21,DEEP,45,
2026-08-08,00:22,DEEP,45,
2026-08-08,00:23,DEEP,49,
2026-08-08,00:24,DEEP,47,
2026-08-08,00:25,DEEP,47,
2026-08-08,00:26,LIGHT,51,
2026-08-08,00:27,LIGHT,47,
2026-08-08,00:28,LIGHT,46,
2026-08-08,00:29,LIGHT,52,
2026-08-08,00:30,LIGHT,52,
2026-08-08,00:31,LIGHT,48,
2026-08-08,00:32,LIGHT,48,
2026-08-08,00:33,LIGHT,46,
2026-08-08,00:34,LIGHT,45,
2026-08-08,00:35,LIGHT,45,
2026-08-08,00:36,LIGHT,46,
2026-08-08,00:37,LIGHT,46,
2026-08-08,00:38,LIGHT,45,
2026-08-08,00:39,LIGHT,45,
2026-08-08,00:40,LIGHT,45,
2026-08-08,00:41,LIGHT,44,
2026-08-08,00:42,DEEP,44,
2026-08-08,00:43,DEEP,44,
2026-08-08,00:44,DEEP,44,
2026-08-08,00:45,DEEP,46,
2026-08-08,00:46,DEEP,45,
2026-08-08,00:47,LIGHT,45,
2026-08-08,00:48,LIGHT,45,
2026-08-08,00:49,LIGHT,44,
2026-08-08,00:50,LIGHT,44,
2026-08-08,00:51,LIGHT,44,
2026-08-08,00:52,LIGHT,44,
2026-08-08,00:53,LIGHT,44,
2026-08-08,00:54,REM,44,
2026-08-08,00:55,REM,45,
2026-08-08,00:56,REM,45,
2026-08-08,00:57,REM,45,
2026-08-08,00:58,REM,45,
2026-08-08,00:59,REM,45,
2026-08-08,01:00,REM,44,
2026-08-08,01:01,REM,47,
2026-08-08,01:02,REM,46,
2026-08-08,01:03,REM,44,
2026-08-08,01:04,REM,43,
2026-08-08,01:05,REM,43,
2026-08-08,01:06,REM,43,
2026-08-08,01:07,REM,43,
2026-08-08,01:08,REM,43,
2026-08-08,01:09,REM,43,
2026-08-08,01:10,REM,46,
2026-08-08,01:11,REM,44,
2026-08-08,01:12,REM,43,
2026-08-08,01:13,REM,43,
2026-08-08,01:14,REM,43,
2026-08-08,01:15,REM,43,
2026-08-08,01:16,LIGHT,45,
2026-08-08,01:17,LIGHT,45,
2026-08-08,01:18,LIGHT,45,
2026-08-08,01:19,LIGHT,44,
2026-08-08,01:20,LIGHT,44,
2026-08-08,01:21,LIGHT,44,
2026-08-08,01:22,LIGHT,44,
2026-08-08,01:23,LIGHT,44,
2026-08-08,01:24,LIGHT,44,
2026-08-08,01:25,LIGHT,44,
2026-08-08,01:26,LIGHT,46,
2026-08-08,01:27,LIGHT,44,
2026-08-08,01:28,LIGHT,44,
2026-08-08,01:29,LIGHT,44,
2026-08-08,01:30,LIGHT,44,
2026-08-08,01:31,LIGHT,44,
2026-08-08,01:32,LIGHT,44,
2026-08-08,01:33,LIGHT,44,
2026-08-08,01:34,LIGHT,45,
2026-08-08,01:35,LIGHT,46,
2026-08-08,01:36,LIGHT,46,
2026-08-08,01:37,LIGHT,46,
2026-08-08,01:38,LIGHT,47,
2026-08-08,01:39,DEEP,47,
2026-08-08,01:40,DEEP,48,
2026-08-08,01:41,DEEP,50,
2026-08-08,01:42,DEEP,48,
2026-08-08,01:43,DEEP,48,
2026-08-08,01:44,DEEP,50,
2026-08-08,01:45,DEEP,50,
2026-08-08,01:46,DEEP,51,
2026-08-08,01:47,DEEP,53,
2026-08-08,01:48,DEEP,51,
2026-08-08,01:49,DEEP,49,
2026-08-08,01:50,DEEP,50,
2026-08-08,01:51,DEEP,50,
2026-08-08,01:52,DEEP,49,
2026-08-08,01:53,DEEP,49,
2026-08-08,01:54,DEEP,48,
2026-08-08,01:55,DEEP,47,
2026-08-08,01:56,DEEP,47,
2026-08-08,01:57,DEEP,47,
2026-08-08,01:58,DEEP,47,
2026-08-08,01:59,DEEP,47,
2026-08-08,02:00,DEEP,47,
2026-08-08,02:01,DEEP,47,
2026-08-08,02:02,DEEP,47,
2026-08-08,02:03,DEEP,47,
2026-08-08,02:04,LIGHT,47,
2026-08-08,02:05,LIGHT,47,
2026-08-08,02:06,LIGHT,47,
2026-08-08,02:07,LIGHT,47,
2026-08-08,02:08,LIGHT,47,
2026-08-08,02:09,LIGHT,47,
2026-08-08,02:10,LIGHT,47,
2026-08-08,02:11,LIGHT,46,
2026-08-08,02:12,LIGHT,46,
2026-08-08,02:13,LIGHT,46,
2026-08-08,02:14,LIGHT,46,
2026-08-08,02:15,LIGHT,46,
2026-08-08,02:16,LIGHT,45,
2026-08-08,02:17,LIGHT,45,
2026-08-08,02:18,LIGHT,45,
2026-08-08,02:19,LIGHT,45,
2026-08-08,02:20,LIGHT,45,
2026-08-08,02:21,LIGHT,45,
2026-08-08,02:22,LIGHT,44,
2026-08-08,02:23,LIGHT,44,
2026-08-08,02:24,LIGHT,44,
2026-08-08,02:25,LIGHT,44,
2026-08-08,02:26,LIGHT,44,
2026-08-08,02:27,LIGHT,44,
2026-08-08,02:28,LIGHT,51,
2026-08-08,02:29,LIGHT,54,
2026-08-08,02:30,LIGHT,53,
2026-08-08,02:31,LIGHT,47,
2026-08-08,02:32,LIGHT,44,
2026-08-08,02:33,LIGHT,44,
2026-08-08,02:34,LIGHT,44,
2026-08-08,02:35,LIGHT,44,
2026-08-08,02:36,LIGHT,44,
2026-08-08,02:37,LIGHT,42,
2026-08-08,02:38,REM,43,
2026-08-08,02:39,REM,43,
2026-08-08,02:40,REM,43,
2026-08-08,02:41,REM,43,
2026-08-08,02:42,REM,43,
2026-08-08,02:43,REM,43,
2026-08-08,02:44,LIGHT,43,
2026-08-08,02:45,LIGHT,43,
2026-08-08,02:46,LIGHT,46,
2026-08-08,02:47,LIGHT,51,
2026-08-08,02:48,LIGHT,46,
2026-08-08,02:49,LIGHT,44,
2026-08-08,02:50,LIGHT,44,
2026-08-08,02:51,LIGHT,44,
2026-08-08,02:52,REM,44,
2026-08-08,02:53,REM,44,
2026-08-08,02:54,REM,44,
2026-08-08,02:55,REM,44,
2026-08-08,02:56,REM,44,
2026-08-08,02:57,REM,44,
2026-08-08,02:58,REM,44,
2026-08-08,02:59,REM,44,
2026-08-08,03:00,REM,44,
2026-08-08,03:01,REM,45,
2026-08-08,03:02,REM,45,
2026-08-08,03:03,REM,47,
2026-08-08,03:04,REM,50,
2026-08-08,03:05,REM,50,
2026-08-08,03:06,REM,47,
2026-08-08,03:07,LIGHT,45,
2026-08-08,03:08,LIGHT,45,
2026-08-08,03:09,LIGHT,45,
2026-08-08,03:10,LIGHT,46,
2026-08-08,03:11,LIGHT,46,
2026-08-08,03:12,LIGHT,43,
2026-08-08,03:13,LIGHT,45,
2026-08-08,03:14,LIGHT,45,
2026-08-08,03:15,LIGHT,45,
2026-08-08,03:16,LIGHT,44,
2026-08-08,03:17,LIGHT,45,
2026-08-08,03:18,LIGHT,49,
2026-08-08,03:19,LIGHT,50,
2026-08-08,03:20,LIGHT,44,
2026-08-08,03:21,LIGHT,44,
2026-08-08,03:22,LIGHT,44,
2026-08-08,03:23,LIGHT,47,
2026-08-08,03:24,LIGHT,47,
2026-08-08,03:25,LIGHT,47,
2026-08-08,03:26,LIGHT,47,
2026-08-08,03:27,LIGHT,46,
2026-08-08,03:28,LIGHT,44,
2026-08-08,03:29,LIGHT,44,
2026-08-08,03:30,LIGHT,44,
2026-08-08,03:31,LIGHT,45,
2026-08-08,03:32,LIGHT,43,
2026-08-08,03:33,LIGHT,43,
2026-08-08,03:34,LIGHT,43,
2026-08-08,03:35,LIGHT,43,
2026-08-08,03:36,LIGHT,52,
2026-08-08,03:37,LIGHT,47,
2026-08-08,03:38,LIGHT,46,
2026-08-08,03:39,LIGHT,46,
2026-08-08,03:40,LIGHT,45,
2026-08-08,03:41,LIGHT,45,
2026-08-08,03:42,LIGHT,45,
2026-08-08,03:43,LIGHT,44,
2026-08-08,03:44,DEEP,43,
2026-08-08,03:45,DEEP,45,
2026-08-08,03:46,DEEP,45,
2026-08-08,03:47,DEEP,45,
2026-08-08,03:48,DEEP,44,
2026-08-08,03:49,DEEP,45,
2026-08-08,03:50,DEEP,45,
2026-08-08,03:51,DEEP,45,
2026-08-08,03:52,DEEP,45,
2026-08-08,03:53,DEEP,45,
2026-08-08,03:54,DEEP,45,
2026-08-08,03:55,DEEP,45,
2026-08-08,03:56,LIGHT,45,
2026-08-08,03:57,LIGHT,45,
2026-08-08,03:58,LIGHT,45,
2026-08-08,03:59,WAKE,45,
2026-08-08,04:00,WAKE,45,
2026-08-08,04:01,LIGHT,46,
2026-08-08,04:02,LIGHT,46,
2026-08-08,04:03,LIGHT,46,
2026-08-08,04:04,LIGHT,46,
2026-08-08,04:05,LIGHT,45,
2026-08-08,04:06,REM,45,
2026-08-08,04:07,REM,45,
2026-08-08,04:08,REM,46,
2026-08-08,04:09,REM,46,
2026-08-08,04:10,REM,46,
2026-08-08,04:11,REM,46,
2026-08-08,04:12,REM,46,
2026-08-08,04:13,REM,46,
2026-08-08,04:14,REM,46,
2026-08-08,04:15,REM,46,
2026-08-08,04:16,REM,46,
2026-08-08,04:17,REM,46,
2026-08-08,04:18,REM,45,
2026-08-08,04:19,REM,45,
2026-08-08,04:20,REM,45,
2026-08-08,04:21,REM,45,
2026-08-08,04:22,REM,45,
2026-08-08,04:23,REM,45,
2026-08-08,04:24,LIGHT,45,
2026-08-08,04:25,LIGHT,45,
2026-08-08,04:26,LIGHT,45,
2026-08-08,04:27,WAKE,45,
2026-08-08,04:28,LIGHT,45,
2026-08-08,04:29,LIGHT,46,
2026-08-08,04:30,LIGHT,45,
2026-08-08,04:31,LIGHT,45,
2026-08-08,04:32,LIGHT,44,
2026-08-08,04:33,LIGHT,44,
2026-08-08,04:34,LIGHT,45,
2026-08-08,04:35,LIGHT,45,
2026-08-08,04:36,LIGHT,45,
2026-08-08,04:37,LIGHT,45,
2026-08-08,04:38,LIGHT,45,
2026-08-08,04:39,LIGHT,54,
2026-08-08,04:40,LIGHT,51,
2026-08-08,04:41,LIGHT,47,
2026-08-08,04:42,LIGHT,47,
2026-08-08,04:43,LIGHT,46,
2026-08-08,04:44,LIGHT,44,
2026-08-08,04:45,LIGHT,44,
2026-08-08,04:46,LIGHT,43,
2026-08-08,04:47,LIGHT,43,
2026-08-08,04:48,LIGHT,43,
2026-08-08,04:49,LIGHT,46,
2026-08-08,04:50,LIGHT,44,
2026-08-08,04:51,LIGHT,44,
2026-08-08,04:52,LIGHT,45,
2026-08-08,04:53,LIGHT,44,
2026-08-08,04:54,LIGHT,44,
2026-08-08,04:55,LIGHT,43,
2026-08-08,04:56,LIGHT,45,
2026-08-08,04:57,LIGHT,45,
2026-08-08,04:58,LIGHT,53,
2026-08-08,04:59,LIGHT,50,
2026-08-08,05:00,LIGHT,48,
2026-08-08,05:01,LIGHT,47,
2026-08-08,05:02,LIGHT,47,
2026-08-08,05:03,LIGHT,47,
2026-08-08,05:04,LIGHT,49,
2026-08-08,05:05,LIGHT,46,
2026-08-08,05:06,LIGHT,46,
2026-08-08,05:07,LIGHT,44,
2026-08-08,05:08,LIGHT,44,
2026-08-08,05:09,LIGHT,50,
2026-08-08,05:10,LIGHT,56,
2026-08-08,05:11,LIGHT,49,
2026-08-08,05:12,LIGHT,47,
2026-08-08,05:13,LIGHT,47,
2026-08-08,05:14,LIGHT,45,
2026-08-08,05:15,LIGHT,49,
2026-08-08,05:16,LIGHT,46,
2026-08-08,05:17,LIGHT,46,
2026-08-08,05:18,LIGHT,46,
2026-08-08,05:19,LIGHT,47,
2026-08-08,05:20,LIGHT,50,
2026-08-08,05:21,LIGHT,47,
2026-08-08,05:22,LIGHT,48,
2026-08-08,05:23,DEEP,47,
2026-08-08,05:24,DEEP,54,
2026-08-08,05:25,DEEP,51,
2026-08-08,05:26,DEEP,47,
2026-08-08,05:27,DEEP,46,
2026-08-08,05:28,DEEP,45,
2026-08-08,05:29,DEEP,55,
2026-08-08,05:30,DEEP,65,
2026-08-08,05:31,DEEP,71,
2026-08-08,05:32,DEEP,74,
2026-08-08,05:33,DEEP,72,
2026-08-08,05:34,LIGHT,60,
2026-08-08,05:35,LIGHT,57,
2026-08-08,05:36,LIGHT,59,
2026-08-08,05:37,WAKE,56,
2026-08-08,05:38,LIGHT,56,
2026-08-08,05:39,LIGHT,54,
2026-08-08,05:40,LIGHT,56,
2026-08-08,05:41,LIGHT,60,
2026-08-08,05:42,LIGHT,57,
2026-08-08,05:43,LIGHT,65,
2026-08-08,05:44,LIGHT,59,
2026-08-08,05:45,REM,71,
2026-08-08,05:46,REM,76,
2026-08-08,05:47,REM,,
2026-08-08,05:48,REM,,
2026-08-08,05:49,REM,,
2026-08-08,05:50,REM,,
2026-08-08,05:51,REM,,
2026-08-08,05:52,REM,,
2026-08-08,05:53,REM,,
2026-08-08,05:54,REM,,
2026-08-08,05:55,REM,,
2026-08-08,05:56,REM,,
2026-08-08,05:57,REM,,
2026-08-08,05:58,REM,93,
2026-08-08,05:59,REM,102,
2026-08-08,06:00,REM,84,
2026-08-08,06:01,REM,81,
2026-08-08,06:02,REM,77,
2026-08-08,06:03,REM,63,
2026-08-08,06:04,REM,60,
2026-08-08,06:05,REM,60,
2026-08-08,06:06,REM,60,
2026-08-08,06:07,REM,67,
2026-08-08,06:08,REM,70,
2026-08-08,06:09,REM,72,
2026-08-08,06:10,REM,71,
2026-08-08,06:11,REM,71,
2026-08-08,06:12,REM,68,
2026-08-08,06:13,REM,69,
2026-08-08,06:14,REM,66,
2026-08-08,06:15,REM,65,
2026-08-08,06:16,REM,65,
2026-08-08,06:17,REM,63,
2026-08-08,06:18,REM,59,
2026-08-08,06:19,REM,59,
2026-08-08,06:20,REM,59,
2026-08-08,06:21,REM,60,
2026-08-08,06:22,REM,70,
2026-08-08,06:23,REM,75,
2026-08-08,06:24,REM,68,
2026-08-08,06:25,LIGHT,62,
2026-08-08,06:26,LIGHT,62,
2026-08-08,06:27,LIGHT,62,
2026-08-08,06:28,LIGHT,66,
2026-08-08,06:29,LIGHT,62,
2026-08-08,06:30,LIGHT,69,
2026-08-08,06:31,LIGHT,75,
2026-08-08,06:32,LIGHT,81,
2026-08-08,06:33,LIGHT,83,
2026-08-08,06:34,LIGHT,85,
2026-08-08,06:35,LIGHT,85,
2026-08-08,06:36,LIGHT,88,
2026-08-08,06:37,LIGHT,83,
2026-08-08,06:38,WAKE,83,
2026-08-08,06:39,LIGHT,90,
2026-08-08,06:40,LIGHT,87,
2026-08-08,06:41,LIGHT,81,
2026-08-08,06:42,LIGHT,78,
2026-08-08,06:43,LIGHT,78,
2026-08-09,00:35,LIGHT,54,
2026-08-09,00:36,LIGHT,54,
2026-08-09,00:37,LIGHT,55,
2026-08-09,00:38,LIGHT,57,
2026-08-09,00:39,LIGHT,54,
2026-08-09,00:40,LIGHT,56,
2026-08-09,00:41,LIGHT,58,
2026-08-09,00:42,LIGHT,59,
2026-08-09,00:43,LIGHT,56,
2026-08-09,00:44,LIGHT,56,
2026-08-09,00:45,LIGHT,58,
2026-08-09,00:46,LIGHT,60,
2026-08-09,00:47,LIGHT,58,
2026-08-09,00:48,LIGHT,62,
2026-08-09,00:49,LIGHT,59,
2026-08-09,00:50,DEEP,56,
2026-08-09,00:51,DEEP,56,
2026-08-09,00:52,DEEP,57,
2026-08-09,00:53,DEEP,54,
2026-08-09,00:54,DEEP,54,
2026-08-09,00:55,DEEP,56,
2026-08-09,00:56,DEEP,56,
2026-08-09,00:57,DEEP,55,
2026-08-09,00:58,DEEP,58,
2026-08-09,00:59,DEEP,57,
2026-08-09,01:00,DEEP,59,
2026-08-09,01:01,DEEP,59,
2026-08-09,01:02,DEEP,59,
2026-08-09,01:03,LIGHT,59,
2026-08-09,01:04,LIGHT,59,
2026-08-09,01:05,LIGHT,56,
2026-08-09,01:06,LIGHT,61,
2026-08-09,01:07,LIGHT,68,
2026-08-09,01:08,LIGHT,69,
2026-08-09,01:09,LIGHT,66,
2026-08-09,01:10,LIGHT,60,
2026-08-09,01:11,LIGHT,56,
2026-08-09,01:12,LIGHT,53,
2026-08-09,01:13,LIGHT,55,
2026-08-09,01:14,LIGHT,56,
2026-08-09,01:15,LIGHT,55,
2026-08-09,01:16,LIGHT,52,
2026-08-09,01:17,LIGHT,52,
2026-08-09,01:18,LIGHT,51,
2026-08-09,01:19,LIGHT,51,
2026-08-09,01:20,LIGHT,51,
2026-08-09,01:21,LIGHT,51,
2026-08-09,01:22,DEEP,55,
2026-08-09,01:23,DEEP,54,
2026-08-09,01:24,DEEP,54,
2026-08-09,01:25,DEEP,51,
2026-08-09,01:26,DEEP,51,
2026-08-09,01:27,LIGHT,49,
2026-08-09,01:28,LIGHT,51,
2026-08-09,01:29,LIGHT,52,
2026-08-09,01:30,LIGHT,51,
2026-08-09,01:31,LIGHT,50,
2026-08-09,01:32,LIGHT,50,
2026-08-09,01:33,LIGHT,49,
2026-08-09,01:34,LIGHT,49,
2026-08-09,01:35,LIGHT,49,
2026-08-09,01:36,LIGHT,48,
2026-08-09,01:37,LIGHT,48,
2026-08-09,01:38,REM,48,
2026-08-09,01:39,REM,48,
2026-08-09,01:40,REM,48,
2026-08-09,01:41,REM,47,
2026-08-09,01:42,REM,48,
2026-08-09,01:43,REM,49,
2026-08-09,01:44,REM,48,
2026-08-09,01:45,REM,48,
2026-08-09,01:46,REM,50,
2026-08-09,01:47,REM,50,
2026-08-09,01:48,REM,57,
2026-08-09,01:49,REM,68,
2026-08-09,01:50,REM,73,
2026-08-09,01:51,REM,68,
2026-08-09,01:52,REM,66,
2026-08-09,01:53,REM,54,
2026-08-09,01:54,LIGHT,51,
2026-08-09,01:55,LIGHT,49,
2026-08-09,01:56,LIGHT,46,
2026-08-09,01:57,LIGHT,47,
2026-08-09,01:58,LIGHT,44,
2026-08-09,01:59,LIGHT,45,
2026-08-09,02:00,LIGHT,45,
2026-08-09,02:01,LIGHT,45,
2026-08-09,02:02,LIGHT,45,
2026-08-09,02:03,LIGHT,44,
2026-08-09,02:04,LIGHT,44,
2026-08-09,02:05,LIGHT,44,
2026-08-09,02:06,LIGHT,45,
2026-08-09,02:07,LIGHT,44,
2026-08-09,02:08,LIGHT,44,
2026-08-09,02:09,LIGHT,44,
2026-08-09,02:10,LIGHT,45,
2026-08-09,02:11,LIGHT,44,
2026-08-09,02:12,LIGHT,44,
2026-08-09,02:13,LIGHT,44,
2026-08-09,02:14,LIGHT,44,
2026-08-09,02:15,DEEP,44,
2026-08-09,02:16,DEEP,44,
2026-08-09,02:17,DEEP,44,
2026-08-09,02:18,DEEP,44,
2026-08-09,02:19,DEEP,44,
2026-08-09,02:20,DEEP,44,
2026-08-09,02:21,DEEP,45,
2026-08-09,02:22,DEEP,45,
2026-08-09,02:23,DEEP,45,
2026-08-09,02:24,DEEP,44,
2026-08-09,02:25,DEEP,44,
2026-08-09,02:26,DEEP,44,
2026-08-09,02:27,LIGHT,44,
2026-08-09,02:28,LIGHT,44,
2026-08-09,02:29,LIGHT,44,
2026-08-09,02:30,WAKE,44,
2026-08-09,02:31,WAKE,44,
2026-08-09,02:32,LIGHT,45,
2026-08-09,02:33,LIGHT,44,
2026-08-09,02:34,LIGHT,43,
2026-08-09,02:35,LIGHT,43,
2026-08-09,02:36,LIGHT,43,
2026-08-09,02:37,LIGHT,43,
2026-08-09,02:38,LIGHT,43,
2026-08-09,02:39,LIGHT,45,
2026-08-09,02:40,LIGHT,45,
2026-08-09,02:41,LIGHT,45,
2026-08-09,02:42,LIGHT,45,
2026-08-09,02:43,LIGHT,45,
2026-08-09,02:44,LIGHT,44,
2026-08-09,02:45,LIGHT,45,
2026-08-09,02:46,LIGHT,45,
2026-08-09,02:47,LIGHT,45,
2026-08-09,02:48,LIGHT,45,
2026-08-09,02:49,LIGHT,45,
2026-08-09,02:50,LIGHT,45,
2026-08-09,02:51,LIGHT,44,
2026-08-09,02:52,LIGHT,44,
2026-08-09,02:53,LIGHT,44,
2026-08-09,02:54,LIGHT,44,
2026-08-09,02:55,LIGHT,44,
2026-08-09,02:56,LIGHT,44,
2026-08-09,02:57,LIGHT,44,
2026-08-09,02:58,LIGHT,44,
2026-08-09,02:59,LIGHT,44,
2026-08-09,03:00,LIGHT,44,
2026-08-09,03:01,LIGHT,44,
2026-08-09,03:02,LIGHT,44,
2026-08-09,03:03,LIGHT,44,
2026-08-09,03:04,LIGHT,44,
2026-08-09,03:05,LIGHT,44,
2026-08-09,03:06,LIGHT,44,
2026-08-09,03:07,LIGHT,44,
2026-08-09,03:08,LIGHT,51,
2026-08-09,03:09,LIGHT,51,
2026-08-09,03:10,REM,44,
2026-08-09,03:11,REM,44,
2026-08-09,03:12,REM,44,
2026-08-09,03:13,REM,44,
2026-08-09,03:14,REM,44,
2026-08-09,03:15,REM,44,
2026-08-09,03:16,REM,45,
2026-08-09,03:17,REM,45,
2026-08-09,03:18,REM,46,
2026-08-09,03:19,REM,47,
2026-08-09,03:20,REM,49,
2026-08-09,03:21,REM,47,
2026-08-09,03:22,REM,47,
2026-08-09,03:23,REM,46,
2026-08-09,03:24,REM,46,
2026-08-09,03:25,REM,46,
2026-08-09,03:26,REM,46,
2026-08-09,03:27,REM,46,
2026-08-09,03:28,REM,46,
2026-08-09,03:29,REM,46,
2026-08-09,03:30,REM,46,
2026-08-09,03:31,REM,46,
2026-08-09,03:32,REM,46,
2026-08-09,03:33,REM,46,
2026-08-09,03:34,REM,46,
2026-08-09,03:35,REM,46,
2026-08-09,03:36,REM,46,
2026-08-09,03:37,REM,46,
2026-08-09,03:38,LIGHT,45,
2026-08-09,03:39,LIGHT,46,
2026-08-09,03:40,LIGHT,46,
2026-08-09,03:41,LIGHT,46,
2026-08-09,03:42,LIGHT,50,
2026-08-09,03:43,LIGHT,47,
2026-08-09,03:44,LIGHT,49,
2026-08-09,03:45,LIGHT,46,
2026-08-09,03:46,LIGHT,45,
2026-08-09,03:47,LIGHT,47,
2026-08-09,03:48,LIGHT,46,
2026-08-09,03:49,LIGHT,45,
2026-08-09,03:50,LIGHT,45,
2026-08-09,03:51,LIGHT,47,
2026-08-09,03:52,LIGHT,47,
2026-08-09,03:53,LIGHT,46,
2026-08-09,03:54,LIGHT,46,
2026-08-09,03:55,LIGHT,46,
2026-08-09,03:56,LIGHT,46,
2026-08-09,03:57,LIGHT,46,
2026-08-09,03:58,LIGHT,46,
2026-08-09,03:59,LIGHT,46,
2026-08-09,04:00,LIGHT,46,
2026-08-09,04:01,LIGHT,46,
2026-08-09,04:02,LIGHT,54,
2026-08-09,04:03,LIGHT,46,
2026-08-09,04:04,LIGHT,43,
2026-08-09,04:05,LIGHT,43,
2026-08-09,04:06,LIGHT,42,
2026-08-09,04:07,LIGHT,42,
2026-08-09,04:08,LIGHT,42,
2026-08-09,04:09,LIGHT,42,
2026-08-09,04:10,LIGHT,43,
2026-08-09,04:11,LIGHT,46,
2026-08-09,04:12,LIGHT,43,
2026-08-09,04:13,LIGHT,41,
2026-08-09,04:14,LIGHT,45,
2026-08-09,04:15,LIGHT,49,
2026-08-09,04:16,LIGHT,46,
2026-08-09,04:17,DEEP,46,
2026-08-09,04:18,DEEP,46,
2026-08-09,04:19,DEEP,45,
2026-08-09,04:20,DEEP,45,
2026-08-09,04:21,DEEP,45,
2026-08-09,04:22,DEEP,45,
2026-08-09,04:23,DEEP,47,
2026-08-09,04:24,DEEP,46,
2026-08-09,04:25,DEEP,46,
2026-08-09,04:26,DEEP,48,
2026-08-09,04:27,DEEP,48,
2026-08-09,04:28,DEEP,49,
2026-08-09,04:29,DEEP,48,
2026-08-09,04:30,DEEP,47,
2026-08-09,04:31,DEEP,47,
2026-08-09,04:32,DEEP,48,
2026-08-09,04:33,DEEP,48,
2026-08-09,04:34,DEEP,50,
2026-08-09,04:35,DEEP,47,
2026-08-09,04:36,DEEP,44,
2026-08-09,04:37,DEEP,44,
2026-08-09,04:38,DEEP,51,
2026-08-09,04:39,DEEP,53,
2026-08-09,04:40,LIGHT,47,
2026-08-09,04:41,LIGHT,42,
2026-08-09,04:42,LIGHT,42,
2026-08-09,04:43,LIGHT,43,
2026-08-09,04:44,LIGHT,43,
2026-08-09,04:45,LIGHT,42,
2026-08-09,04:46,LIGHT,42,
2026-08-09,04:47,LIGHT,41,
2026-08-09,04:48,REM,41,
2026-08-09,04:49,REM,43,
2026-08-09,04:50,REM,43,
2026-08-09,04:51,REM,43,
2026-08-09,04:52,REM,41,
2026-08-09,04:53,REM,41,
2026-08-09,04:54,REM,42,
2026-08-09,04:55,REM,43,
2026-08-09,04:56,REM,44,
2026-08-09,04:57,REM,43,
2026-08-09,04:58,REM,43,
2026-08-09,04:59,REM,44,
2026-08-09,05:00,REM,44,
2026-08-09,05:01,REM,45,
2026-08-09,05:02,REM,45,
2026-08-09,05:03,REM,44,
2026-08-09,05:04,REM,44,
2026-08-09,05:05,REM,44,
2026-08-09,05:06,REM,44,
2026-08-09,05:07,REM,44,
2026-08-09,05:08,LIGHT,44,
2026-08-09,05:09,LIGHT,44,
2026-08-09,05:10,LIGHT,44,
2026-08-09,05:11,WAKE,44,
2026-08-09,05:12,WAKE,44,
2026-08-09,05:13,WAKE,44,
2026-08-09,05:14,LIGHT,44,
2026-08-09,05:15,LIGHT,44,
2026-08-09,05:16,WAKE,44,
2026-08-09,05:17,LIGHT,43,
2026-08-09,05:18,LIGHT,43,
2026-08-09,15:05,LIGHT,84,
2026-08-09,15:06,LIGHT,82,
2026-08-09,15:07,LIGHT,76,
2026-08-09,15:08,LIGHT,73,
2026-08-09,15:09,LIGHT,74,
2026-08-09,15:10,LIGHT,78,
2026-08-09,15:11,LIGHT,90,
2026-08-09,15:12,LIGHT,92,
2026-08-09,15:13,LIGHT,94,
2026-08-09,15:14,LIGHT,81,
2026-08-09,15:15,LIGHT,79,
2026-08-09,15:16,LIGHT,78,
2026-08-09,15:17,LIGHT,79,
2026-08-09,15:18,LIGHT,87,
2026-08-09,15:19,DEEP,87,
2026-08-09,15:20,DEEP,76,
2026-08-09,15:21,DEEP,76,
2026-08-09,15:22,DEEP,70,
2026-08-09,15:23,LIGHT,67,
2026-08-09,15:24,LIGHT,66,
2026-08-09,15:25,LIGHT,62,
2026-08-09,15:26,WAKE,60,
2026-08-09,15:27,LIGHT,62,
2026-08-09,15:28,LIGHT,67,
2026-08-09,15:29,LIGHT,69,
2026-08-09,15:30,LIGHT,70,
2026-08-09,15:31,DEEP,69,
2026-08-09,15:32,DEEP,66,
2026-08-09,15:33,DEEP,64,
2026-08-09,15:34,DEEP,66,
2026-08-09,15:35,DEEP,66,
2026-08-09,15:36,DEEP,67,
2026-08-09,15:37,DEEP,67,
2026-08-09,15:38,DEEP,68,
2026-08-09,15:39,DEEP,67,
2026-08-09,15:40,DEEP,65,
2026-08-09,15:41,DEEP,63,
2026-08-09,15:42,DEEP,66,
2026-08-09,15:43,DEEP,68,
2026-08-09,15:44,DEEP,68,
2026-08-09,15:45,DEEP,65,
2026-08-09,15:46,DEEP,65,
2026-08-09,15:47,DEEP,74,
2026-08-09,15:48,DEEP,77,
2026-08-09,15:49,DEEP,92,
2026-08-09,15:50,DEEP,97,
2026-08-09,15:51,DEEP,97,
2026-08-09,15:52,DEEP,92,
2026-08-09,15:53,DEEP,89,
2026-08-09,15:54,DEEP,84,
2026-08-09,15:55,DEEP,79,
2026-08-09,15:56,DEEP,76,
2026-08-09,15:57,DEEP,70,
2026-08-09,15:58,DEEP,67,
2026-08-09,15:59,DEEP,66,
2026-08-09,16:00,DEEP,70,
2026-08-09,16:01,DEEP,85,
2026-08-09,16:02,DEEP,92,
2026-08-09,16:03,DEEP,86,
2026-08-09,16:04,DEEP,83,
2026-08-09,16:05,DEEP,92,
2026-08-09,16:06,DEEP,98,
2026-08-09,16:07,DEEP,95,
2026-08-09,16:08,LIGHT,97,
2026-08-09,16:09,LIGHT,84,
2026-08-09,16:10,LIGHT,69,
2026-08-09,16:11,LIGHT,67,
2026-08-09,16:12,LIGHT,70,
2026-08-09,16:13,LIGHT,70,
2026-08-09,16:14,LIGHT,67,
2026-08-09,16:15,LIGHT,65,
2026-08-09,16:16,REM,73,
2026-08-09,16:17,REM,88,
2026-08-09,16:18,REM,99,
2026-08-09,16:19,REM,87,
2026-08-09,16:20,REM,71,
2026-08-09,16:21,REM,68,
2026-08-09,16:22,REM,65,
2026-08-09,16:23,REM,65,
2026-08-09,16:24,REM,64,
2026-08-09,16:25,REM,65,
2026-08-09,16:26,REM,66,
2026-08-09,16:27,REM,67,
2026-08-09,16:28,REM,63,
2026-08-09,16:29,REM,63,
2026-08-09,16:30,REM,60,
2026-08-09,16:31,REM,68,
2026-08-09,16:32,REM,73,
2026-08-09,16:33,REM,67,
2026-08-09,16:34,REM,63,
2026-08-09,16:35,LIGHT,66,
2026-08-09,16:36,LIGHT,61,
2026-08-09,16:37,LIGHT,67,
2026-08-09,16:38,LIGHT,69,
2026-08-09,16:39,LIGHT,68,
2026-08-09,16:40,LIGHT,68,
2026-08-09,16:41,LIGHT,70,
2026-08-09,16:42,LIGHT,65,
2026-08-09,16:43,LIGHT,70,
2026-08-09,16:44,LIGHT,72,
2026-08-09,16:45,LIGHT,69,
2026-08-09,16:46,LIGHT,71,
2026-08-09,16:47,LIGHT,70,
2026-08-09,16:48,LIGHT,69,
2026-08-09,16:49,LIGHT,71,
2026-08-09,16:50,LIGHT,70,
2026-08-09,16:51,LIGHT,71,
2026-08-09,16:52,WAKE,76,
2026-08-09,16:53,LIGHT,73,
2026-08-09,16:54,LIGHT,71,
2026-08-09,16:55,LIGHT,71,
2026-08-09,16:56,WAKE,78,
2026-08-09,16:57,LIGHT,70,
2026-08-09,16:58,LIGHT,70,
2026-08-09,16:59,LIGHT,72,
2026-08-09,17:00,LIGHT,73,
2026-08-09,17:01,LIGHT,76,
2026-08-09,17:02,LIGHT,72,
2026-08-09,17:03,LIGHT,71,
2026-08-09,17:04,LIGHT,76,
2026-08-09,17:05,LIGHT,74,
2026-08-09,17:06,LIGHT,73,
2026-08-09,17:07,LIGHT,74,
2026-08-09,17:08,LIGHT,75,
2026-08-09,17:09,LIGHT,80,
2026-08-09,17:10,LIGHT,74,
2026-08-09,17:11,LIGHT,75,
2026-08-09,17:12,LIGHT,72,
2026-08-09,17:13,LIGHT,71,
2026-08-09,17:14,LIGHT,71,
2026-08-09,17:15,LIGHT,71,
2026-08-10,02:06,LIGHT,47,
2026-08-10,02:07,LIGHT,47,
2026-08-10,02:08,LIGHT,48,
2026-08-10,02:09,LIGHT,48,
2026-08-10,02:10,LIGHT,48,
2026-08-10,02:11,LIGHT,48,
2026-08-10,02:12,LIGHT,48,
2026-08-10,02:13,LIGHT,48,
2026-08-10,02:14,LIGHT,48,
2026-08-10,02:15,LIGHT,48,
2026-08-10,02:16,LIGHT,48,
2026-08-10,02:17,DEEP,48,
2026-08-10,02:18,DEEP,52,
2026-08-10,02:19,DEEP,49,
2026-08-10,02:20,DEEP,47,
2026-08-10,02:21,DEEP,47,
2026-08-10,02:22,DEEP,47,
2026-08-10,02:23,DEEP,48,
2026-08-10,02:24,DEEP,48,
2026-08-10,02:25,DEEP,48,
2026-08-10,02:26,DEEP,50,
2026-08-10,02:27,DEEP,47,
2026-08-10,02:28,DEEP,47,
2026-08-10,02:29,DEEP,47,
2026-08-10,02:30,DEEP,47,
2026-08-10,02:31,DEEP,47,
2026-08-10,02:32,DEEP,48,
2026-08-10,02:33,DEEP,48,
2026-08-10,02:34,DEEP,48,
2026-08-10,02:35,DEEP,48,
2026-08-10,02:36,DEEP,48,
2026-08-10,02:37,DEEP,48,
2026-08-10,02:38,DEEP,48,
2026-08-10,02:39,DEEP,48,
2026-08-10,02:40,DEEP,48,
2026-08-10,02:41,DEEP,48,
2026-08-10,02:42,DEEP,53,
2026-08-10,02:43,DEEP,47,
2026-08-10,02:44,DEEP,44,
2026-08-10,02:45,DEEP,43,
2026-08-10,02:46,DEEP,43,
2026-08-10,02:47,DEEP,43,
2026-08-10,02:48,DEEP,43,
2026-08-10,02:49,DEEP,43,
2026-08-10,02:50,DEEP,43,
2026-08-10,02:51,DEEP,44,
2026-08-10,02:52,DEEP,44,
2026-08-10,02:53,DEEP,43,
2026-08-10,02:54,DEEP,43,
2026-08-10,02:55,DEEP,44,
2026-08-10,02:56,DEEP,44,
2026-08-10,02:57,DEEP,44,
2026-08-10,02:58,DEEP,45,
2026-08-10,02:59,DEEP,49,
2026-08-10,03:00,DEEP,46,
2026-08-10,03:01,DEEP,45,
2026-08-10,03:02,DEEP,45,
2026-08-10,03:03,DEEP,45,
2026-08-10,03:04,DEEP,46,
2026-08-10,03:05,DEEP,47,
2026-08-10,03:06,DEEP,45,
2026-08-10,03:07,DEEP,45,
2026-08-10,03:08,DEEP,45,
2026-08-10,03:09,DEEP,46,
2026-08-10,03:10,LIGHT,46,
2026-08-10,03:11,LIGHT,47,
2026-08-10,03:12,LIGHT,47,
2026-08-10,03:13,LIGHT,47,
2026-08-10,03:14,LIGHT,47,
2026-08-10,03:15,LIGHT,47,
2026-08-10,03:16,LIGHT,47,
2026-08-10,03:17,LIGHT,46,
2026-08-10,03:18,LIGHT,46,
2026-08-10,03:19,LIGHT,46,
2026-08-10,03:20,WAKE,46,
2026-08-10,03:21,LIGHT,47,
2026-08-10,03:22,LIGHT,47,
2026-08-10,03:23,LIGHT,45,
2026-08-10,03:24,LIGHT,45,
2026-08-10,03:25,LIGHT,46,
2026-08-10,03:26,LIGHT,46,
2026-08-10,03:27,LIGHT,46,
2026-08-10,03:28,LIGHT,46,
2026-08-10,03:29,LIGHT,46,
2026-08-10,03:30,LIGHT,46,
2026-08-10,03:31,LIGHT,46,
2026-08-10,03:32,LIGHT,46,
2026-08-10,03:33,LIGHT,46,
2026-08-10,03:34,LIGHT,46,
2026-08-10,03:35,LIGHT,46,
2026-08-10,03:36,LIGHT,46,
2026-08-10,03:37,LIGHT,46,
2026-08-10,03:38,LIGHT,46,
2026-08-10,03:39,LIGHT,46,
2026-08-10,03:40,LIGHT,46,
2026-08-10,03:41,LIGHT,46,
2026-08-10,03:42,LIGHT,46,
2026-08-10,03:43,LIGHT,46,
2026-08-10,03:44,LIGHT,45,
2026-08-10,03:45,LIGHT,45,
2026-08-10,03:46,LIGHT,44,
2026-08-10,03:47,LIGHT,44,
2026-08-10,03:48,LIGHT,44,
2026-08-10,03:49,LIGHT,44,
2026-08-10,03:50,LIGHT,44,
2026-08-10,03:51,LIGHT,44,
2026-08-10,03:52,LIGHT,44,
2026-08-10,03:53,LIGHT,44,
2026-08-10,03:54,LIGHT,44,
2026-08-10,03:55,LIGHT,44,
2026-08-10,03:56,LIGHT,44,
2026-08-10,03:57,LIGHT,44,
2026-08-10,03:58,LIGHT,45,
2026-08-10,03:59,LIGHT,44,
2026-08-10,04:00,LIGHT,43,
2026-08-10,04:01,LIGHT,43,
2026-08-10,04:02,LIGHT,46,
2026-08-10,04:03,LIGHT,52,
2026-08-10,04:04,LIGHT,52,
2026-08-10,04:05,LIGHT,44,
2026-08-10,04:06,LIGHT,42,
2026-08-10,04:07,LIGHT,42,
2026-08-10,04:08,LIGHT,42,
2026-08-10,04:09,LIGHT,43,
2026-08-10,04:10,LIGHT,43,
2026-08-10,04:11,LIGHT,44,
2026-08-10,04:12,LIGHT,44,
2026-08-10,04:13,LIGHT,44,
2026-08-10,04:14,LIGHT,44,
2026-08-10,04:15,LIGHT,44,
2026-08-10,04:16,LIGHT,44,
2026-08-10,04:17,LIGHT,44,
2026-08-10,04:18,LIGHT,45,
2026-08-10,04:19,LIGHT,45,
2026-08-10,04:20,LIGHT,45,
2026-08-10,04:21,LIGHT,45,
2026-08-10,04:22,REM,46,
2026-08-10,04:23,REM,46,
2026-08-10,04:24,REM,46,
2026-08-10,04:25,REM,47,
2026-08-10,04:26,REM,47,
2026-08-10,04:27,REM,50,
2026-08-10,04:28,REM,44,
2026-08-10,04:29,REM,43,
2026-08-10,04:30,REM,43,
2026-08-10,04:31,REM,43,
2026-08-10,04:32,REM,43,
2026-08-10,04:33,REM,43,
2026-08-10,04:34,REM,43,
2026-08-10,04:35,REM,43,
2026-08-10,04:36,REM,43,
2026-08-10,04:37,REM,47,
2026-08-10,04:38,REM,44,
2026-08-10,04:39,REM,47,
2026-08-10,04:40,REM,49,
2026-08-10,04:41,REM,45,
2026-08-10,04:42,REM,44,
2026-08-10,04:43,REM,46,
2026-08-10,04:44,REM,46,
2026-08-10,04:45,REM,46,
2026-08-10,04:46,LIGHT,47,
2026-08-10,04:47,LIGHT,47,
2026-08-10,04:48,LIGHT,45,
2026-08-10,04:49,LIGHT,46,
2026-08-10,04:50,LIGHT,48,
2026-08-10,04:51,LIGHT,45,
2026-08-10,04:52,LIGHT,46,
2026-08-10,04:53,LIGHT,46,
2026-08-10,04:54,LIGHT,47,
2026-08-10,04:55,LIGHT,47,
2026-08-10,04:56,LIGHT,48,
2026-08-10,04:57,LIGHT,48,
2026-08-10,04:58,LIGHT,48,
2026-08-10,04:59,LIGHT,48,
2026-08-10,05:00,LIGHT,47,
2026-08-10,05:01,LIGHT,47,
2026-08-10,05:02,LIGHT,47,
2026-08-10,05:03,LIGHT,47,
2026-08-10,05:04,LIGHT,47,
2026-08-10,05:05,LIGHT,47,
2026-08-10,05:06,LIGHT,47,
2026-08-10,05:07,LIGHT,47,
2026-08-10,05:08,LIGHT,47,
2026-08-10,05:09,LIGHT,47,
2026-08-10,05:10,LIGHT,47,
2026-08-10,05:11,LIGHT,47,
2026-08-10,05:12,LIGHT,48,
2026-08-10,05:13,LIGHT,48,
2026-08-10,05:14,LIGHT,47,
2026-08-10,05:15,LIGHT,47,
2026-08-10,05:16,DEEP,47,
2026-08-10,05:17,DEEP,47,
2026-08-10,05:18,DEEP,49,
2026-08-10,05:19,DEEP,50,
2026-08-10,05:20,DEEP,54,
2026-08-10,05:21,DEEP,46,
2026-08-10,05:22,DEEP,46,
2026-08-10,05:23,DEEP,45,
2026-08-10,05:24,DEEP,47,
2026-08-10,05:25,DEEP,47,
2026-08-10,05:26,DEEP,46,
2026-08-10,05:27,DEEP,46,
2026-08-10,05:28,DEEP,51,
2026-08-10,05:29,DEEP,51,
2026-08-10,05:30,DEEP,46,
2026-08-10,05:31,DEEP,44,
2026-08-10,05:32,DEEP,44,
2026-08-10,05:33,LIGHT,45,
2026-08-10,05:34,LIGHT,45,
2026-08-10,05:35,LIGHT,45,
2026-08-10,05:36,LIGHT,45,
2026-08-10,05:37,LIGHT,46,
2026-08-10,05:38,LIGHT,46,
2026-08-10,05:39,LIGHT,47,
2026-08-10,05:40,LIGHT,47,
2026-08-10,05:41,LIGHT,47,
2026-08-10,05:42,LIGHT,47,
2026-08-10,05:43,LIGHT,47,
2026-08-10,05:44,LIGHT,47,
2026-08-10,05:45,LIGHT,47,
2026-08-10,05:46,LIGHT,52,
2026-08-10,05:47,LIGHT,49,
2026-08-10,05:48,LIGHT,48,
2026-08-10,05:49,LIGHT,48,
2026-08-10,05:50,LIGHT,45,
2026-08-10,05:51,LIGHT,44,
2026-08-10,05:52,LIGHT,44,
2026-08-10,05:53,LIGHT,45,
2026-08-10,05:54,LIGHT,45,
2026-08-10,05:55,LIGHT,45,
2026-08-10,05:56,LIGHT,51,
2026-08-10,05:57,LIGHT,47,
2026-08-10,05:58,LIGHT,45,
2026-08-10,05:59,LIGHT,45,
2026-08-10,06:00,LIGHT,46,
2026-08-10,06:01,LIGHT,48,
2026-08-10,06:02,LIGHT,48,
2026-08-10,06:03,LIGHT,48,
2026-08-10,06:04,LIGHT,48,
2026-08-10,06:05,REM,48,
2026-08-10,06:06,REM,51,
2026-08-10,06:07,REM,45,
2026-08-10,06:08,REM,47,
2026-08-10,06:09,REM,48,
2026-08-10,06:10,REM,49,
2026-08-10,06:11,REM,50,
2026-08-10,06:12,REM,48,
2026-08-10,06:13,REM,47,
2026-08-10,06:14,REM,45,
2026-08-10,06:15,REM,47,
2026-08-10,06:16,REM,45,
2026-08-10,06:17,REM,45,
2026-08-10,06:18,REM,47,
2026-08-10,06:19,REM,47,
2026-08-10,06:20,REM,46,
2026-08-10,06:21,REM,48,
2026-08-10,06:22,REM,48,
2026-08-10,06:23,REM,50,
2026-08-10,06:24,REM,47,
2026-08-10,06:25,REM,43,
2026-08-10,06:26,REM,45,
2026-08-10,06:27,REM,47,
2026-08-10,06:28,REM,46,
2026-08-10,06:29,REM,46,
2026-08-10,06:30,REM,46,
2026-08-10,06:31,REM,47,
2026-08-10,06:32,REM,44,
2026-08-10,06:33,REM,43,
2026-08-10,06:34,REM,43,
2026-08-10,06:35,REM,51,
2026-08-10,06:36,REM,45,
2026-08-10,06:37,REM,47,
2026-08-10,06:38,REM,50,
2026-08-10,06:39,REM,46,
2026-08-10,06:40,REM,47,
2026-08-10,06:41,REM,44,
2026-08-10,06:42,REM,43,
2026-08-10,06:43,LIGHT,42,
2026-08-10,06:44,LIGHT,47,
2026-08-10,06:45,LIGHT,51,
2026-08-10,06:46,LIGHT,45,
2026-08-10,06:47,LIGHT,42,
2026-08-10,06:48,LIGHT,42,
2026-08-10,06:49,LIGHT,44,
2026-08-10,06:50,LIGHT,47,
2026-08-10,06:51,LIGHT,44,
2026-08-10,06:52,LIGHT,43,
2026-08-10,06:53,LIGHT,45,
2026-08-10,06:54,LIGHT,45,
2026-08-10,06:55,LIGHT,44,
2026-08-10,06:56,LIGHT,42,
2026-08-10,06:57,LIGHT,44,
2026-08-10,06:58,LIGHT,44,
2026-08-10,06:59,LIGHT,51,
2026-08-10,07:00,LIGHT,46,
2026-08-10,07:01,WAKE,43,
2026-08-10,07:02,LIGHT,45,
2026-08-10,07:03,LIGHT,56,
2026-08-10,07:04,LIGHT,51,
2026-08-10,07:05,LIGHT,49,
2026-08-10,07:06,LIGHT,48,
2026-08-10,07:07,LIGHT,50,
2026-08-10,07:08,LIGHT,50,
2026-08-10,07:09,LIGHT,55,
2026-08-10,07:10,LIGHT,60,
2026-08-10,07:11,LIGHT,59,
2026-08-10,07:12,LIGHT,61,
2026-08-10,07:13,LIGHT,62,
2026-08-10,07:14,LIGHT,62,
2026-08-10,07:15,LIGHT,58,
2026-08-10,07:16,LIGHT,60,
2026-08-10,07:17,LIGHT,67,
2026-08-10,07:18,LIGHT,77,
2026-08-10,07:19,LIGHT,73,
2026-08-10,07:20,LIGHT,90,
2026-08-10,07:21,LIGHT,90,
2026-08-10,07:22,LIGHT,80,
2026-08-10,07:23,LIGHT,72,
2026-08-10,07:24,LIGHT,77,
2026-08-10,07:25,WAKE,80,
2026-08-10,07:26,WAKE,82,
2026-08-10,07:27,WAKE,82,
2026-08-10,07:28,LIGHT,81,
2026-08-10,07:29,LIGHT,86,
2026-08-10,07:30,LIGHT,86,
2026-08-10,07:31,LIGHT,73,
2026-08-10,07:32,LIGHT,76,
2026-08-10,07:33,LIGHT,82,
2026-08-10,07:34,LIGHT,85,
2026-08-10,07:35,LIGHT,82,
2026-08-10,07:36,LIGHT,72,
2026-08-10,07:37,LIGHT,64,
2026-08-10,07:38,LIGHT,61,
2026-08-10,07:39,LIGHT,58,
2026-08-10,07:40,LIGHT,59,
2026-08-10,07:41,LIGHT,61,
2026-08-10,07:42,LIGHT,58,
2026-08-10,07:43,LIGHT,58,
2026-08-10,07:44,LIGHT,60,
2026-08-10,07:45,LIGHT,64,
2026-08-10,07:46,REM,60,
2026-08-10,07:47,REM,57,
2026-08-10,07:48,REM,59,
2026-08-10,07:49,REM,59,
2026-08-10,07:50,REM,59,
2026-08-10,07:51,REM,59,
2026-08-10,07:52,LIGHT,60,
2026-08-10,07:53,LIGHT,60,
2026-08-10,07:54,LIGHT,59,
2026-08-10,07:55,LIGHT,60,
2026-08-10,07:56,LIGHT,61,
2026-08-10,07:57,LIGHT,63,
2026-08-10,07:58,LIGHT,64,
2026-08-10,07:59,LIGHT,65,
2026-08-10,08:00,LIGHT,69,
2026-08-10,08:01,LIGHT,87,
2026-08-10,08:02,LIGHT,111,
2026-08-10,08:03,LIGHT,83,
2026-08-10,08:04,LIGHT,72,
2026-08-10,08:05,LIGHT,59,
2026-08-10,08:06,LIGHT,60,
2026-08-10,08:07,LIGHT,63,
2026-08-10,08:08,LIGHT,64,
2026-08-10,08:09,LIGHT,64,
2026-08-10,08:10,LIGHT,63,
2026-08-10,08:11,LIGHT,63,
2026-08-10,08:12,LIGHT,62,
2026-08-10,08:13,LIGHT,59,
2026-08-10,08:14,LIGHT,61,
2026-08-10,08:15,LIGHT,61,
2026-08-10,08:16,LIGHT,61,
2026-08-10,08:17,LIGHT,62,
2026-08-10,08:18,LIGHT,59,
2026-08-10,08:19,LIGHT,57,
2026-08-10,08:20,LIGHT,64,
2026-08-10,08:21,LIGHT,63,
2026-08-10,08:22,LIGHT,61,
2026-08-10,08:23,LIGHT,65,
2026-08-10,08:24,LIGHT,62,
2026-08-10,08:25,LIGHT,60,
2026-08-10,12:19,LIGHT,73,
2026-08-10,12:20,LIGHT,67,
2026-08-10,12:21,LIGHT,57,
2026-08-10,12:22,LIGHT,57,
2026-08-10,12:23,LIGHT,59,
2026-08-10,12:24,LIGHT,59,
2026-08-10,12:25,LIGHT,57,
2026-08-10,12:26,LIGHT,57,
2026-08-10,12:27,LIGHT,58,
2026-08-10,12:28,LIGHT,59,
2026-08-10,12:29,LIGHT,57,
2026-08-10,12:30,LIGHT,57,
2026-08-10,12:31,LIGHT,58,
2026-08-10,12:32,LIGHT,60,
2026-08-10,12:33,LIGHT,62,
2026-08-10,12:34,LIGHT,60,
2026-08-10,12:35,LIGHT,58,
2026-08-10,12:36,LIGHT,59,
2026-08-10,12:37,LIGHT,59,
2026-08-10,12:38,DEEP,61,
2026-08-10,12:39,DEEP,59,
2026-08-10,12:40,DEEP,57,
2026-08-10,12:41,DEEP,57,
2026-08-10,12:42,DEEP,57,
2026-08-10,12:43,DEEP,58,
2026-08-10,12:44,DEEP,59,
2026-08-10,12:45,DEEP,66,
2026-08-10,12:46,DEEP,69,
2026-08-10,12:47,DEEP,66,
2026-08-10,12:48,LIGHT,65,
2026-08-10,12:49,LIGHT,65,
2026-08-10,12:50,LIGHT,67,
2026-08-10,12:51,LIGHT,61,
2026-08-10,12:52,LIGHT,58,
2026-08-10,12:53,LIGHT,58,
2026-08-10,12:54,LIGHT,58,
2026-08-10,12:55,LIGHT,58,
2026-08-10,12:56,DEEP,58,
2026-08-10,12:57,DEEP,61,
2026-08-10,12:58,DEEP,61,
2026-08-10,12:59,DEEP,61,
2026-08-10,13:00,DEEP,62,
2026-08-10,13:01,LIGHT,62,
2026-08-10,13:02,LIGHT,62,
2026-08-10,13:03,LIGHT,60,
2026-08-10,13:04,LIGHT,60,
2026-08-10,13:05,LIGHT,60,
2026-08-10,13:06,REM,60,
2026-08-10,13:07,REM,63,
2026-08-10,13:08,REM,77,
2026-08-10,13:09,REM,82,
2026-08-10,13:10,REM,72,
2026-08-10,13:11,REM,69,
2026-08-10,13:12,REM,68,
2026-08-10,13:13,REM,62,
2026-08-10,13:14,REM,54,
2026-08-10,13:15,REM,56,
2026-08-10,13:16,REM,60,
2026-08-10,13:17,REM,62,
2026-08-10,13:18,REM,61,
2026-08-10,13:19,REM,58,
2026-08-10,13:20,REM,58,
2026-08-10,13:21,REM,55,
2026-08-10,13:22,REM,52,
2026-08-10,13:23,REM,54,
2026-08-10,13:24,REM,61,
2026-08-10,13:25,REM,68,
2026-08-10,13:26,REM,65,
2026-08-10,13:27,REM,67,
2026-08-10,13:28,REM,68,
2026-08-10,13:29,REM,65,
2026-08-10,13:30,REM,62,
2026-08-10,13:31,REM,66,
2026-08-10,13:32,REM,61,
2026-08-10,13:33,REM,63,
2026-08-10,13:34,LIGHT,65,
2026-08-10,13:35,LIGHT,64,
2026-08-10,13:36,LIGHT,65,
2026-08-10,13:37,LIGHT,67,
2026-08-10,13:38,LIGHT,62,
2026-08-11,02:01,LIGHT,47,
2026-08-11,02:02,LIGHT,47,
2026-08-11,02:03,LIGHT,47,
2026-08-11,02:04,LIGHT,47,
2026-08-11,02:05,LIGHT,47,
2026-08-11,02:06,LIGHT,47,
2026-08-11,02:07,LIGHT,47,
2026-08-11,02:08,LIGHT,47,
2026-08-11,02:09,LIGHT,48,
2026-08-11,02:10,LIGHT,48,
2026-08-11,02:11,LIGHT,47,
2026-08-11,02:12,DEEP,47,
2026-08-11,02:13,DEEP,46,
2026-08-11,02:14,DEEP,46,
2026-08-11,02:15,DEEP,46,
2026-08-11,02:16,DEEP,46,
2026-08-11,02:17,DEEP,46,
2026-08-11,02:18,DEEP,47,
2026-08-11,02:19,LIGHT,47,
2026-08-11,02:20,LIGHT,55,
2026-08-11,02:21,LIGHT,62,
2026-08-11,02:22,LIGHT,59,
2026-08-11,02:23,DEEP,52,
2026-08-11,02:24,DEEP,53,
2026-08-11,02:25,DEEP,50,
2026-08-11,02:26,DEEP,50,
2026-08-11,02:27,DEEP,50,
2026-08-11,02:28,DEEP,53,
2026-08-11,02:29,DEEP,55,
2026-08-11,02:30,DEEP,53,
2026-08-11,02:31,DEEP,53,
2026-08-11,02:32,DEEP,53,
2026-08-11,02:33,DEEP,58,
2026-08-11,02:34,DEEP,55,
2026-08-11,02:35,DEEP,55,
2026-08-11,02:36,DEEP,51,
2026-08-11,02:37,DEEP,50,
2026-08-11,02:38,DEEP,50,
2026-08-11,02:39,DEEP,50,
2026-08-11,02:40,DEEP,49,
2026-08-11,02:41,DEEP,49,
2026-08-11,02:42,DEEP,49,
2026-08-11,02:43,DEEP,49,
2026-08-11,02:44,LIGHT,49,
2026-08-11,02:45,LIGHT,49,
2026-08-11,02:46,LIGHT,48,
2026-08-11,02:47,LIGHT,48,
2026-08-11,02:48,LIGHT,48,
2026-08-11,02:49,LIGHT,48,
2026-08-11,02:50,LIGHT,48,
2026-08-11,02:51,LIGHT,49,
2026-08-11,02:52,LIGHT,49,
2026-08-11,02:53,LIGHT,49,
2026-08-11,02:54,LIGHT,49,
2026-08-11,02:55,LIGHT,49,
2026-08-11,02:56,LIGHT,49,
2026-08-11,02:57,LIGHT,49,
2026-08-11,02:58,LIGHT,48,
2026-08-11,02:59,LIGHT,48,
2026-08-11,03:00,LIGHT,50,
2026-08-11,03:01,LIGHT,54,
2026-08-11,03:02,LIGHT,49,
2026-08-11,03:03,REM,47,
2026-08-11,03:04,REM,47,
2026-08-11,03:05,REM,46,
2026-08-11,03:06,REM,46,
2026-08-11,03:07,REM,46,
2026-08-11,03:08,REM,46,
2026-08-11,03:09,REM,46,
2026-08-11,03:10,REM,46,
2026-08-11,03:11,REM,46,
2026-08-11,03:12,REM,46,
2026-08-11,03:13,REM,46,
2026-08-11,03:14,REM,46,
2026-08-11,03:15,REM,46,
2026-08-11,03:16,REM,46,
2026-08-11,03:17,REM,46,
2026-08-11,03:18,REM,45,
2026-08-11,03:19,REM,45,
2026-08-11,03:20,REM,45,
2026-08-11,03:21,REM,45,
2026-08-11,03:22,REM,46,
2026-08-11,03:23,REM,45,
2026-08-11,03:24,REM,45,
2026-08-11,03:25,LIGHT,45,
2026-08-11,03:26,LIGHT,45,
2026-08-11,03:27,LIGHT,44,
2026-08-11,03:28,LIGHT,44,
2026-08-11,03:29,LIGHT,44,
2026-08-11,03:30,LIGHT,54,
2026-08-11,03:31,LIGHT,55,
2026-08-11,03:32,LIGHT,50,
2026-08-11,03:33,LIGHT,44,
2026-08-11,03:34,LIGHT,44,
2026-08-11,03:35,LIGHT,45,
2026-08-11,03:36,LIGHT,44,
2026-08-11,03:37,LIGHT,44,
2026-08-11,03:38,LIGHT,44,
2026-08-11,03:39,LIGHT,44,
2026-08-11,03:40,LIGHT,44,
2026-08-11,03:41,LIGHT,44,
2026-08-11,03:42,LIGHT,54,
2026-08-11,03:43,LIGHT,55,
2026-08-11,03:44,LIGHT,47,
2026-08-11,03:45,LIGHT,46,
2026-08-11,03:46,LIGHT,46,
2026-08-11,03:47,LIGHT,45,
2026-08-11,03:48,LIGHT,45,
2026-08-11,03:49,DEEP,46,
2026-08-11,03:50,DEEP,46,
2026-08-11,03:51,DEEP,48,
2026-08-11,03:52,DEEP,47,
2026-08-11,03:53,DEEP,48,
2026-08-11,03:54,DEEP,49,
2026-08-11,03:55,DEEP,49,
2026-08-11,03:56,DEEP,49,
2026-08-11,03:57,DEEP,51,
2026-08-11,03:58,DEEP,51,
2026-08-11,03:59,DEEP,47,
2026-08-11,04:00,DEEP,50,
2026-08-11,04:01,DEEP,47,
2026-08-11,04:02,LIGHT,47,
2026-08-11,04:03,LIGHT,47,
2026-08-11,04:04,LIGHT,47,
2026-08-11,04:05,WAKE,51,
2026-08-11,04:06,LIGHT,51,
2026-08-11,04:07,LIGHT,49,
2026-08-11,04:08,LIGHT,51,
2026-08-11,04:09,LIGHT,50,
2026-08-11,04:10,LIGHT,50,
2026-08-11,04:11,LIGHT,55,
2026-08-11,04:12,LIGHT,49,
2026-08-11,04:13,LIGHT,49,
2026-08-11,04:14,LIGHT,49,
2026-08-11,04:15,LIGHT,49,
2026-08-11,04:16,LIGHT,52,
2026-08-11,04:17,LIGHT,55,
2026-08-11,04:18,LIGHT,48,
2026-08-11,04:19,LIGHT,43,
2026-08-11,04:20,LIGHT,44,
2026-08-11,04:21,LIGHT,44,
2026-08-11,04:22,DEEP,46,
2026-08-11,04:23,DEEP,44,
2026-08-11,04:24,DEEP,44,
2026-08-11,04:25,DEEP,43,
2026-08-11,04:26,DEEP,43,
2026-08-11,04:27,LIGHT,43,
2026-08-11,04:28,LIGHT,43,
2026-08-11,04:29,LIGHT,42,
2026-08-11,04:30,LIGHT,42,
2026-08-11,04:31,LIGHT,43,
2026-08-11,04:32,LIGHT,43,
2026-08-11,04:33,LIGHT,43,
2026-08-11,04:34,LIGHT,44,
2026-08-11,04:35,LIGHT,44,
2026-08-11,04:36,LIGHT,44,
2026-08-11,04:37,LIGHT,44,
2026-08-11,04:38,REM,44,
2026-08-11,04:39,REM,44,
2026-08-11,04:40,REM,44,
2026-08-11,04:41,REM,44,
2026-08-11,04:42,REM,44,
2026-08-11,04:43,REM,44,
2026-08-11,04:44,REM,44,
2026-08-11,04:45,REM,44,
2026-08-11,04:46,REM,46,
2026-08-11,04:47,REM,46,
2026-08-11,04:48,REM,46,
2026-08-11,04:49,REM,46,
2026-08-11,04:50,REM,46,
2026-08-11,04:51,REM,45,
2026-08-11,04:52,REM,44,
2026-08-11,04:53,REM,44,
2026-08-11,04:54,REM,44,
2026-08-11,04:55,REM,44,
2026-08-11,04:56,REM,44,
2026-08-11,04:57,REM,44,
2026-08-11,04:58,REM,44,
2026-08-11,04:59,REM,49,
2026-08-11,05:00,LIGHT,52,
2026-08-11,05:01,LIGHT,46,
2026-08-11,05:02,LIGHT,51,
2026-08-11,05:03,LIGHT,49,
2026-08-11,05:04,LIGHT,54,
2026-08-11,05:05,LIGHT,50,
2026-08-11,05:06,LIGHT,47,
2026-08-11,05:07,LIGHT,47,
2026-08-11,05:08,LIGHT,48,
2026-08-11,05:09,LIGHT,50,
2026-08-11,05:10,LIGHT,51,
2026-08-11,05:11,LIGHT,50,
2026-08-11,05:12,LIGHT,49,
2026-08-11,05:13,LIGHT,48,
2026-08-11,05:14,LIGHT,48,
2026-08-11,05:15,LIGHT,56,
2026-08-11,05:16,LIGHT,53,
2026-08-11,05:17,LIGHT,48,
2026-08-11,05:18,LIGHT,46,
2026-08-11,05:19,LIGHT,46,
2026-08-11,05:20,LIGHT,48,
2026-08-11,05:21,LIGHT,49,
2026-08-11,05:22,LIGHT,46,
2026-08-11,05:23,LIGHT,45,
2026-08-11,05:24,LIGHT,45,
2026-08-11,05:25,LIGHT,45,
2026-08-11,05:26,LIGHT,45,
2026-08-11,05:27,LIGHT,46,
2026-08-11,05:28,LIGHT,47,
2026-08-11,05:29,LIGHT,47,
2026-08-11,05:30,LIGHT,47,
2026-08-11,05:31,LIGHT,49,
2026-08-11,05:32,LIGHT,51,
2026-08-11,05:33,LIGHT,48,
2026-08-11,05:34,LIGHT,48,
2026-08-11,05:35,LIGHT,49,
2026-08-11,05:36,LIGHT,51,
2026-08-11,05:37,LIGHT,52,
2026-08-11,05:38,LIGHT,46,
2026-08-11,05:39,LIGHT,49,
2026-08-11,05:40,LIGHT,52,
2026-08-11,05:41,LIGHT,48,
2026-08-11,05:42,LIGHT,47,
2026-08-11,05:43,LIGHT,46,
2026-08-11,05:44,LIGHT,45,
2026-08-11,05:45,LIGHT,46,
2026-08-11,05:46,LIGHT,46,
2026-08-11,05:47,LIGHT,51,
2026-08-11,05:48,LIGHT,48,
2026-08-11,05:49,LIGHT,48,
2026-08-11,05:50,LIGHT,51,
2026-08-11,05:51,LIGHT,51,
2026-08-11,05:52,LIGHT,46,
2026-08-11,05:53,LIGHT,46,
2026-08-11,05:54,LIGHT,46,
2026-08-11,05:55,LIGHT,45,
2026-08-11,05:56,LIGHT,44,
2026-08-11,05:57,REM,51,
2026-08-11,05:58,REM,45,
2026-08-11,05:59,REM,45,
2026-08-11,06:00,REM,45,
2026-08-11,06:01,REM,46,
2026-08-11,06:02,REM,46,
2026-08-11,06:03,REM,45,
2026-08-11,06:04,REM,45,
2026-08-11,06:05,REM,45,
2026-08-11,06:06,REM,45,
2026-08-11,06:07,REM,45,
2026-08-11,06:08,REM,45,
2026-08-11,06:09,REM,47,
2026-08-11,06:10,REM,47,
2026-08-11,06:11,REM,47,
2026-08-11,06:12,REM,47,
2026-08-11,06:13,REM,47,
2026-08-11,06:14,REM,47,
2026-08-11,06:15,REM,47,
2026-08-11,06:16,REM,47,
2026-08-11,06:17,REM,48,
2026-08-11,06:18,REM,49,
2026-08-11,06:19,REM,49,
2026-08-11,06:20,REM,48,
2026-08-11,06:21,REM,47,
2026-08-11,06:22,REM,47,
2026-08-11,06:23,REM,47,
2026-08-11,06:24,REM,47,
2026-08-11,06:25,REM,48,
2026-08-11,06:26,REM,55,
2026-08-11,06:27,REM,56,
2026-08-11,06:28,REM,50,
2026-08-11,06:29,REM,48,
2026-08-11,06:30,REM,48,
2026-08-11,06:31,REM,50,
2026-08-11,06:32,REM,49,
2026-08-11,06:33,LIGHT,49,
2026-08-11,06:34,LIGHT,57,
2026-08-11,06:35,LIGHT,50,
2026-08-11,06:36,WAKE,47,
2026-08-11,06:37,LIGHT,47,
2026-08-11,06:38,LIGHT,47,
2026-08-11,06:39,WAKE,47,
2026-08-11,06:40,LIGHT,57,
2026-08-11,06:41,WAKE,56,
2026-08-11,06:42,LIGHT,52,
2026-08-11,06:43,LIGHT,52,
2026-08-11,06:44,LIGHT,54,
2026-08-11,06:45,LIGHT,54,
2026-08-11,06:46,WAKE,50,
2026-08-11,06:47,LIGHT,48,
2026-08-11,06:48,LIGHT,48,
2026-08-11,06:49,LIGHT,49,
2026-08-11,06:50,LIGHT,53,
2026-08-11,06:51,LIGHT,48,
2026-08-11,06:52,WAKE,48,
2026-08-11,06:53,LIGHT,48,
2026-08-11,06:54,LIGHT,53,
2026-08-11,06:55,WAKE,49,
2026-08-11,06:56,LIGHT,48,
2026-08-11,06:57,LIGHT,48,
2026-08-11,06:58,LIGHT,47,
2026-08-11,06:59,LIGHT,48,
2026-08-11,07:00,WAKE,50,
2026-08-11,07:01,WAKE,47,
2026-08-11,07:02,LIGHT,46,
2026-08-11,14:42,LIGHT,58,
2026-08-11,14:43,LIGHT,67,
2026-08-11,14:44,LIGHT,57,
2026-08-11,14:45,LIGHT,55,
2026-08-11,14:46,LIGHT,52,
2026-08-11,14:47,LIGHT,53,
2026-08-11,14:48,DEEP,54,
2026-08-11,14:49,DEEP,55,
2026-08-11,14:50,DEEP,52,
2026-08-11,14:51,DEEP,52,
2026-08-11,14:52,DEEP,52,
2026-08-11,14:53,DEEP,52,
2026-08-11,14:54,DEEP,51,
2026-08-11,14:55,DEEP,50,
2026-08-11,14:56,DEEP,50,
2026-08-11,14:57,DEEP,50,
2026-08-11,14:58,DEEP,50,
2026-08-11,14:59,DEEP,50,
2026-08-11,15:00,DEEP,51,
2026-08-11,15:01,DEEP,51,
2026-08-11,15:02,DEEP,57,
2026-08-11,15:03,DEEP,64,
2026-08-11,15:04,DEEP,58,
2026-08-11,15:05,DEEP,54,
2026-08-11,15:06,DEEP,63,
2026-08-11,15:07,DEEP,69,
2026-08-11,15:08,DEEP,61,
2026-08-11,15:09,DEEP,54,
2026-08-11,15:10,DEEP,55,
2026-08-11,15:11,DEEP,52,
2026-08-11,15:12,DEEP,51,
2026-08-11,15:13,DEEP,53,
2026-08-11,15:14,DEEP,58,
2026-08-11,15:15,DEEP,58,
2026-08-11,15:16,DEEP,54,
2026-08-11,15:17,DEEP,54,
2026-08-11,15:18,DEEP,56,
2026-08-11,15:19,DEEP,56,
2026-08-11,15:20,DEEP,55,
2026-08-11,15:21,DEEP,54,
2026-08-11,15:22,DEEP,53,
2026-08-11,15:23,DEEP,53,
2026-08-11,15:24,DEEP,52,
2026-08-11,15:25,DEEP,52,
2026-08-11,15:26,LIGHT,50,
2026-08-11,15:27,LIGHT,50,
2026-08-11,15:28,LIGHT,48,
2026-08-11,15:29,WAKE,50,
2026-08-11,15:30,LIGHT,50,
2026-08-11,15:31,LIGHT,52,
2026-08-11,15:32,LIGHT,52,
2026-08-11,15:33,LIGHT,52,
2026-08-11,15:34,LIGHT,51,
2026-08-11,15:35,LIGHT,50,
2026-08-11,15:36,LIGHT,49,
2026-08-11,15:37,LIGHT,49,
2026-08-11,15:38,LIGHT,49,
2026-08-11,15:39,LIGHT,49,
2026-08-11,15:40,LIGHT,49,
2026-08-11,15:41,LIGHT,49,
2026-08-11,15:42,LIGHT,49,
2026-08-11,15:43,REM,49,
2026-08-11,15:44,REM,49,
2026-08-11,15:45,REM,49,
2026-08-11,15:46,REM,49,
2026-08-11,15:47,REM,49,
2026-08-11,15:48,REM,49,
2026-08-11,15:49,REM,49,
2026-08-11,15:50,REM,51,
2026-08-11,15:51,REM,51,
2026-08-11,15:52,REM,51,
2026-08-11,15:53,REM,49,
2026-08-11,15:54,REM,49,
2026-08-11,15:55,REM,49,
2026-08-11,15:56,LIGHT,49,
2026-08-11,15:57,LIGHT,49,
2026-08-11,15:58,LIGHT,49,
2026-08-11,15:59,LIGHT,49,
2026-08-11,16:00,LIGHT,49,
2026-08-11,16:01,LIGHT,49,
2026-08-11,16:02,LIGHT,49,
2026-08-11,16:03,LIGHT,54,
2026-08-11,16:04,LIGHT,54,
2026-08-11,16:05,LIGHT,54,
2026-08-11,16:06,LIGHT,52,
2026-08-11,16:07,LIGHT,48,
2026-08-11,16:08,LIGHT,45,
2026-08-11,16:09,LIGHT,47,
2026-08-11,16:10,LIGHT,52,
2026-08-11,16:11,LIGHT,47,
2026-08-11,16:12,LIGHT,45,
2026-08-12,01:08,LIGHT,69,
2026-08-12,01:09,LIGHT,68,
2026-08-12,01:10,LIGHT,70,
2026-08-12,01:11,LIGHT,67,
2026-08-12,01:12,LIGHT,62,
2026-08-12,01:13,LIGHT,64,
2026-08-12,01:14,LIGHT,52,
2026-08-12,01:15,LIGHT,49,
2026-08-12,01:16,LIGHT,50,
2026-08-12,01:17,LIGHT,47,
2026-08-12,01:18,LIGHT,48,
2026-08-12,01:19,LIGHT,48,
2026-08-12,01:20,LIGHT,48,
2026-08-12,01:21,DEEP,48,
2026-08-12,01:22,DEEP,48,
2026-08-12,01:23,DEEP,46,
2026-08-12,01:24,DEEP,46,
2026-08-12,01:25,DEEP,46,
2026-08-12,01:26,DEEP,47,
2026-08-12,01:27,DEEP,47,
2026-08-12,01:28,DEEP,47,
2026-08-12,01:29,DEEP,48,
2026-08-12,01:30,DEEP,63,
2026-08-12,01:31,DEEP,69,
2026-08-12,01:32,DEEP,57,
2026-08-12,01:33,DEEP,47,
2026-08-12,01:34,DEEP,49,
2026-08-12,01:35,DEEP,58,
2026-08-12,01:36,LIGHT,63,
2026-08-12,01:37,LIGHT,60,
2026-08-12,01:38,LIGHT,52,
2026-08-12,01:39,LIGHT,46,
2026-08-12,01:40,LIGHT,44,
2026-08-12,01:41,DEEP,46,
2026-08-12,01:42,DEEP,45,
2026-08-12,01:43,DEEP,46,
2026-08-12,01:44,DEEP,46,
2026-08-12,01:45,DEEP,45,
2026-08-12,01:46,DEEP,45,
2026-08-12,01:47,DEEP,47,
2026-08-12,01:48,DEEP,46,
2026-08-12,01:49,DEEP,46,
2026-08-12,01:50,DEEP,45,
2026-08-12,01:51,DEEP,45,
2026-08-12,01:52,DEEP,45,
2026-08-12,01:53,DEEP,45,
2026-08-12,01:54,DEEP,44,
2026-08-12,01:55,DEEP,44,
2026-08-12,01:56,DEEP,49,
2026-08-12,01:57,DEEP,44,
2026-08-12,01:58,DEEP,44,
2026-08-12,01:59,DEEP,44,
2026-08-12,02:00,DEEP,44,
2026-08-12,02:01,DEEP,44,
2026-08-12,02:02,DEEP,43,
2026-08-12,02:03,DEEP,44,
2026-08-12,02:04,DEEP,44,
2026-08-12,02:05,DEEP,44,
2026-08-12,02:06,DEEP,44,
2026-08-12,02:07,DEEP,46,
2026-08-12,02:08,DEEP,45,
2026-08-12,02:09,DEEP,43,
2026-08-12,02:10,DEEP,42,
2026-08-12,02:11,DEEP,42,
2026-08-12,02:12,DEEP,42,
2026-08-12,02:13,DEEP,42,
2026-08-12,02:14,DEEP,41,
2026-08-12,02:15,DEEP,41,
2026-08-12,02:16,DEEP,42,
2026-08-12,02:17,DEEP,42,
2026-08-12,02:18,DEEP,42,
2026-08-12,02:19,LIGHT,42,
2026-08-12,02:20,LIGHT,43,
2026-08-12,02:21,LIGHT,43,
2026-08-12,02:22,WAKE,43,
2026-08-12,02:23,WAKE,43,
2026-08-12,02:24,LIGHT,46,
2026-08-12,02:25,LIGHT,44,
2026-08-12,02:26,LIGHT,46,
2026-08-12,02:27,LIGHT,51,
2026-08-12,02:28,REM,45,
2026-08-12,02:29,REM,43,
2026-08-12,02:30,REM,43,
2026-08-12,02:31,REM,43,
2026-08-12,02:32,REM,43,
2026-08-12,02:33,REM,44,
2026-08-12,02:34,REM,44,
2026-08-12,02:35,REM,44,
2026-08-12,02:36,REM,45,
2026-08-12,02:37,REM,45,
2026-08-12,02:38,LIGHT,45,
2026-08-12,02:39,LIGHT,45,
2026-08-12,02:40,LIGHT,45,
2026-08-12,02:41,LIGHT,45,
2026-08-12,02:42,LIGHT,45,
2026-08-12,02:43,LIGHT,46,
2026-08-12,02:44,LIGHT,46,
2026-08-12,02:45,LIGHT,46,
2026-08-12,02:46,LIGHT,46,
2026-08-12,02:47,LIGHT,46,
2026-08-12,02:48,LIGHT,46,
2026-08-12,02:49,LIGHT,47,
2026-08-12,02:50,LIGHT,46,
2026-08-12,02:51,LIGHT,47,
2026-08-12,02:52,LIGHT,44,
2026-08-12,02:53,LIGHT,44,
2026-08-12,02:54,LIGHT,44,
2026-08-12,02:55,LIGHT,44,
2026-08-12,02:56,LIGHT,44,
2026-08-12,02:57,LIGHT,44,
2026-08-12,02:58,LIGHT,44,
2026-08-12,02:59,LIGHT,44,
2026-08-12,03:00,LIGHT,44,
2026-08-12,03:01,LIGHT,44,
2026-08-12,03:02,LIGHT,44,
2026-08-12,03:03,LIGHT,44,
2026-08-12,03:04,LIGHT,46,
2026-08-12,03:05,LIGHT,46,
2026-08-12,03:06,LIGHT,47,
2026-08-12,03:07,LIGHT,52,
2026-08-12,03:08,LIGHT,46,
2026-08-12,03:09,LIGHT,44,
2026-08-12,03:10,LIGHT,46,
2026-08-12,03:11,LIGHT,46,
2026-08-12,03:12,LIGHT,45,
2026-08-12,03:13,LIGHT,45,
2026-08-12,03:14,LIGHT,45,
2026-08-12,03:15,LIGHT,45,
2026-08-12,03:16,LIGHT,45,
2026-08-12,03:17,DEEP,44,
2026-08-12,03:18,DEEP,44,
2026-08-12,03:19,DEEP,44,
2026-08-12,03:20,DEEP,50,
2026-08-12,03:21,DEEP,44,
2026-08-12,03:22,DEEP,42,
2026-08-12,03:23,DEEP,44,
2026-08-12,03:24,DEEP,44,
2026-08-12,03:25,DEEP,45,
2026-08-12,03:26,DEEP,45,
2026-08-12,03:27,DEEP,43,
2026-08-12,03:28,DEEP,43,
2026-08-12,03:29,LIGHT,43,
2026-08-12,03:30,LIGHT,44,
2026-08-12,03:31,LIGHT,44,
2026-08-12,03:32,WAKE,44,
2026-08-12,03:33,LIGHT,44,
2026-08-12,03:34,LIGHT,44,
2026-08-12,03:35,LIGHT,45,
2026-08-12,03:36,LIGHT,43,
2026-08-12,03:37,LIGHT,43,
2026-08-12,03:38,LIGHT,42,
2026-08-12,03:39,LIGHT,43,
2026-08-12,03:40,LIGHT,43,
2026-08-12,03:41,LIGHT,41,
2026-08-12,03:42,LIGHT,41,
2026-08-12,03:43,LIGHT,43,
2026-08-12,03:44,LIGHT,42,
2026-08-12,03:45,LIGHT,42,
2026-08-12,03:46,LIGHT,42,
2026-08-12,03:47,LIGHT,42,
2026-08-12,03:48,LIGHT,42,
2026-08-12,03:49,LIGHT,41,
2026-08-12,03:50,LIGHT,41,
2026-08-12,03:51,REM,42,
2026-08-12,03:52,REM,43,
2026-08-12,03:53,REM,43,
2026-08-12,03:54,REM,43,
2026-08-12,03:55,REM,44,
2026-08-12,03:56,REM,44,
2026-08-12,03:57,REM,43,
2026-08-12,03:58,REM,43,
2026-08-12,03:59,REM,43,
2026-08-12,04:00,REM,53,
2026-08-12,04:01,REM,46,
2026-08-12,04:02,REM,42,
2026-08-12,04:03,REM,42,
2026-08-12,04:04,REM,42,
2026-08-12,04:05,REM,43,
2026-08-12,04:06,REM,43,
2026-08-12,04:07,REM,43,
2026-08-12,04:08,REM,43,
2026-08-12,04:09,REM,43,
2026-08-12,04:10,REM,43,
2026-08-12,04:11,REM,43,
2026-08-12,04:12,REM,43,
2026-08-12,04:13,REM,42,
2026-08-12,04:14,REM,43,
2026-08-12,04:15,REM,43,
2026-08-12,04:16,REM,48,
2026-08-12,04:17,REM,45,
2026-08-12,04:18,LIGHT,42,
2026-08-12,04:19,LIGHT,40,
2026-08-12,04:20,LIGHT,41,
2026-08-12,04:21,LIGHT,41,
2026-08-12,04:22,LIGHT,41,
2026-08-12,04:23,LIGHT,40,
2026-08-12,04:24,LIGHT,40,
2026-08-12,04:25,LIGHT,40,
2026-08-12,04:26,LIGHT,40,
2026-08-12,04:27,LIGHT,40,
2026-08-12,04:28,LIGHT,40,
2026-08-12,04:29,LIGHT,40,
2026-08-12,04:30,LIGHT,40,
2026-08-12,04:31,LIGHT,40,
2026-08-12,04:32,LIGHT,40,
2026-08-12,04:33,LIGHT,40,
2026-08-12,04:34,LIGHT,40,
2026-08-12,04:35,LIGHT,41,
2026-08-12,04:36,LIGHT,41,
2026-08-12,04:37,LIGHT,41,
2026-08-12,04:38,LIGHT,42,
2026-08-12,04:39,LIGHT,52,
2026-08-12,04:40,LIGHT,46,
2026-08-12,04:41,LIGHT,46,
2026-08-12,04:42,LIGHT,43,
2026-08-12,04:43,LIGHT,42,
2026-08-12,04:44,LIGHT,47,
2026-08-12,04:45,LIGHT,44,
2026-08-12,04:46,LIGHT,42,
2026-08-12,04:47,LIGHT,42,
2026-08-12,04:48,LIGHT,52,
2026-08-12,04:49,LIGHT,47,
2026-08-12,04:50,LIGHT,44,
2026-08-12,04:51,LIGHT,41,
2026-08-12,04:52,LIGHT,42,
2026-08-12,04:53,LIGHT,46,
2026-08-12,04:54,LIGHT,45,
2026-08-12,04:55,LIGHT,45,
2026-08-12,04:56,LIGHT,42,
2026-08-12,04:57,LIGHT,41,
2026-08-12,04:58,LIGHT,42,
2026-08-12,04:59,LIGHT,44,
2026-08-12,05:00,LIGHT,41,
2026-08-12,05:01,LIGHT,41,
2026-08-12,05:02,LIGHT,41,
2026-08-12,05:03,LIGHT,43,
2026-08-12,05:04,LIGHT,42,
2026-08-12,05:05,LIGHT,42,
2026-08-12,05:06,LIGHT,40,
2026-08-12,05:07,LIGHT,42,
2026-08-12,05:08,LIGHT,,
2026-08-12,05:09,LIGHT,41,
2026-08-12,05:10,LIGHT,41,
2026-08-12,05:11,LIGHT,41,
2026-08-12,05:12,LIGHT,41,
2026-08-12,05:13,LIGHT,41,
2026-08-12,05:14,LIGHT,41,
2026-08-12,05:15,LIGHT,41,
2026-08-12,05:16,LIGHT,41,
2026-08-12,05:17,LIGHT,41,
2026-08-12,05:18,LIGHT,41,
2026-08-12,05:19,LIGHT,41,
2026-08-12,05:20,LIGHT,41,
2026-08-12,05:21,LIGHT,41,
2026-08-12,05:22,LIGHT,41,
2026-08-12,05:23,LIGHT,41,
2026-08-12,05:24,LIGHT,41,
2026-08-12,05:25,LIGHT,41,
2026-08-12,05:26,LIGHT,42,
2026-08-12,05:27,LIGHT,42,
2026-08-12,05:28,LIGHT,42,
2026-08-12,05:29,REM,49,
2026-08-12,05:30,REM,44,
2026-08-12,05:31,REM,44,
2026-08-12,05:32,REM,47,
2026-08-12,05:33,REM,44,
2026-08-12,05:34,REM,43,
2026-08-12,05:35,REM,43,
2026-08-12,05:36,REM,43,
2026-08-12,05:37,REM,42,
2026-08-12,05:38,REM,42,
2026-08-12,05:39,REM,43,
2026-08-12,05:40,REM,43,
2026-08-12,05:41,REM,43,
2026-08-12,05:42,REM,43,
2026-08-12,05:43,REM,43,
2026-08-12,05:44,REM,49,
2026-08-12,05:45,REM,51,
2026-08-12,05:46,REM,47,
2026-08-12,05:47,REM,46,
2026-08-12,05:48,REM,45,
2026-08-12,05:49,REM,45,
2026-08-12,05:50,REM,45,
2026-08-12,05:51,REM,47,
2026-08-12,05:52,REM,45,
2026-08-12,05:53,LIGHT,47,
2026-08-12,05:54,LIGHT,62,
2026-08-12,05:55,LIGHT,55,
2026-08-12,05:56,LIGHT,51,
2026-08-12,05:57,LIGHT,48,
2026-08-12,05:58,LIGHT,53,
2026-08-12,05:59,LIGHT,48,
2026-08-12,06:00,LIGHT,48,
2026-08-12,06:01,LIGHT,49,
2026-08-12,06:02,LIGHT,48,
2026-08-12,06:03,LIGHT,45,
2026-08-12,06:04,LIGHT,50,
2026-08-12,06:05,LIGHT,46,
2026-08-12,06:06,LIGHT,44,
2026-08-12,06:07,LIGHT,44,
2026-08-12,06:08,LIGHT,46,
2026-08-12,06:09,LIGHT,46,
2026-08-12,06:10,LIGHT,46,
2026-08-12,06:11,LIGHT,48,
2026-08-12,06:12,LIGHT,48,
2026-08-12,06:13,LIGHT,45,
2026-08-12,06:14,LIGHT,45,
2026-08-12,06:15,LIGHT,43,
2026-08-12,06:16,LIGHT,46,
2026-08-12,06:17,LIGHT,51,
2026-08-12,06:18,LIGHT,49,
2026-08-12,06:19,LIGHT,50,
2026-08-12,06:20,LIGHT,45,
2026-08-12,06:21,LIGHT,46,
2026-08-12,06:22,LIGHT,46,
2026-08-12,06:23,LIGHT,45,
2026-08-12,06:24,LIGHT,44,
2026-08-12,06:25,LIGHT,46,
2026-08-12,06:26,LIGHT,53,
2026-08-12,06:27,LIGHT,49,
2026-08-12,06:28,LIGHT,46,
2026-08-12,06:29,LIGHT,48,
2026-08-12,06:30,LIGHT,50,
2026-08-12,06:31,LIGHT,47,
2026-08-12,06:32,LIGHT,46,
2026-08-12,06:33,LIGHT,45,
2026-08-12,06:34,LIGHT,44,
2026-08-12,06:35,WAKE,47,
2026-08-12,06:36,LIGHT,44,
2026-08-12,06:37,LIGHT,43,
2026-08-12,06:38,LIGHT,43,
2026-08-12,06:39,LIGHT,43,
2026-08-12,06:40,LIGHT,43,
2026-08-12,06:41,WAKE,44,
2026-08-12,06:42,WAKE,51,
2026-08-12,06:43,LIGHT,48,
2026-08-12,06:44,LIGHT,47,
2026-08-12,06:45,WAKE,52,
2026-08-12,06:46,WAKE,46,
2026-08-12,06:47,LIGHT,43,
2026-08-12,06:48,LIGHT,42,
2026-08-12,06:49,LIGHT,43,
2026-08-12,06:50,REM,42,
2026-08-12,06:51,REM,43,
2026-08-12,06:52,REM,47,
2026-08-12,06:53,REM,44,
2026-08-12,06:54,REM,44,
2026-08-12,06:55,REM,44,
2026-08-12,06:56,REM,44,
2026-08-12,06:57,REM,43,
2026-08-12,06:58,REM,43,
2026-08-12,06:59,REM,43,
2026-08-12,07:00,REM,49,
2026-08-12,07:01,REM,46,
2026-08-12,07:02,REM,43,
2026-08-12,07:03,REM,43,
2026-08-12,07:04,REM,43,
2026-08-12,07:05,REM,42,
2026-08-12,07:06,REM,42,
2026-08-12,07:07,REM,49,
2026-08-12,07:08,REM,45,
2026-08-12,07:09,REM,47,
2026-08-12,07:10,REM,44,
2026-08-12,07:11,REM,43,
2026-08-12,07:12,LIGHT,43,
2026-08-12,07:13,LIGHT,43,
2026-08-12,07:14,LIGHT,43,
2026-08-12,07:15,LIGHT,44,
2026-08-12,07:16,LIGHT,44,
2026-08-12,15:29,LIGHT,57,
2026-08-12,15:30,LIGHT,57,
2026-08-12,15:31,LIGHT,58,
2026-08-12,15:32,LIGHT,60,
2026-08-12,15:33,LIGHT,61,
2026-08-12,15:34,LIGHT,63,
2026-08-12,15:35,LIGHT,62,
2026-08-12,15:36,LIGHT,63,
2026-08-12,15:37,DEEP,56,
2026-08-12,15:38,DEEP,63,
2026-08-12,15:39,DEEP,69,
2026-08-12,15:40,DEEP,76,
2026-08-12,15:41,DEEP,74,
2026-08-12,15:42,DEEP,71,
2026-08-12,15:43,DEEP,68,
2026-08-12,15:44,DEEP,66,
2026-08-12,15:45,DEEP,62,
2026-08-12,15:46,DEEP,62,
2026-08-12,15:47,DEEP,66,
2026-08-12,15:48,DEEP,61,
2026-08-12,15:49,DEEP,60,
2026-08-12,15:50,DEEP,61,
2026-08-12,15:51,DEEP,63,
2026-08-12,15:52,DEEP,63,
2026-08-12,15:53,DEEP,64,
2026-08-12,15:54,DEEP,66,
2026-08-12,15:55,DEEP,66,
2026-08-12,15:56,DEEP,66,
2026-08-12,15:57,DEEP,65,
2026-08-12,15:58,DEEP,63,
2026-08-12,15:59,DEEP,65,
2026-08-12,16:00,DEEP,66,
2026-08-12,16:01,DEEP,68,
2026-08-12,16:02,DEEP,66,
2026-08-12,16:03,DEEP,60,
2026-08-12,16:04,DEEP,60,
2026-08-12,16:05,LIGHT,59,
2026-08-12,16:06,LIGHT,62,
2026-08-12,16:07,LIGHT,64,
2026-08-12,16:08,LIGHT,74,
2026-08-12,16:09,LIGHT,77,
2026-08-12,16:10,LIGHT,68,
2026-08-12,16:11,LIGHT,55,
2026-08-12,16:12,LIGHT,52,
2026-08-12,16:13,LIGHT,64,
2026-08-12,16:14,LIGHT,70,
2026-08-12,16:15,LIGHT,73,
2026-08-12,16:16,LIGHT,62,
2026-08-12,16:17,LIGHT,66,
2026-08-12,16:18,LIGHT,69,
2026-08-12,16:19,LIGHT,70,
2026-08-12,16:20,LIGHT,71,
2026-08-12,16:21,LIGHT,71,
2026-08-12,16:22,LIGHT,70,
2026-08-12,16:23,LIGHT,67,
2026-08-12,16:24,LIGHT,63,
2026-08-12,16:25,LIGHT,55,
2026-08-12,16:26,LIGHT,52,
2026-08-12,16:27,LIGHT,51,
2026-08-12,16:28,LIGHT,56,
2026-08-12,16:29,LIGHT,54,
2026-08-12,16:30,LIGHT,54,
2026-08-12,16:31,LIGHT,53,
2026-08-12,16:32,LIGHT,52,
2026-08-12,16:33,LIGHT,54,
2026-08-12,16:34,LIGHT,52,
2026-08-12,16:35,LIGHT,52,
2026-08-12,16:36,LIGHT,55,
2026-08-12,16:37,LIGHT,55,
2026-08-12,16:38,LIGHT,52,
2026-08-12,16:39,LIGHT,50,
2026-08-12,16:40,LIGHT,49,
2026-08-12,16:41,REM,50,
2026-08-12,16:42,REM,50,
2026-08-12,16:43,REM,49,
2026-08-12,16:44,REM,49,
2026-08-12,16:45,REM,50,
2026-08-12,16:46,REM,52,
2026-08-12,16:47,REM,50,
2026-08-12,16:48,REM,50,
2026-08-12,16:49,REM,50,
2026-08-12,16:50,REM,50,
2026-08-12,16:51,REM,49,
2026-08-12,16:52,REM,48,
2026-08-12,16:53,REM,50,
2026-08-12,16:54,REM,49,
2026-08-12,16:55,REM,48,
2026-08-12,16:56,REM,47,
2026-08-12,16:57,REM,47,
2026-08-12,16:58,REM,46,
2026-08-12,16:59,REM,46,
2026-08-12,17:00,REM,47,
2026-08-12,17:01,REM,47,
2026-08-12,17:02,REM,47,
2026-08-12,17:03,REM,48,
2026-08-12,17:04,REM,47,
2026-08-12,17:05,REM,47,
2026-08-12,17:06,REM,47,
2026-08-12,17:07,REM,47,
2026-08-12,17:08,REM,47,
2026-08-12,17:09,REM,47,
2026-08-12,17:10,REM,49,
2026-08-12,17:11,REM,59,
2026-08-12,17:12,REM,55,
2026-08-12,17:13,REM,53,
2026-08-12,17:14,LIGHT,55,
2026-08-12,17:15,LIGHT,55,
2026-08-12,17:16,LIGHT,52,
2026-08-12,17:17,LIGHT,54,
2026-08-12,17:18,LIGHT,61,
2026-08-12,17:19,LIGHT,62,
2026-08-12,17:20,LIGHT,59,
2026-08-12,17:21,LIGHT,64,
2026-08-12,17:22,LIGHT,57,
2026-08-12,17:23,LIGHT,56,
2026-08-12,17:24,LIGHT,54,
2026-08-12,17:25,LIGHT,53,
2026-08-12,17:26,LIGHT,63,
2026-08-12,17:27,LIGHT,79,
2026-08-12,17:28,LIGHT,80,
2026-08-12,17:29,LIGHT,78,
2026-08-12,17:30,LIGHT,76,
2026-08-12,17:31,LIGHT,78,
2026-08-12,17:32,LIGHT,76,
2026-08-12,17:33,LIGHT,83,
2026-08-12,17:34,LIGHT,78,
2026-08-12,17:35,LIGHT,70,
2026-08-12,17:36,LIGHT,72,
2026-08-12,17:37,LIGHT,79,
2026-08-12,17:38,LIGHT,79,
2026-08-12,17:39,LIGHT,74,
2026-08-12,17:40,LIGHT,74,
2026-08-12,17:41,LIGHT,74,
2026-08-12,17:42,LIGHT,77,
2026-08-12,17:43,LIGHT,79,
2026-08-12,17:44,LIGHT,79,
2026-08-12,17:45,LIGHT,76,
2026-08-12,17:46,LIGHT,66,
2026-08-12,17:47,LIGHT,67,
2026-08-12,17:48,LIGHT,75,
2026-08-12,17:49,LIGHT,85,
2026-08-12,17:50,LIGHT,94,
2026-08-12,17:51,LIGHT,113,
2026-08-12,17:52,LIGHT,128,
2026-08-12,17:53,LIGHT,135,
2026-08-12,17:54,LIGHT,135,
2026-08-12,17:55,REM,134,
2026-08-12,17:56,REM,136,
2026-08-12,17:57,REM,138,
2026-08-12,17:58,REM,133,
2026-08-12,17:59,REM,116,
2026-08-12,18:00,LIGHT,92,
2026-08-12,18:01,LIGHT,87,
2026-08-12,18:02,LIGHT,110,
2026-08-12,18:03,LIGHT,139,
2026-08-12,18:04,LIGHT,143,
2026-08-12,18:05,LIGHT,143,
2026-08-12,18:06,LIGHT,142,
2026-08-12,18:07,LIGHT,138,
2026-08-12,18:08,LIGHT,120,
2026-08-12,18:09,LIGHT,103,
2026-08-12,18:10,LIGHT,121,
2026-08-12,18:11,LIGHT,143,
2026-08-12,18:12,LIGHT,149,
2026-08-12,18:13,LIGHT,149,
2026-08-12,18:14,LIGHT,148,
2026-08-12,18:15,LIGHT,137,
2026-08-12,18:16,LIGHT,121,
2026-08-12,18:17,LIGHT,114,
2026-08-12,18:18,LIGHT,126,
2026-08-12,18:19,LIGHT,150,
2026-08-13,01:45,LIGHT,44,
2026-08-13,01:46,LIGHT,44,
2026-08-13,01:47,LIGHT,44,
2026-08-13,01:48,LIGHT,44,
2026-08-13,01:49,LIGHT,43,
2026-08-13,01:50,LIGHT,43,
2026-08-13,01:51,LIGHT,43,
2026-08-13,01:52,LIGHT,43,
2026-08-13,01:53,LIGHT,44,
2026-08-13,01:54,LIGHT,44,
2026-08-13,01:55,DEEP,44,
2026-08-13,01:56,DEEP,43,
2026-08-13,01:57,DEEP,43,
2026-08-13,01:58,DEEP,43,
2026-08-13,01:59,DEEP,42,
2026-08-13,02:00,DEEP,42,
2026-08-13,02:01,DEEP,43,
2026-08-13,02:02,DEEP,43,
2026-08-13,02:03,DEEP,50,
2026-08-13,02:04,DEEP,50,
2026-08-13,02:05,DEEP,47,
2026-08-13,02:06,DEEP,44,
2026-08-13,02:07,DEEP,43,
2026-08-13,02:08,DEEP,43,
2026-08-13,02:09,DEEP,43,
2026-08-13,02:10,DEEP,43,
2026-08-13,02:11,DEEP,43,
2026-08-13,02:12,DEEP,43,
2026-08-13,02:13,DEEP,43,
2026-08-13,02:14,DEEP,43,
2026-08-13,02:15,DEEP,43,
2026-08-13,02:16,DEEP,44,
2026-08-13,02:17,DEEP,43,
2026-08-13,02:18,DEEP,44,
2026-08-13,02:19,DEEP,43,
2026-08-13,02:20,DEEP,44,
2026-08-13,02:21,DEEP,44,
2026-08-13,02:22,DEEP,44,
2026-08-13,02:23,DEEP,44,
2026-08-13,02:24,DEEP,44,
2026-08-13,02:25,DEEP,44,
2026-08-13,02:26,DEEP,44,
2026-08-13,02:27,DEEP,44,
2026-08-13,02:28,DEEP,44,
2026-08-13,02:29,LIGHT,44,
2026-08-13,02:30,LIGHT,44,
2026-08-13,02:31,LIGHT,48,
2026-08-13,02:32,LIGHT,47,
2026-08-13,02:33,DEEP,53,
2026-08-13,02:34,DEEP,47,
2026-08-13,02:35,DEEP,45,
2026-08-13,02:36,DEEP,51,
2026-08-13,02:37,DEEP,45,
2026-08-13,02:38,DEEP,45,
2026-08-13,02:39,DEEP,44,
2026-08-13,02:40,DEEP,44,
2026-08-13,02:41,DEEP,44,
2026-08-13,02:42,DEEP,45,
2026-08-13,02:43,DEEP,45,
2026-08-13,02:44,DEEP,45,
2026-08-13,02:45,DEEP,45,
2026-08-13,02:46,DEEP,45,
2026-08-13,02:47,DEEP,44,
2026-08-13,02:48,DEEP,44,
2026-08-13,02:49,DEEP,44,
2026-08-13,02:50,REM,44,
2026-08-13,02:51,REM,46,
2026-08-13,02:52,REM,44,
2026-08-13,02:53,REM,44,
2026-08-13,02:54,REM,44,
2026-08-13,02:55,LIGHT,44,
2026-08-13,02:56,LIGHT,44,
2026-08-13,02:57,LIGHT,45,
2026-08-13,02:58,LIGHT,44,
2026-08-13,02:59,LIGHT,44,
2026-08-13,03:00,LIGHT,44,
2026-08-13,03:01,REM,45,
2026-08-13,03:02,REM,45,
2026-08-13,03:03,REM,45,
2026-08-13,03:04,REM,45,
2026-08-13,03:05,REM,45,
2026-08-13,03:06,REM,45,
2026-08-13,03:07,REM,44,
2026-08-13,03:08,REM,44,
2026-08-13,03:09,REM,44,
2026-08-13,03:10,REM,44,
2026-08-13,03:11,REM,53,
2026-08-13,03:12,REM,51,
2026-08-13,03:13,REM,56,
2026-08-13,03:14,REM,60,
2026-08-13,03:15,REM,54,
2026-08-13,03:16,REM,52,
2026-08-13,03:17,REM,46,
2026-08-13,03:18,REM,50,
2026-08-13,03:19,REM,44,
2026-08-13,03:20,REM,42,
2026-08-13,03:21,REM,46,
2026-08-13,03:22,REM,42,
2026-08-13,03:23,REM,44,
2026-08-13,03:24,REM,42,
2026-08-13,03:25,REM,44,
2026-08-13,03:26,REM,46,
2026-08-13,03:27,LIGHT,46,
2026-08-13,03:28,LIGHT,51,
2026-08-13,03:29,LIGHT,52,
2026-08-13,03:30,LIGHT,45,
2026-08-13,03:31,LIGHT,44,
2026-08-13,03:32,LIGHT,41,
2026-08-13,03:33,LIGHT,41,
2026-08-13,03:34,LIGHT,43,
2026-08-13,03:35,LIGHT,43,
2026-08-13,03:36,LIGHT,43,
2026-08-13,03:37,LIGHT,43,
2026-08-13,03:38,LIGHT,43,
2026-08-13,03:39,LIGHT,43,
2026-08-13,03:40,LIGHT,43,
2026-08-13,03:41,LIGHT,42,
2026-08-13,03:42,LIGHT,42,
2026-08-13,03:43,LIGHT,42,
2026-08-13,03:44,LIGHT,42,
2026-08-13,03:45,LIGHT,42,
2026-08-13,03:46,LIGHT,43,
2026-08-13,03:47,LIGHT,43,
2026-08-13,03:48,LIGHT,43,
2026-08-13,03:49,LIGHT,43,
2026-08-13,03:50,LIGHT,44,
2026-08-13,03:51,LIGHT,44,
2026-08-13,03:52,LIGHT,45,
2026-08-13,03:53,LIGHT,45,
2026-08-13,03:54,LIGHT,44,
2026-08-13,03:55,LIGHT,45,
2026-08-13,03:56,LIGHT,44,
2026-08-13,03:57,LIGHT,44,
2026-08-13,03:58,LIGHT,44,
2026-08-13,03:59,LIGHT,44,
2026-08-13,04:00,LIGHT,43,
2026-08-13,04:01,LIGHT,43,
2026-08-13,04:02,LIGHT,43,
2026-08-13,04:03,LIGHT,43,
2026-08-13,04:04,LIGHT,43,
2026-08-13,04:05,LIGHT,43,
2026-08-13,04:06,LIGHT,43,
2026-08-13,04:07,LIGHT,43,
2026-08-13,04:08,LIGHT,43,
2026-08-13,04:09,LIGHT,44,
2026-08-13,04:10,LIGHT,44,
2026-08-13,04:11,LIGHT,51,
2026-08-13,04:12,LIGHT,43,
2026-08-13,04:13,LIGHT,42,
2026-08-13,04:14,LIGHT,42,
2026-08-13,04:15,DEEP,42,
2026-08-13,04:16,DEEP,42,
2026-08-13,04:17,DEEP,42,
2026-08-13,04:18,LIGHT,42,
2026-08-13,04:19,LIGHT,42,
2026-08-13,04:20,LIGHT,42,
2026-08-13,04:21,LIGHT,42,
2026-08-13,04:22,DEEP,42,
2026-08-13,04:23,DEEP,42,
2026-08-13,04:24,DEEP,42,
2026-08-13,04:25,DEEP,42,
2026-08-13,04:26,DEEP,41,
2026-08-13,04:27,DEEP,42,
2026-08-13,04:28,DEEP,41,
2026-08-13,04:29,DEEP,41,
2026-08-13,04:30,DEEP,47,
2026-08-13,04:31,DEEP,51,
2026-08-13,04:32,DEEP,47,
2026-08-13,04:33,DEEP,45,
2026-08-13,04:34,DEEP,44,
2026-08-13,04:35,DEEP,44,
2026-08-13,04:36,DEEP,44,
2026-08-13,04:37,DEEP,43,
2026-08-13,04:38,DEEP,43,
2026-08-13,04:39,DEEP,43,
2026-08-13,04:40,LIGHT,43,
2026-08-13,04:41,LIGHT,50,
2026-08-13,04:42,LIGHT,46,
2026-08-13,04:43,LIGHT,44,
2026-08-13,04:44,LIGHT,44,
2026-08-13,04:45,LIGHT,44,
2026-08-13,04:46,LIGHT,45,
2026-08-13,04:47,LIGHT,45,
2026-08-13,04:48,LIGHT,45,
2026-08-13,04:49,LIGHT,49,
2026-08-13,04:50,LIGHT,53,
2026-08-13,04:51,LIGHT,49,
2026-08-13,04:52,LIGHT,46,
2026-08-13,04:53,REM,44,
2026-08-13,04:54,REM,44,
2026-08-13,04:55,REM,44,
2026-08-13,04:56,REM,44,
2026-08-13,04:57,REM,44,
2026-08-13,04:58,REM,44,
2026-08-13,04:59,REM,43,
2026-08-13,05:00,REM,43,
2026-08-13,05:01,REM,44,
2026-08-13,05:02,REM,44,
2026-08-13,05:03,REM,44,
2026-08-13,05:04,REM,44,
2026-08-13,05:05,REM,46,
2026-08-13,05:06,REM,51,
2026-08-13,05:07,REM,46,
2026-08-13,05:08,REM,45,
2026-08-13,05:09,LIGHT,45,
2026-08-13,05:10,LIGHT,46,
2026-08-13,05:11,LIGHT,47,
2026-08-13,05:12,LIGHT,48,
2026-08-13,05:13,LIGHT,50,
2026-08-13,05:14,LIGHT,47,
2026-08-13,05:15,LIGHT,47,
2026-08-13,05:16,LIGHT,44,
2026-08-13,05:17,LIGHT,44,
2026-08-13,05:18,LIGHT,49,
2026-08-13,05:19,LIGHT,46,
2026-08-13,05:20,LIGHT,46,
2026-08-13,05:21,LIGHT,46,
2026-08-13,05:22,LIGHT,50,
2026-08-13,05:23,LIGHT,52,
2026-08-13,05:24,LIGHT,49,
2026-08-13,05:25,LIGHT,46,
2026-08-13,05:26,LIGHT,44,
2026-08-13,05:27,LIGHT,46,
2026-08-13,05:28,LIGHT,46,
2026-08-13,05:29,LIGHT,46,
2026-08-13,05:30,LIGHT,47,
2026-08-13,05:31,LIGHT,46,
2026-08-13,05:32,LIGHT,46,
2026-08-13,05:33,LIGHT,46,
2026-08-13,05:34,LIGHT,46,
2026-08-13,05:35,LIGHT,46,
2026-08-13,05:36,LIGHT,46,
2026-08-13,05:37,LIGHT,46,
2026-08-13,05:38,LIGHT,46,
2026-08-13,05:39,LIGHT,46,
2026-08-13,05:40,LIGHT,46,
2026-08-13,05:41,LIGHT,46,
2026-08-13,05:42,LIGHT,46,
2026-08-13,05:43,LIGHT,46,
2026-08-13,05:44,LIGHT,45,
2026-08-13,05:45,LIGHT,46,
2026-08-13,05:46,LIGHT,47,
2026-08-13,05:47,LIGHT,46,
2026-08-13,05:48,LIGHT,46,
2026-08-13,05:49,LIGHT,46,
2026-08-13,05:50,LIGHT,46,
2026-08-13,05:51,LIGHT,46,
2026-08-13,05:52,LIGHT,46,
2026-08-13,05:53,LIGHT,46,
2026-08-13,05:54,LIGHT,46,
2026-08-13,05:55,WAKE,46,
2026-08-13,05:56,WAKE,46,
2026-08-13,05:57,LIGHT,46,
2026-08-13,05:58,LIGHT,46,
2026-08-13,05:59,LIGHT,46,
2026-08-13,06:00,LIGHT,57,
2026-08-13,06:01,LIGHT,49,
2026-08-13,06:02,LIGHT,48,
2026-08-13,06:03,REM,51,
2026-08-13,06:04,REM,45,
2026-08-13,06:05,REM,43,
2026-08-13,06:06,REM,43,
2026-08-13,06:07,REM,43,
2026-08-13,06:08,REM,45,
2026-08-13,06:09,REM,43,
2026-08-13,06:10,REM,45,
2026-08-13,06:11,REM,43,
2026-08-13,06:12,REM,47,
2026-08-13,06:13,REM,44,
2026-08-13,06:14,REM,43,
2026-08-13,06:15,REM,43,
2026-08-13,06:16,REM,45,
2026-08-13,06:17,REM,45,
2026-08-13,06:18,REM,43,
2026-08-13,06:19,REM,43,
2026-08-13,06:20,REM,43,
2026-08-13,06:21,REM,43,
2026-08-13,06:22,REM,43,
2026-08-13,06:23,REM,46,
2026-08-13,06:24,REM,44,
2026-08-13,06:25,REM,46,
2026-08-13,06:26,REM,44,
2026-08-13,06:27,REM,44,
2026-08-13,06:28,LIGHT,44,
2026-08-13,06:29,LIGHT,44,
2026-08-13,06:30,LIGHT,45,
2026-08-13,06:31,WAKE,60,
2026-08-13,06:32,LIGHT,62,
2026-08-13,06:33,LIGHT,51,
2026-08-13,06:34,LIGHT,45,
2026-08-13,06:35,LIGHT,43,
2026-08-13,06:36,WAKE,42,
2026-08-13,06:37,LIGHT,50,
2026-08-13,06:38,LIGHT,44,
2026-08-13,06:39,LIGHT,42,
2026-08-13,06:40,LIGHT,41,
2026-08-13,06:41,LIGHT,41,
2026-08-13,06:42,LIGHT,43,
2026-08-13,06:43,WAKE,48,
2026-08-13,06:44,LIGHT,46,
2026-08-13,06:45,WAKE,43,
2026-08-13,06:46,WAKE,43,
2026-08-13,06:47,LIGHT,43,
2026-08-13,06:48,LIGHT,43,
2026-08-13,06:49,LIGHT,43,
2026-08-13,06:50,LIGHT,43,
2026-08-13,06:51,LIGHT,43,
2026-08-13,06:52,LIGHT,43,
2026-08-13,06:53,LIGHT,44,
2026-08-13,06:54,LIGHT,44,
2026-08-13,06:55,LIGHT,46,
2026-08-13,06:56,LIGHT,45,
2026-08-13,06:57,LIGHT,45,
2026-08-13,06:58,LIGHT,43,
2026-08-13,06:59,LIGHT,44,
2026-08-13,07:00,LIGHT,49,
2026-08-13,07:01,LIGHT,44,
2026-08-13,07:02,LIGHT,43,
2026-08-13,07:03,LIGHT,43,
2026-08-13,07:04,LIGHT,52,
2026-08-13,07:05,LIGHT,71,
2026-08-13,07:06,LIGHT,74,
2026-08-13,07:07,LIGHT,74,
2026-08-13,07:08,LIGHT,73,
2026-08-13,07:09,LIGHT,83,
2026-08-13,07:10,LIGHT,92,
2026-08-13,07:11,LIGHT,93,
2026-08-13,07:12,LIGHT,80,
2026-08-13,07:13,LIGHT,67,
2026-08-13,07:14,LIGHT,67,
2026-08-13,07:15,LIGHT,64,
2026-08-13,07:16,LIGHT,59,
2026-08-13,07:17,LIGHT,61,
2026-08-13,07:18,LIGHT,63,
2026-08-13,07:19,LIGHT,60,
2026-08-13,07:20,LIGHT,56,
2026-08-13,07:21,LIGHT,53,
2026-08-13,07:22,LIGHT,56,
2026-08-13,07:23,LIGHT,59,
2026-08-13,07:24,LIGHT,60,
2026-08-13,07:25,LIGHT,54,
2026-08-13,07:26,LIGHT,54,
2026-08-13,07:27,LIGHT,50,
2026-08-13,07:28,LIGHT,51,
2026-08-13,07:29,LIGHT,53,
2026-08-13,07:30,LIGHT,50,
2026-08-13,07:31,LIGHT,54,
2026-08-13,07:32,LIGHT,56,
2026-08-13,07:33,LIGHT,68,
2026-08-13,07:34,LIGHT,83,
2026-08-13,07:35,LIGHT,104,
2026-08-13,07:36,LIGHT,100,
2026-08-13,07:37,LIGHT,89,
2026-08-13,07:38,LIGHT,86,
2026-08-13,07:39,LIGHT,79,
2026-08-13,07:40,LIGHT,79,
2026-08-13,07:41,LIGHT,71,
2026-08-13,07:42,LIGHT,66,
2026-08-13,07:43,LIGHT,62,
2026-08-13,07:44,LIGHT,59,
2026-08-13,07:45,LIGHT,66,
2026-08-13,07:46,LIGHT,64,
2026-08-13,07:47,LIGHT,58,
2026-08-13,07:48,WAKE,58,
2026-08-13,07:49,LIGHT,55,
2026-08-13,17:02,LIGHT,47,
2026-08-13,17:03,LIGHT,47,
2026-08-13,17:04,LIGHT,47,
2026-08-13,17:05,LIGHT,47,
2026-08-13,17:06,LIGHT,48,
2026-08-13,17:07,LIGHT,48,
2026-08-13,17:08,LIGHT,48,
2026-08-13,17:09,LIGHT,48,
2026-08-13,17:10,LIGHT,48,
2026-08-13,17:11,LIGHT,48,
2026-08-13,17:12,LIGHT,48,
2026-08-13,17:13,LIGHT,50,
2026-08-13,17:14,LIGHT,46,
2026-08-13,17:15,LIGHT,47,
2026-08-13,17:16,LIGHT,46,
2026-08-13,17:17,LIGHT,46,
2026-08-13,17:18,LIGHT,47,
2026-08-13,17:19,LIGHT,47,
2026-08-14,00:10,LIGHT,48,
2026-08-14,00:11,LIGHT,49,
2026-08-14,00:12,LIGHT,48,
2026-08-14,00:13,LIGHT,50,
2026-08-14,00:14,LIGHT,48,
2026-08-14,00:15,LIGHT,49,
2026-08-14,00:16,LIGHT,47,
2026-08-14,00:17,LIGHT,47,
2026-08-14,00:18,LIGHT,47,
2026-08-14,00:19,LIGHT,46,
2026-08-14,00:20,LIGHT,46,
2026-08-14,00:21,LIGHT,50,
2026-08-14,00:22,LIGHT,47,
2026-08-14,00:23,LIGHT,44,
2026-08-14,00:24,LIGHT,44,
2026-08-14,00:25,LIGHT,44,
2026-08-14,00:26,DEEP,46,
2026-08-14,00:27,DEEP,46,
2026-08-14,00:28,DEEP,46,
2026-08-14,00:29,DEEP,46,
2026-08-14,00:30,DEEP,50,
2026-08-14,00:31,DEEP,45,
2026-08-14,00:32,DEEP,46,
2026-08-14,00:33,DEEP,47,
2026-08-14,00:34,DEEP,47,
2026-08-14,00:35,DEEP,47,
2026-08-14,00:36,DEEP,45,
2026-08-14,00:37,DEEP,45,
2026-08-14,00:38,DEEP,47,
2026-08-14,00:39,DEEP,47,
2026-08-14,00:40,DEEP,45,
2026-08-14,00:41,DEEP,45,
2026-08-14,00:42,DEEP,45,
2026-08-14,00:43,DEEP,48,
2026-08-14,00:44,DEEP,47,
2026-08-14,00:45,LIGHT,44,
2026-08-14,00:46,LIGHT,45,
2026-08-14,00:47,LIGHT,45,
2026-08-14,00:48,LIGHT,44,
2026-08-14,00:49,LIGHT,71,
2026-08-14,00:50,LIGHT,90,
2026-08-14,00:51,LIGHT,81,
2026-08-14,00:52,LIGHT,55,
2026-08-14,00:53,DEEP,49,
2026-08-14,00:54,DEEP,45,
2026-08-14,00:55,DEEP,45,
2026-08-14,00:56,DEEP,45,
2026-08-14,00:57,DEEP,45,
2026-08-14,00:58,LIGHT,45,
2026-08-14,00:59,LIGHT,45,
2026-08-14,01:00,LIGHT,45,
2026-08-14,01:01,LIGHT,45,
2026-08-14,01:02,LIGHT,45,
2026-08-14,01:03,DEEP,45,
2026-08-14,01:04,DEEP,44,
2026-08-14,01:05,DEEP,44,
2026-08-14,01:06,DEEP,45,
2026-08-14,01:07,DEEP,45,
2026-08-14,01:08,DEEP,45,
2026-08-14,01:09,DEEP,45,
2026-08-14,01:10,DEEP,45,
2026-08-14,01:11,DEEP,45,
2026-08-14,01:12,DEEP,44,
2026-08-14,01:13,DEEP,44,
2026-08-14,01:14,DEEP,45,
2026-08-14,01:15,DEEP,45,
2026-08-14,01:16,DEEP,45,
2026-08-14,01:17,DEEP,45,
2026-08-14,01:18,DEEP,45,
2026-08-14,01:19,DEEP,45,
2026-08-14,01:20,DEEP,44,
2026-08-14,01:21,DEEP,44,
2026-08-14,01:22,LIGHT,44,
2026-08-14,01:23,LIGHT,44,
2026-08-14,01:24,LIGHT,43,
2026-08-14,01:25,WAKE,44,
2026-08-14,01:26,LIGHT,44,
2026-08-14,01:27,LIGHT,44,
2026-08-14,01:28,LIGHT,44,
2026-08-14,01:29,REM,44,
2026-08-14,01:30,REM,45,
2026-08-14,01:31,REM,50,
2026-08-14,01:32,REM,44,
2026-08-14,01:33,REM,42,
2026-08-14,01:34,REM,42,
2026-08-14,01:35,REM,44,
2026-08-14,01:36,REM,44,
2026-08-14,01:37,REM,43,
2026-08-14,01:38,REM,44,
2026-08-14,01:39,REM,48,
2026-08-14,01:40,REM,46,
2026-08-14,01:41,REM,43,
2026-08-14,01:42,REM,42,
2026-08-14,01:43,REM,42,
2026-08-14,01:44,REM,43,
2026-08-14,01:45,REM,43,
2026-08-14,01:46,REM,43,
2026-08-14,01:47,REM,43,
2026-08-14,01:48,REM,43,
2026-08-14,01:49,REM,43,
2026-08-14,01:50,LIGHT,43,
2026-08-14,01:51,LIGHT,43,
2026-08-14,01:52,LIGHT,43,
2026-08-14,01:53,LIGHT,43,
2026-08-14,01:54,LIGHT,43,
2026-08-14,01:55,LIGHT,45,
2026-08-14,01:56,LIGHT,49,
2026-08-14,01:57,LIGHT,45,
2026-08-14,01:58,LIGHT,43,
2026-08-14,01:59,LIGHT,43,
2026-08-14,02:00,LIGHT,43,
2026-08-14,02:01,LIGHT,43,
2026-08-14,02:02,LIGHT,44,
2026-08-14,02:03,LIGHT,50,
2026-08-14,02:04,LIGHT,46,
2026-08-14,02:05,WAKE,45,
2026-08-14,02:06,LIGHT,47,
2026-08-14,02:07,LIGHT,48,
2026-08-14,02:08,LIGHT,46,
2026-08-14,02:09,LIGHT,46,
2026-08-14,02:10,LIGHT,51,
2026-08-14,02:11,LIGHT,44,
2026-08-14,02:12,LIGHT,44,
2026-08-14,02:13,LIGHT,46,
2026-08-14,02:14,LIGHT,46,
2026-08-14,02:15,LIGHT,43,
2026-08-14,02:16,LIGHT,43,
2026-08-14,02:17,LIGHT,40,
2026-08-14,02:18,LIGHT,42,
2026-08-14,02:19,LIGHT,42,
2026-08-14,02:20,LIGHT,44,
2026-08-14,02:21,LIGHT,44,
2026-08-14,02:22,LIGHT,43,
2026-08-14,02:23,LIGHT,44,
2026-08-14,02:24,LIGHT,44,
2026-08-14,02:25,LIGHT,42,
2026-08-14,02:26,LIGHT,42,
2026-08-14,02:27,LIGHT,42,
2026-08-14,02:28,LIGHT,43,
2026-08-14,02:29,LIGHT,43,
2026-08-14,02:30,LIGHT,43,
2026-08-14,02:31,LIGHT,43,
2026-08-14,02:32,LIGHT,48,
2026-08-14,02:33,LIGHT,45,
2026-08-14,02:34,LIGHT,43,
2026-08-14,02:35,LIGHT,41,
2026-08-14,02:36,LIGHT,42,
2026-08-14,02:37,LIGHT,43,
2026-08-14,02:38,LIGHT,44,
2026-08-14,02:39,LIGHT,46,
2026-08-14,02:40,LIGHT,42,
2026-08-14,02:41,REM,42,
2026-08-14,02:42,REM,42,
2026-08-14,02:43,REM,44,
2026-08-14,02:44,REM,45,
2026-08-14,02:45,REM,46,
2026-08-14,02:46,REM,45,
2026-08-14,02:47,REM,45,
2026-08-14,02:48,REM,42,
2026-08-14,02:49,REM,42,
2026-08-14,02:50,REM,42,
2026-08-14,02:51,REM,42,
2026-08-14,02:52,REM,44,
2026-08-14,02:53,REM,43,
2026-08-14,02:54,REM,43,
2026-08-14,02:55,REM,43,
2026-08-14,02:56,REM,41,
2026-08-14,02:57,REM,42,
2026-08-14,02:58,LIGHT,42,
2026-08-14,02:59,LIGHT,43,
2026-08-14,03:00,LIGHT,42,
2026-08-14,03:01,LIGHT,42,
2026-08-14,03:02,LIGHT,42,
2026-08-14,03:03,LIGHT,42,
2026-08-14,03:04,LIGHT,42,
2026-08-14,03:05,LIGHT,42,
2026-08-14,03:06,DEEP,42,
2026-08-14,03:07,DEEP,44,
2026-08-14,03:08,DEEP,41,
2026-08-14,03:09,LIGHT,40,
2026-08-14,03:10,LIGHT,40,
2026-08-14,03:11,LIGHT,41,
2026-08-14,03:12,WAKE,41,
2026-08-14,03:13,WAKE,41,
2026-08-14,03:14,WAKE,42,
2026-08-14,03:15,WAKE,42,
2026-08-14,03:16,WAKE,42,
2026-08-14,03:17,WAKE,42,
2026-08-14,03:18,LIGHT,42,
2026-08-14,03:19,WAKE,42,
2026-08-14,03:20,LIGHT,42,
2026-08-14,03:21,LIGHT,41,
2026-08-14,03:22,LIGHT,42,
2026-08-14,03:23,LIGHT,42,
2026-08-14,03:24,LIGHT,42,
2026-08-14,03:25,LIGHT,42,
2026-08-14,03:26,LIGHT,42,
2026-08-14,03:27,LIGHT,42,
2026-08-14,03:28,LIGHT,42,
2026-08-14,03:29,LIGHT,42,
2026-08-14,03:30,LIGHT,42,
2026-08-14,03:31,LIGHT,42,
2026-08-14,03:32,LIGHT,42,
2026-08-14,03:33,LIGHT,42,
2026-08-14,03:34,LIGHT,42,
2026-08-14,03:35,LIGHT,42,
2026-08-14,03:36,LIGHT,42,
2026-08-14,03:37,LIGHT,42,
2026-08-14,03:38,LIGHT,47,
2026-08-14,03:39,LIGHT,50,
2026-08-14,03:40,LIGHT,53,
2026-08-14,03:41,LIGHT,49,
2026-08-14,03:42,LIGHT,44,
2026-08-14,03:43,LIGHT,42,
2026-08-14,03:44,LIGHT,42,
2026-08-14,03:45,LIGHT,43,
2026-08-14,03:46,LIGHT,42,
2026-08-14,03:47,LIGHT,42,
2026-08-14,03:48,LIGHT,41,
2026-08-14,03:49,LIGHT,42,
2026-08-14,03:50,LIGHT,43,
2026-08-14,03:51,LIGHT,50,
2026-08-14,03:52,LIGHT,51,
2026-08-14,03:53,LIGHT,46,
2026-08-14,03:54,LIGHT,51,
2026-08-14,03:55,LIGHT,52,
2026-08-14,03:56,LIGHT,47,
2026-08-14,03:57,DEEP,45,
2026-08-14,03:58,DEEP,44,
2026-08-14,03:59,DEEP,55,
2026-08-14,04:00,DEEP,66,
2026-08-14,04:01,DEEP,65,
2026-08-14,04:02,DEEP,69,
2026-08-14,04:03,DEEP,70,
2026-08-14,04:04,DEEP,67,
2026-08-14,04:05,DEEP,61,
2026-08-14,04:06,DEEP,53,
2026-08-14,04:07,DEEP,45,
2026-08-14,04:08,DEEP,44,
2026-08-14,04:09,DEEP,43,
2026-08-14,04:10,DEEP,42,
2026-08-14,04:11,DEEP,42,
2026-08-14,04:12,LIGHT,42,
2026-08-14,04:13,LIGHT,42,
2026-08-14,04:14,LIGHT,49,
2026-08-14,04:15,LIGHT,46,
2026-08-14,04:16,LIGHT,51,
2026-08-14,04:17,LIGHT,45,
2026-08-14,04:18,LIGHT,43,
2026-08-14,04:19,LIGHT,42,
2026-08-14,04:20,LIGHT,42,
2026-08-14,04:21,LIGHT,42,
2026-08-14,04:22,DEEP,44,
2026-08-14,04:23,DEEP,42,
2026-08-14,04:24,DEEP,44,
2026-08-14,04:25,DEEP,44,
2026-08-14,04:26,DEEP,43,
2026-08-14,04:27,DEEP,43,
2026-08-14,04:28,DEEP,43,
2026-08-14,04:29,DEEP,50,
2026-08-14,04:30,DEEP,47,
2026-08-14,04:31,DEEP,45,
2026-08-14,04:32,LIGHT,45,
2026-08-14,04:33,LIGHT,45,
2026-08-14,04:34,LIGHT,44,
2026-08-14,04:35,LIGHT,44,
2026-08-14,04:36,LIGHT,44,
2026-08-14,04:37,LIGHT,44,
2026-08-14,04:38,LIGHT,44,
2026-08-14,04:39,LIGHT,44,
2026-08-14,04:40,LIGHT,43,
2026-08-14,04:41,LIGHT,43,
2026-08-14,04:42,LIGHT,46,
2026-08-14,04:43,LIGHT,43,
2026-08-14,04:44,LIGHT,43,
2026-08-14,04:45,LIGHT,41,
2026-08-14,04:46,LIGHT,41,
2026-08-14,04:47,LIGHT,43,
2026-08-14,04:48,LIGHT,47,
2026-08-14,04:49,LIGHT,45,
2026-08-14,04:50,LIGHT,45,
2026-08-14,04:51,LIGHT,42,
2026-08-14,04:52,LIGHT,42,
2026-08-14,04:53,LIGHT,42,
2026-08-14,04:54,LIGHT,51,
2026-08-14,04:55,LIGHT,67,
2026-08-14,04:56,LIGHT,73,
2026-08-14,04:57,LIGHT,57,
2026-08-14,04:58,REM,47,
2026-08-14,04:59,REM,44,
2026-08-14,05:00,REM,43,
2026-08-14,05:01,REM,43,
2026-08-14,05:02,REM,41,
2026-08-14,05:03,REM,41,
2026-08-14,05:04,REM,41,
2026-08-14,05:05,REM,41,
2026-08-14,05:06,REM,42,
2026-08-14,05:07,REM,42,
2026-08-14,05:08,REM,42,
2026-08-14,05:09,REM,42,
2026-08-14,05:10,REM,44,
2026-08-14,05:11,REM,43,
2026-08-14,05:12,REM,43,
2026-08-14,05:13,REM,43,
2026-08-14,05:14,REM,43,
2026-08-14,05:15,REM,43,
2026-08-14,05:16,REM,43,
2026-08-14,05:17,REM,44,
2026-08-14,05:18,REM,44,
2026-08-14,05:19,REM,44,
2026-08-14,05:20,REM,44,
2026-08-14,05:21,REM,44,
2026-08-14,05:22,REM,48,
2026-08-14,05:23,REM,45,
2026-08-14,05:24,REM,43,
2026-08-14,05:25,REM,42,
2026-08-14,05:26,REM,42,
2026-08-14,05:27,REM,42,
2026-08-14,05:28,REM,43,
2026-08-14,05:29,REM,43,
2026-08-14,05:30,REM,43,
2026-08-14,05:31,LIGHT,43,
2026-08-14,05:32,LIGHT,43,
2026-08-14,05:33,LIGHT,43,
2026-08-14,05:34,LIGHT,42,
2026-08-14,05:35,LIGHT,42,
2026-08-14,05:36,LIGHT,42,
2026-08-14,05:37,LIGHT,42,
2026-08-14,05:38,LIGHT,42,
2026-08-14,05:39,LIGHT,42,
2026-08-14,05:40,LIGHT,42,
2026-08-14,05:41,LIGHT,42,
2026-08-14,05:42,LIGHT,43,
2026-08-14,05:43,LIGHT,43,
2026-08-14,05:44,LIGHT,48,
2026-08-14,05:45,LIGHT,44,
2026-08-14,05:46,LIGHT,44,
2026-08-14,05:47,LIGHT,45,
2026-08-14,05:48,LIGHT,43,
2026-08-14,05:49,LIGHT,43,
2026-08-14,05:50,LIGHT,43,
2026-08-14,05:51,LIGHT,50,
2026-08-14,05:52,LIGHT,44,
2026-08-14,05:53,LIGHT,43,
2026-08-14,05:54,LIGHT,43,
2026-08-14,05:55,LIGHT,42,
2026-08-14,05:56,LIGHT,44,
2026-08-14,05:57,LIGHT,46,
2026-08-14,05:58,LIGHT,46,
2026-08-14,05:59,LIGHT,51,
2026-08-14,06:00,LIGHT,51,
2026-08-14,06:01,WAKE,45,
2026-08-14,06:02,LIGHT,44,
2026-08-14,06:03,LIGHT,46,
2026-08-14,06:04,WAKE,43,
2026-08-14,06:05,LIGHT,43,
2026-08-14,06:06,LIGHT,48,
2026-08-14,06:07,LIGHT,43,
2026-08-14,06:08,LIGHT,47,
2026-08-14,06:09,LIGHT,46,
2026-08-14,06:10,LIGHT,45,
2026-08-14,06:11,LIGHT,46,
2026-08-14,06:12,LIGHT,43,
2026-08-14,06:13,LIGHT,42,
2026-08-14,06:14,LIGHT,42,
2026-08-14,06:15,LIGHT,42,
2026-08-14,06:16,LIGHT,41,
2026-08-14,06:17,LIGHT,45,
2026-08-14,06:18,LIGHT,45,
2026-08-14,06:19,LIGHT,44,
2026-08-14,06:20,LIGHT,44,
2026-08-14,06:21,LIGHT,44,
2026-08-14,06:22,LIGHT,46,
2026-08-14,06:23,LIGHT,45,
2026-08-14,06:24,LIGHT,44,
2026-08-14,06:25,LIGHT,47,
2026-08-14,06:26,LIGHT,44,
2026-08-14,06:27,LIGHT,44,
2026-08-14,06:28,LIGHT,43,
2026-08-14,06:29,LIGHT,46,
2026-08-14,06:30,LIGHT,49,
2026-08-14,06:31,LIGHT,44,
2026-08-14,06:32,WAKE,42,
2026-08-14,06:33,WAKE,41,
2026-08-14,06:34,LIGHT,45,
2026-08-14,06:35,LIGHT,42,
2026-08-14,06:36,LIGHT,41,
2026-08-14,06:37,LIGHT,41,
2026-08-14,06:38,LIGHT,43,
2026-08-14,06:39,LIGHT,45,
2026-08-14,06:40,LIGHT,42,
2026-08-14,06:41,LIGHT,41,
2026-08-14,06:42,LIGHT,42,
2026-08-14,06:43,LIGHT,45,
2026-08-14,06:44,LIGHT,42,
2026-08-14,06:45,LIGHT,43,
2026-08-14,06:46,LIGHT,43,
2026-08-14,06:47,LIGHT,43,
2026-08-14,06:48,LIGHT,47,
2026-08-14,06:49,LIGHT,49,
2026-08-14,06:50,LIGHT,46,
2026-08-14,06:51,LIGHT,49,
2026-08-14,06:52,LIGHT,46,
2026-08-14,06:53,LIGHT,45,
2026-08-14,06:54,LIGHT,42,
2026-08-14,06:55,LIGHT,42,
2026-08-14,06:56,LIGHT,42,
2026-08-14,06:57,LIGHT,42,
2026-08-14,06:58,LIGHT,41,
2026-08-14,06:59,LIGHT,48,
2026-08-14,07:00,LIGHT,65,
2026-08-14,07:01,LIGHT,70,
2026-08-14,07:02,LIGHT,80,
2026-08-14,07:03,LIGHT,80,
2026-08-14,14:46,LIGHT,78,
2026-08-14,14:47,LIGHT,80,
2026-08-14,14:48,LIGHT,73,
2026-08-14,14:49,LIGHT,75,
2026-08-14,14:50,LIGHT,80,
2026-08-14,14:51,LIGHT,72,
2026-08-14,14:52,LIGHT,73,
2026-08-14,14:53,LIGHT,75,
2026-08-14,14:54,LIGHT,73,
2026-08-14,14:55,LIGHT,73,
2026-08-14,14:56,LIGHT,86,
2026-08-14,14:57,LIGHT,73,
2026-08-14,14:58,LIGHT,70,
2026-08-14,14:59,LIGHT,80,
2026-08-14,15:00,LIGHT,86,
2026-08-14,15:01,DEEP,75,
2026-08-14,15:02,DEEP,69,
2026-08-14,15:03,DEEP,74,
2026-08-14,15:04,DEEP,84,
2026-08-14,15:05,DEEP,86,
2026-08-14,15:06,DEEP,93,
2026-08-14,15:07,DEEP,92,
2026-08-14,15:08,DEEP,95,
2026-08-14,15:09,DEEP,107,
2026-08-14,15:10,DEEP,101,
2026-08-14,15:11,DEEP,95,
2026-08-14,15:12,DEEP,99,
2026-08-14,15:13,DEEP,91,
2026-08-14,15:14,DEEP,92,
2026-08-14,15:15,DEEP,92,
2026-08-14,15:16,DEEP,94,
2026-08-14,15:17,DEEP,94,
2026-08-14,15:18,DEEP,97,
2026-08-14,15:19,DEEP,94,
2026-08-14,15:20,DEEP,95,
2026-08-14,15:21,LIGHT,96,
2026-08-14,15:22,LIGHT,88,
2026-08-14,15:23,LIGHT,81,
2026-08-14,15:24,WAKE,91,
2026-08-14,15:25,WAKE,96,
2026-08-14,15:26,LIGHT,96,
2026-08-14,15:27,LIGHT,95,
2026-08-14,15:28,LIGHT,97,
2026-08-14,15:29,LIGHT,97,
2026-08-14,15:30,LIGHT,89,
2026-08-14,15:31,LIGHT,84,
2026-08-14,15:32,LIGHT,84,
2026-08-14,15:33,LIGHT,82,
2026-08-14,15:34,LIGHT,81,
2026-08-14,15:35,LIGHT,83,
2026-08-14,15:36,LIGHT,83,
2026-08-14,15:37,LIGHT,83,
2026-08-14,15:38,LIGHT,85,
2026-08-14,15:39,LIGHT,84,
2026-08-14,15:40,LIGHT,84,
2026-08-14,15:41,REM,82,
2026-08-14,15:42,REM,82,
2026-08-14,15:43,REM,83,
2026-08-14,15:44,REM,84,
2026-08-14,15:45,REM,81,
2026-08-14,15:46,REM,82,
2026-08-14,15:47,REM,84,
2026-08-14,15:48,REM,84,
2026-08-14,15:49,REM,85,
2026-08-14,15:50,REM,83,
2026-08-14,15:51,REM,83,
2026-08-14,15:52,REM,83,
2026-08-14,15:53,REM,84,
2026-08-14,15:54,REM,81,
2026-08-14,15:55,REM,83,
2026-08-14,15:56,REM,83,
2026-08-14,15:57,REM,85,
2026-08-14,15:58,REM,95,
2026-08-14,15:59,REM,100,
2026-08-14,16:00,REM,104,
2026-08-14,16:01,REM,92,
2026-08-14,16:02,REM,97,
2026-08-14,16:03,REM,90,
2026-08-14,16:04,REM,90,
2026-08-14,16:05,REM,87,
2026-08-14,16:06,REM,89,
2026-08-14,16:07,REM,91,
2026-08-14,16:08,REM,93,
2026-08-14,16:09,REM,82,
2026-08-14,16:10,REM,84,
2026-08-14,16:11,REM,89,
2026-08-14,16:12,LIGHT,82,
2026-08-14,16:13,LIGHT,84,
2026-08-14,16:14,LIGHT,79,
2026-08-14,16:15,LIGHT,83,
2026-08-14,16:16,LIGHT,81,
2026-08-14,16:17,LIGHT,83,
2026-08-14,16:18,LIGHT,89,
2026-08-14,16:19,LIGHT,89,
2026-08-14,16:20,LIGHT,89,
2026-08-14,16:21,LIGHT,84,
2026-08-14,16:22,LIGHT,78,
2026-08-14,16:23,LIGHT,71,
2026-08-14,16:24,LIGHT,72,
2026-08-14,16:25,LIGHT,69,
2026-08-14,16:26,LIGHT,66,
2026-08-14,16:27,LIGHT,66,
2026-08-14,16:28,LIGHT,66,
2026-08-14,16:29,LIGHT,67,
2026-08-14,16:30,LIGHT,67,
2026-08-14,16:31,LIGHT,71,
2026-08-14,16:32,LIGHT,71,
2026-08-14,16:33,LIGHT,71,
2026-08-14,16:34,LIGHT,71,
2026-08-14,16:35,LIGHT,68,
2026-08-14,16:36,LIGHT,69,
2026-08-14,16:37,LIGHT,71,
2026-08-14,16:38,LIGHT,90,
2026-08-14,16:39,LIGHT,95,
2026-08-14,16:40,LIGHT,100,
2026-08-14,16:41,LIGHT,107,
2026-08-14,16:42,LIGHT,112,
2026-08-14,16:43,LIGHT,103,
2026-08-14,16:44,LIGHT,96,
2026-08-14,16:45,LIGHT,98,
2026-08-14,16:46,LIGHT,91,
2026-08-14,16:47,LIGHT,91,
2026-08-14,16:48,LIGHT,89,
2026-08-14,16:49,LIGHT,90,
2026-08-14,16:50,LIGHT,84,
2026-08-14,16:51,LIGHT,84,
2026-08-14,16:52,LIGHT,84,
2026-08-14,16:53,LIGHT,82,
2026-08-14,16:54,LIGHT,82,
2026-08-14,16:55,LIGHT,79,
2026-08-14,16:56,DEEP,81,
2026-08-14,16:57,DEEP,91,
2026-08-14,16:58,DEEP,96,
2026-08-14,16:59,DEEP,90,
2026-08-14,17:00,DEEP,84,
2026-08-14,17:01,DEEP,76,
2026-08-14,17:02,DEEP,73,
2026-08-14,17:03,DEEP,80,
2026-08-14,17:04,DEEP,90,
2026-08-14,17:05,DEEP,92,
2026-08-14,17:06,DEEP,92,
2026-08-14,17:07,DEEP,96,
2026-08-14,17:08,DEEP,93,
2026-08-14,17:09,DEEP,88,
2026-08-14,17:10,DEEP,94,
2026-08-14,17:11,DEEP,104,
2026-08-14,17:12,LIGHT,134,
2026-08-14,17:13,LIGHT,155,
2026-08-14,17:14,LIGHT,162,
2026-08-14,17:15,LIGHT,162,
2026-08-14,17:16,LIGHT,163,
2026-08-14,17:17,LIGHT,161,
2026-08-14,17:18,LIGHT,152,
2026-08-14,17:19,LIGHT,157,
2026-08-14,17:20,LIGHT,156,
2026-08-14,17:21,LIGHT,147,
2026-08-14,17:22,LIGHT,152,
2026-08-14,17:23,LIGHT,165,
2026-08-14,17:24,LIGHT,155,
2026-08-14,17:25,LIGHT,149,
2026-08-14,17:26,LIGHT,162,
2026-08-14,17:27,LIGHT,166,
2026-08-14,17:28,LIGHT,160,
2026-08-14,17:29,LIGHT,160,
2026-08-14,17:30,LIGHT,161,
2026-08-14,17:31,LIGHT,163,
2026-08-14,17:32,LIGHT,160,
2026-08-14,17:33,LIGHT,167,
2026-08-14,17:34,LIGHT,164,
2026-08-14,17:35,LIGHT,160,
2026-08-14,17:36,LIGHT,163,
2026-08-14,17:37,REM,160,
2026-08-14,17:38,REM,168,
2026-08-14,17:39,REM,168,
2026-08-14,17:40,REM,164,
2026-08-14,17:41,REM,164,
2026-08-14,17:42,REM,165,
2026-08-14,17:43,REM,163,
2026-08-14,17:44,REM,156,
2026-08-14,17:45,REM,150,
2026-08-14,17:46,LIGHT,155,
2026-08-14,17:47,LIGHT,156,
2026-08-14,17:48,LIGHT,150,
2026-08-14,17:49,LIGHT,149,
2026-08-14,17:50,LIGHT,153,
2026-08-15,00:58,LIGHT,53,
2026-08-15,00:59,LIGHT,52,
2026-08-15,01:00,LIGHT,53,
2026-08-15,01:01,LIGHT,53,
2026-08-15,01:02,LIGHT,53,
2026-08-15,01:03,LIGHT,54,
2026-08-15,01:04,LIGHT,56,
2026-08-15,01:05,LIGHT,53,
2026-08-15,01:06,LIGHT,53,
2026-08-15,01:07,LIGHT,53,
2026-08-15,01:08,LIGHT,54,
2026-08-15,01:09,LIGHT,58,
2026-08-15,01:10,LIGHT,60,
2026-08-15,01:11,LIGHT,56,
2026-08-15,01:12,DEEP,55,
2026-08-15,01:13,DEEP,50,
2026-08-15,01:14,DEEP,49,
2026-08-15,01:15,DEEP,48,
2026-08-15,01:16,DEEP,50,
2026-08-15,01:17,DEEP,52,
2026-08-15,01:18,DEEP,54,
2026-08-15,01:19,DEEP,57,
2026-08-15,01:20,DEEP,54,
2026-08-15,01:21,DEEP,53,
2026-08-15,01:22,DEEP,52,
2026-08-15,01:23,DEEP,52,
2026-08-15,01:24,DEEP,54,
2026-08-15,01:25,DEEP,55,
2026-08-15,01:26,DEEP,53,
2026-08-15,01:27,DEEP,55,
2026-08-15,01:28,DEEP,57,
2026-08-15,01:29,DEEP,54,
2026-08-15,01:30,DEEP,56,
2026-08-15,01:31,DEEP,58,
2026-08-15,01:32,LIGHT,57,
2026-08-15,01:33,LIGHT,54,
2026-08-15,01:34,LIGHT,54,
2026-08-15,01:35,LIGHT,55,
2026-08-15,01:36,LIGHT,54,
2026-08-15,01:37,LIGHT,54,
2026-08-15,01:38,LIGHT,55,
2026-08-15,01:39,LIGHT,55,
2026-08-15,01:40,LIGHT,62,
2026-08-15,01:41,LIGHT,61,
2026-08-15,01:42,LIGHT,56,
2026-08-15,01:43,LIGHT,56,
2026-08-15,01:44,LIGHT,55,
2026-08-15,01:45,LIGHT,54,
2026-08-15,01:46,LIGHT,54,
2026-08-15,01:47,LIGHT,55,
2026-08-15,01:48,DEEP,55,
2026-08-15,01:49,DEEP,55,
2026-08-15,01:50,DEEP,55,
2026-08-15,01:51,DEEP,55,
2026-08-15,01:52,DEEP,55,
2026-08-15,01:53,DEEP,55,
2026-08-15,01:54,LIGHT,55,
2026-08-15,01:55,LIGHT,55,
2026-08-15,01:56,LIGHT,55,
2026-08-15,01:57,LIGHT,55,
2026-08-15,01:58,LIGHT,55,
2026-08-15,01:59,LIGHT,55,
2026-08-15,02:00,LIGHT,55,
2026-08-15,02:01,LIGHT,57,
2026-08-15,02:02,LIGHT,58,
2026-08-15,02:03,LIGHT,57,
2026-08-15,02:04,LIGHT,56,
2026-08-15,02:05,LIGHT,55,
2026-08-15,02:06,LIGHT,55,
2026-08-15,02:07,LIGHT,55,
2026-08-15,02:08,LIGHT,55,
2026-08-15,02:09,LIGHT,55,
2026-08-15,02:10,REM,55,
2026-08-15,02:11,REM,55,
2026-08-15,02:12,REM,55,
2026-08-15,02:13,REM,55,
2026-08-15,02:14,REM,55,
2026-08-15,02:15,REM,55,
2026-08-15,02:16,REM,55,
2026-08-15,02:17,REM,66,
2026-08-15,02:18,REM,67,
2026-08-15,02:19,REM,56,
2026-08-15,02:20,REM,56,
2026-08-15,02:21,REM,53,
2026-08-15,02:22,REM,53,
2026-08-15,02:23,REM,53,
2026-08-15,02:24,REM,53,
2026-08-15,02:25,REM,53,
2026-08-15,02:26,REM,53,
2026-08-15,02:27,REM,53,
2026-08-15,02:28,REM,55,
2026-08-15,02:29,REM,62,
2026-08-15,02:30,REM,62,
2026-08-15,02:31,REM,58,
2026-08-15,02:32,REM,57,
2026-08-15,02:33,REM,54,
2026-08-15,02:34,REM,53,
2026-08-15,02:35,REM,52,
2026-08-15,02:36,REM,60,
2026-08-15,02:37,REM,55,
2026-08-15,02:38,REM,55,
2026-08-15,02:39,REM,63,
2026-08-15,02:40,REM,59,
2026-08-15,02:41,REM,59,
2026-08-15,02:42,REM,61,
2026-08-15,02:43,REM,57,
2026-08-15,02:44,REM,57,
2026-08-15,02:45,REM,57,
2026-08-15,02:46,REM,57,
2026-08-15,02:47,REM,61,
2026-08-15,02:48,REM,61,
2026-08-15,02:49,REM,56,
2026-08-15,02:50,REM,57,
2026-08-15,02:51,REM,57,
2026-08-15,02:52,REM,57,
2026-08-15,02:53,REM,61,
2026-08-15,02:54,REM,61,
2026-08-15,02:55,REM,59,
2026-08-15,02:56,REM,63,
2026-08-15,02:57,REM,57,
2026-08-15,02:58,REM,56,
2026-08-15,02:59,REM,55,
2026-08-15,03:00,REM,55,
2026-08-15,03:01,REM,55,
2026-08-15,03:02,REM,55,
2026-08-15,03:03,REM,55,
2026-08-15,03:04,LIGHT,55,
2026-08-15,03:05,LIGHT,55,
2026-08-15,03:06,LIGHT,55,
2026-08-15,03:07,LIGHT,55,
2026-08-15,03:08,LIGHT,58,
2026-08-15,03:09,LIGHT,58,
2026-08-15,03:10,LIGHT,60,
2026-08-15,03:11,LIGHT,58,
2026-08-15,03:12,LIGHT,57,
2026-08-15,03:13,LIGHT,57,
2026-08-15,03:14,LIGHT,60,
2026-08-15,03:15,LIGHT,66,
2026-08-15,03:16,LIGHT,63,
2026-08-15,03:17,LIGHT,60,
2026-08-15,03:18,LIGHT,54,
2026-08-15,03:19,LIGHT,53,
2026-08-15,03:20,LIGHT,53,
2026-08-15,03:21,LIGHT,53,
2026-08-15,03:22,LIGHT,54,
2026-08-15,03:23,LIGHT,55,
2026-08-15,03:24,DEEP,54,
2026-08-15,03:25,DEEP,53,
2026-08-15,03:26,DEEP,53,
2026-08-15,03:27,DEEP,54,
2026-08-15,03:28,DEEP,53,
2026-08-15,03:29,DEEP,54,
2026-08-15,03:30,DEEP,54,
2026-08-15,03:31,DEEP,54,
2026-08-15,03:32,DEEP,54,
2026-08-15,03:33,DEEP,54,
2026-08-15,03:34,DEEP,56,
2026-08-15,03:35,DEEP,56,
2026-08-15,03:36,DEEP,55,
2026-08-15,03:37,DEEP,55,
2026-08-15,03:38,DEEP,56,
2026-08-15,03:39,DEEP,55,
2026-08-15,03:40,LIGHT,57,
2026-08-15,03:41,LIGHT,64,
2026-08-15,03:42,LIGHT,66,
2026-08-15,03:43,LIGHT,61,
2026-08-15,03:44,LIGHT,58,
2026-08-15,03:45,LIGHT,55,
2026-08-15,03:46,LIGHT,54,
2026-08-15,03:47,LIGHT,52,
2026-08-15,03:48,LIGHT,56,
2026-08-15,03:49,LIGHT,56,
2026-08-15,03:50,LIGHT,56,
2026-08-15,03:51,LIGHT,55,
2026-08-15,03:52,LIGHT,55,
2026-08-15,03:53,WAKE,58,
2026-08-15,03:54,LIGHT,58,
2026-08-15,03:55,LIGHT,56,
2026-08-15,03:56,LIGHT,56,
2026-08-15,03:57,LIGHT,56,
2026-08-15,03:58,LIGHT,56,
2026-08-15,03:59,LIGHT,58,
2026-08-15,04:00,LIGHT,57,
2026-08-15,04:01,LIGHT,57,
2026-08-15,04:02,REM,56,
2026-08-15,04:03,REM,56,
2026-08-15,04:04,REM,58,
2026-08-15,04:05,REM,63,
2026-08-15,04:06,REM,57,
2026-08-15,04:07,REM,62,
2026-08-15,04:08,REM,62,
2026-08-15,04:09,REM,64,
2026-08-15,04:10,REM,59,
2026-08-15,04:11,LIGHT,60,
2026-08-15,04:12,LIGHT,56,
2026-08-15,04:13,LIGHT,53,
2026-08-15,04:14,LIGHT,54,
2026-08-15,04:15,LIGHT,54,
2026-08-15,04:16,LIGHT,61,
2026-08-15,04:17,LIGHT,57,
2026-08-15,04:18,LIGHT,54,
2026-08-15,04:19,LIGHT,56,
2026-08-15,04:20,LIGHT,61,
2026-08-15,04:21,LIGHT,58,
2026-08-15,04:22,LIGHT,60,
2026-08-15,04:23,LIGHT,56,
2026-08-15,04:24,LIGHT,61,
2026-08-15,04:25,LIGHT,58,
2026-08-15,04:26,LIGHT,56,
2026-08-15,04:27,LIGHT,57,
2026-08-15,04:28,LIGHT,57,
2026-08-15,04:29,LIGHT,62,
2026-08-15,04:30,LIGHT,58,
2026-08-15,04:31,LIGHT,55,
2026-08-15,04:32,LIGHT,61,
2026-08-15,04:33,LIGHT,78,
2026-08-15,04:34,LIGHT,87,
2026-08-15,04:35,LIGHT,96,
2026-08-15,04:36,LIGHT,87,
2026-08-15,04:37,LIGHT,76,
2026-08-15,04:38,REM,60,
2026-08-15,04:39,REM,53,
2026-08-15,04:40,REM,52,
2026-08-15,04:41,REM,53,
2026-08-15,04:42,REM,53,
2026-08-15,04:43,REM,53,
2026-08-15,04:44,REM,51,
2026-08-15,04:45,REM,51,
2026-08-15,04:46,REM,51,
2026-08-15,04:47,REM,51,
2026-08-15,04:48,REM,55,
2026-08-15,04:49,REM,52,
2026-08-15,04:50,REM,60,
2026-08-15,04:51,REM,55,
2026-08-15,04:52,LIGHT,53,
2026-08-15,04:53,LIGHT,52,
2026-08-15,04:54,LIGHT,59,
2026-08-15,04:55,WAKE,53,
2026-08-15,04:56,WAKE,53,
2026-08-15,04:57,WAKE,52,
2026-08-15,04:58,LIGHT,56,
2026-08-15,04:59,LIGHT,53,
2026-08-15,05:00,LIGHT,52,
2026-08-15,05:01,LIGHT,52,
2026-08-15,05:02,LIGHT,53,
2026-08-15,05:03,LIGHT,50,
2026-08-15,05:04,LIGHT,51,
2026-08-15,05:05,LIGHT,53,
2026-08-15,05:06,LIGHT,58,
2026-08-15,05:07,LIGHT,57,
2026-08-15,05:08,LIGHT,54,
2026-08-15,05:09,LIGHT,51,
2026-08-15,05:10,LIGHT,51,
2026-08-15,05:11,LIGHT,51,
2026-08-15,05:12,LIGHT,51,
2026-08-15,05:13,LIGHT,52,
2026-08-15,05:14,LIGHT,52,
2026-08-15,05:15,LIGHT,52,
2026-08-15,05:16,LIGHT,53,
2026-08-15,05:17,LIGHT,53,
2026-08-15,05:18,LIGHT,56,
2026-08-15,05:19,LIGHT,54,
2026-08-15,05:20,LIGHT,53,
2026-08-15,05:21,LIGHT,53,
2026-08-15,05:22,LIGHT,53,
2026-08-15,05:23,LIGHT,53,
2026-08-15,05:24,LIGHT,53,
2026-08-15,05:25,LIGHT,53,
2026-08-15,05:26,LIGHT,53,
2026-08-15,05:27,LIGHT,53,
2026-08-15,05:28,LIGHT,53,
2026-08-15,05:29,LIGHT,53,
2026-08-15,05:30,LIGHT,53,
2026-08-15,05:31,LIGHT,53,
2026-08-15,05:32,LIGHT,54,
2026-08-15,05:33,LIGHT,54,
2026-08-15,05:34,LIGHT,54,
2026-08-15,05:35,LIGHT,54,
2026-08-15,05:36,LIGHT,55,
2026-08-15,05:37,LIGHT,55,
2026-08-15,05:38,LIGHT,55,
2026-08-15,05:39,LIGHT,55,
2026-08-15,05:40,LIGHT,56,
2026-08-15,05:41,LIGHT,61,
2026-08-15,05:42,LIGHT,73,
2026-08-15,05:43,LIGHT,65,
2026-08-15,05:44,LIGHT,59,
2026-08-15,05:45,LIGHT,61,
2026-08-15,05:46,LIGHT,55,
2026-08-15,05:47,LIGHT,54,
2026-08-15,05:48,LIGHT,55,
2026-08-15,05:49,LIGHT,56,
2026-08-15,05:50,LIGHT,55,
2026-08-15,05:51,LIGHT,55,
2026-08-15,05:52,LIGHT,55,
2026-08-15,05:53,LIGHT,61,
2026-08-15,05:54,LIGHT,58,
2026-08-15,05:55,LIGHT,63,
2026-08-15,05:56,LIGHT,57,
2026-08-15,05:57,LIGHT,55,
2026-08-15,05:58,LIGHT,55,
2026-08-15,05:59,LIGHT,55,
2026-08-15,06:00,LIGHT,55,
2026-08-15,06:01,WAKE,55,
2026-08-15,06:02,LIGHT,55,
2026-08-15,06:03,LIGHT,53,
2026-08-15,06:04,LIGHT,55,
2026-08-15,06:05,LIGHT,57,
2026-08-15,06:06,REM,59,
2026-08-15,06:07,REM,58,
2026-08-15,06:08,REM,52,
2026-08-15,06:09,REM,52,
2026-08-15,06:10,REM,54,
2026-08-15,06:11,REM,55,
2026-08-15,06:12,REM,56,
2026-08-15,06:13,REM,57,
2026-08-15,06:14,REM,58,
2026-08-15,06:15,REM,69,
2026-08-15,06:16,REM,65,
2026-08-15,06:17,REM,62,
2026-08-15,06:18,REM,63,
2026-08-15,06:19,REM,59,
2026-08-15,06:20,REM,58,
2026-08-15,06:21,REM,61,
2026-08-15,06:22,REM,60,
2026-08-15,06:23,REM,62,
2026-08-15,06:24,REM,52,
2026-08-15,06:25,REM,52,
2026-08-15,06:26,REM,54,
2026-08-15,06:27,REM,51,
2026-08-15,06:28,REM,52,
2026-08-15,06:29,REM,52,
2026-08-15,06:30,REM,53,
2026-08-15,06:31,REM,54,
2026-08-15,06:32,LIGHT,55,
2026-08-15,06:33,LIGHT,61,
2026-08-15,06:34,LIGHT,55,
2026-08-15,06:35,LIGHT,57,
2026-08-15,06:36,LIGHT,56,
2026-08-15,06:37,LIGHT,56,
2026-08-15,06:38,LIGHT,56,
2026-08-15,06:39,LIGHT,56,
2026-08-15,06:40,LIGHT,58,
2026-08-15,06:41,LIGHT,60,
2026-08-15,06:42,LIGHT,60,
2026-08-15,06:43,REM,62,
2026-08-15,06:44,REM,59,
2026-08-15,06:45,REM,60,
2026-08-15,06:46,REM,62,
2026-08-15,06:47,LIGHT,59,
2026-08-15,06:48,LIGHT,60,
2026-08-15,06:49,LIGHT,58,
2026-08-15,06:50,LIGHT,58,
2026-08-15,06:51,LIGHT,63,
2026-08-15,06:52,LIGHT,60,
2026-08-15,06:53,LIGHT,63,
2026-08-15,06:54,LIGHT,57,
2026-08-15,06:55,LIGHT,61,
2026-08-15,06:56,LIGHT,61,
2026-08-15,06:57,LIGHT,59,
2026-08-15,06:58,LIGHT,58,
2026-08-15,06:59,LIGHT,57,
2026-08-15,07:00,LIGHT,59,
2026-08-15,23:57,LIGHT,76,
2026-08-15,23:58,LIGHT,87,
2026-08-15,23:59,LIGHT,84,
2026-08-16,00:00,LIGHT,76,
2026-08-16,00:01,LIGHT,76,
2026-08-16,00:02,LIGHT,73,
2026-08-16,00:03,LIGHT,69,
2026-08-16,00:04,LIGHT,75,
2026-08-16,00:05,LIGHT,82,
2026-08-16,00:06,LIGHT,92,
2026-08-16,00:07,LIGHT,78,
2026-08-16,00:08,LIGHT,80,
2026-08-16,00:09,LIGHT,77,
2026-08-16,00:10,LIGHT,80,
2026-08-16,00:11,LIGHT,79,
2026-08-16,00:12,LIGHT,76,
2026-08-16,00:13,DEEP,81,
2026-08-16,00:14,DEEP,75,
2026-08-16,00:15,DEEP,72,
2026-08-16,00:16,DEEP,73,
2026-08-16,00:17,DEEP,67,
2026-08-16,00:18,DEEP,63,
2026-08-16,00:19,DEEP,63,
2026-08-16,00:20,DEEP,64,
2026-08-16,00:21,DEEP,64,
2026-08-16,00:22,DEEP,64,
2026-08-16,00:23,DEEP,63,
2026-08-16,00:24,DEEP,63,
2026-08-16,00:25,DEEP,68,
2026-08-16,00:26,DEEP,67,
2026-08-16,00:27,LIGHT,64,
2026-08-16,00:28,LIGHT,64,
2026-08-16,00:29,LIGHT,63,
2026-08-16,00:30,LIGHT,63,
2026-08-16,00:31,LIGHT,68,
2026-08-16,00:32,LIGHT,69,
2026-08-16,00:33,LIGHT,66,
2026-08-16,00:34,LIGHT,63,
2026-08-16,00:35,LIGHT,71,
2026-08-16,00:36,DEEP,66,
2026-08-16,00:37,DEEP,66,
2026-08-16,00:38,DEEP,65,
2026-08-16,00:39,DEEP,65,
2026-08-16,00:40,DEEP,65,
2026-08-16,00:41,DEEP,67,
2026-08-16,00:42,DEEP,66,
2026-08-16,00:43,DEEP,67,
2026-08-16,00:44,LIGHT,64,
2026-08-16,00:45,LIGHT,64,
2026-08-16,00:46,LIGHT,64,
2026-08-16,00:47,LIGHT,66,
2026-08-16,00:48,LIGHT,63,
2026-08-16,00:49,LIGHT,62,
2026-08-16,00:50,LIGHT,67,
2026-08-16,00:51,LIGHT,64,
2026-08-16,00:52,LIGHT,65,
2026-08-16,00:53,LIGHT,67,
2026-08-16,00:54,LIGHT,67,
2026-08-16,00:55,LIGHT,67,
2026-08-16,00:56,LIGHT,66,
2026-08-16,00:57,LIGHT,64,
2026-08-16,00:58,LIGHT,64,
2026-08-16,00:59,LIGHT,61,
2026-08-16,01:00,DEEP,62,
2026-08-16,01:01,DEEP,64,
2026-08-16,01:02,REM,64,
2026-08-16,01:03,REM,62,
2026-08-16,01:04,REM,60,
2026-08-16,01:05,REM,63,
2026-08-16,01:06,REM,61,
2026-08-16,01:07,REM,62,
2026-08-16,01:08,REM,62,
2026-08-16,01:09,REM,64,
2026-08-16,01:10,REM,64,
2026-08-16,01:11,REM,61,
2026-08-16,01:12,REM,59,
2026-08-16,01:13,REM,60,
2026-08-16,01:14,REM,61,
2026-08-16,01:15,REM,58,
2026-08-16,01:16,REM,60,
2026-08-16,01:17,REM,59,
2026-08-16,01:18,REM,60,
2026-08-16,01:19,REM,58,
2026-08-16,01:20,REM,60,
2026-08-16,01:21,REM,61,
2026-08-16,01:22,REM,61,
2026-08-16,01:23,REM,59,
2026-08-16,01:24,REM,60,
2026-08-16,01:25,REM,63,
2026-08-16,01:26,REM,58,
2026-08-16,01:27,REM,56,
2026-08-16,01:28,REM,58,
2026-08-16,01:29,REM,56,
2026-08-16,01:30,REM,59,
2026-08-16,01:31,REM,59,
2026-08-16,01:32,REM,60,
2026-08-16,01:33,REM,60,
2026-08-16,01:34,REM,61,
2026-08-16,01:35,REM,60,
2026-08-16,01:36,REM,57,
2026-08-16,01:37,REM,60,
2026-08-16,01:38,LIGHT,60,
2026-08-16,01:39,LIGHT,60,
2026-08-16,01:40,LIGHT,60,
2026-08-16,01:41,WAKE,59,
2026-08-16,01:42,WAKE,59,
2026-08-16,01:43,LIGHT,64,
2026-08-16,01:44,LIGHT,61,
2026-08-16,01:45,LIGHT,61,
2026-08-16,01:46,LIGHT,62,
2026-08-16,01:47,LIGHT,62,
2026-08-16,01:48,LIGHT,62,
2026-08-16,01:49,LIGHT,62,
2026-08-16,01:50,LIGHT,62,
2026-08-16,01:51,LIGHT,63,
2026-08-16,01:52,LIGHT,63,
2026-08-16,01:53,LIGHT,64,
2026-08-16,01:54,LIGHT,65,
2026-08-16,01:55,LIGHT,65,
2026-08-16,01:56,LIGHT,67,
2026-08-16,01:57,DEEP,64,
2026-08-16,01:58,DEEP,62,
2026-08-16,01:59,DEEP,61,
2026-08-16,02:00,DEEP,63,
2026-08-16,02:01,DEEP,64,
2026-08-16,02:02,DEEP,66,
2026-08-16,02:03,DEEP,66,
2026-08-16,02:04,DEEP,66,
2026-08-16,02:05,DEEP,66,
2026-08-16,02:06,DEEP,68,
2026-08-16,02:07,DEEP,65,
2026-08-16,02:08,DEEP,62,
2026-08-16,02:09,DEEP,65,
2026-08-16,02:10,DEEP,63,
2026-08-16,02:11,DEEP,63,
2026-08-16,02:12,DEEP,65,
2026-08-16,02:13,DEEP,62,
2026-08-16,02:14,DEEP,64,
2026-08-16,02:15,DEEP,66,
2026-08-16,02:16,DEEP,63,
2026-08-16,02:17,DEEP,62,
2026-08-16,02:18,DEEP,63,
2026-08-16,02:19,LIGHT,64,
2026-08-16,02:20,LIGHT,67,
2026-08-16,02:21,LIGHT,62,
2026-08-16,02:22,LIGHT,63,
2026-08-16,02:23,LIGHT,63,
2026-08-16,02:24,LIGHT,64,
2026-08-16,02:25,LIGHT,64,
2026-08-16,02:26,LIGHT,61,
2026-08-16,02:27,LIGHT,63,
2026-08-16,02:28,LIGHT,62,
2026-08-16,02:29,LIGHT,62,
2026-08-16,02:30,LIGHT,62,
2026-08-16,02:31,LIGHT,62,
2026-08-16,02:32,LIGHT,63,
2026-08-16,02:33,LIGHT,60,
2026-08-16,02:34,LIGHT,60,
2026-08-16,02:35,LIGHT,65,
2026-08-16,02:36,LIGHT,66,
2026-08-16,02:37,LIGHT,66,
2026-08-16,02:38,REM,72,
2026-08-16,02:39,REM,84,
2026-08-16,02:40,REM,78,
2026-08-16,02:41,REM,69,
2026-08-16,02:42,REM,61,
2026-08-16,02:43,REM,57,
2026-08-16,02:44,REM,58,
2026-08-16,02:45,REM,58,
2026-08-16,02:46,REM,59,
2026-08-16,02:47,REM,59,
2026-08-16,02:48,REM,66,
2026-08-16,02:49,REM,61,
2026-08-16,02:50,REM,58,
2026-08-16,02:51,REM,55,
2026-08-16,02:52,REM,56,
2026-08-16,02:53,REM,56,
2026-08-16,02:54,REM,57,
2026-08-16,02:55,LIGHT,58,
2026-08-16,02:56,LIGHT,58,
2026-08-16,02:57,LIGHT,60,
2026-08-16,02:58,LIGHT,58,
2026-08-16,02:59,LIGHT,60,
2026-08-16,03:00,LIGHT,56,
2026-08-16,03:01,LIGHT,55,
2026-08-16,03:02,LIGHT,54,
2026-08-16,03:03,LIGHT,55,
2026-08-16,03:04,LIGHT,54,
2026-08-16,03:05,LIGHT,54,
2026-08-16,03:06,LIGHT,54,
2026-08-16,03:07,LIGHT,56,
2026-08-16,03:08,REM,58,
2026-08-16,03:09,REM,58,
2026-08-16,03:10,REM,56,
2026-08-16,03:11,REM,55,
2026-08-16,03:12,REM,55,
2026-08-16,03:13,LIGHT,57,
2026-08-16,03:14,LIGHT,55,
2026-08-16,03:15,LIGHT,57,
2026-08-16,03:16,WAKE,54,
2026-08-16,03:17,WAKE,58,
2026-08-16,03:18,LIGHT,64,
2026-08-16,03:19,LIGHT,64,
2026-08-16,03:20,LIGHT,64,
2026-08-16,03:21,LIGHT,58,
2026-08-16,03:22,LIGHT,56,
2026-08-16,03:23,LIGHT,58,
2026-08-16,03:24,LIGHT,55,
2026-08-16,03:25,LIGHT,53,
2026-08-16,03:26,LIGHT,53,
2026-08-16,03:27,LIGHT,54,
2026-08-16,03:28,LIGHT,56,
2026-08-16,03:29,LIGHT,57,
2026-08-16,03:30,LIGHT,57,
2026-08-16,03:31,LIGHT,58,
2026-08-16,03:32,LIGHT,60,
2026-08-16,03:33,LIGHT,54,
2026-08-16,03:34,LIGHT,59,
2026-08-16,03:35,LIGHT,57,
2026-08-16,03:36,LIGHT,62,
2026-08-16,03:37,LIGHT,57,
2026-08-16,03:38,LIGHT,55,
2026-08-16,03:39,LIGHT,55,
2026-08-16,03:40,LIGHT,62,
2026-08-16,03:41,LIGHT,58,
2026-08-16,03:42,LIGHT,63,
2026-08-16,03:43,WAKE,79,
2026-08-16,03:44,LIGHT,72,
2026-08-16,03:45,LIGHT,59,
2026-08-16,03:46,LIGHT,58,
2026-08-16,03:47,LIGHT,58,
2026-08-16,03:48,LIGHT,60,
2026-08-16,03:49,LIGHT,59,
2026-08-16,03:50,LIGHT,57,
2026-08-16,03:51,LIGHT,60,
2026-08-16,03:52,LIGHT,57,
2026-08-16,03:53,LIGHT,60,
2026-08-16,03:54,LIGHT,54,
2026-08-16,03:55,LIGHT,54,
2026-08-16,03:56,LIGHT,54,
2026-08-16,03:57,LIGHT,56,
2026-08-16,03:58,LIGHT,53,
2026-08-16,03:59,LIGHT,53,
2026-08-16,04:00,LIGHT,53,
2026-08-16,04:01,LIGHT,55,
2026-08-16,04:02,LIGHT,57,
2026-08-16,04:03,LIGHT,59,
2026-08-16,04:04,LIGHT,56,
2026-08-16,04:05,LIGHT,56,
2026-08-16,04:06,LIGHT,56,
2026-08-16,04:07,LIGHT,57,
2026-08-16,04:08,LIGHT,57,
2026-08-16,04:09,LIGHT,57,
2026-08-16,04:10,LIGHT,57,
2026-08-16,04:11,LIGHT,57,
2026-08-16,04:12,LIGHT,59,
2026-08-16,04:13,LIGHT,60,
2026-08-16,04:14,LIGHT,58,
2026-08-16,04:15,LIGHT,58,
2026-08-16,04:16,LIGHT,58,
2026-08-16,04:17,LIGHT,59,
2026-08-16,04:18,LIGHT,59,
2026-08-16,04:19,LIGHT,59,
2026-08-16,04:20,LIGHT,60,
2026-08-16,04:21,LIGHT,60,
2026-08-16,04:22,LIGHT,60,
2026-08-16,04:23,WAKE,60,
2026-08-16,04:24,LIGHT,60,
2026-08-16,04:25,WAKE,60,
2026-08-16,04:26,WAKE,60,
2026-08-16,04:27,WAKE,60,
2026-08-16,04:28,WAKE,60,
2026-08-16,04:29,WAKE,60,
2026-08-16,04:30,WAKE,60,
2026-08-16,04:31,WAKE,60,
2026-08-16,04:32,WAKE,60,
2026-08-16,04:33,WAKE,60,
2026-08-16,04:34,WAKE,60,
2026-08-16,04:35,WAKE,60,
2026-08-16,04:36,WAKE,60,
2026-08-16,04:37,WAKE,60,
2026-08-16,04:38,WAKE,60,
2026-08-16,04:39,WAKE,63,
2026-08-16,04:40,WAKE,68,
2026-08-16,04:41,WAKE,62,
2026-08-16,04:42,LIGHT,56,
2026-08-16,04:43,LIGHT,56,
2026-08-16,04:44,LIGHT,56,
2026-08-16,04:45,LIGHT,56,
2026-08-16,04:46,LIGHT,56,
2026-08-16,04:47,LIGHT,56,
2026-08-16,04:48,LIGHT,56,
2026-08-16,04:49,LIGHT,63,
2026-08-16,04:50,LIGHT,56,
2026-08-16,04:51,LIGHT,55,
2026-08-16,04:52,LIGHT,55,
2026-08-16,04:53,LIGHT,57,
2026-08-16,04:54,LIGHT,57,
2026-08-16,04:55,WAKE,56,
2026-08-16,04:56,LIGHT,56,
2026-08-16,04:57,LIGHT,57,
2026-08-16,04:58,LIGHT,65,
2026-08-16,04:59,LIGHT,59,
2026-08-16,05:00,LIGHT,59,
2026-08-16,05:01,LIGHT,61,
2026-08-16,05:02,REM,67,
2026-08-16,05:03,REM,59,
2026-08-16,05:04,REM,61,
2026-08-16,05:05,REM,56,
2026-08-16,05:06,REM,56,
2026-08-16,05:07,REM,56,
2026-08-16,05:08,REM,58,
2026-08-16,05:09,LIGHT,56,
2026-08-16,05:10,LIGHT,58,
2026-08-16,05:11,LIGHT,56,
2026-08-16,05:12,LIGHT,63,
2026-08-16,05:13,LIGHT,59,
2026-08-16,05:14,LIGHT,58,
2026-08-16,05:15,LIGHT,58,
2026-08-16,05:16,LIGHT,56,
2026-08-16,05:17,LIGHT,57,
2026-08-16,05:18,LIGHT,57,
2026-08-16,05:19,LIGHT,57,
2026-08-16,05:20,LIGHT,59,
2026-08-16,05:21,LIGHT,59,
2026-08-16,05:22,LIGHT,58,
2026-08-16,05:23,LIGHT,61,
2026-08-16,05:24,LIGHT,60,
2026-08-16,05:25,LIGHT,59,
2026-08-16,05:26,DEEP,59,
2026-08-16,05:27,DEEP,59,
2026-08-16,05:28,DEEP,59,
2026-08-16,05:29,DEEP,67,
2026-08-16,05:30,DEEP,60,
2026-08-16,05:31,DEEP,57,
2026-08-16,05:32,DEEP,60,
2026-08-16,05:33,DEEP,58,
2026-08-16,05:34,DEEP,56,
2026-08-16,05:35,DEEP,56,
2026-08-16,05:36,DEEP,56,
2026-08-16,05:37,DEEP,56,
2026-08-16,05:38,DEEP,59,
2026-08-16,05:39,DEEP,70,
2026-08-16,05:40,LIGHT,64,
2026-08-16,05:41,LIGHT,58,
2026-08-16,05:42,LIGHT,55,
2026-08-16,05:43,WAKE,55,
2026-08-16,05:44,LIGHT,55,
2026-08-16,05:45,LIGHT,55,
2026-08-16,05:46,LIGHT,55,
2026-08-16,05:47,LIGHT,55,
2026-08-16,05:48,LIGHT,55,
2026-08-16,05:49,LIGHT,55,
2026-08-16,05:50,REM,54,
2026-08-16,05:51,REM,55,
2026-08-16,05:52,REM,55,
2026-08-16,05:53,REM,54,
2026-08-16,05:54,REM,54,
2026-08-16,05:55,REM,56,
2026-08-16,05:56,REM,56,
2026-08-16,05:57,REM,56,
2026-08-16,05:58,REM,56,
2026-08-16,05:59,REM,58,
2026-08-16,06:00,REM,59,
2026-08-16,06:01,REM,53,
2026-08-16,06:02,REM,54,
2026-08-16,06:03,REM,53,
2026-08-16,06:04,REM,56,
2026-08-16,06:05,REM,53,
2026-08-16,06:06,REM,60,
2026-08-16,06:07,REM,58,
2026-08-16,06:08,REM,58,
2026-08-16,06:09,REM,57,
2026-08-16,06:10,REM,56,
2026-08-16,06:11,REM,57,
2026-08-16,06:12,REM,63,
2026-08-16,06:13,LIGHT,54,
2026-08-16,06:14,LIGHT,58,
2026-08-16,06:15,LIGHT,56,
2026-08-16,06:16,WAKE,61,
2026-08-16,06:17,WAKE,57,
2026-08-16,06:18,WAKE,55,
2026-08-16,06:19,LIGHT,56,
2026-08-16,06:20,LIGHT,55,
2026-08-16,06:21,LIGHT,55,
2026-08-16,06:22,LIGHT,55,
2026-08-16,06:23,LIGHT,55,
2026-08-16,06:24,LIGHT,57,
2026-08-16,06:25,LIGHT,57,
2026-08-16,06:26,LIGHT,56,
2026-08-16,06:27,LIGHT,56,
2026-08-16,06:28,LIGHT,56,
2026-08-16,06:29,LIGHT,56,
2026-08-16,06:30,LIGHT,56,
2026-08-16,06:31,LIGHT,58,
2026-08-16,06:32,LIGHT,56,
2026-08-16,06:33,LIGHT,56,
2026-08-16,06:34,LIGHT,56,
2026-08-16,06:35,LIGHT,56,
2026-08-16,06:36,LIGHT,56,
2026-08-16,06:37,LIGHT,58,
2026-08-16,06:38,LIGHT,62,
2026-08-16,06:39,LIGHT,58,
2026-08-16,06:40,LIGHT,57,
2026-08-16,06:41,LIGHT,57,
2026-08-16,06:42,LIGHT,57,
2026-08-16,06:43,LIGHT,57,
2026-08-16,06:44,LIGHT,57,
2026-08-16,06:45,LIGHT,56,
2026-08-16,06:46,LIGHT,56,
2026-08-16,06:47,WAKE,56,
2026-08-16,06:48,LIGHT,56,
2026-08-16,06:49,LIGHT,56,
2026-08-16,06:50,LIGHT,56,
2026-08-16,06:51,LIGHT,56,
2026-08-16,06:52,WAKE,68,
2026-08-16,06:53,LIGHT,71,
2026-08-16,06:54,WAKE,71,
2026-08-16,06:55,LIGHT,66,
2026-08-16,06:56,LIGHT,66,
2026-08-16,06:57,LIGHT,58,
2026-08-16,06:58,LIGHT,54,
2026-08-16,06:59,LIGHT,54,
2026-08-16,07:00,LIGHT,56,
2026-08-16,07:01,LIGHT,63,
2026-08-16,07:02,LIGHT,58,
2026-08-16,07:03,LIGHT,57,
2026-08-16,07:04,LIGHT,60,
2026-08-16,07:05,LIGHT,53,
2026-08-16,07:06,LIGHT,53,
2026-08-16,07:07,LIGHT,53,
2026-08-16,07:08,LIGHT,54,
2026-08-16,07:09,LIGHT,55,
2026-08-16,07:10,LIGHT,53,
2026-08-16,07:11,LIGHT,53,
2026-08-16,07:12,LIGHT,53,
2026-08-16,07:13,LIGHT,54,
2026-08-16,07:14,LIGHT,54,
2026-08-16,07:15,LIGHT,54,
2026-08-16,07:16,LIGHT,57,
2026-08-16,07:17,LIGHT,64,
2026-08-16,07:18,LIGHT,67,
2026-08-16,07:19,LIGHT,62,
2026-08-16,07:20,LIGHT,64,
2026-08-16,07:21,LIGHT,69,
2026-08-16,07:22,LIGHT,61,
2026-08-16,07:23,LIGHT,56,
2026-08-16,07:24,LIGHT,52,
2026-08-16,07:25,LIGHT,52,
2026-08-16,07:26,LIGHT,52,
2026-08-16,07:27,LIGHT,56,
2026-08-16,07:28,LIGHT,52,
2026-08-16,07:29,LIGHT,52,
2026-08-16,07:30,LIGHT,54,
2026-08-16,07:31,LIGHT,56,
2026-08-16,07:32,LIGHT,56,
2026-08-16,07:33,LIGHT,61,
2026-08-16,07:34,LIGHT,60,
2026-08-16,07:35,LIGHT,55,
2026-08-16,07:36,LIGHT,62,
2026-08-16,07:37,LIGHT,64,
2026-08-16,07:38,LIGHT,60,
2026-08-16,07:39,LIGHT,59,
2026-08-16,07:40,LIGHT,65,
2026-08-16,07:41,LIGHT,60,
2026-08-16,07:42,LIGHT,62,
2026-08-16,07:43,LIGHT,63,
2026-08-16,07:44,LIGHT,60,
2026-08-16,07:45,LIGHT,57,
2026-08-16,07:46,LIGHT,64,
2026-08-16,07:47,LIGHT,56,
2026-08-16,07:48,LIGHT,54,
2026-08-16,07:49,LIGHT,57,
2026-08-16,07:50,LIGHT,57,
2026-08-16,07:51,LIGHT,54,
2026-08-16,07:52,LIGHT,53,
2026-08-16,07:53,LIGHT,56,
2026-08-16,07:54,LIGHT,53,
2026-08-16,07:55,LIGHT,53,
2026-08-16,07:56,LIGHT,53,
2026-08-16,07:57,LIGHT,53,
2026-08-16,07:58,LIGHT,53,
2026-08-16,07:59,LIGHT,53,
2026-08-16,08:00,LIGHT,54,
2026-08-16,08:01,LIGHT,56,
2026-08-16,08:02,LIGHT,58,
2026-08-16,08:03,LIGHT,55,
2026-08-16,08:04,LIGHT,53,
2026-08-16,08:05,LIGHT,53,
2026-08-16,08:06,LIGHT,53,
2026-08-16,08:07,LIGHT,53,
2026-08-16,08:08,WAKE,54,
2026-08-16,08:09,LIGHT,53,
2026-08-16,08:10,LIGHT,60,
2026-08-16,08:11,LIGHT,57,
2026-08-16,08:12,LIGHT,53,
2026-08-16,08:13,LIGHT,53,
2026-08-16,08:14,LIGHT,55,
2026-08-16,08:15,LIGHT,53,
2026-08-16,08:16,LIGHT,53,
2026-08-16,08:17,LIGHT,53,
2026-08-16,08:18,LIGHT,52,
2026-08-16,08:19,LIGHT,54,
2026-08-16,08:20,LIGHT,54,
2026-08-16,08:21,LIGHT,54,
2026-08-16,08:22,LIGHT,54,
2026-08-16,08:23,LIGHT,55,
2026-08-16,08:24,LIGHT,55,
2026-08-16,08:25,LIGHT,55,
2026-08-16,08:26,LIGHT,68,
2026-08-16,08:27,LIGHT,65,
2026-08-16,08:28,LIGHT,64,
2026-08-16,08:29,LIGHT,66,
2026-08-16,08:30,LIGHT,56,
2026-08-16,08:31,LIGHT,53,
2026-08-16,08:32,LIGHT,55,
2026-08-16,08:33,LIGHT,55,
2026-08-16,08:34,LIGHT,52,
2026-08-16,08:35,LIGHT,52,
2026-08-16,08:36,LIGHT,56,
2026-08-16,08:37,LIGHT,54,
2026-08-16,08:38,LIGHT,52,
2026-08-16,08:39,LIGHT,52,
2026-08-16,08:40,LIGHT,57,
2026-08-16,08:41,LIGHT,55,
2026-08-16,08:42,LIGHT,54,
2026-08-16,08:43,LIGHT,56,
2026-08-16,08:44,LIGHT,57,
2026-08-16,08:45,LIGHT,57,
2026-08-16,08:46,LIGHT,58,
2026-08-16,08:47,LIGHT,67,
2026-08-16,08:48,LIGHT,69,
2026-08-16,08:49,LIGHT,73,
2026-08-16,08:50,LIGHT,61,
2026-08-16,08:51,LIGHT,62,
2026-08-16,08:52,LIGHT,54,
2026-08-16,08:53,LIGHT,51,
2026-08-16,08:54,LIGHT,55,
2026-08-16,08:55,LIGHT,50,
2026-08-16,08:56,LIGHT,52,
2026-08-16,08:57,LIGHT,53,
2026-08-16,08:58,LIGHT,60,
2026-08-16,08:59,LIGHT,54,
2026-08-16,09:00,LIGHT,58,
2026-08-16,09:01,LIGHT,58,
2026-08-16,09:02,LIGHT,55,
2026-08-16,09:03,LIGHT,53,
2026-08-16,09:04,LIGHT,55,
2026-08-16,09:05,LIGHT,55,
2026-08-16,09:06,REM,55,
2026-08-16,09:07,REM,60,
2026-08-16,09:08,REM,57,
2026-08-16,09:09,REM,53,
2026-08-16,09:10,REM,52,
2026-08-16,09:11,REM,53,
2026-08-16,09:12,REM,55,
2026-08-16,09:13,REM,52,
2026-08-16,09:14,LIGHT,53,
2026-08-16,09:15,LIGHT,57,
2026-08-16,09:16,LIGHT,59,
2026-08-16,09:17,WAKE,56,
2026-08-16,09:18,LIGHT,53,
2026-08-16,09:19,LIGHT,54,
2026-08-16,09:20,LIGHT,51,
2026-08-16,09:21,LIGHT,52,
2026-08-16,09:22,WAKE,51,
2026-08-16,09:23,WAKE,52,
2026-08-16,09:24,WAKE,52,
2026-08-16,09:25,LIGHT,52,
2026-08-16,09:26,LIGHT,53,
2026-08-16,09:27,LIGHT,53,
2026-08-16,09:28,LIGHT,54,
2026-08-16,09:29,LIGHT,53,
2026-08-16,09:30,LIGHT,55,
2026-08-16,09:31,LIGHT,55,
2026-08-16,09:32,LIGHT,53,
2026-08-16,09:33,LIGHT,53,
2026-08-16,09:34,LIGHT,53,
2026-08-16,09:35,LIGHT,53,
2026-08-16,09:36,LIGHT,63,
2026-08-16,09:37,LIGHT,64,
2026-08-16,09:38,LIGHT,63,
2026-08-16,09:39,LIGHT,58,
2026-08-16,09:40,LIGHT,63,
2026-08-16,09:41,LIGHT,55,
2026-08-16,09:42,LIGHT,55,
2026-08-16,09:43,LIGHT,55,
2026-08-16,09:44,LIGHT,53,
2026-08-16,09:45,LIGHT,55,
2026-08-16,09:46,LIGHT,55,
2026-08-16,09:47,LIGHT,58,
2026-08-16,09:48,LIGHT,60,
2026-08-16,09:49,LIGHT,58,
2026-08-16,09:50,LIGHT,54,
2026-08-16,09:51,LIGHT,53,
2026-08-16,09:52,LIGHT,52,
2026-08-16,09:53,LIGHT,52,
2026-08-16,09:54,LIGHT,54,
2026-08-16,09:55,LIGHT,52,
2026-08-16,09:56,LIGHT,51,
2026-08-16,09:57,LIGHT,56,
2026-08-16,09:58,LIGHT,50,
2026-08-16,09:59,LIGHT,49,
2026-08-16,10:00,LIGHT,54,
2026-08-16,10:01,LIGHT,54,
2026-08-16,10:02,LIGHT,56,
2026-08-16,10:03,LIGHT,63,
2026-08-16,10:04,LIGHT,55,
2026-08-16,10:05,LIGHT,65,
2026-08-16,10:06,LIGHT,78,
2026-08-16,10:07,LIGHT,65,
2026-08-16,13:56,LIGHT,70,
2026-08-16,13:57,LIGHT,72,
2026-08-16,13:58,LIGHT,72,
2026-08-16,13:59,LIGHT,73,
2026-08-16,14:00,LIGHT,61,
2026-08-16,14:01,LIGHT,58,
2026-08-16,14:02,LIGHT,55,
2026-08-16,14:03,LIGHT,55,
2026-08-16,14:04,LIGHT,55,
2026-08-16,14:05,LIGHT,57,
2026-08-16,14:06,LIGHT,54,
2026-08-16,14:07,LIGHT,54,
2026-08-16,14:08,LIGHT,55,
2026-08-16,14:09,LIGHT,58,
2026-08-16,14:10,LIGHT,55,
2026-08-16,14:11,LIGHT,55,
2026-08-16,14:12,LIGHT,55,
2026-08-16,14:13,LIGHT,56,
2026-08-16,14:14,LIGHT,57,
2026-08-16,14:15,LIGHT,62,
2026-08-16,14:16,DEEP,54,
2026-08-16,14:17,DEEP,57,
2026-08-16,14:18,DEEP,56,
2026-08-16,14:19,DEEP,54,
2026-08-16,14:20,DEEP,54,
2026-08-16,14:21,DEEP,62,
2026-08-16,14:22,DEEP,60,
2026-08-16,14:23,DEEP,57,
2026-08-16,14:24,DEEP,57,
2026-08-16,14:25,DEEP,57,
2026-08-16,14:26,DEEP,59,
2026-08-16,14:27,DEEP,58,
2026-08-16,14:28,DEEP,79,
2026-08-16,14:29,DEEP,97,
2026-08-16,14:30,DEEP,90,
2026-08-16,14:31,DEEP,72,
2026-08-16,14:32,DEEP,66,
2026-08-16,14:33,DEEP,58,
2026-08-16,14:34,DEEP,54,
2026-08-16,14:35,DEEP,53,
2026-08-16,14:36,DEEP,55,
2026-08-16,14:37,DEEP,54,
2026-08-16,14:38,DEEP,56,
2026-08-16,14:39,DEEP,58,
2026-08-16,14:40,DEEP,55,
2026-08-16,14:41,DEEP,55,
2026-08-16,14:42,DEEP,57,
2026-08-16,14:43,DEEP,64,
2026-08-16,14:44,DEEP,64,
2026-08-16,14:45,DEEP,61,
2026-08-16,14:46,DEEP,61,
2026-08-16,14:47,DEEP,61,
2026-08-16,14:48,LIGHT,61,
2026-08-16,14:49,LIGHT,61,
2026-08-16,14:50,LIGHT,63,
2026-08-16,14:51,LIGHT,62,
2026-08-16,14:52,LIGHT,60,
2026-08-16,14:53,LIGHT,60,
2026-08-16,14:54,LIGHT,62,
2026-08-16,14:55,LIGHT,60,
2026-08-16,14:56,LIGHT,60,
2026-08-16,14:57,LIGHT,62,
2026-08-16,14:58,LIGHT,62,
2026-08-16,14:59,LIGHT,62,
2026-08-16,15:00,LIGHT,62,
2026-08-16,15:01,LIGHT,64,
2026-08-16,15:02,LIGHT,64,
2026-08-16,15:03,LIGHT,63,
2026-08-16,15:04,REM,65,
2026-08-16,15:05,REM,67,
2026-08-16,15:06,REM,63,
2026-08-16,15:07,REM,60,
2026-08-16,15:08,REM,60,
2026-08-16,15:09,REM,59,
2026-08-16,15:10,REM,62,
2026-08-16,15:11,REM,62,
2026-08-16,15:12,REM,59,
2026-08-16,15:13,REM,63,
2026-08-16,15:14,REM,57,
2026-08-16,15:15,REM,56,
2026-08-16,15:16,REM,56,
2026-08-16,15:17,REM,54,
2026-08-16,15:18,REM,54,
2026-08-16,15:19,REM,57,
2026-08-16,15:20,REM,54,
2026-08-16,15:21,REM,56,
2026-08-16,15:22,REM,57,
2026-08-16,15:23,REM,57,
2026-08-16,15:24,REM,56,
2026-08-16,15:25,REM,56,
2026-08-16,15:26,REM,55,
2026-08-16,15:27,REM,57,
2026-08-16,15:28,REM,62,
2026-08-16,15:29,REM,61,
2026-08-16,15:30,REM,58,
2026-08-16,15:31,REM,58,
2026-08-16,15:32,REM,60,
2026-08-16,15:33,LIGHT,62,
2026-08-16,15:34,LIGHT,62,
2026-08-16,15:35,LIGHT,66,
2026-08-16,15:36,LIGHT,70,
2026-08-16,15:37,LIGHT,74,
2026-08-16,15:38,LIGHT,61,
2026-08-16,15:39,LIGHT,63,
2026-08-16,15:40,LIGHT,64,
2026-08-16,15:41,LIGHT,59,
2026-08-16,15:42,LIGHT,61,
2026-08-16,15:43,LIGHT,61,
2026-08-16,15:44,LIGHT,60,
2026-08-16,15:45,LIGHT,62,
2026-08-16,15:46,LIGHT,64,
2026-08-16,15:47,LIGHT,57,
2026-08-16,15:48,LIGHT,59,
2026-08-16,15:49,LIGHT,63,
2026-08-16,15:50,LIGHT,65,
2026-08-16,15:51,LIGHT,60,
2026-08-16,15:52,LIGHT,60,
2026-08-16,15:53,LIGHT,59,
2026-08-16,15:54,LIGHT,61,
2026-08-16,15:55,LIGHT,62,
2026-08-16,15:56,LIGHT,61,
2026-08-16,15:57,LIGHT,61,
2026-08-16,15:58,LIGHT,74,
2026-08-16,15:59,LIGHT,62,
2026-08-16,16:00,LIGHT,58,
2026-08-16,16:01,LIGHT,60,
2026-08-16,16:02,LIGHT,61,
2026-08-16,16:03,LIGHT,59,
2026-08-16,16:04,REM,63,
2026-08-16,16:05,REM,66,
2026-08-16,16:06,REM,64,
2026-08-16,16:07,REM,64,
2026-08-16,16:08,REM,56,
2026-08-16,16:09,REM,51,
2026-08-16,16:10,REM,57,
2026-08-16,16:11,LIGHT,52,
2026-08-16,16:12,LIGHT,54,
2026-08-16,16:13,LIGHT,53,
2026-08-16,16:14,WAKE,51,
2026-08-16,16:15,LIGHT,54,
2026-08-16,16:16,LIGHT,52,
2026-08-16,16:17,LIGHT,50,
2026-08-16,16:18,LIGHT,52,
2026-08-16,16:19,LIGHT,52,
2026-08-16,16:20,LIGHT,54,
2026-08-16,16:21,LIGHT,57,
2026-08-16,16:22,LIGHT,55,
2026-08-16,16:23,LIGHT,52,
2026-08-16,16:24,LIGHT,54,
2026-08-16,16:25,LIGHT,57,
2026-08-16,16:26,LIGHT,59,
2026-08-16,16:27,LIGHT,55,
2026-08-16,16:28,LIGHT,56,
2026-08-16,16:29,LIGHT,60,
2026-08-16,16:30,LIGHT,64,
2026-08-16,16:31,LIGHT,57,
2026-08-16,16:32,LIGHT,57,
2026-08-16,16:33,LIGHT,59,
2026-08-16,16:34,LIGHT,62,
2026-08-16,16:35,LIGHT,64,
2026-08-16,16:36,LIGHT,61,
2026-08-16,16:37,LIGHT,63,
2026-08-16,16:38,LIGHT,58,
2026-08-16,16:39,LIGHT,55,
2026-08-16,16:40,LIGHT,66,
2026-08-16,16:41,LIGHT,68,
2026-08-16,16:42,LIGHT,57,
2026-08-16,16:43,LIGHT,59,
2026-08-16,16:44,LIGHT,58,
2026-08-16,16:45,LIGHT,59,
2026-08-16,16:46,LIGHT,57,
2026-08-16,16:47,LIGHT,54,
2026-08-16,16:48,LIGHT,53,
2026-08-16,16:49,DEEP,53,
2026-08-16,16:50,DEEP,55,
2026-08-16,16:51,DEEP,54,
2026-08-16,16:52,DEEP,57,
2026-08-16,16:53,DEEP,61,
2026-08-16,16:54,DEEP,73,
2026-08-16,16:55,DEEP,73,
2026-08-16,16:56,DEEP,72,
2026-08-16,16:57,DEEP,75,
2026-08-16,16:58,DEEP,76,
2026-08-16,16:59,DEEP,77,
2026-08-16,17:00,DEEP,70,
2026-08-16,17:01,DEEP,60,
2026-08-16,17:02,DEEP,59,
2026-08-16,17:03,DEEP,61,
2026-08-16,17:04,DEEP,60,
2026-08-16,17:05,DEEP,60,
2026-08-16,17:06,LIGHT,58,
2026-08-16,17:07,LIGHT,58,
2026-08-16,17:08,LIGHT,65,
2026-08-16,17:09,LIGHT,79,
2026-08-16,17:10,LIGHT,84,
2026-08-16,17:11,LIGHT,81,
2026-08-16,17:12,LIGHT,74,
2026-08-16,17:13,LIGHT,66,
2026-08-16,17:14,LIGHT,62,
2026-08-16,17:15,LIGHT,56,
2026-08-16,17:16,LIGHT,55,
2026-08-16,17:17,LIGHT,55,
2026-08-16,17:18,LIGHT,55,
2026-08-16,17:19,LIGHT,58,
2026-08-16,17:20,LIGHT,58,
2026-08-16,17:21,LIGHT,63,
2026-08-16,17:22,LIGHT,57,
2026-08-16,17:23,LIGHT,59,
2026-08-16,17:24,REM,61,
2026-08-16,17:25,REM,61,
2026-08-16,17:26,REM,59,
2026-08-16,17:27,REM,59,
2026-08-16,17:28,REM,66,
2026-08-16,17:29,REM,66,
2026-08-16,17:30,REM,63,
2026-08-16,17:31,REM,63,
2026-08-16,17:32,REM,66,
2026-08-16,17:33,REM,65,
2026-08-16,17:34,REM,65,
2026-08-16,17:35,REM,63,
2026-08-16,17:36,REM,61,
2026-08-16,17:37,LIGHT,61,
2026-08-16,17:38,LIGHT,64,
2026-08-16,17:39,LIGHT,68,
2026-08-16,17:40,LIGHT,67,
2026-08-16,17:41,LIGHT,62,
2026-08-16,17:42,LIGHT,64,
2026-08-16,17:43,LIGHT,66,
2026-08-16,17:44,LIGHT,63,
2026-08-16,17:45,LIGHT,60,
2026-08-16,17:46,LIGHT,62,
2026-08-16,17:47,LIGHT,64,
2026-08-16,17:48,LIGHT,66,
2026-08-16,17:49,LIGHT,59,
2026-08-16,17:50,LIGHT,55,
2026-08-17,04:01,LIGHT,56,
2026-08-17,04:02,LIGHT,57,
2026-08-17,04:03,LIGHT,58,
2026-08-17,04:04,LIGHT,57,
2026-08-17,04:05,LIGHT,57,
2026-08-17,04:06,LIGHT,57,
2026-08-17,04:07,LIGHT,61,
2026-08-17,04:08,LIGHT,53,
2026-08-17,04:09,LIGHT,52,
2026-08-17,04:10,LIGHT,53,
2026-08-17,04:11,LIGHT,53,
2026-08-17,04:12,DEEP,51,
2026-08-17,04:13,DEEP,52,
2026-08-17,04:14,DEEP,54,
2026-08-17,04:15,DEEP,50,
2026-08-17,04:16,DEEP,49,
2026-08-17,04:17,DEEP,51,
2026-08-17,04:18,DEEP,51,
2026-08-17,04:19,DEEP,53,
2026-08-17,04:20,DEEP,50,
2026-08-17,04:21,DEEP,50,
2026-08-17,04:22,DEEP,49,
2026-08-17,04:23,DEEP,49,
2026-08-17,04:24,DEEP,50,
2026-08-17,04:25,DEEP,50,
2026-08-17,04:26,DEEP,50,
2026-08-17,04:27,DEEP,52,
2026-08-17,04:28,DEEP,52,
2026-08-17,04:29,DEEP,52,
2026-08-17,04:30,DEEP,52,
2026-08-17,04:31,DEEP,52,
2026-08-17,04:32,DEEP,53,
2026-08-17,04:33,DEEP,53,
2026-08-17,04:34,DEEP,52,
2026-08-17,04:35,DEEP,53,
2026-08-17,04:36,DEEP,54,
2026-08-17,04:37,DEEP,54,
2026-08-17,04:38,DEEP,54,
2026-08-17,04:39,DEEP,54,
2026-08-17,04:40,DEEP,56,
2026-08-17,04:41,LIGHT,57,
2026-08-17,04:42,LIGHT,57,
2026-08-17,04:43,LIGHT,57,
2026-08-17,04:44,LIGHT,57,
2026-08-17,04:45,LIGHT,57,
2026-08-17,04:46,LIGHT,62,
2026-08-17,04:47,LIGHT,59,
2026-08-17,04:48,LIGHT,58,
2026-08-17,04:49,LIGHT,56,
2026-08-17,04:50,LIGHT,57,
2026-08-17,04:51,LIGHT,57,
2026-08-17,04:52,LIGHT,57,
2026-08-17,04:53,LIGHT,56,
2026-08-17,04:54,REM,63,
2026-08-17,04:55,REM,60,
2026-08-17,04:56,REM,55,
2026-08-17,04:57,REM,54,
2026-08-17,04:58,REM,54,
2026-08-17,04:59,REM,54,
2026-08-17,05:00,REM,54,
2026-08-17,05:01,REM,54,
2026-08-17,05:02,REM,54,
2026-08-17,05:03,REM,53,
2026-08-17,05:04,REM,53,
2026-08-17,05:05,LIGHT,53,
2026-08-17,05:06,LIGHT,55,
2026-08-17,05:07,LIGHT,53,
2026-08-17,05:08,LIGHT,53,
2026-08-17,05:09,LIGHT,54,
2026-08-17,05:10,LIGHT,53,
2026-08-17,05:11,LIGHT,53,
2026-08-17,05:12,LIGHT,53,
2026-08-17,05:13,LIGHT,53,
2026-08-17,05:14,LIGHT,53,
2026-08-17,05:15,LIGHT,55,
2026-08-17,05:16,LIGHT,53,
2026-08-17,05:17,LIGHT,53,
2026-08-17,05:18,LIGHT,53,
2026-08-17,05:19,LIGHT,53,
2026-08-17,05:20,LIGHT,53,
2026-08-17,05:21,LIGHT,54,
2026-08-17,05:22,LIGHT,53,
2026-08-17,05:23,LIGHT,54,
2026-08-17,05:24,LIGHT,56,
2026-08-17,05:25,LIGHT,56,
2026-08-17,05:26,LIGHT,56,
2026-08-17,05:27,LIGHT,56,
2026-08-17,05:28,LIGHT,56,
2026-08-17,05:29,LIGHT,57,
2026-08-17,05:30,LIGHT,56,
2026-08-17,05:31,LIGHT,56,
2026-08-17,05:32,LIGHT,58,
2026-08-17,05:33,LIGHT,66,
2026-08-17,05:34,LIGHT,58,
2026-08-17,05:35,LIGHT,58,
2026-08-17,05:36,LIGHT,56,
2026-08-17,05:37,LIGHT,54,
2026-08-17,05:38,LIGHT,54,
2026-08-17,05:39,LIGHT,52,
2026-08-17,05:40,LIGHT,52,
2026-08-17,05:41,LIGHT,54,
2026-08-17,05:42,LIGHT,54,
2026-08-17,05:43,LIGHT,55,
2026-08-17,05:44,LIGHT,57,
2026-08-17,05:45,LIGHT,57,
2026-08-17,05:46,LIGHT,56,
2026-08-17,05:47,LIGHT,60,
2026-08-17,05:48,LIGHT,54,
2026-08-17,05:49,LIGHT,50,
2026-08-17,05:50,LIGHT,50,
2026-08-17,05:51,LIGHT,52,
2026-08-17,05:52,LIGHT,55,
2026-08-17,05:53,DEEP,56,
2026-08-17,05:54,DEEP,56,
2026-08-17,05:55,DEEP,61,
2026-08-17,05:56,DEEP,55,
2026-08-17,05:57,DEEP,55,
2026-08-17,05:58,DEEP,57,
2026-08-17,05:59,DEEP,61,
2026-08-17,06:00,LIGHT,58,
2026-08-17,06:01,LIGHT,56,
2026-08-17,06:02,LIGHT,62,
2026-08-17,06:03,LIGHT,56,
2026-08-17,06:04,LIGHT,54,
2026-08-17,06:05,LIGHT,56,
2026-08-17,06:06,LIGHT,54,
2026-08-17,06:07,LIGHT,52,
2026-08-17,06:08,LIGHT,54,
2026-08-17,06:09,LIGHT,54,
2026-08-17,06:10,REM,55,
2026-08-17,06:11,REM,55,
2026-08-17,06:12,REM,54,
2026-08-17,06:13,REM,53,
2026-08-17,06:14,REM,52,
2026-08-17,06:15,REM,52,
2026-08-17,06:16,REM,53,
2026-08-17,06:17,REM,53,
2026-08-17,06:18,REM,52,
2026-08-17,06:19,REM,52,
2026-08-17,06:20,LIGHT,52,
2026-08-17,06:21,LIGHT,52,
2026-08-17,06:22,LIGHT,52,
2026-08-17,06:23,LIGHT,52,
2026-08-17,06:24,LIGHT,51,
2026-08-17,06:25,LIGHT,51,
2026-08-17,06:26,LIGHT,53,
2026-08-17,06:27,LIGHT,53,
2026-08-17,06:28,LIGHT,52,
2026-08-17,06:29,LIGHT,52,
2026-08-17,06:30,LIGHT,57,
2026-08-17,06:31,LIGHT,53,
2026-08-17,06:32,LIGHT,52,
2026-08-17,06:33,LIGHT,52,
2026-08-17,06:34,LIGHT,62,
2026-08-17,06:35,LIGHT,54,
2026-08-17,06:36,LIGHT,51,
2026-08-17,06:37,LIGHT,51,
2026-08-17,06:38,LIGHT,51,
2026-08-17,06:39,LIGHT,54,
2026-08-17,06:40,LIGHT,52,
2026-08-17,06:41,LIGHT,52,
2026-08-17,06:42,LIGHT,55,
2026-08-17,06:43,LIGHT,52,
2026-08-17,06:44,LIGHT,51,
2026-08-17,06:45,DEEP,52,
2026-08-17,06:46,DEEP,57,
2026-08-17,06:47,DEEP,52,
2026-08-17,06:48,DEEP,50,
2026-08-17,06:49,DEEP,51,
2026-08-17,06:50,LIGHT,55,
2026-08-17,06:51,LIGHT,52,
2026-08-17,06:52,LIGHT,54,
2026-08-17,06:53,WAKE,54,
2026-08-17,06:54,WAKE,55,
2026-08-17,06:55,WAKE,52,
2026-08-17,06:56,WAKE,51,
2026-08-17,06:57,WAKE,50,
2026-08-17,06:58,LIGHT,55,
2026-08-17,06:59,LIGHT,57,
2026-08-17,07:00,LIGHT,60,
2026-08-17,07:01,LIGHT,52,
2026-08-17,07:02,LIGHT,51,
2026-08-17,07:03,LIGHT,55,
2026-08-17,07:04,LIGHT,53,
2026-08-17,07:05,LIGHT,52,
2026-08-17,07:06,LIGHT,55,
2026-08-17,07:07,LIGHT,57,
2026-08-17,07:08,LIGHT,55,
2026-08-17,07:09,REM,54,
2026-08-17,07:10,REM,56,
2026-08-17,07:11,REM,55,
2026-08-17,07:12,REM,53,
2026-08-17,07:13,REM,51,
2026-08-17,07:14,REM,51,
2026-08-17,07:15,REM,51,
2026-08-17,07:16,REM,51,
2026-08-17,07:17,REM,51,
2026-08-17,07:18,REM,58,
2026-08-17,07:19,REM,51,
2026-08-17,07:20,REM,51,
2026-08-17,07:21,REM,51,
2026-08-17,07:22,REM,51,
2026-08-17,07:23,REM,58,
2026-08-17,07:24,REM,67,
2026-08-17,07:25,REM,60,
2026-08-17,07:26,REM,58,
2026-08-17,07:27,REM,60,
2026-08-17,07:28,REM,72,
2026-08-17,07:29,REM,72,
2026-08-17,07:30,REM,79,
2026-08-17,07:31,REM,84,
2026-08-17,07:32,REM,75,
2026-08-17,07:33,REM,61,
2026-08-17,07:34,REM,63,
2026-08-17,07:35,REM,62,
2026-08-17,07:36,REM,69,
2026-08-17,07:37,REM,65,
2026-08-17,07:38,REM,67,
2026-08-17,07:39,REM,65,
2026-08-17,07:40,REM,65,
2026-08-17,07:41,REM,75,
2026-08-17,07:42,LIGHT,96,
2026-08-17,07:43,LIGHT,100,
2026-08-17,07:44,LIGHT,99,
2026-08-17,07:45,LIGHT,92,
2026-08-17,07:46,LIGHT,87,
2026-08-17,07:47,LIGHT,87,
2026-08-17,07:48,LIGHT,89,
2026-08-17,07:49,LIGHT,89,
2026-08-17,07:50,LIGHT,84,
2026-08-17,07:51,LIGHT,86,
2026-08-17,07:52,LIGHT,87,
2026-08-17,07:53,LIGHT,91,
2026-08-17,07:54,LIGHT,99,
2026-08-17,07:55,LIGHT,91,
2026-08-17,07:56,LIGHT,79,
2026-08-17,07:57,LIGHT,72,
2026-08-17,07:58,LIGHT,74,
2026-08-17,07:59,LIGHT,71,
2026-08-17,08:00,LIGHT,71,
2026-08-17,08:01,LIGHT,71,
2026-08-17,08:02,LIGHT,71,
2026-08-17,08:03,LIGHT,71,
2026-08-17,08:04,LIGHT,68,
2026-08-17,08:05,LIGHT,70,
2026-08-17,08:06,LIGHT,70,
2026-08-17,08:07,LIGHT,70,
2026-08-17,08:08,LIGHT,67,
2026-08-17,08:09,LIGHT,68,
2026-08-17,08:10,LIGHT,70,
2026-08-17,08:11,LIGHT,67,
2026-08-17,08:12,LIGHT,74,
2026-08-17,08:13,LIGHT,89,
2026-08-17,08:14,LIGHT,115,
2026-08-17,08:15,LIGHT,122,
2026-08-17,08:16,LIGHT,94,
2026-08-17,08:17,LIGHT,73,
2026-08-17,08:18,LIGHT,67,
2026-08-17,08:19,LIGHT,61,
2026-08-17,08:20,LIGHT,57,
2026-08-17,08:21,LIGHT,61,
2026-08-17,08:22,LIGHT,62,
2026-08-17,08:23,LIGHT,61,
2026-08-17,08:24,LIGHT,62,
2026-08-17,08:25,LIGHT,63,
2026-08-17,08:26,LIGHT,63,
2026-08-17,08:27,LIGHT,68,
2026-08-17,08:28,LIGHT,70,
2026-08-17,08:29,LIGHT,67,
2026-08-17,08:30,WAKE,67,
2026-08-17,08:31,LIGHT,61,
2026-08-17,08:32,LIGHT,65,
2026-08-17,08:33,LIGHT,61,
2026-08-17,08:34,LIGHT,64,
2026-08-17,08:35,LIGHT,66,
2026-08-17,08:36,LIGHT,67,
2026-08-17,08:37,LIGHT,69,
2026-08-17,08:38,REM,67,
2026-08-17,08:39,REM,66,
2026-08-17,08:40,REM,64,
2026-08-17,08:41,REM,66,
2026-08-17,08:42,REM,60,
2026-08-17,08:43,REM,62,
2026-08-17,08:44,REM,62,
2026-08-17,08:45,REM,66,
2026-08-17,08:46,REM,60,
2026-08-17,08:47,REM,62,
2026-08-17,08:48,REM,60,
2026-08-17,08:49,REM,63,
2026-08-17,08:50,REM,58,
2026-08-17,08:51,REM,57,
2026-08-17,08:52,REM,59,
2026-08-17,08:53,REM,61,
2026-08-17,08:54,REM,58,
2026-08-17,08:55,REM,63,
2026-08-17,08:56,REM,62,
2026-08-17,08:57,REM,60,
2026-08-17,08:58,REM,61,
2026-08-17,08:59,REM,58,
2026-08-17,09:00,REM,60,
2026-08-17,09:01,REM,57,
2026-08-17,09:02,REM,56,
2026-08-17,09:03,REM,55,
2026-08-17,09:04,REM,62,
2026-08-17,09:05,REM,59,
2026-08-17,09:06,REM,57,
2026-08-17,09:07,REM,60,
2026-08-17,09:08,REM,57,
2026-08-17,09:09,REM,58,
2026-08-17,09:10,REM,55,
2026-08-17,09:11,REM,60,
2026-08-17,09:12,REM,58,
2026-08-17,09:13,REM,56,
2026-08-17,09:14,REM,61,
2026-08-17,09:15,REM,64,
2026-08-17,09:16,REM,65,
2026-08-17,09:17,REM,59,
2026-08-17,09:18,LIGHT,62,
2026-08-17,09:19,LIGHT,62,
2026-08-17,09:20,LIGHT,58,
2026-08-17,09:21,LIGHT,63,
2026-08-17,09:22,LIGHT,64,
2026-08-17,09:23,LIGHT,64,
2026-08-17,09:24,LIGHT,62,
2026-08-17,09:25,LIGHT,62,
2026-08-17,09:26,LIGHT,61,
2026-08-17,09:27,LIGHT,63,
2026-08-17,09:28,LIGHT,68,
2026-08-17,09:29,LIGHT,68,
2026-08-17,09:30,LIGHT,71,
2026-08-17,09:31,LIGHT,71,
2026-08-17,09:32,LIGHT,68,
2026-08-17,09:33,LIGHT,74,
2026-08-17,09:34,LIGHT,78,
2026-08-17,09:35,LIGHT,77,
2026-08-17,09:36,LIGHT,76,
2026-08-17,09:37,LIGHT,73,
2026-08-17,09:38,WAKE,75,
2026-08-17,09:39,WAKE,71,
2026-08-17,09:40,LIGHT,65,
2026-08-17,09:41,LIGHT,70,
2026-08-17,09:42,LIGHT,69,
2026-08-17,09:43,LIGHT,71,
2026-08-17,09:44,LIGHT,65,
2026-08-17,09:45,LIGHT,64,
2026-08-17,09:46,LIGHT,81,
2026-08-17,09:47,LIGHT,75,
2026-08-17,09:48,LIGHT,70,
2026-08-17,09:49,WAKE,69,
2026-08-17,09:50,LIGHT,71,
2026-08-17,09:51,LIGHT,68,
2026-08-17,09:52,LIGHT,80,
2026-08-17,09:53,LIGHT,82,
2026-08-17,09:54,LIGHT,78,
2026-08-17,09:55,LIGHT,78,
2026-08-17,09:56,LIGHT,78,
2026-08-17,09:57,LIGHT,70,
2026-08-17,09:58,LIGHT,65,
2026-08-17,09:59,LIGHT,69,
2026-08-17,10:00,LIGHT,71,
2026-08-17,10:01,LIGHT,81,
2026-08-17,10:02,WAKE,85,
2026-08-17,10:03,LIGHT,85,
2026-08-18,00:44,LIGHT,59,
2026-08-18,00:45,LIGHT,62,
2026-08-18,00:46,LIGHT,59,
2026-08-18,00:47,LIGHT,59,
2026-08-18,00:48,LIGHT,58,
2026-08-18,00:49,LIGHT,55,
2026-08-18,00:50,LIGHT,57,
2026-08-18,00:51,LIGHT,54,
2026-08-18,00:52,LIGHT,54,
2026-08-18,00:53,LIGHT,54,
2026-08-18,00:54,LIGHT,54,
2026-08-18,00:55,DEEP,54,
2026-08-18,00:56,DEEP,54,
2026-08-18,00:57,DEEP,53,
2026-08-18,00:58,DEEP,54,
2026-08-18,00:59,DEEP,55,
2026-08-18,01:00,DEEP,55,
2026-08-18,01:01,DEEP,52,
2026-08-18,01:02,DEEP,54,
2026-08-18,01:03,DEEP,54,
2026-08-18,01:04,DEEP,57,
2026-08-18,01:05,DEEP,55,
2026-08-18,01:06,DEEP,53,
2026-08-18,01:07,DEEP,53,
2026-08-18,01:08,DEEP,55,
2026-08-18,01:09,DEEP,56,
2026-08-18,01:10,DEEP,56,
2026-08-18,01:11,DEEP,55,
2026-08-18,01:12,DEEP,52,
2026-08-18,01:13,DEEP,52,
2026-08-18,01:14,LIGHT,49,
2026-08-18,01:15,LIGHT,51,
2026-08-18,01:16,LIGHT,49,
2026-08-18,01:17,LIGHT,49,
2026-08-18,01:18,LIGHT,47,
2026-08-18,01:19,LIGHT,48,
2026-08-18,01:20,LIGHT,47,
2026-08-18,01:21,LIGHT,49,
2026-08-18,01:22,DEEP,49,
2026-08-18,01:23,DEEP,49,
2026-08-18,01:24,DEEP,54,
2026-08-18,01:25,DEEP,51,
2026-08-18,01:26,DEEP,47,
2026-08-18,01:27,DEEP,52,
2026-08-18,01:28,DEEP,49,
2026-08-18,01:29,DEEP,54,
2026-08-18,01:30,DEEP,61,
2026-08-18,01:31,DEEP,53,
2026-08-18,01:32,DEEP,48,
2026-08-18,01:33,DEEP,53,
2026-08-18,01:34,LIGHT,58,
2026-08-18,01:35,LIGHT,56,
2026-08-18,01:36,LIGHT,49,
2026-08-18,01:37,LIGHT,52,
2026-08-18,01:38,LIGHT,48,
2026-08-18,01:39,LIGHT,47,
2026-08-18,01:40,DEEP,47,
2026-08-18,01:41,DEEP,46,
2026-08-18,01:42,DEEP,46,
2026-08-18,01:43,DEEP,46,
2026-08-18,01:44,DEEP,48,
2026-08-18,01:45,DEEP,45,
2026-08-18,01:46,DEEP,45,
2026-08-18,01:47,DEEP,46,
2026-08-18,01:48,DEEP,56,
2026-08-18,01:49,DEEP,48,
2026-08-18,01:50,DEEP,46,
2026-08-18,01:51,DEEP,45,
2026-08-18,01:52,DEEP,47,
2026-08-18,01:53,DEEP,47,
2026-08-18,01:54,DEEP,44,
2026-08-18,01:55,DEEP,49,
2026-08-18,01:56,DEEP,48,
2026-08-18,01:57,LIGHT,47,
2026-08-18,01:58,LIGHT,46,
2026-08-18,01:59,LIGHT,47,
2026-08-18,02:00,WAKE,45,
2026-08-18,02:01,LIGHT,45,
2026-08-18,02:02,LIGHT,46,
2026-08-18,02:03,LIGHT,48,
2026-08-18,02:04,LIGHT,46,
2026-08-18,02:05,LIGHT,46,
2026-08-18,02:06,LIGHT,46,
2026-08-18,02:07,LIGHT,46,
2026-08-18,02:08,LIGHT,46,
2026-08-18,02:09,LIGHT,46,
2026-08-18,02:10,LIGHT,46,
2026-08-18,02:11,LIGHT,46,
2026-08-18,02:12,REM,46,
2026-08-18,02:13,REM,46,
2026-08-18,02:14,REM,46,
2026-08-18,02:15,LIGHT,46,
2026-08-18,02:16,LIGHT,46,
2026-08-18,02:17,LIGHT,46,
2026-08-18,02:18,LIGHT,47,
2026-08-18,02:19,LIGHT,48,
2026-08-18,02:20,LIGHT,48,
2026-08-18,02:21,LIGHT,48,
2026-08-18,02:22,LIGHT,48,
2026-08-18,02:23,DEEP,48,
2026-08-18,02:24,DEEP,48,
2026-08-18,02:25,DEEP,52,
2026-08-18,02:26,DEEP,51,
2026-08-18,02:27,DEEP,50,
2026-08-18,02:28,DEEP,57,
2026-08-18,02:29,DEEP,50,
2026-08-18,02:30,DEEP,48,
2026-08-18,02:31,DEEP,48,
2026-08-18,02:32,DEEP,47,
2026-08-18,02:33,LIGHT,47,
2026-08-18,02:34,LIGHT,47,
2026-08-18,02:35,LIGHT,48,
2026-08-18,02:36,WAKE,52,
2026-08-18,02:37,LIGHT,49,
2026-08-18,02:38,LIGHT,49,
2026-08-18,02:39,LIGHT,49,
2026-08-18,02:40,REM,48,
2026-08-18,02:41,REM,48,
2026-08-18,02:42,REM,49,
2026-08-18,02:43,REM,50,
2026-08-18,02:44,REM,50,
2026-08-18,02:45,REM,50,
2026-08-18,02:46,REM,51,
2026-08-18,02:47,REM,51,
2026-08-18,02:48,REM,54,
2026-08-18,02:49,REM,48,
2026-08-18,02:50,REM,49,
2026-08-18,02:51,REM,50,
2026-08-18,02:52,REM,50,
2026-08-18,02:53,REM,51,
2026-08-18,02:54,REM,51,
2026-08-18,02:55,REM,49,
2026-08-18,02:56,REM,48,
2026-08-18,02:57,REM,48,
2026-08-18,02:58,REM,48,
2026-08-18,02:59,REM,48,
2026-08-18,03:00,REM,47,
2026-08-18,03:01,REM,52,
2026-08-18,03:02,REM,51,
2026-08-18,03:03,REM,52,
2026-08-18,03:04,REM,49,
2026-08-18,03:05,LIGHT,51,
2026-08-18,03:06,LIGHT,49,
2026-08-18,03:07,LIGHT,49,
2026-08-18,03:08,LIGHT,48,
2026-08-18,03:09,LIGHT,47,
2026-08-18,03:10,LIGHT,47,
2026-08-18,03:11,LIGHT,47,
2026-08-18,03:12,LIGHT,48,
2026-08-18,03:13,LIGHT,45,
2026-08-18,03:14,LIGHT,46,
2026-08-18,03:15,LIGHT,46,
2026-08-18,03:16,LIGHT,47,
2026-08-18,03:17,LIGHT,47,
2026-08-18,03:18,LIGHT,47,
2026-08-18,03:19,LIGHT,47,
2026-08-18,03:20,LIGHT,47,
2026-08-18,03:21,LIGHT,47,
2026-08-18,03:22,LIGHT,47,
2026-08-18,03:23,DEEP,47,
2026-08-18,03:24,DEEP,47,
2026-08-18,03:25,DEEP,47,
2026-08-18,03:26,DEEP,47,
2026-08-18,03:27,DEEP,47,
2026-08-18,03:28,DEEP,47,
2026-08-18,03:29,DEEP,47,
2026-08-18,03:30,DEEP,47,
2026-08-18,03:31,DEEP,47,
2026-08-18,03:32,DEEP,47,
2026-08-18,03:33,DEEP,47,
2026-08-18,03:34,DEEP,48,
2026-08-18,03:35,DEEP,47,
2026-08-18,03:36,DEEP,47,
2026-08-18,03:37,DEEP,47,
2026-08-18,03:38,DEEP,47,
2026-08-18,03:39,DEEP,46,
2026-08-18,03:40,DEEP,46,
2026-08-18,03:41,DEEP,46,
2026-08-18,03:42,DEEP,46,
2026-08-18,03:43,DEEP,46,
2026-08-18,03:44,DEEP,46,
2026-08-18,03:45,DEEP,46,
2026-08-18,03:46,DEEP,46,
2026-08-18,03:47,DEEP,46,
2026-08-18,03:48,LIGHT,46,
2026-08-18,03:49,LIGHT,46,
2026-08-18,03:50,LIGHT,46,
2026-08-18,03:51,LIGHT,46,
2026-08-18,03:52,LIGHT,45,
2026-08-18,03:53,LIGHT,45,
2026-08-18,03:54,LIGHT,45,
2026-08-18,03:55,REM,45,
2026-08-18,03:56,REM,45,
2026-08-18,03:57,REM,45,
2026-08-18,03:58,REM,46,
2026-08-18,03:59,REM,51,
2026-08-18,04:00,REM,56,
2026-08-18,04:01,REM,56,
2026-08-18,04:02,REM,52,
2026-08-18,04:03,REM,51,
2026-08-18,04:04,REM,51,
2026-08-18,04:05,REM,51,
2026-08-18,04:06,REM,50,
2026-08-18,04:07,REM,48,
2026-08-18,04:08,REM,48,
2026-08-18,04:09,REM,53,
2026-08-18,04:10,REM,47,
2026-08-18,04:11,REM,47,
2026-08-18,04:12,REM,47,
2026-08-18,04:13,REM,46,
2026-08-18,04:14,REM,46,
2026-08-18,04:15,LIGHT,46,
2026-08-18,04:16,LIGHT,46,
2026-08-18,04:17,LIGHT,48,
2026-08-18,04:18,LIGHT,51,
2026-08-18,04:19,LIGHT,54,
2026-08-18,04:20,LIGHT,62,
2026-08-18,04:21,LIGHT,51,
2026-08-18,04:22,LIGHT,47,
2026-08-18,04:23,LIGHT,45,
2026-08-18,04:24,LIGHT,45,
2026-08-18,04:25,LIGHT,44,
2026-08-18,04:26,LIGHT,46,
2026-08-18,04:27,LIGHT,46,
2026-08-18,04:28,LIGHT,45,
2026-08-18,04:29,LIGHT,45,
2026-08-18,04:30,LIGHT,46,
2026-08-18,04:31,LIGHT,52,
2026-08-18,04:32,LIGHT,47,
2026-08-18,04:33,LIGHT,45,
2026-08-18,04:34,LIGHT,45,
2026-08-18,04:35,LIGHT,45,
2026-08-18,04:36,LIGHT,45,
2026-08-18,04:37,LIGHT,45,
2026-08-18,04:38,LIGHT,45,
2026-08-18,04:39,LIGHT,50,
2026-08-18,04:40,LIGHT,51,
2026-08-18,04:41,LIGHT,48,
2026-08-18,04:42,LIGHT,47,
2026-08-18,04:43,LIGHT,47,
2026-08-18,04:44,LIGHT,46,
2026-08-18,04:45,LIGHT,47,
2026-08-18,04:46,LIGHT,47,
2026-08-18,04:47,LIGHT,47,
2026-08-18,04:48,LIGHT,47,
2026-08-18,04:49,LIGHT,47,
2026-08-18,04:50,LIGHT,47,
2026-08-18,04:51,LIGHT,47,
2026-08-18,04:52,LIGHT,48,
2026-08-18,04:53,LIGHT,48,
2026-08-18,04:54,LIGHT,49,
2026-08-18,04:55,LIGHT,48,
2026-08-18,04:56,LIGHT,48,
2026-08-18,04:57,LIGHT,48,
2026-08-18,04:58,LIGHT,59,
2026-08-18,04:59,LIGHT,51,
2026-08-18,05:00,LIGHT,49,
2026-08-18,05:01,LIGHT,47,
2026-08-18,05:02,LIGHT,50,
2026-08-18,05:03,LIGHT,49,
2026-08-18,05:04,LIGHT,49,
2026-08-18,05:05,LIGHT,49,
2026-08-18,05:06,LIGHT,54,
2026-08-18,05:07,LIGHT,49,
2026-08-18,05:08,LIGHT,49,
2026-08-18,05:09,LIGHT,48,
2026-08-18,05:10,LIGHT,48,
2026-08-18,05:11,LIGHT,48,
2026-08-18,05:12,LIGHT,60,
2026-08-18,05:13,LIGHT,56,
2026-08-18,05:14,LIGHT,51,
2026-08-18,05:15,LIGHT,53,
2026-08-18,05:16,LIGHT,49,
2026-08-18,05:17,LIGHT,48,
2026-08-18,05:18,LIGHT,48,
2026-08-18,05:19,LIGHT,45,
2026-08-18,05:20,LIGHT,47,
2026-08-18,05:21,LIGHT,47,
2026-08-18,05:22,LIGHT,46,
2026-08-18,05:23,LIGHT,46,
2026-08-18,05:24,LIGHT,46,
2026-08-18,05:25,LIGHT,46,
2026-08-18,05:26,LIGHT,46,
2026-08-18,05:27,LIGHT,48,
2026-08-18,05:28,LIGHT,42,
2026-08-18,05:29,REM,43,
2026-08-18,05:30,REM,44,
2026-08-18,05:31,REM,46,
2026-08-18,05:32,REM,47,
2026-08-18,05:33,REM,48,
2026-08-18,05:34,REM,48,
2026-08-18,05:35,REM,48,
2026-08-18,05:36,REM,48,
2026-08-18,05:37,REM,49,
2026-08-18,05:38,REM,49,
2026-08-18,05:39,REM,49,
2026-08-18,05:40,REM,48,
2026-08-18,05:41,REM,50,
2026-08-18,05:42,REM,57,
2026-08-18,05:43,REM,54,
2026-08-18,05:44,REM,48,
2026-08-18,05:45,REM,47,
2026-08-18,05:46,REM,54,
2026-08-18,05:47,REM,52,
2026-08-18,05:48,REM,49,
2026-08-18,05:49,REM,48,
2026-08-18,05:50,REM,48,
2026-08-18,05:51,REM,49,
2026-08-18,05:52,REM,51,
2026-08-18,05:53,REM,51,
2026-08-18,05:54,REM,50,
2026-08-18,05:55,REM,50,
2026-08-18,05:56,REM,51,
2026-08-18,05:57,REM,49,
2026-08-18,05:58,REM,50,
2026-08-18,05:59,REM,49,
2026-08-18,06:00,REM,49,
2026-08-18,06:01,REM,52,
2026-08-18,06:02,REM,52,
2026-08-18,06:03,REM,52,
2026-08-18,06:04,REM,52,
2026-08-18,06:05,LIGHT,53,
2026-08-18,06:06,LIGHT,58,
2026-08-18,06:07,LIGHT,55,
2026-08-18,06:08,LIGHT,49,
2026-08-18,06:09,LIGHT,48,
2026-08-18,06:10,LIGHT,47,
2026-08-18,06:11,LIGHT,46,
2026-08-18,06:12,LIGHT,46,
2026-08-18,06:13,LIGHT,48,
2026-08-18,06:14,LIGHT,47,
2026-08-18,06:15,LIGHT,47,
2026-08-18,06:16,LIGHT,49,
2026-08-18,06:17,LIGHT,50,
2026-08-18,06:18,LIGHT,49,
2026-08-18,06:19,LIGHT,49,
2026-08-18,06:20,LIGHT,56,
2026-08-18,06:21,LIGHT,50,
2026-08-18,06:22,LIGHT,50,
2026-08-18,06:23,LIGHT,50,
2026-08-18,06:24,LIGHT,50,
2026-08-18,06:25,LIGHT,48,
2026-08-18,06:26,LIGHT,48,
2026-08-18,06:27,LIGHT,50,
2026-08-18,06:28,LIGHT,48,
2026-08-18,06:29,LIGHT,51,
2026-08-18,06:30,LIGHT,48,
2026-08-18,06:31,LIGHT,46,
2026-08-18,06:32,LIGHT,46,
2026-08-18,06:33,LIGHT,46,
2026-08-18,06:34,LIGHT,47,
2026-08-18,06:35,LIGHT,51,
2026-08-18,06:36,LIGHT,56,
2026-08-18,06:37,LIGHT,50,
2026-08-18,06:38,LIGHT,47,
2026-08-18,06:39,LIGHT,47,
2026-08-18,06:40,LIGHT,47,
2026-08-18,06:41,LIGHT,47,
2026-08-18,06:42,LIGHT,52,
2026-08-18,06:43,LIGHT,53,
2026-08-18,06:44,LIGHT,47,
2026-08-18,06:45,LIGHT,49,
2026-08-18,06:46,LIGHT,49,
2026-08-18,06:47,LIGHT,47,
2026-08-18,06:48,LIGHT,53,
2026-08-18,06:49,LIGHT,60,
2026-08-18,06:50,LIGHT,53,
2026-08-18,06:51,LIGHT,50,
2026-08-18,06:52,LIGHT,49,
2026-08-18,06:53,LIGHT,49,
2026-08-18,06:54,LIGHT,48,
2026-08-18,06:55,LIGHT,48,
2026-08-18,06:56,LIGHT,54,
2026-08-18,06:57,LIGHT,54,
2026-08-18,06:58,LIGHT,53,
2026-08-18,06:59,LIGHT,63,
2026-08-18,07:00,LIGHT,59,
2026-08-18,07:01,LIGHT,56,
2026-08-18,07:02,LIGHT,54,
2026-08-18,07:03,LIGHT,53,
2026-08-18,07:04,LIGHT,51,
2026-08-18,07:05,LIGHT,59,
2026-08-18,07:06,LIGHT,53,
2026-08-18,07:07,LIGHT,54,
2026-08-18,07:08,LIGHT,53,
2026-08-18,07:09,LIGHT,65,
2026-08-18,07:10,LIGHT,60,
2026-08-18,07:11,LIGHT,63,
2026-08-18,07:12,LIGHT,64,
2026-08-18,07:13,LIGHT,60,
2026-08-18,07:14,LIGHT,59,
2026-08-18,07:15,LIGHT,59,
2026-08-18,07:16,LIGHT,61,
2026-08-18,07:17,LIGHT,60,
2026-08-18,07:18,LIGHT,70,
2026-08-18,07:19,LIGHT,89,
2026-08-18,07:20,LIGHT,73,
2026-08-18,07:21,LIGHT,69,
2026-08-18,07:22,LIGHT,65,
2026-08-18,07:23,LIGHT,57,
2026-08-18,14:06,LIGHT,70,
2026-08-18,14:07,LIGHT,68,
2026-08-18,14:08,LIGHT,67,
2026-08-18,14:09,LIGHT,66,
2026-08-18,14:10,LIGHT,66,
2026-08-18,14:11,LIGHT,68,
2026-08-18,14:12,LIGHT,67,
2026-08-18,14:13,LIGHT,68,
2026-08-18,14:14,LIGHT,69,
2026-08-18,14:15,LIGHT,68,
2026-08-18,14:16,DEEP,66,
2026-08-18,14:17,DEEP,64,
2026-08-18,14:18,DEEP,67,
2026-08-18,14:19,DEEP,57,
2026-08-18,14:20,DEEP,53,
2026-08-18,14:21,DEEP,54,
2026-08-18,14:22,DEEP,54,
2026-08-18,14:23,DEEP,52,
2026-08-18,14:24,DEEP,54,
2026-08-18,14:25,DEEP,59,
2026-08-18,14:26,DEEP,69,
2026-08-18,14:27,DEEP,79,
2026-08-18,14:28,DEEP,70,
2026-08-18,14:29,DEEP,61,
2026-08-18,14:30,DEEP,60,
2026-08-18,14:31,DEEP,62,
2026-08-18,14:32,DEEP,61,
2026-08-18,14:33,DEEP,61,
2026-08-18,14:34,LIGHT,59,
2026-08-18,14:35,LIGHT,64,
2026-08-18,14:36,LIGHT,74,
2026-08-18,14:37,WAKE,72,
2026-08-18,14:38,LIGHT,60,
2026-08-18,14:39,LIGHT,60,
2026-08-18,14:40,LIGHT,57,
2026-08-18,14:41,LIGHT,54,
2026-08-18,14:42,LIGHT,56,
2026-08-18,14:43,LIGHT,54,
2026-08-18,14:44,LIGHT,56,
2026-08-18,14:45,LIGHT,58,
2026-08-18,14:46,LIGHT,67,
2026-08-18,14:47,LIGHT,77,
2026-08-18,14:48,REM,79,
2026-08-18,14:49,REM,65,
2026-08-18,14:50,REM,62,
2026-08-18,14:51,REM,56,
2026-08-18,14:52,REM,56,
2026-08-18,14:53,REM,56,
2026-08-18,14:54,REM,58,
2026-08-18,14:55,REM,56,
2026-08-18,14:56,REM,56,
2026-08-18,14:57,REM,60,
2026-08-18,14:58,REM,57,
2026-08-18,14:59,REM,53,
2026-08-18,15:00,REM,55,
2026-08-18,15:01,REM,64,
2026-08-18,15:02,REM,58,
2026-08-18,15:03,REM,55,
2026-08-18,15:04,REM,53,
2026-08-18,15:05,REM,53,
2026-08-18,15:06,REM,55,
2026-08-18,15:07,REM,54,
2026-08-18,15:08,REM,59,
2026-08-18,15:09,REM,59,
2026-08-18,15:10,REM,55,
2026-08-18,15:11,REM,53,
2026-08-18,15:12,LIGHT,53,
2026-08-18,15:13,LIGHT,53,
2026-08-18,15:14,LIGHT,53,
2026-08-18,15:15,LIGHT,54,
2026-08-18,15:16,LIGHT,53,
2026-08-18,15:17,REM,53,
2026-08-18,15:18,REM,53,
2026-08-18,15:19,REM,53,
2026-08-18,15:20,REM,53,
2026-08-18,15:21,REM,53,
2026-08-18,15:22,REM,53,
2026-08-18,15:23,REM,53,
2026-08-18,15:24,REM,53,
2026-08-18,15:25,REM,53,
2026-08-18,15:26,REM,53,
2026-08-18,15:27,REM,53,
2026-08-18,15:28,REM,53,
2026-08-18,15:29,REM,53,
2026-08-18,15:30,REM,53,
2026-08-18,15:31,REM,53,
2026-08-18,15:32,REM,53,
2026-08-18,15:33,REM,53,
2026-08-18,15:34,REM,53,
2026-08-18,15:35,LIGHT,55,
2026-08-18,15:36,LIGHT,55,
2026-08-18,15:37,LIGHT,51,
2026-08-18,15:38,LIGHT,51,
2026-08-18,15:39,LIGHT,50,
2026-08-18,15:40,LIGHT,50,
2026-08-18,15:41,LIGHT,50,
2026-08-18,15:42,LIGHT,51,
2026-08-18,15:43,LIGHT,51,
2026-08-18,15:44,LIGHT,52,
2026-08-18,15:45,LIGHT,52,
2026-08-18,15:46,LIGHT,52,
2026-08-18,15:47,DEEP,62,
2026-08-18,15:48,DEEP,57,
2026-08-18,15:49,DEEP,54,
2026-08-18,15:50,DEEP,54,
2026-08-18,15:51,DEEP,53,
2026-08-18,15:52,DEEP,53,
2026-08-18,15:53,DEEP,53,
2026-08-18,15:54,LIGHT,53,
2026-08-18,15:55,LIGHT,53,
2026-08-18,15:56,LIGHT,53,
2026-08-18,15:57,LIGHT,54,
2026-08-18,15:58,LIGHT,54,
2026-08-18,15:59,LIGHT,54,
2026-08-18,16:00,LIGHT,54,
2026-08-18,16:01,LIGHT,54,
2026-08-18,16:02,LIGHT,54,
2026-08-18,16:03,LIGHT,54,
2026-08-18,16:04,WAKE,54,
2026-08-18,16:05,LIGHT,54,
2026-08-18,16:06,LIGHT,54,
2026-08-18,16:07,LIGHT,54,
2026-08-18,16:08,LIGHT,54,
2026-08-18,16:09,LIGHT,54,
2026-08-18,16:10,LIGHT,53,
2026-08-18,16:11,LIGHT,53,
2026-08-18,16:12,LIGHT,53,
2026-08-18,16:13,LIGHT,53,
2026-08-18,16:14,LIGHT,55,
2026-08-18,16:15,LIGHT,65,
2026-08-18,16:16,LIGHT,54,
2026-08-18,16:17,LIGHT,51,
2026-08-18,16:18,LIGHT,50,
2026-08-18,16:19,LIGHT,52,
2026-08-18,16:20,LIGHT,50,
2026-08-18,16:21,LIGHT,50,
2026-08-18,16:22,LIGHT,49,
2026-08-18,16:23,LIGHT,49,
2026-08-18,16:24,LIGHT,49,
2026-08-18,16:25,LIGHT,50,
2026-08-18,16:26,LIGHT,50,
2026-08-18,16:27,LIGHT,51,
2026-08-18,16:28,LIGHT,51,
2026-08-18,16:29,LIGHT,51,
2026-08-18,16:30,LIGHT,52,
2026-08-18,16:31,LIGHT,52,
2026-08-18,16:32,LIGHT,54,
2026-08-19,01:40,LIGHT,51,
2026-08-19,01:41,LIGHT,57,
2026-08-19,01:42,LIGHT,47,
2026-08-19,01:43,LIGHT,46,
2026-08-19,01:44,LIGHT,47,
2026-08-19,01:45,LIGHT,45,
2026-08-19,01:46,LIGHT,47,
2026-08-19,01:47,LIGHT,47,
2026-08-19,01:48,LIGHT,45,
2026-08-19,01:49,WAKE,46,
2026-08-19,01:50,LIGHT,47,
2026-08-19,01:51,LIGHT,47,
2026-08-19,01:52,LIGHT,49,
2026-08-19,01:53,LIGHT,48,
2026-08-19,01:54,LIGHT,49,
2026-08-19,01:55,LIGHT,52,
2026-08-19,01:56,LIGHT,48,
2026-08-19,01:57,LIGHT,46,
2026-08-19,01:58,LIGHT,46,
2026-08-19,01:59,LIGHT,51,
2026-08-19,02:00,LIGHT,51,
2026-08-19,02:01,LIGHT,48,
2026-08-19,02:02,LIGHT,46,
2026-08-19,02:03,LIGHT,47,
2026-08-19,02:04,LIGHT,47,
2026-08-19,02:05,LIGHT,47,
2026-08-19,02:06,LIGHT,47,
2026-08-19,02:07,LIGHT,47,
2026-08-19,02:08,LIGHT,47,
2026-08-19,02:09,LIGHT,49,
2026-08-19,02:10,LIGHT,48,
2026-08-19,02:11,LIGHT,51,
2026-08-19,02:12,LIGHT,50,
2026-08-19,02:13,DEEP,51,
2026-08-19,02:14,DEEP,53,
2026-08-19,02:15,DEEP,48,
2026-08-19,02:16,DEEP,48,
2026-08-19,02:17,DEEP,48,
2026-08-19,02:18,DEEP,48,
2026-08-19,02:19,DEEP,48,
2026-08-19,02:20,DEEP,48,
2026-08-19,02:21,DEEP,50,
2026-08-19,02:22,DEEP,50,
2026-08-19,02:23,DEEP,50,
2026-08-19,02:24,DEEP,49,
2026-08-19,02:25,DEEP,49,
2026-08-19,02:26,LIGHT,49,
2026-08-19,02:27,LIGHT,49,
2026-08-19,02:28,LIGHT,49,
2026-08-19,02:29,LIGHT,49,
2026-08-19,02:30,LIGHT,49,
2026-08-19,02:31,LIGHT,49,
2026-08-19,02:32,LIGHT,49,
2026-08-19,02:33,LIGHT,49,
2026-08-19,02:34,LIGHT,49,
2026-08-19,02:35,LIGHT,49,
2026-08-19,02:36,LIGHT,49,
2026-08-19,02:37,LIGHT,49,
2026-08-19,02:38,LIGHT,49,
2026-08-19,02:39,LIGHT,49,
2026-08-19,02:40,REM,49,
2026-08-19,02:41,REM,57,
2026-08-19,02:42,REM,62,
2026-08-19,02:43,REM,52,
2026-08-19,02:44,REM,46,
2026-08-19,02:45,REM,46,
2026-08-19,02:46,REM,46,
2026-08-19,02:47,REM,46,
2026-08-19,02:48,REM,45,
2026-08-19,02:49,REM,45,
2026-08-19,02:50,REM,45,
2026-08-19,02:51,REM,50,
2026-08-19,02:52,REM,49,
2026-08-19,02:53,REM,46,
2026-08-19,02:54,REM,45,
2026-08-19,02:55,REM,45,
2026-08-19,02:56,REM,45,
2026-08-19,02:57,REM,45,
2026-08-19,02:58,REM,45,
2026-08-19,02:59,REM,46,
2026-08-19,03:00,REM,46,
2026-08-19,03:01,REM,47,
2026-08-19,03:02,REM,47,
2026-08-19,03:03,REM,47,
2026-08-19,03:04,REM,52,
2026-08-19,03:05,REM,58,
2026-08-19,03:06,REM,56,
2026-08-19,03:07,REM,50,
2026-08-19,03:08,REM,47,
2026-08-19,03:09,REM,45,
2026-08-19,03:10,REM,45,
2026-08-19,03:11,LIGHT,45,
2026-08-19,03:12,LIGHT,46,
2026-08-19,03:13,LIGHT,45,
2026-08-19,03:14,LIGHT,45,
2026-08-19,03:15,LIGHT,45,
2026-08-19,03:16,LIGHT,45,
2026-08-19,03:17,LIGHT,46,
2026-08-19,03:18,LIGHT,47,
2026-08-19,03:19,LIGHT,49,
2026-08-19,03:20,LIGHT,46,
2026-08-19,03:21,LIGHT,46,
2026-08-19,03:22,LIGHT,46,
2026-08-19,03:23,LIGHT,45,
2026-08-19,03:24,LIGHT,49,
2026-08-19,03:25,LIGHT,47,
2026-08-19,03:26,LIGHT,47,
2026-08-19,03:27,LIGHT,46,
2026-08-19,03:28,LIGHT,46,
2026-08-19,03:29,LIGHT,46,
2026-08-19,03:30,LIGHT,46,
2026-08-19,03:31,LIGHT,46,
2026-08-19,03:32,LIGHT,46,
2026-08-19,03:33,LIGHT,46,
2026-08-19,03:34,LIGHT,46,
2026-08-19,03:35,LIGHT,46,
2026-08-19,03:36,LIGHT,46,
2026-08-19,03:37,LIGHT,46,
2026-08-19,03:38,LIGHT,52,
2026-08-19,03:39,LIGHT,55,
2026-08-19,03:40,LIGHT,51,
2026-08-19,03:41,LIGHT,45,
2026-08-19,03:42,LIGHT,45,
2026-08-19,03:43,DEEP,51,
2026-08-19,03:44,DEEP,48,
2026-08-19,03:45,DEEP,47,
2026-08-19,03:46,DEEP,48,
2026-08-19,03:47,DEEP,50,
2026-08-19,03:48,DEEP,51,
2026-08-19,03:49,DEEP,53,
2026-08-19,03:50,DEEP,53,
2026-08-19,03:51,DEEP,53,
2026-08-19,03:52,DEEP,53,
2026-08-19,03:53,DEEP,56,
2026-08-19,03:54,DEEP,48,
2026-08-19,03:55,DEEP,46,
2026-08-19,03:56,DEEP,51,
2026-08-19,03:57,DEEP,48,
2026-08-19,03:58,DEEP,45,
2026-08-19,03:59,DEEP,45,
2026-08-19,04:00,DEEP,46,
2026-08-19,04:01,LIGHT,46,
2026-08-19,04:02,LIGHT,46,
2026-08-19,04:03,LIGHT,47,
2026-08-19,04:04,LIGHT,47,
2026-08-19,04:05,LIGHT,46,
2026-08-19,04:06,LIGHT,49,
2026-08-19,04:07,LIGHT,46,
2026-08-19,04:08,LIGHT,44,
2026-08-19,04:09,LIGHT,44,
2026-08-19,04:10,LIGHT,45,
2026-08-19,04:11,LIGHT,47,
2026-08-19,04:12,LIGHT,46,
2026-08-19,04:13,LIGHT,48,
2026-08-19,04:14,LIGHT,46,
2026-08-19,04:15,LIGHT,46,
2026-08-19,04:16,LIGHT,46,
2026-08-19,04:17,LIGHT,46,
2026-08-19,04:18,LIGHT,46,
2026-08-19,04:19,LIGHT,46,
2026-08-19,04:20,LIGHT,44,
2026-08-19,04:21,WAKE,44,
2026-08-19,04:22,LIGHT,44,
2026-08-19,04:23,LIGHT,44,
2026-08-19,04:24,LIGHT,44,
2026-08-19,04:25,LIGHT,44,
2026-08-19,04:26,LIGHT,45,
2026-08-19,04:27,LIGHT,45,
2026-08-19,04:28,LIGHT,45,
2026-08-19,04:29,REM,46,
2026-08-19,04:30,REM,46,
2026-08-19,04:31,REM,46,
2026-08-19,04:32,REM,46,
2026-08-19,04:33,REM,47,
2026-08-19,04:34,REM,47,
2026-08-19,04:35,REM,47,
2026-08-19,04:36,REM,47,
2026-08-19,04:37,REM,47,
2026-08-19,04:38,REM,46,
2026-08-19,04:39,LIGHT,46,
2026-08-19,04:40,LIGHT,46,
2026-08-19,04:41,LIGHT,46,
2026-08-19,04:42,LIGHT,46,
2026-08-19,04:43,LIGHT,46,
2026-08-19,04:44,LIGHT,46,
2026-08-19,04:45,LIGHT,46,
2026-08-19,04:46,LIGHT,46,
2026-08-19,04:47,LIGHT,46,
2026-08-19,04:48,LIGHT,46,
2026-08-19,04:49,LIGHT,46,
2026-08-19,04:50,LIGHT,46,
2026-08-19,04:51,LIGHT,46,
2026-08-19,04:52,LIGHT,46,
2026-08-19,04:53,LIGHT,48,
2026-08-19,04:54,LIGHT,48,
2026-08-19,04:55,LIGHT,47,
2026-08-19,04:56,LIGHT,46,
2026-08-19,04:57,LIGHT,46,
2026-08-19,04:58,LIGHT,46,
2026-08-19,04:59,LIGHT,46,
2026-08-19,05:00,LIGHT,46,
2026-08-19,05:01,LIGHT,45,
2026-08-19,05:02,LIGHT,45,
2026-08-19,05:03,LIGHT,45,
2026-08-19,05:04,LIGHT,45,
2026-08-19,05:05,LIGHT,45,
2026-08-19,05:06,LIGHT,45,
2026-08-19,05:07,LIGHT,45,
2026-08-19,05:08,LIGHT,45,
2026-08-19,05:09,LIGHT,45,
2026-08-19,05:10,LIGHT,44,
2026-08-19,05:11,LIGHT,44,
2026-08-19,05:12,LIGHT,44,
2026-08-19,05:13,LIGHT,44,
2026-08-19,05:14,WAKE,44,
2026-08-19,05:15,WAKE,44,
2026-08-19,05:16,LIGHT,49,
2026-08-19,05:17,LIGHT,63,
2026-08-19,05:18,LIGHT,63,
2026-08-19,05:19,LIGHT,51,
2026-08-19,05:20,LIGHT,47,
2026-08-19,05:21,LIGHT,44,
2026-08-19,05:22,LIGHT,44,
2026-08-19,05:23,LIGHT,43,
2026-08-19,05:24,LIGHT,43,
2026-08-19,05:25,LIGHT,44,
2026-08-19,05:26,LIGHT,42,
2026-08-19,05:27,LIGHT,42,
2026-08-19,05:28,LIGHT,44,
2026-08-19,05:29,LIGHT,44,
2026-08-19,05:30,LIGHT,48,
2026-08-19,05:31,LIGHT,47,
2026-08-19,05:32,LIGHT,45,
2026-08-19,05:33,LIGHT,44,
2026-08-19,05:34,LIGHT,44,
2026-08-19,05:35,LIGHT,44,
2026-08-19,05:36,LIGHT,60,
2026-08-19,05:37,LIGHT,47,
2026-08-19,05:38,LIGHT,43,
2026-08-19,05:39,LIGHT,43,
2026-08-19,05:40,LIGHT,43,
2026-08-19,05:41,LIGHT,44,
2026-08-19,05:42,LIGHT,43,
2026-08-19,05:43,WAKE,46,
2026-08-19,05:44,WAKE,43,
2026-08-19,05:45,LIGHT,43,
2026-08-19,05:46,LIGHT,45,
2026-08-19,05:47,LIGHT,43,
2026-08-19,05:48,LIGHT,42,
2026-08-19,05:49,LIGHT,42,
2026-08-19,05:50,REM,42,
2026-08-19,05:51,REM,42,
2026-08-19,05:52,REM,42,
2026-08-19,05:53,REM,43,
2026-08-19,05:54,REM,43,
2026-08-19,05:55,REM,44,
2026-08-19,05:56,REM,45,
2026-08-19,05:57,REM,51,
2026-08-19,05:58,REM,45,
2026-08-19,05:59,REM,51,
2026-08-19,06:00,REM,48,
2026-08-19,06:01,REM,54,
2026-08-19,06:02,REM,51,
2026-08-19,06:03,REM,49,
2026-08-19,06:04,REM,47,
2026-08-19,06:05,LIGHT,49,
2026-08-19,06:06,LIGHT,50,
2026-08-19,06:07,LIGHT,54,
2026-08-19,06:08,WAKE,56,
2026-08-19,06:09,WAKE,56,
2026-08-19,06:10,LIGHT,56,
2026-08-19,06:11,LIGHT,61,
2026-08-19,06:12,LIGHT,49,
2026-08-19,06:13,LIGHT,46,
2026-08-19,06:14,LIGHT,46,
2026-08-19,06:15,LIGHT,50,
2026-08-19,06:16,LIGHT,47,
2026-08-19,06:17,LIGHT,46,
2026-08-19,06:18,LIGHT,46,
2026-08-19,06:19,LIGHT,48,
2026-08-19,06:20,LIGHT,45,
2026-08-19,06:21,WAKE,46,
2026-08-19,06:22,LIGHT,46,
2026-08-19,06:23,LIGHT,46,
2026-08-19,06:24,LIGHT,46,
2026-08-19,06:25,LIGHT,48,
2026-08-19,06:26,LIGHT,51,
2026-08-19,06:27,LIGHT,45,
2026-08-19,06:28,LIGHT,45,
2026-08-19,06:29,LIGHT,45,
2026-08-19,06:30,LIGHT,45,
2026-08-19,06:31,LIGHT,44,
2026-08-19,06:32,LIGHT,44,
2026-08-19,06:33,LIGHT,44,
2026-08-19,06:34,LIGHT,44,
2026-08-19,06:35,LIGHT,54,
2026-08-19,06:36,WAKE,48,
2026-08-19,06:37,WAKE,46,
2026-08-19,06:38,LIGHT,46,
2026-08-19,06:39,LIGHT,46,
2026-08-19,06:40,LIGHT,53,
2026-08-19,06:41,LIGHT,47,
2026-08-19,06:42,LIGHT,47,
2026-08-19,06:43,LIGHT,47,
2026-08-19,06:44,WAKE,46,
2026-08-19,06:45,LIGHT,52,
2026-08-19,06:46,WAKE,49,
2026-08-19,06:47,WAKE,47,
2026-08-19,06:48,LIGHT,46,
2026-08-19,06:49,LIGHT,48,
2026-08-19,06:50,WAKE,48,
2026-08-19,06:51,LIGHT,49,
2026-08-19,06:52,LIGHT,48,
2026-08-19,06:53,LIGHT,48,
2026-08-19,06:54,LIGHT,57,
2026-08-19,06:55,LIGHT,53,
2026-08-19,06:56,LIGHT,52,
2026-08-19,15:11,LIGHT,60,
2026-08-19,15:12,LIGHT,61,
2026-08-19,15:13,LIGHT,60,
2026-08-19,15:14,LIGHT,62,
2026-08-19,15:15,LIGHT,64,
2026-08-19,15:16,LIGHT,63,
2026-08-19,15:17,LIGHT,59,
2026-08-19,15:18,LIGHT,61,
2026-08-19,15:19,LIGHT,61,
2026-08-19,15:20,LIGHT,64,
2026-08-19,15:21,LIGHT,64,
2026-08-19,15:22,LIGHT,62,
2026-08-19,15:23,LIGHT,60,
2026-08-19,15:24,LIGHT,58,
2026-08-19,15:25,DEEP,63,
2026-08-19,15:26,DEEP,62,
2026-08-19,15:27,DEEP,65,
2026-08-19,15:28,DEEP,66,
2026-08-19,15:29,DEEP,66,
2026-08-19,15:30,DEEP,62,
2026-08-19,15:31,DEEP,64,
2026-08-19,15:32,DEEP,61,
2026-08-19,15:33,DEEP,62,
2026-08-19,15:34,DEEP,60,
2026-08-19,15:35,DEEP,60,
2026-08-19,15:36,DEEP,59,
2026-08-19,15:37,LIGHT,61,
2026-08-19,15:38,LIGHT,66,
2026-08-19,15:39,LIGHT,60,
2026-08-19,15:40,LIGHT,52,
2026-08-19,15:41,LIGHT,51,
2026-08-19,15:42,LIGHT,53,
2026-08-19,15:43,DEEP,51,
2026-08-19,15:44,DEEP,51,
2026-08-19,15:45,LIGHT,52,
2026-08-19,15:46,LIGHT,51,
2026-08-19,15:47,LIGHT,61,
2026-08-19,15:48,WAKE,60,
2026-08-19,15:49,LIGHT,62,
2026-08-19,15:50,LIGHT,61,
2026-08-19,15:51,LIGHT,71,
2026-08-19,15:52,LIGHT,74,
2026-08-19,15:53,LIGHT,74,
2026-08-19,15:54,DEEP,64,
2026-08-19,15:55,DEEP,63,
2026-08-19,15:56,DEEP,60,
2026-08-19,15:57,DEEP,61,
2026-08-19,15:58,DEEP,66,
2026-08-19,15:59,DEEP,66,
2026-08-19,16:00,DEEP,64,
2026-08-19,16:01,DEEP,71,
2026-08-19,16:02,DEEP,65,
2026-08-19,16:03,DEEP,57,
2026-08-19,16:04,DEEP,59,
2026-08-19,16:05,DEEP,58,
2026-08-19,16:06,DEEP,62,
2026-08-19,16:07,DEEP,63,
2026-08-19,16:08,DEEP,65,
2026-08-19,16:09,DEEP,65,
2026-08-19,16:10,DEEP,63,
2026-08-19,16:11,DEEP,70,
2026-08-19,16:12,DEEP,63,
2026-08-19,16:13,LIGHT,63,
2026-08-19,16:14,LIGHT,60,
2026-08-19,16:15,LIGHT,70,
2026-08-19,16:16,WAKE,75,
2026-08-19,16:17,LIGHT,60,
2026-08-19,16:18,LIGHT,56,
2026-08-19,16:19,LIGHT,58,
2026-08-19,16:20,LIGHT,52,
2026-08-19,16:21,LIGHT,54,
2026-08-19,16:22,LIGHT,60,
2026-08-19,16:23,LIGHT,57,
2026-08-19,16:24,LIGHT,54,
2026-08-19,16:25,LIGHT,55,
2026-08-19,16:26,LIGHT,64,
2026-08-19,16:27,LIGHT,59,
2026-08-19,16:28,LIGHT,56,
2026-08-19,16:29,LIGHT,68,
2026-08-19,16:30,LIGHT,80,
2026-08-19,16:31,LIGHT,74,
2026-08-19,16:32,REM,75,
2026-08-19,16:33,REM,74,
2026-08-19,16:34,REM,76,
2026-08-19,16:35,REM,68,
2026-08-19,16:36,REM,67,
2026-08-19,16:37,REM,72,
2026-08-19,16:38,REM,72,
2026-08-19,16:39,REM,68,
2026-08-19,16:40,REM,68,
2026-08-19,16:41,REM,66,
2026-08-19,16:42,REM,71,
2026-08-19,16:43,REM,65,
2026-08-19,16:44,REM,65,
2026-08-19,16:45,REM,64,
2026-08-19,16:46,REM,65,
2026-08-19,16:47,REM,65,
2026-08-19,16:48,REM,65,
2026-08-19,16:49,REM,62,
2026-08-19,16:50,REM,61,
2026-08-19,16:51,REM,61,
2026-08-19,16:52,REM,61,
2026-08-19,16:53,REM,61,
2026-08-19,16:54,LIGHT,66,
2026-08-19,16:55,LIGHT,66,
2026-08-19,16:56,LIGHT,68,
2026-08-19,16:57,LIGHT,74,
2026-08-19,16:58,LIGHT,79,
2026-08-19,16:59,LIGHT,71,
2026-08-19,17:00,LIGHT,65,
2026-08-19,17:01,LIGHT,61,
2026-08-19,17:02,LIGHT,63,
2026-08-19,17:03,LIGHT,59,
2026-08-19,17:04,LIGHT,59,
2026-08-19,17:05,LIGHT,60,
2026-08-19,17:06,LIGHT,59,
2026-08-19,17:07,LIGHT,59,
2026-08-19,17:08,LIGHT,59,
2026-08-19,17:09,LIGHT,61,
2026-08-19,17:10,LIGHT,64,
2026-08-19,17:11,LIGHT,69,
2026-08-19,17:12,LIGHT,81,
2026-08-19,17:13,LIGHT,75,
2026-08-19,17:14,LIGHT,67,
2026-08-20,00:28,LIGHT,56,
2026-08-20,00:29,LIGHT,55,
2026-08-20,00:30,LIGHT,51,
2026-08-20,00:31,LIGHT,53,
2026-08-20,00:32,LIGHT,54,
2026-08-20,00:33,LIGHT,54,
2026-08-20,00:34,LIGHT,53,
2026-08-20,00:35,LIGHT,55,
2026-08-20,00:36,LIGHT,57,
2026-08-20,00:37,LIGHT,53,
2026-08-20,00:38,LIGHT,52,
2026-08-20,00:39,LIGHT,52,
2026-08-20,00:40,DEEP,52,
2026-08-20,00:41,DEEP,53,
2026-08-20,00:42,DEEP,53,
2026-08-20,00:43,DEEP,53,
2026-08-20,00:44,DEEP,53,
2026-08-20,00:45,DEEP,53,
2026-08-20,00:46,DEEP,53,
2026-08-20,00:47,DEEP,53,
2026-08-20,00:48,DEEP,54,
2026-08-20,00:49,DEEP,52,
2026-08-20,00:50,DEEP,53,
2026-08-20,00:51,DEEP,53,
2026-08-20,00:52,DEEP,53,
2026-08-20,00:53,DEEP,53,
2026-08-20,00:54,DEEP,53,
2026-08-20,00:55,DEEP,52,
2026-08-20,00:56,DEEP,53,
2026-08-20,00:57,DEEP,58,
2026-08-20,00:58,DEEP,55,
2026-08-20,00:59,DEEP,53,
2026-08-20,01:00,DEEP,53,
2026-08-20,01:01,DEEP,53,
2026-08-20,01:02,DEEP,53,
2026-08-20,01:03,DEEP,53,
2026-08-20,01:04,DEEP,54,
2026-08-20,01:05,DEEP,54,
2026-08-20,01:06,LIGHT,54,
2026-08-20,01:07,LIGHT,54,
2026-08-20,01:08,LIGHT,54,
2026-08-20,01:09,LIGHT,54,
2026-08-20,01:10,LIGHT,54,
2026-08-20,01:11,LIGHT,54,
2026-08-20,01:12,LIGHT,54,
2026-08-20,01:13,DEEP,54,
2026-08-20,01:14,DEEP,65,
2026-08-20,01:15,DEEP,62,
2026-08-20,01:16,DEEP,67,
2026-08-20,01:17,DEEP,57,
2026-08-20,01:18,DEEP,54,
2026-08-20,01:19,DEEP,57,
2026-08-20,01:20,DEEP,51,
2026-08-20,01:21,DEEP,51,
2026-08-20,01:22,DEEP,51,
2026-08-20,01:23,DEEP,50,
2026-08-20,01:24,DEEP,50,
2026-08-20,01:25,DEEP,50,
2026-08-20,01:26,DEEP,50,
2026-08-20,01:27,DEEP,50,
2026-08-20,01:28,LIGHT,50,
2026-08-20,01:29,LIGHT,54,
2026-08-20,01:30,LIGHT,61,
2026-08-20,01:31,LIGHT,60,
2026-08-20,01:32,LIGHT,54,
2026-08-20,01:33,LIGHT,52,
2026-08-20,01:34,LIGHT,52,
2026-08-20,01:35,LIGHT,53,
2026-08-20,01:36,REM,51,
2026-08-20,01:37,REM,50,
2026-08-20,01:38,REM,50,
2026-08-20,01:39,REM,50,
2026-08-20,01:40,REM,50,
2026-08-20,01:41,REM,50,
2026-08-20,01:42,REM,50,
2026-08-20,01:43,REM,50,
2026-08-20,01:44,REM,50,
2026-08-20,01:45,REM,51,
2026-08-20,01:46,REM,51,
2026-08-20,01:47,REM,51,
2026-08-20,01:48,REM,51,
2026-08-20,01:49,REM,51,
2026-08-20,01:50,REM,51,
2026-08-20,01:51,REM,51,
2026-08-20,01:52,REM,53,
2026-08-20,01:53,REM,60,
2026-08-20,01:54,REM,63,
2026-08-20,01:55,REM,69,
2026-08-20,01:56,REM,66,
2026-08-20,01:57,REM,56,
2026-08-20,01:58,REM,53,
2026-08-20,01:59,REM,52,
2026-08-20,02:00,REM,51,
2026-08-20,02:01,REM,52,
2026-08-20,02:02,REM,50,
2026-08-20,02:03,REM,50,
2026-08-20,02:04,REM,51,
2026-08-20,02:05,REM,51,
2026-08-20,02:06,REM,51,
2026-08-20,02:07,REM,51,
2026-08-20,02:08,REM,53,
2026-08-20,02:09,REM,53,
2026-08-20,02:10,REM,57,
2026-08-20,02:11,REM,57,
2026-08-20,02:12,REM,52,
2026-08-20,02:13,REM,51,
2026-08-20,02:14,REM,51,
2026-08-20,02:15,LIGHT,51,
2026-08-20,02:16,LIGHT,51,
2026-08-20,02:17,LIGHT,50,
2026-08-20,02:18,LIGHT,50,
2026-08-20,02:19,LIGHT,50,
2026-08-20,02:20,LIGHT,51,
2026-08-20,02:21,LIGHT,51,
2026-08-20,02:22,LIGHT,51,
2026-08-20,02:23,LIGHT,51,
2026-08-20,02:24,LIGHT,51,
2026-08-20,02:25,LIGHT,51,
2026-08-20,02:26,LIGHT,51,
2026-08-20,02:27,LIGHT,52,
2026-08-20,02:28,LIGHT,51,
2026-08-20,02:29,LIGHT,51,
2026-08-20,02:30,DEEP,51,
2026-08-20,02:31,DEEP,51,
2026-08-20,02:32,DEEP,51,
2026-08-20,02:33,DEEP,51,
2026-08-20,02:34,DEEP,51,
2026-08-20,02:35,DEEP,51,
2026-08-20,02:36,DEEP,51,
2026-08-20,02:37,DEEP,51,
2026-08-20,02:38,DEEP,51,
2026-08-20,02:39,DEEP,51,
2026-08-20,02:40,LIGHT,51,
2026-08-20,02:41,LIGHT,51,
2026-08-20,02:42,LIGHT,51,
2026-08-20,02:43,WAKE,51,
2026-08-20,02:44,LIGHT,51,
2026-08-20,02:45,LIGHT,51,
2026-08-20,02:46,LIGHT,51,
2026-08-20,02:47,LIGHT,51,
2026-08-20,02:48,LIGHT,51,
2026-08-20,02:49,LIGHT,51,
2026-08-20,02:50,LIGHT,56,
2026-08-20,02:51,LIGHT,56,
2026-08-20,02:52,LIGHT,52,
2026-08-20,02:53,LIGHT,49,
2026-08-20,02:54,LIGHT,49,
2026-08-20,02:55,LIGHT,52,
2026-08-20,02:56,LIGHT,52,
2026-08-20,02:57,LIGHT,52,
2026-08-20,02:58,LIGHT,51,
2026-08-20,02:59,LIGHT,51,
2026-08-20,03:00,LIGHT,51,
2026-08-20,03:01,LIGHT,53,
2026-08-20,03:02,LIGHT,53,
2026-08-20,03:03,LIGHT,53,
2026-08-20,03:04,LIGHT,51,
2026-08-20,03:05,LIGHT,53,
2026-08-20,03:06,WAKE,53,
2026-08-20,03:07,LIGHT,53,
2026-08-20,03:08,LIGHT,52,
2026-08-20,03:09,LIGHT,52,
2026-08-20,03:10,LIGHT,55,
2026-08-20,03:11,LIGHT,52,
2026-08-20,03:12,LIGHT,52,
2026-08-20,03:13,LIGHT,54,
2026-08-20,03:14,LIGHT,54,
2026-08-20,03:15,LIGHT,54,
2026-08-20,03:16,LIGHT,54,
2026-08-20,03:17,LIGHT,55,
2026-08-20,03:18,LIGHT,54,
2026-08-20,03:19,LIGHT,55,
2026-08-20,03:20,LIGHT,57,
2026-08-20,03:21,LIGHT,57,
2026-08-20,03:22,LIGHT,56,
2026-08-20,03:23,LIGHT,56,
2026-08-20,03:24,LIGHT,57,
2026-08-20,03:25,LIGHT,60,
2026-08-20,03:26,LIGHT,53,
2026-08-20,03:27,LIGHT,51,
2026-08-20,03:28,LIGHT,51,
2026-08-20,03:29,LIGHT,51,
2026-08-20,03:30,LIGHT,51,
2026-08-20,03:31,LIGHT,51,
2026-08-20,03:32,LIGHT,51,
2026-08-20,03:33,LIGHT,51,
2026-08-20,03:34,LIGHT,51,
2026-08-20,03:35,LIGHT,51,
2026-08-20,03:36,LIGHT,51,
2026-08-20,03:37,LIGHT,51,
2026-08-20,03:38,LIGHT,51,
2026-08-20,03:39,LIGHT,51,
2026-08-20,03:40,LIGHT,51,
2026-08-20,03:41,LIGHT,51,
2026-08-20,03:42,LIGHT,51,
2026-08-20,03:43,LIGHT,56,
2026-08-20,03:44,LIGHT,52,
2026-08-20,03:45,LIGHT,51,
2026-08-20,03:46,LIGHT,53,
2026-08-20,03:47,REM,52,
2026-08-20,03:48,REM,50,
2026-08-20,03:49,REM,50,
2026-08-20,03:50,REM,50,
2026-08-20,03:51,REM,50,
2026-08-20,03:52,REM,50,
2026-08-20,03:53,REM,50,
2026-08-20,03:54,REM,60,
2026-08-20,03:55,REM,60,
2026-08-20,03:56,REM,69,
2026-08-20,03:57,REM,63,
2026-08-20,03:58,REM,61,
2026-08-20,03:59,REM,57,
2026-08-20,04:00,REM,54,
2026-08-20,04:01,REM,51,
2026-08-20,04:02,REM,52,
2026-08-20,04:03,REM,51,
2026-08-20,04:04,REM,51,
2026-08-20,04:05,REM,49,
2026-08-20,04:06,REM,50,
2026-08-20,04:07,REM,50,
2026-08-20,04:08,REM,50,
2026-08-20,04:09,REM,50,
2026-08-20,04:10,REM,51,
2026-08-20,04:11,REM,51,
2026-08-20,04:12,REM,50,
2026-08-20,04:13,REM,51,
2026-08-20,04:14,LIGHT,51,
2026-08-20,04:15,LIGHT,51,
2026-08-20,04:16,LIGHT,51,
2026-08-20,04:17,LIGHT,51,
2026-08-20,04:18,LIGHT,51,
2026-08-20,04:19,LIGHT,51,
2026-08-20,04:20,LIGHT,51,
2026-08-20,04:21,LIGHT,53,
2026-08-20,04:22,LIGHT,54,
2026-08-20,04:23,LIGHT,53,
2026-08-20,04:24,LIGHT,52,
2026-08-20,04:25,LIGHT,52,
2026-08-20,04:26,LIGHT,52,
2026-08-20,04:27,LIGHT,52,
2026-08-20,04:28,LIGHT,57,
2026-08-20,04:29,LIGHT,58,
2026-08-20,04:30,LIGHT,53,
2026-08-20,04:31,LIGHT,50,
2026-08-20,04:32,LIGHT,49,
2026-08-20,04:33,LIGHT,50,
2026-08-20,04:34,LIGHT,51,
2026-08-20,04:35,LIGHT,52,
2026-08-20,04:36,LIGHT,57,
2026-08-20,04:37,LIGHT,57,
2026-08-20,04:38,LIGHT,52,
2026-08-20,04:39,LIGHT,52,
2026-08-20,04:40,LIGHT,52,
2026-08-20,04:41,LIGHT,52,
2026-08-20,04:42,DEEP,61,
2026-08-20,04:43,DEEP,54,
2026-08-20,04:44,DEEP,51,
2026-08-20,04:45,DEEP,51,
2026-08-20,04:46,DEEP,51,
2026-08-20,04:47,DEEP,53,
2026-08-20,04:48,DEEP,58,
2026-08-20,04:49,DEEP,50,
2026-08-20,04:50,DEEP,47,
2026-08-20,04:51,DEEP,48,
2026-08-20,04:52,DEEP,50,
2026-08-20,04:53,DEEP,51,
2026-08-20,04:54,DEEP,51,
2026-08-20,04:55,DEEP,57,
2026-08-20,04:56,DEEP,50,
2026-08-20,04:57,DEEP,50,
2026-08-20,04:58,DEEP,48,
2026-08-20,04:59,DEEP,49,
2026-08-20,05:00,DEEP,51,
2026-08-20,05:01,DEEP,50,
2026-08-20,05:02,DEEP,51,
2026-08-20,05:03,DEEP,55,
2026-08-20,05:04,DEEP,52,
2026-08-20,05:05,DEEP,49,
2026-08-20,05:06,DEEP,50,
2026-08-20,05:07,DEEP,53,
2026-08-20,05:08,DEEP,54,
2026-08-20,05:09,DEEP,49,
2026-08-20,05:10,DEEP,54,
2026-08-20,05:11,DEEP,51,
2026-08-20,05:12,DEEP,52,
2026-08-20,05:13,DEEP,50,
2026-08-20,05:14,DEEP,52,
2026-08-20,05:15,LIGHT,51,
2026-08-20,05:16,LIGHT,51,
2026-08-20,05:17,LIGHT,51,
2026-08-20,05:18,WAKE,51,
2026-08-20,05:19,WAKE,51,
2026-08-20,05:20,WAKE,51,
2026-08-20,05:21,LIGHT,53,
2026-08-20,05:22,LIGHT,53,
2026-08-20,05:23,LIGHT,53,
2026-08-20,05:24,LIGHT,53,
2026-08-20,05:25,LIGHT,53,
2026-08-20,05:26,LIGHT,53,
2026-08-20,05:27,LIGHT,53,
2026-08-20,05:28,LIGHT,49,
2026-08-20,05:29,LIGHT,56,
2026-08-20,05:30,LIGHT,53,
2026-08-20,05:31,LIGHT,54,
2026-08-20,05:32,LIGHT,54,
2026-08-20,05:33,LIGHT,54,
2026-08-20,05:34,LIGHT,54,
2026-08-20,05:35,LIGHT,54,
2026-08-20,05:36,LIGHT,54,
2026-08-20,05:37,LIGHT,54,
2026-08-20,05:38,LIGHT,54,
2026-08-20,05:39,LIGHT,54,
2026-08-20,05:40,LIGHT,54,
2026-08-20,05:41,LIGHT,54,
2026-08-20,05:42,LIGHT,55,
2026-08-20,05:43,LIGHT,55,
2026-08-20,05:44,LIGHT,55,
2026-08-20,05:45,LIGHT,60,
2026-08-20,05:46,LIGHT,58,
2026-08-20,05:47,LIGHT,53,
2026-08-20,05:48,LIGHT,51,
2026-08-20,05:49,LIGHT,51,
2026-08-20,05:50,LIGHT,51,
2026-08-20,05:51,LIGHT,52,
2026-08-20,05:52,LIGHT,51,
2026-08-20,05:53,LIGHT,52,
2026-08-20,05:54,LIGHT,52,
2026-08-20,05:55,LIGHT,52,
2026-08-20,05:56,LIGHT,52,
2026-08-20,05:57,LIGHT,52,
2026-08-20,05:58,LIGHT,52,
2026-08-20,05:59,LIGHT,52,
2026-08-20,06:00,LIGHT,52,
2026-08-20,06:01,LIGHT,52,
2026-08-20,06:02,LIGHT,52,
2026-08-20,06:03,LIGHT,52,
2026-08-20,06:04,LIGHT,52,
2026-08-20,06:05,LIGHT,53,
2026-08-20,06:06,LIGHT,53,
2026-08-20,06:07,LIGHT,53,
2026-08-20,06:08,LIGHT,52,
2026-08-20,06:09,LIGHT,52,
2026-08-20,06:10,LIGHT,52,
2026-08-20,06:11,LIGHT,56,
2026-08-20,06:12,LIGHT,61,
2026-08-20,06:13,LIGHT,55,
2026-08-20,06:14,LIGHT,52,
2026-08-20,06:15,LIGHT,57,
2026-08-20,06:16,LIGHT,67,
2026-08-20,06:17,LIGHT,56,
2026-08-20,06:18,LIGHT,51,
2026-08-20,06:19,LIGHT,50,
2026-08-20,06:20,LIGHT,50,
2026-08-20,06:21,LIGHT,50,
2026-08-20,06:22,LIGHT,55,
2026-08-20,06:23,LIGHT,52,
2026-08-20,06:24,LIGHT,49,
2026-08-20,06:25,LIGHT,49,
2026-08-20,06:26,LIGHT,49,
2026-08-20,06:27,LIGHT,50,
2026-08-20,06:28,LIGHT,50,
2026-08-20,06:29,LIGHT,54,
2026-08-20,06:30,LIGHT,68,
2026-08-20,06:31,LIGHT,62,
2026-08-20,06:32,LIGHT,62,
2026-08-20,06:33,LIGHT,59,
2026-08-20,06:34,LIGHT,53,
2026-08-20,06:35,LIGHT,57,
2026-08-20,06:36,LIGHT,54,
2026-08-20,06:37,LIGHT,55,
2026-08-20,06:38,LIGHT,58,
2026-08-20,06:39,LIGHT,55,
2026-08-20,06:40,LIGHT,62,
2026-08-20,06:41,WAKE,61,
2026-08-20,06:42,LIGHT,63,
2026-08-20,06:43,LIGHT,63,
2026-08-20,06:44,LIGHT,65,
2026-08-20,06:45,LIGHT,66,
2026-08-20,06:46,WAKE,70,
2026-08-20,06:47,LIGHT,67,
2026-08-20,06:48,LIGHT,69,
2026-08-20,06:49,LIGHT,68,
2026-08-20,06:50,LIGHT,70,
2026-08-20,06:51,LIGHT,61,
2026-08-20,06:52,LIGHT,64,
2026-08-20,06:53,LIGHT,63,
2026-08-20,06:54,LIGHT,64,
2026-08-20,06:55,WAKE,61,
2026-08-20,06:56,WAKE,60,
2026-08-20,06:57,LIGHT,65,
2026-08-20,06:58,LIGHT,77,
2026-08-20,06:59,LIGHT,83,
2026-08-20,07:00,WAKE,83,
2026-08-20,07:01,LIGHT,83,
2026-08-20,07:02,LIGHT,86,
2026-08-20,07:03,LIGHT,83,
2026-08-20,07:04,LIGHT,83,
2026-08-20,07:05,LIGHT,93,
2026-08-20,07:06,LIGHT,95,
2026-08-20,07:07,LIGHT,86,
2026-08-20,07:08,LIGHT,81,
2026-08-20,07:09,LIGHT,64,
2026-08-20,07:10,LIGHT,60,
2026-08-20,07:11,WAKE,61,
2026-08-20,07:12,LIGHT,66,
2026-08-20,07:13,LIGHT,63,
2026-08-20,07:14,LIGHT,58,
2026-08-20,07:15,LIGHT,59,
2026-08-20,07:16,WAKE,57,
2026-08-20,07:17,LIGHT,60,
2026-08-20,07:18,LIGHT,64,
2026-08-20,07:19,LIGHT,61,
2026-08-20,07:20,LIGHT,59,
2026-08-20,23:29,LIGHT,69,
2026-08-20,23:30,LIGHT,68,
2026-08-20,23:31,LIGHT,66,
2026-08-20,23:32,LIGHT,65,
2026-08-20,23:33,LIGHT,65,
2026-08-20,23:34,LIGHT,65,
2026-08-20,23:35,LIGHT,66,
2026-08-20,23:36,LIGHT,67,
2026-08-20,23:37,LIGHT,68,
2026-08-20,23:38,LIGHT,66,
2026-08-20,23:39,LIGHT,65,
2026-08-20,23:40,LIGHT,66,
2026-08-20,23:41,LIGHT,66,
2026-08-20,23:42,LIGHT,67,
2026-08-20,23:43,LIGHT,67,
2026-08-20,23:44,LIGHT,69,
2026-08-20,23:45,LIGHT,66,
2026-08-20,23:46,LIGHT,63,
2026-08-20,23:47,LIGHT,61,
2026-08-20,23:48,LIGHT,65,
2026-08-20,23:49,LIGHT,65,
2026-08-20,23:50,LIGHT,65,
2026-08-20,23:51,LIGHT,62,
2026-08-20,23:52,LIGHT,63,
2026-08-20,23:53,LIGHT,61,
2026-08-20,23:54,LIGHT,56,
2026-08-20,23:55,LIGHT,56,
2026-08-20,23:56,LIGHT,56,
2026-08-20,23:57,LIGHT,55,
2026-08-20,23:58,LIGHT,54,
2026-08-20,23:59,LIGHT,56,
2026-08-21,00:00,LIGHT,56,
2026-08-21,00:01,LIGHT,58,
2026-08-21,00:02,LIGHT,58,
2026-08-21,00:03,LIGHT,56,
2026-08-21,00:04,LIGHT,56,
2026-08-21,00:05,WAKE,56,
2026-08-21,00:06,LIGHT,55,
2026-08-21,00:07,LIGHT,56,
2026-08-21,00:08,LIGHT,54,
2026-08-21,00:09,LIGHT,55,
2026-08-21,00:10,LIGHT,54,
2026-08-21,00:11,LIGHT,55,
2026-08-21,00:12,LIGHT,52,
2026-08-21,00:13,LIGHT,53,
2026-08-21,00:14,LIGHT,51,
2026-08-21,00:15,LIGHT,52,
2026-08-21,00:16,LIGHT,53,
2026-08-21,00:17,LIGHT,54,
2026-08-21,00:18,LIGHT,53,
2026-08-21,00:19,LIGHT,50,
2026-08-21,00:20,LIGHT,50,
2026-08-21,00:21,LIGHT,52,
2026-08-21,00:22,LIGHT,52,
2026-08-21,00:23,LIGHT,54,
2026-08-21,00:24,REM,51,
2026-08-21,00:25,REM,51,
2026-08-21,00:26,REM,51,
2026-08-21,00:27,REM,49,
2026-08-21,00:28,REM,51,
2026-08-21,00:29,REM,50,
2026-08-21,00:30,REM,50,
2026-08-21,00:31,REM,50,
2026-08-21,00:32,REM,53,
2026-08-21,00:33,REM,52,
2026-08-21,00:34,REM,57,
2026-08-21,00:35,REM,54,
2026-08-21,00:36,REM,52,
2026-08-21,00:37,REM,56,
2026-08-21,00:38,REM,61,
2026-08-21,00:39,REM,61,
2026-08-21,00:40,REM,59,
2026-08-21,00:41,REM,54,
2026-08-21,00:42,REM,56,
2026-08-21,00:43,REM,56,
2026-08-21,00:44,REM,54,
2026-08-21,00:45,REM,54,
2026-08-21,00:46,REM,51,
2026-08-21,00:47,REM,59,
2026-08-21,00:48,REM,71,
2026-08-21,00:49,REM,80,
2026-08-21,00:50,LIGHT,78,
2026-08-21,00:51,LIGHT,74,
2026-08-21,00:52,LIGHT,71,
2026-08-21,00:53,LIGHT,72,
2026-08-21,00:54,LIGHT,73,
2026-08-21,00:55,LIGHT,67,
2026-08-21,00:56,LIGHT,56,
2026-08-21,00:57,LIGHT,53,
2026-08-21,00:58,LIGHT,55,
2026-08-21,00:59,LIGHT,63,
2026-08-21,01:00,LIGHT,64,
2026-08-21,01:01,LIGHT,57,
2026-08-21,01:02,LIGHT,54,
2026-08-21,01:03,LIGHT,57,
2026-08-21,01:04,LIGHT,57,
2026-08-21,01:05,LIGHT,57,
2026-08-21,01:06,LIGHT,58,
2026-08-21,01:07,DEEP,57,
2026-08-21,01:08,DEEP,57,
2026-08-21,01:09,DEEP,59,
2026-08-21,01:10,DEEP,57,
2026-08-21,01:11,DEEP,51,
2026-08-21,01:12,DEEP,55,
2026-08-21,01:13,DEEP,63,
2026-08-21,01:14,LIGHT,66,
2026-08-21,01:15,LIGHT,70,
2026-08-21,01:16,LIGHT,58,
2026-08-21,01:17,WAKE,52,
2026-08-21,01:18,LIGHT,50,
2026-08-21,01:19,LIGHT,50,
2026-08-21,01:20,LIGHT,49,
2026-08-21,01:21,LIGHT,49,
2026-08-21,01:22,LIGHT,48,
2026-08-21,01:23,LIGHT,49,
2026-08-21,01:24,LIGHT,56,
2026-08-21,01:25,LIGHT,50,
2026-08-21,01:26,LIGHT,50,
2026-08-21,01:27,LIGHT,50,
2026-08-21,01:28,LIGHT,52,
2026-08-21,01:29,LIGHT,54,
2026-08-21,01:30,LIGHT,51,
2026-08-21,01:31,LIGHT,49,
2026-08-21,01:32,WAKE,49,
2026-08-21,01:33,LIGHT,49,
2026-08-21,01:34,LIGHT,50,
2026-08-21,01:35,LIGHT,50,
2026-08-21,01:36,LIGHT,47,
2026-08-21,01:37,LIGHT,46,
2026-08-21,01:38,LIGHT,47,
2026-08-21,01:39,LIGHT,47,
2026-08-21,01:40,LIGHT,45,
2026-08-21,01:41,LIGHT,45,
2026-08-21,01:42,LIGHT,45,
2026-08-21,01:43,LIGHT,45,
2026-08-21,01:44,LIGHT,45,
2026-08-21,01:45,LIGHT,45,
2026-08-21,01:46,LIGHT,46,
2026-08-21,01:47,LIGHT,46,
2026-08-21,01:48,LIGHT,46,
2026-08-21,01:49,LIGHT,46,
2026-08-21,01:50,LIGHT,46,
2026-08-21,01:51,LIGHT,46,
2026-08-21,01:52,LIGHT,46,
2026-08-21,01:53,LIGHT,46,
2026-08-21,01:54,WAKE,46,
2026-08-21,01:55,WAKE,46,
2026-08-21,01:56,WAKE,46,
2026-08-21,01:57,WAKE,50,
2026-08-21,01:58,WAKE,49,
2026-08-21,01:59,LIGHT,46,
2026-08-21,02:00,LIGHT,46,
2026-08-21,02:01,LIGHT,46,
2026-08-21,02:02,LIGHT,46,
2026-08-21,02:03,LIGHT,46,
2026-08-21,02:04,LIGHT,46,
2026-08-21,02:05,LIGHT,46,
2026-08-21,02:06,LIGHT,47,
2026-08-21,02:07,LIGHT,53,
2026-08-21,02:08,LIGHT,57,
2026-08-21,02:09,LIGHT,56,
2026-08-21,02:10,LIGHT,48,
2026-08-21,02:11,LIGHT,46,
2026-08-21,02:12,LIGHT,45,
2026-08-21,02:13,LIGHT,45,
2026-08-21,02:14,LIGHT,45,
2026-08-21,02:15,LIGHT,46,
2026-08-21,02:16,LIGHT,46,
2026-08-21,02:17,LIGHT,46,
2026-08-21,02:18,LIGHT,46,
2026-08-21,02:19,LIGHT,47,
2026-08-21,02:20,LIGHT,47,
2026-08-21,02:21,LIGHT,47,
2026-08-21,02:22,LIGHT,47,
2026-08-21,02:23,LIGHT,47,
2026-08-21,02:24,LIGHT,47,
2026-08-21,02:25,LIGHT,47,
2026-08-21,02:26,DEEP,54,
2026-08-21,02:27,DEEP,51,
2026-08-21,02:28,DEEP,51,
2026-08-21,02:29,DEEP,46,
2026-08-21,02:30,DEEP,46,
2026-08-21,02:31,DEEP,46,
2026-08-21,02:32,DEEP,46,
2026-08-21,02:33,DEEP,46,
2026-08-21,02:34,DEEP,46,
2026-08-21,02:35,DEEP,47,
2026-08-21,02:36,DEEP,60,
2026-08-21,02:37,DEEP,49,
2026-08-21,02:38,DEEP,50,
2026-08-21,02:39,DEEP,52,
2026-08-21,02:40,DEEP,52,
2026-08-21,02:41,DEEP,54,
2026-08-21,02:42,DEEP,56,
2026-08-21,02:43,DEEP,55,
2026-08-21,02:44,DEEP,51,
2026-08-21,02:45,DEEP,53,
2026-08-21,02:46,DEEP,51,
2026-08-21,02:47,DEEP,52,
2026-08-21,02:48,DEEP,57,
2026-08-21,02:49,DEEP,51,
2026-08-21,02:50,DEEP,51,
2026-08-21,02:51,DEEP,50,
2026-08-21,02:52,LIGHT,54,
2026-08-21,02:53,LIGHT,50,
2026-08-21,02:54,LIGHT,50,
2026-08-21,02:55,LIGHT,50,
2026-08-21,02:56,LIGHT,50,
2026-08-21,02:57,REM,52,
2026-08-21,02:58,REM,50,
2026-08-21,02:59,REM,54,
2026-08-21,03:00,REM,56,
2026-08-21,03:01,REM,55,
2026-08-21,03:02,REM,56,
2026-08-21,03:03,REM,52,
2026-08-21,03:04,REM,52,
2026-08-21,03:05,REM,54,
2026-08-21,03:06,REM,51,
2026-08-21,03:07,REM,51,
2026-08-21,03:08,REM,50,
2026-08-21,03:09,REM,50,
2026-08-21,03:10,REM,51,
2026-08-21,03:11,REM,54,
2026-08-21,03:12,REM,51,
2026-08-21,03:13,REM,56,
2026-08-21,03:14,REM,48,
2026-08-21,03:15,REM,46,
2026-08-21,03:16,REM,46,
2026-08-21,03:17,REM,47,
2026-08-21,03:18,REM,48,
2026-08-21,03:19,REM,47,
2026-08-21,03:20,REM,47,
2026-08-21,03:21,REM,47,
2026-08-21,03:22,REM,47,
2026-08-21,03:23,REM,46,
2026-08-21,03:24,REM,47,
2026-08-21,03:25,REM,47,
2026-08-21,03:26,LIGHT,47,
2026-08-21,03:27,LIGHT,47,
2026-08-21,03:28,LIGHT,47,
2026-08-21,03:29,LIGHT,48,
2026-08-21,03:30,LIGHT,48,
2026-08-21,03:31,LIGHT,48,
2026-08-21,03:32,LIGHT,48,
2026-08-21,03:33,LIGHT,48,
2026-08-21,03:34,LIGHT,48,
2026-08-21,03:35,LIGHT,55,
2026-08-21,03:36,LIGHT,54,
2026-08-21,03:37,LIGHT,50,
2026-08-21,03:38,LIGHT,48,
2026-08-21,03:39,LIGHT,48,
2026-08-21,03:40,LIGHT,48,
2026-08-21,03:41,LIGHT,49,
2026-08-21,03:42,LIGHT,49,
2026-08-21,03:43,LIGHT,49,
2026-08-21,03:44,LIGHT,49,
2026-08-21,03:45,LIGHT,49,
2026-08-21,03:46,LIGHT,51,
2026-08-21,03:47,LIGHT,51,
2026-08-21,03:48,LIGHT,53,
2026-08-21,03:49,LIGHT,60,
2026-08-21,03:50,LIGHT,55,
2026-08-21,03:51,LIGHT,47,
2026-08-21,03:52,LIGHT,46,
2026-08-21,03:53,LIGHT,46,
2026-08-21,03:54,LIGHT,45,
2026-08-21,03:55,LIGHT,44,
2026-08-21,03:56,WAKE,44,
2026-08-21,03:57,WAKE,44,
2026-08-21,03:58,WAKE,45,
2026-08-21,03:59,WAKE,45,
2026-08-21,04:00,LIGHT,45,
2026-08-21,04:01,LIGHT,45,
2026-08-21,04:02,LIGHT,45,
2026-08-21,04:03,LIGHT,45,
2026-08-21,04:04,LIGHT,45,
2026-08-21,04:05,LIGHT,45,
2026-08-21,04:06,LIGHT,46,
2026-08-21,04:07,LIGHT,46,
2026-08-21,04:08,LIGHT,54,
2026-08-21,04:09,LIGHT,61,
2026-08-21,04:10,LIGHT,61,
2026-08-21,04:11,LIGHT,50,
2026-08-21,04:12,LIGHT,47,
2026-08-21,04:13,LIGHT,47,
2026-08-21,04:14,LIGHT,46,
2026-08-21,04:15,LIGHT,46,
2026-08-21,04:16,LIGHT,47,
2026-08-21,04:17,LIGHT,48,
2026-08-21,04:18,LIGHT,48,
2026-08-21,04:19,LIGHT,51,
2026-08-21,04:20,LIGHT,51,
2026-08-21,04:21,LIGHT,51,
2026-08-21,04:22,LIGHT,50,
2026-08-21,04:23,LIGHT,55,
2026-08-21,04:24,LIGHT,53,
2026-08-21,04:25,LIGHT,51,
2026-08-21,04:26,LIGHT,53,
2026-08-21,04:27,LIGHT,49,
2026-08-21,04:28,LIGHT,50,
2026-08-21,04:29,LIGHT,48,
2026-08-21,04:30,LIGHT,49,
2026-08-21,04:31,LIGHT,50,
2026-08-21,04:32,LIGHT,50,
2026-08-21,04:33,LIGHT,50,
2026-08-21,04:34,LIGHT,50,
2026-08-21,04:35,LIGHT,51,
2026-08-21,04:36,LIGHT,50,
2026-08-21,04:37,LIGHT,50,
2026-08-21,04:38,LIGHT,50,
2026-08-21,04:39,LIGHT,50,
2026-08-21,04:40,LIGHT,51,
2026-08-21,04:41,LIGHT,50,
2026-08-21,04:42,REM,50,
2026-08-21,04:43,REM,50,
2026-08-21,04:44,REM,50,
2026-08-21,04:45,REM,50,
2026-08-21,04:46,REM,50,
2026-08-21,04:47,REM,50,
2026-08-21,04:48,REM,50,
2026-08-21,04:49,REM,50,
2026-08-21,04:50,REM,50,
2026-08-21,04:51,REM,50,
2026-08-21,04:52,REM,49,
2026-08-21,04:53,REM,49,
2026-08-21,04:54,REM,49,
2026-08-21,04:55,REM,49,
2026-08-21,04:56,REM,49,
2026-08-21,04:57,REM,49,
2026-08-21,04:58,REM,49,
2026-08-21,04:59,REM,49,
2026-08-21,05:00,REM,49,
2026-08-21,05:01,REM,49,
2026-08-21,05:02,REM,49,
2026-08-21,05:03,REM,64,
2026-08-21,05:04,REM,55,
2026-08-21,05:05,REM,48,
2026-08-21,05:06,REM,45,
2026-08-21,05:07,REM,45,
2026-08-21,05:08,REM,44,
2026-08-21,05:09,REM,44,
2026-08-21,05:10,REM,44,
2026-08-21,05:11,REM,45,
2026-08-21,05:12,REM,48,
2026-08-21,05:13,REM,45,
2026-08-21,05:14,REM,54,
2026-08-21,05:15,REM,55,
2026-08-21,05:16,REM,47,
2026-08-21,05:17,REM,45,
2026-08-21,05:18,REM,45,
2026-08-21,05:19,REM,44,
2026-08-21,05:20,REM,44,
2026-08-21,05:21,REM,44,
2026-08-21,05:22,REM,44,
2026-08-21,05:23,REM,45,
2026-08-21,05:24,REM,45,
2026-08-21,05:25,REM,45,
2026-08-21,05:26,REM,45,
2026-08-21,05:27,REM,45,
2026-08-21,05:28,REM,45,
2026-08-21,05:29,REM,45,
2026-08-21,05:30,REM,47,
2026-08-21,05:31,REM,46,
2026-08-21,05:32,REM,50,
2026-08-21,05:33,REM,58,
2026-08-21,05:34,REM,48,
2026-08-21,05:35,REM,46,
2026-08-21,05:36,REM,45,
2026-08-21,05:37,REM,45,
2026-08-21,05:38,REM,45,
2026-08-21,05:39,REM,50,
2026-08-21,05:40,REM,48,
2026-08-21,05:41,REM,45,
2026-08-21,05:42,REM,47,
2026-08-21,05:43,REM,53,
2026-08-21,05:44,REM,47,
2026-08-21,05:45,REM,45,
2026-08-21,05:46,LIGHT,47,
2026-08-21,05:47,LIGHT,49,
2026-08-21,05:48,LIGHT,48,
2026-08-21,05:49,LIGHT,49,
2026-08-21,05:50,LIGHT,51,
2026-08-21,05:51,LIGHT,49,
2026-08-21,05:52,LIGHT,50,
2026-08-21,05:53,LIGHT,51,
2026-08-21,05:54,LIGHT,54,
2026-08-21,05:55,LIGHT,48,
2026-08-21,05:56,LIGHT,48,
2026-08-21,05:57,LIGHT,48,
2026-08-21,05:58,LIGHT,48,
2026-08-21,05:59,LIGHT,55,
2026-08-21,06:00,LIGHT,53,
2026-08-21,06:01,LIGHT,49,
2026-08-21,06:02,LIGHT,47,
2026-08-21,06:03,LIGHT,51,
2026-08-21,06:04,LIGHT,53,
2026-08-21,06:05,LIGHT,50,
2026-08-21,06:06,LIGHT,48,
2026-08-21,06:07,LIGHT,53,
2026-08-21,06:08,LIGHT,55,
2026-08-21,06:09,LIGHT,52,
2026-08-21,06:10,LIGHT,49,
2026-08-21,06:11,LIGHT,51,
2026-08-21,06:12,LIGHT,49,
2026-08-21,06:13,LIGHT,49,
2026-08-21,06:14,LIGHT,55,
2026-08-21,06:15,LIGHT,52,
2026-08-21,06:16,LIGHT,54,
2026-08-21,06:17,WAKE,51,
2026-08-21,06:18,LIGHT,47,
2026-08-21,06:19,LIGHT,46,
2026-08-21,06:20,LIGHT,45,
2026-08-21,06:21,LIGHT,46,
2026-08-21,06:22,LIGHT,46,
2026-08-21,06:23,LIGHT,47,
2026-08-21,06:24,LIGHT,55,
2026-08-21,06:25,LIGHT,48,
2026-08-21,06:26,LIGHT,50,
2026-08-21,06:27,LIGHT,50,
2026-08-21,06:28,LIGHT,48,
2026-08-21,06:29,LIGHT,47,
2026-08-21,06:30,LIGHT,51,
2026-08-21,15:26,LIGHT,55,
2026-08-21,15:27,LIGHT,55,
2026-08-21,15:28,LIGHT,55,
2026-08-21,15:29,LIGHT,55,
2026-08-21,15:30,LIGHT,55,
2026-08-21,15:31,LIGHT,55,
2026-08-21,15:32,LIGHT,55,
2026-08-21,15:33,LIGHT,54,
2026-08-21,15:34,LIGHT,54,
2026-08-21,15:35,LIGHT,53,
2026-08-21,15:36,DEEP,53,
2026-08-21,15:37,DEEP,53,
2026-08-21,15:38,DEEP,60,
2026-08-21,15:39,DEEP,56,
2026-08-21,15:40,DEEP,54,
2026-08-21,15:41,DEEP,54,
2026-08-21,15:42,DEEP,54,
2026-08-21,15:43,DEEP,54,
2026-08-21,15:44,DEEP,56,
2026-08-21,15:45,DEEP,54,
2026-08-21,15:46,DEEP,58,
2026-08-21,15:47,DEEP,55,
2026-08-21,15:48,DEEP,53,
2026-08-21,15:49,LIGHT,53,
2026-08-21,15:50,LIGHT,53,
2026-08-21,15:51,LIGHT,53,
2026-08-21,15:52,LIGHT,53,
2026-08-21,15:53,LIGHT,53,
2026-08-21,15:54,LIGHT,53,
2026-08-21,15:55,LIGHT,53,
2026-08-21,15:56,LIGHT,53,
2026-08-21,15:57,LIGHT,53,
2026-08-21,15:58,LIGHT,55,
2026-08-21,15:59,LIGHT,55,
2026-08-21,16:00,LIGHT,54,
2026-08-21,16:01,LIGHT,54,
2026-08-21,16:02,LIGHT,54,
2026-08-21,16:03,LIGHT,53,
2026-08-21,16:04,LIGHT,53,
2026-08-21,16:05,LIGHT,64,
2026-08-21,16:06,LIGHT,54,
2026-08-21,16:07,LIGHT,51,
2026-08-21,16:08,LIGHT,51,
2026-08-21,16:09,LIGHT,49,
2026-08-21,16:10,LIGHT,51,
2026-08-21,16:11,LIGHT,50,
2026-08-21,16:12,LIGHT,51,
2026-08-21,16:13,LIGHT,52,
2026-08-21,16:14,LIGHT,52,
2026-08-21,16:15,LIGHT,54,
2026-08-21,16:16,LIGHT,55,
2026-08-21,16:17,LIGHT,55,
2026-08-21,16:18,LIGHT,55,
2026-08-21,16:19,LIGHT,55,
2026-08-21,16:20,LIGHT,55,
2026-08-21,16:21,LIGHT,55,
2026-08-21,16:22,LIGHT,57,
2026-08-21,16:23,LIGHT,57,
2026-08-21,16:24,LIGHT,60,
2026-08-21,16:25,LIGHT,54,
2026-08-21,16:26,LIGHT,55,
2026-08-21,16:27,LIGHT,54,
2026-08-21,16:28,LIGHT,52,
2026-08-21,16:29,LIGHT,51,
2026-08-21,16:30,LIGHT,53,
2026-08-22,01:33,LIGHT,52,
2026-08-22,01:34,LIGHT,51,
2026-08-22,01:35,LIGHT,51,
2026-08-22,01:36,LIGHT,53,
2026-08-22,01:37,LIGHT,52,
2026-08-22,01:38,LIGHT,54,
2026-08-22,01:39,LIGHT,57,
2026-08-22,01:40,LIGHT,53,
2026-08-22,01:41,DEEP,55,
2026-08-22,01:42,DEEP,49,
2026-08-22,01:43,DEEP,49,
2026-08-22,01:44,DEEP,51,
2026-08-22,01:45,DEEP,50,
2026-08-22,01:46,DEEP,50,
2026-08-22,01:47,DEEP,51,
2026-08-22,01:48,DEEP,51,
2026-08-22,01:49,DEEP,48,
2026-08-22,01:50,DEEP,48,
2026-08-22,01:51,DEEP,55,
2026-08-22,01:52,DEEP,67,
2026-08-22,01:53,DEEP,70,
2026-08-22,01:54,DEEP,71,
2026-08-22,01:55,DEEP,69,
2026-08-22,01:56,DEEP,55,
2026-08-22,01:57,DEEP,52,
2026-08-22,01:58,DEEP,54,
2026-08-22,01:59,DEEP,56,
2026-08-22,02:00,DEEP,67,
2026-08-22,02:01,DEEP,63,
2026-08-22,02:02,DEEP,60,
2026-08-22,02:03,DEEP,53,
2026-08-22,02:04,DEEP,58,
2026-08-22,02:05,DEEP,53,
2026-08-22,02:06,DEEP,51,
2026-08-22,02:07,DEEP,51,
2026-08-22,02:08,DEEP,53,
2026-08-22,02:09,LIGHT,50,
2026-08-22,02:10,LIGHT,52,
2026-08-22,02:11,LIGHT,49,
2026-08-22,02:12,LIGHT,49,
2026-08-22,02:13,LIGHT,48,
2026-08-22,02:14,LIGHT,50,
2026-08-22,02:15,LIGHT,48,
2026-08-22,02:16,LIGHT,47,
2026-08-22,02:17,LIGHT,47,
2026-08-22,02:18,DEEP,47,
2026-08-22,02:19,DEEP,47,
2026-08-22,02:20,DEEP,49,
2026-08-22,02:21,DEEP,46,
2026-08-22,02:22,DEEP,47,
2026-08-22,02:23,DEEP,46,
2026-08-22,02:24,DEEP,46,
2026-08-22,02:25,DEEP,46,
2026-08-22,02:26,DEEP,46,
2026-08-22,02:27,LIGHT,46,
2026-08-22,02:28,LIGHT,46,
2026-08-22,02:29,LIGHT,46,
2026-08-22,02:30,LIGHT,46,
2026-08-22,02:31,LIGHT,46,
2026-08-22,02:32,LIGHT,46,
2026-08-22,02:33,LIGHT,46,
2026-08-22,02:34,LIGHT,46,
2026-08-22,02:35,LIGHT,46,
2026-08-22,02:36,LIGHT,46,
2026-08-22,02:37,LIGHT,46,
2026-08-22,02:38,LIGHT,46,
2026-08-22,02:39,REM,46,
2026-08-22,02:40,REM,46,
2026-08-22,02:41,REM,46,
2026-08-22,02:42,REM,46,
2026-08-22,02:43,REM,46,
2026-08-22,02:44,REM,47,
2026-08-22,02:45,REM,47,
2026-08-22,02:46,REM,46,
2026-08-22,02:47,REM,46,
2026-08-22,02:48,REM,46,
2026-08-22,02:49,REM,46,
2026-08-22,02:50,REM,46,
2026-08-22,02:51,REM,46,
2026-08-22,02:52,REM,46,
2026-08-22,02:53,REM,46,
2026-08-22,02:54,REM,46,
2026-08-22,02:55,REM,46,
2026-08-22,02:56,REM,46,
2026-08-22,02:57,REM,47,
2026-08-22,02:58,REM,47,
2026-08-22,02:59,REM,47,
2026-08-22,03:00,REM,47,
2026-08-22,03:01,REM,47,
2026-08-22,03:02,REM,47,
2026-08-22,03:03,REM,47,
2026-08-22,03:04,REM,47,
2026-08-22,03:05,REM,47,
2026-08-22,03:06,REM,48,
2026-08-22,03:07,REM,48,
2026-08-22,03:08,REM,48,
2026-08-22,03:09,REM,48,
2026-08-22,03:10,REM,51,
2026-08-22,03:11,REM,62,
2026-08-22,03:12,LIGHT,59,
2026-08-22,03:13,LIGHT,51,
2026-08-22,03:14,LIGHT,48,
2026-08-22,03:15,LIGHT,47,
2026-08-22,03:16,LIGHT,47,
2026-08-22,03:17,LIGHT,47,
2026-08-22,03:18,LIGHT,47,
2026-08-22,03:19,LIGHT,49,
2026-08-22,03:20,LIGHT,50,
2026-08-22,03:21,LIGHT,50,
2026-08-22,03:22,LIGHT,50,
2026-08-22,03:23,LIGHT,57,
2026-08-22,03:24,LIGHT,51,
2026-08-22,03:25,LIGHT,50,
2026-08-22,03:26,LIGHT,49,
2026-08-22,03:27,LIGHT,48,
2026-08-22,03:28,LIGHT,50,
2026-08-22,03:29,LIGHT,49,
2026-08-22,03:30,LIGHT,49,
2026-08-22,03:31,LIGHT,49,
2026-08-22,03:32,LIGHT,49,
2026-08-22,03:33,LIGHT,49,
2026-08-22,03:34,LIGHT,49,
2026-08-22,03:35,LIGHT,49,
2026-08-22,03:36,LIGHT,48,
2026-08-22,03:37,LIGHT,48,
2026-08-22,03:38,LIGHT,48,
2026-08-22,03:39,LIGHT,48,
2026-08-22,03:40,LIGHT,49,
2026-08-22,03:41,LIGHT,50,
2026-08-22,03:42,LIGHT,50,
2026-08-22,03:43,LIGHT,49,
2026-08-22,03:44,LIGHT,49,
2026-08-22,03:45,LIGHT,49,
2026-08-22,03:46,LIGHT,49,
2026-08-22,03:47,LIGHT,49,
2026-08-22,03:48,LIGHT,49,
2026-08-22,03:49,LIGHT,49,
2026-08-22,03:50,LIGHT,49,
2026-08-22,03:51,LIGHT,49,
2026-08-22,03:52,LIGHT,49,
2026-08-22,03:53,LIGHT,49,
2026-08-22,03:54,LIGHT,50,
2026-08-22,03:55,LIGHT,58,
2026-08-22,03:56,LIGHT,50,
2026-08-22,03:57,LIGHT,47,
2026-08-22,03:58,LIGHT,47,
2026-08-22,03:59,LIGHT,47,
2026-08-22,04:00,LIGHT,47,
2026-08-22,04:01,LIGHT,47,
2026-08-22,04:02,LIGHT,47,
2026-08-22,04:03,DEEP,47,
2026-08-22,04:04,DEEP,47,
2026-08-22,04:05,DEEP,47,
2026-08-22,04:06,DEEP,47,
2026-08-22,04:07,LIGHT,47,
2026-08-22,04:08,LIGHT,47,
2026-08-22,04:09,LIGHT,47,
2026-08-22,04:10,WAKE,47,
2026-08-22,04:11,WAKE,47,
2026-08-22,04:12,LIGHT,47,
2026-08-22,04:13,LIGHT,47,
2026-08-22,04:14,LIGHT,48,
2026-08-22,04:15,LIGHT,48,
2026-08-22,04:16,LIGHT,48,
2026-08-22,04:17,REM,48,
2026-08-22,04:18,REM,48,
2026-08-22,04:19,REM,47,
2026-08-22,04:20,REM,47,
2026-08-22,04:21,REM,49,
2026-08-22,04:22,REM,52,
2026-08-22,04:23,REM,48,
2026-08-22,04:24,REM,47,
2026-08-22,04:25,REM,47,
2026-08-22,04:26,REM,46,
2026-08-22,04:27,REM,46,
2026-08-22,04:28,REM,47,
2026-08-22,04:29,REM,46,
2026-08-22,04:30,REM,46,
2026-08-22,04:31,REM,46,
2026-08-22,04:32,REM,46,
2026-08-22,04:33,REM,46,
2026-08-22,04:34,REM,51,
2026-08-22,04:35,REM,48,
2026-08-22,04:36,REM,47,
2026-08-22,04:37,REM,49,
2026-08-22,04:38,REM,53,
2026-08-22,04:39,LIGHT,47,
2026-08-22,04:40,LIGHT,48,
2026-08-22,04:41,LIGHT,53,
2026-08-22,04:42,LIGHT,48,
2026-08-22,04:43,LIGHT,50,
2026-08-22,04:44,LIGHT,44,
2026-08-22,04:45,LIGHT,43,
2026-08-22,04:46,LIGHT,47,
2026-08-22,04:47,LIGHT,43,
2026-08-22,04:48,LIGHT,45,
2026-08-22,04:49,LIGHT,44,
2026-08-22,04:50,LIGHT,47,
2026-08-22,04:51,DEEP,48,
2026-08-22,04:52,DEEP,51,
2026-08-22,04:53,DEEP,55,
2026-08-22,04:54,DEEP,48,
2026-08-22,04:55,DEEP,46,
2026-08-22,04:56,DEEP,48,
2026-08-22,04:57,DEEP,47,
2026-08-22,04:58,DEEP,46,
2026-08-22,04:59,DEEP,46,
2026-08-22,05:00,DEEP,45,
2026-08-22,05:01,LIGHT,45,
2026-08-22,05:02,LIGHT,47,
2026-08-22,05:03,LIGHT,45,
2026-08-22,05:04,WAKE,44,
2026-08-22,05:05,LIGHT,43,
2026-08-22,05:06,LIGHT,45,
2026-08-22,05:07,LIGHT,45,
2026-08-22,05:08,LIGHT,46,
2026-08-22,05:09,LIGHT,46,
2026-08-22,05:10,LIGHT,46,
2026-08-22,05:11,LIGHT,43,
2026-08-22,05:12,LIGHT,44,
2026-08-22,05:13,LIGHT,45,
2026-08-22,05:14,LIGHT,46,
2026-08-22,05:15,LIGHT,51,
2026-08-22,05:16,LIGHT,51,
2026-08-22,05:17,LIGHT,45,
2026-08-22,05:18,LIGHT,42,
2026-08-22,05:19,LIGHT,42,
2026-08-22,05:20,LIGHT,44,
2026-08-22,05:21,LIGHT,43,
2026-08-22,05:22,LIGHT,43,
2026-08-22,05:23,LIGHT,45,
2026-08-22,05:24,LIGHT,50,
2026-08-22,05:25,LIGHT,46,
2026-08-22,05:26,LIGHT,46,
2026-08-22,05:27,LIGHT,53,
2026-08-22,05:28,LIGHT,58,
2026-08-22,05:29,LIGHT,59,
2026-08-22,05:30,LIGHT,62,
2026-08-22,05:31,LIGHT,66,
2026-08-22,05:32,LIGHT,66,
2026-08-22,05:33,LIGHT,55,
2026-08-22,05:34,LIGHT,47,
2026-08-22,05:35,LIGHT,44,
2026-08-22,05:36,LIGHT,43,
2026-08-22,05:37,LIGHT,41,
2026-08-22,05:38,LIGHT,41,
2026-08-22,05:39,LIGHT,41,
2026-08-22,05:40,LIGHT,43,
2026-08-22,05:41,LIGHT,43,
2026-08-22,05:42,LIGHT,44,
2026-08-22,05:43,LIGHT,46,
2026-08-22,05:44,LIGHT,45,
2026-08-22,05:45,LIGHT,45,
2026-08-22,05:46,REM,44,
2026-08-22,05:47,REM,44,
2026-08-22,05:48,REM,44,
2026-08-22,05:49,REM,44,
2026-08-22,05:50,REM,44,
2026-08-22,05:51,REM,44,
2026-08-22,05:52,REM,44,
2026-08-22,05:53,REM,44,
2026-08-22,05:54,REM,44,
2026-08-22,05:55,REM,44,
2026-08-22,05:56,REM,44,
2026-08-22,05:57,REM,44,
2026-08-22,05:58,REM,44,
2026-08-22,05:59,REM,44,
2026-08-22,06:00,REM,44,
2026-08-22,06:01,REM,44,
2026-08-22,06:02,REM,44,
2026-08-22,06:03,REM,44,
2026-08-22,06:04,REM,44,
2026-08-22,06:05,REM,44,
2026-08-22,06:06,REM,44,
2026-08-22,06:07,REM,44,
2026-08-22,06:08,REM,44,
2026-08-22,06:09,REM,44,
2026-08-22,06:10,REM,44,
2026-08-22,06:11,REM,44,
2026-08-22,06:12,REM,45,
2026-08-22,06:13,REM,45,
2026-08-22,06:14,REM,44,
2026-08-22,06:15,REM,44,
2026-08-22,06:16,REM,44,
2026-08-22,06:17,REM,43,
2026-08-22,06:18,REM,43,
2026-08-22,06:19,REM,43,
2026-08-22,06:20,REM,43,
2026-08-22,06:21,REM,43,
2026-08-22,06:22,REM,43,
2026-08-22,06:23,REM,43,
2026-08-22,06:24,REM,43,
2026-08-22,06:25,REM,51,
2026-08-22,06:26,REM,62,
2026-08-22,06:27,LIGHT,53,
2026-08-22,06:28,LIGHT,45,
2026-08-22,06:29,LIGHT,42,
2026-08-22,06:30,LIGHT,44,
2026-08-22,06:31,LIGHT,42,
2026-08-22,06:32,LIGHT,41,
2026-08-22,06:33,LIGHT,40,
2026-08-22,06:34,LIGHT,41,
2026-08-22,06:35,LIGHT,46,
2026-08-22,06:36,LIGHT,43,
2026-08-22,06:37,LIGHT,43,
2026-08-22,06:38,LIGHT,46,
2026-08-22,06:39,LIGHT,46,
2026-08-22,06:40,LIGHT,50,
2026-08-22,06:41,LIGHT,47,
2026-08-22,06:42,LIGHT,44,
2026-08-22,06:43,LIGHT,44,
2026-08-22,06:44,LIGHT,44,
2026-08-22,06:45,LIGHT,45,
2026-08-22,06:46,WAKE,45,
2026-08-22,06:47,LIGHT,45,
2026-08-22,06:48,LIGHT,45,
2026-08-22,15:24,LIGHT,179,
2026-08-22,15:25,LIGHT,172,
2026-08-22,15:26,LIGHT,180,
2026-08-22,15:27,LIGHT,182,
2026-08-22,15:28,LIGHT,171,
2026-08-22,15:29,LIGHT,173,
2026-08-22,15:30,LIGHT,162,
2026-08-22,15:31,LIGHT,164,
2026-08-22,15:32,LIGHT,177,
2026-08-22,15:33,LIGHT,177,
2026-08-22,15:34,LIGHT,181,
2026-08-22,15:35,LIGHT,173,
2026-08-22,15:36,DEEP,152,
2026-08-22,15:37,DEEP,142,
2026-08-22,15:38,DEEP,138,
2026-08-22,15:39,LIGHT,141,
2026-08-22,15:40,LIGHT,139,
2026-08-22,15:41,LIGHT,137,
2026-08-22,15:42,LIGHT,133,
2026-08-22,15:43,LIGHT,117,
2026-08-22,15:44,LIGHT,110,
2026-08-22,15:45,LIGHT,108,
2026-08-22,15:46,LIGHT,105,
2026-08-22,15:47,LIGHT,105,
2026-08-22,15:48,LIGHT,107,
2026-08-22,15:49,LIGHT,101,
2026-08-22,15:50,DEEP,101,
2026-08-22,15:51,DEEP,101,
2026-08-22,15:52,DEEP,99,
2026-08-22,15:53,DEEP,99,
2026-08-22,15:54,DEEP,96,
2026-08-22,15:55,DEEP,103,
2026-08-22,15:56,DEEP,103,
2026-08-22,15:57,DEEP,100,
2026-08-22,15:58,DEEP,97,
2026-08-22,15:59,DEEP,102,
2026-08-22,16:00,DEEP,102,
2026-08-22,16:01,DEEP,102,
2026-08-22,16:02,DEEP,107,
2026-08-22,16:03,DEEP,102,
2026-08-22,16:04,DEEP,99,
2026-08-22,16:05,DEEP,99,
2026-08-22,16:06,DEEP,101,
2026-08-22,16:07,LIGHT,97,
2026-08-22,16:08,LIGHT,97,
2026-08-22,16:09,LIGHT,91,
2026-08-22,16:10,LIGHT,89,
2026-08-22,16:11,LIGHT,90,
2026-08-22,16:12,LIGHT,96,
2026-08-22,16:13,LIGHT,110,
2026-08-22,16:14,LIGHT,110,
2026-08-22,16:15,LIGHT,107,
2026-08-22,16:16,LIGHT,106,
2026-08-22,16:17,REM,104,
2026-08-22,16:18,REM,101,
2026-08-22,16:19,REM,101,
2026-08-22,16:20,REM,96,
2026-08-22,16:21,REM,102,
2026-08-22,16:22,REM,100,
2026-08-22,16:23,REM,100,
2026-08-22,16:24,REM,94,
2026-08-22,16:25,REM,91,
2026-08-22,16:26,REM,92,
2026-08-22,16:27,REM,89,
2026-08-22,16:28,REM,94,
2026-08-22,16:29,REM,99,
2026-08-22,16:30,REM,101,
2026-08-22,16:31,REM,93,
2026-08-22,16:32,REM,90,
2026-08-22,16:33,REM,92,
2026-08-22,16:34,REM,94,
2026-08-22,16:35,REM,86,
2026-08-22,16:36,REM,83,
2026-08-22,16:37,REM,80,
2026-08-22,16:38,REM,81,
2026-08-22,16:39,REM,81,
2026-08-22,16:40,REM,88,
2026-08-22,16:41,REM,93,
2026-08-22,16:42,REM,94,
2026-08-22,16:43,REM,92,
2026-08-22,16:44,REM,86,
2026-08-22,16:45,LIGHT,86,
2026-08-22,16:46,LIGHT,79,
2026-08-22,16:47,LIGHT,84,
2026-08-22,16:48,LIGHT,85,
2026-08-22,16:49,LIGHT,82,
2026-08-22,16:50,LIGHT,79,
2026-08-22,16:51,LIGHT,84,
2026-08-22,16:52,LIGHT,81,
2026-08-22,16:53,LIGHT,81,
2026-08-22,16:54,LIGHT,80,
2026-08-22,16:55,LIGHT,82,
2026-08-22,16:56,LIGHT,85,
2026-08-22,16:57,LIGHT,82,
2026-08-22,16:58,LIGHT,87,
2026-08-22,16:59,LIGHT,88,
2026-08-22,17:00,LIGHT,85,
2026-08-22,17:01,LIGHT,88,
2026-08-22,17:02,LIGHT,89,
2026-08-22,17:03,LIGHT,90,
2026-08-22,17:04,LIGHT,87,
2026-08-22,17:05,LIGHT,84,
2026-08-22,17:06,LIGHT,88,
2026-08-22,17:07,LIGHT,83,
2026-08-22,17:08,LIGHT,86,
2026-08-22,17:09,LIGHT,81,
2026-08-22,17:10,LIGHT,86,
2026-08-22,17:11,LIGHT,88,
2026-08-22,17:12,LIGHT,88,
2026-08-22,17:13,LIGHT,92,
2026-08-22,17:14,LIGHT,93,
2026-08-22,17:15,LIGHT,89,
2026-08-22,17:16,LIGHT,90,
2026-08-23,02:19,LIGHT,59,
2026-08-23,02:20,LIGHT,59,
2026-08-23,02:21,LIGHT,59,
2026-08-23,02:22,LIGHT,59,
2026-08-23,02:23,LIGHT,58,
2026-08-23,02:24,LIGHT,60,
2026-08-23,02:25,LIGHT,62,
2026-08-23,02:26,LIGHT,60,
2026-08-23,02:27,LIGHT,60,
2026-08-23,02:28,DEEP,60,
2026-08-23,02:29,DEEP,60,
2026-08-23,02:30,DEEP,59,
2026-08-23,02:31,DEEP,59,
2026-08-23,02:32,DEEP,59,
2026-08-23,02:33,DEEP,58,
2026-08-23,02:34,DEEP,59,
2026-08-23,02:35,DEEP,58,
2026-08-23,02:36,DEEP,57,
2026-08-23,02:37,DEEP,57,
2026-08-23,02:38,DEEP,58,
2026-08-23,02:39,DEEP,61,
2026-08-23,02:40,DEEP,61,
2026-08-23,02:41,DEEP,58,
2026-08-23,02:42,DEEP,59,
2026-08-23,02:43,DEEP,63,
2026-08-23,02:44,DEEP,73,
2026-08-23,02:45,DEEP,70,
2026-08-23,02:46,DEEP,64,
2026-08-23,02:47,DEEP,56,
2026-08-23,02:48,DEEP,54,
2026-08-23,02:49,DEEP,54,
2026-08-23,02:50,DEEP,54,
2026-08-23,02:51,DEEP,54,
2026-08-23,02:52,DEEP,58,
2026-08-23,02:53,DEEP,55,
2026-08-23,02:54,DEEP,54,
2026-08-23,02:55,DEEP,56,
2026-08-23,02:56,DEEP,56,
2026-08-23,02:57,DEEP,55,
2026-08-23,02:58,DEEP,62,
2026-08-23,02:59,DEEP,55,
2026-08-23,03:00,DEEP,57,
2026-08-23,03:01,DEEP,56,
2026-08-23,03:02,DEEP,60,
2026-08-23,03:03,DEEP,54,
2026-08-23,03:04,DEEP,53,
2026-08-23,03:05,DEEP,53,
2026-08-23,03:06,DEEP,53,
2026-08-23,03:07,DEEP,54,
2026-08-23,03:08,DEEP,54,
2026-08-23,03:09,LIGHT,53,
2026-08-23,03:10,LIGHT,54,
2026-08-23,03:11,LIGHT,54,
2026-08-23,03:12,WAKE,56,
2026-08-23,03:13,LIGHT,57,
2026-08-23,03:14,LIGHT,59,
2026-08-23,03:15,LIGHT,59,
2026-08-23,03:16,LIGHT,58,
2026-08-23,03:17,LIGHT,57,
2026-08-23,03:18,LIGHT,60,
2026-08-23,03:19,LIGHT,62,
2026-08-23,03:20,REM,62,
2026-08-23,03:21,REM,62,
2026-08-23,03:22,REM,61,
2026-08-23,03:23,REM,62,
2026-08-23,03:24,REM,62,
2026-08-23,03:25,REM,59,
2026-08-23,03:26,REM,59,
2026-08-23,03:27,REM,59,
2026-08-23,03:28,REM,60,
2026-08-23,03:29,REM,59,
2026-08-23,03:30,REM,59,
2026-08-23,03:31,REM,61,
2026-08-23,03:32,REM,71,
2026-08-23,03:33,REM,65,
2026-08-23,03:34,REM,55,
2026-08-23,03:35,REM,53,
2026-08-23,03:36,REM,52,
2026-08-23,03:37,REM,50,
2026-08-23,03:38,REM,50,
2026-08-23,03:39,REM,50,
2026-08-23,03:40,REM,50,
2026-08-23,03:41,LIGHT,50,
2026-08-23,03:42,LIGHT,50,
2026-08-23,03:43,LIGHT,50,
2026-08-23,03:44,LIGHT,50,
2026-08-23,03:45,LIGHT,50,
2026-08-23,03:46,LIGHT,50,
2026-08-23,03:47,LIGHT,51,
2026-08-23,03:48,LIGHT,51,
2026-08-23,03:49,LIGHT,52,
2026-08-23,03:50,LIGHT,62,
2026-08-23,03:51,LIGHT,61,
2026-08-23,03:52,LIGHT,55,
2026-08-23,03:53,LIGHT,53,
2026-08-23,03:54,LIGHT,53,
2026-08-23,03:55,LIGHT,52,
2026-08-23,03:56,LIGHT,54,
2026-08-23,03:57,LIGHT,53,
2026-08-23,03:58,LIGHT,53,
2026-08-23,03:59,LIGHT,53,
2026-08-23,04:00,LIGHT,53,
2026-08-23,04:01,LIGHT,53,
2026-08-23,04:02,LIGHT,53,
2026-08-23,04:03,LIGHT,53,
2026-08-23,04:04,LIGHT,53,
2026-08-23,04:05,LIGHT,53,
2026-08-23,04:06,LIGHT,53,
2026-08-23,04:07,LIGHT,53,
2026-08-23,04:08,LIGHT,53,
2026-08-23,04:09,LIGHT,53,
2026-08-23,04:10,LIGHT,52,
2026-08-23,04:11,LIGHT,52,
2026-08-23,04:12,LIGHT,52,
2026-08-23,04:13,LIGHT,52,
2026-08-23,04:14,LIGHT,52,
2026-08-23,04:15,LIGHT,53,
2026-08-23,04:16,LIGHT,52,
2026-08-23,04:17,LIGHT,52,
2026-08-23,04:18,LIGHT,54,
2026-08-23,04:19,LIGHT,54,
2026-08-23,04:20,LIGHT,54,
2026-08-23,04:21,LIGHT,53,
2026-08-23,04:22,LIGHT,52,
2026-08-23,04:23,LIGHT,52,
2026-08-23,04:24,LIGHT,52,
2026-08-23,04:25,LIGHT,54,
2026-08-23,04:26,LIGHT,50,
2026-08-23,04:27,LIGHT,55,
2026-08-23,04:28,LIGHT,55,
2026-08-23,04:29,LIGHT,50,
2026-08-23,04:30,LIGHT,50,
2026-08-23,04:31,LIGHT,51,
2026-08-23,04:32,LIGHT,51,
2026-08-23,04:33,LIGHT,53,
2026-08-23,04:34,LIGHT,53,
2026-08-23,04:35,LIGHT,61,
2026-08-23,04:36,LIGHT,53,
2026-08-23,04:37,LIGHT,51,
2026-08-23,04:38,LIGHT,49,
2026-08-23,04:39,LIGHT,51,
2026-08-23,04:40,LIGHT,58,
2026-08-23,04:41,LIGHT,51,
2026-08-23,04:42,WAKE,51,
2026-08-23,04:43,WAKE,51,
2026-08-23,04:44,WAKE,50,
2026-08-23,04:45,LIGHT,50,
2026-08-23,04:46,LIGHT,50,
2026-08-23,04:47,LIGHT,49,
2026-08-23,04:48,LIGHT,50,
2026-08-23,04:49,LIGHT,57,
2026-08-23,04:50,LIGHT,65,
2026-08-23,04:51,LIGHT,56,
2026-08-23,04:52,LIGHT,52,
2026-08-23,04:53,WAKE,50,
2026-08-23,04:54,WAKE,51,
2026-08-23,04:55,LIGHT,52,
2026-08-23,04:56,LIGHT,51,
2026-08-23,04:57,LIGHT,51,
2026-08-23,04:58,REM,51,
2026-08-23,04:59,REM,50,
2026-08-23,05:00,REM,50,
2026-08-23,05:01,REM,50,
2026-08-23,05:02,REM,50,
2026-08-23,05:03,REM,50,
2026-08-23,05:04,REM,50,
2026-08-23,05:05,REM,52,
2026-08-23,05:06,REM,54,
2026-08-23,05:07,REM,55,
2026-08-23,05:08,REM,55,
2026-08-23,05:09,REM,52,
2026-08-23,05:10,REM,52,
2026-08-23,05:11,REM,52,
2026-08-23,05:12,REM,52,
2026-08-23,05:13,REM,52,
2026-08-23,05:14,REM,52,
2026-08-23,05:15,REM,52,
2026-08-23,05:16,LIGHT,52,
2026-08-23,05:17,LIGHT,54,
2026-08-23,05:18,LIGHT,54,
2026-08-23,05:19,LIGHT,54,
2026-08-23,05:20,LIGHT,53,
2026-08-23,05:21,LIGHT,53,
2026-08-23,05:22,LIGHT,53,
2026-08-23,05:23,LIGHT,53,
2026-08-23,05:24,LIGHT,53,
2026-08-23,05:25,LIGHT,58,
2026-08-23,05:26,LIGHT,72,
2026-08-23,05:27,LIGHT,66,
2026-08-23,05:28,LIGHT,60,
2026-08-23,05:29,REM,57,
2026-08-23,05:30,REM,51,
2026-08-23,05:31,REM,49,
2026-08-23,05:32,REM,48,
2026-08-23,05:33,REM,48,
2026-08-23,05:34,REM,52,
2026-08-23,05:35,REM,52,
2026-08-23,05:36,REM,90,
2026-08-23,05:37,LIGHT,100,
2026-08-23,05:38,LIGHT,98,
2026-08-23,05:39,LIGHT,87,
2026-08-23,05:40,LIGHT,76,
2026-08-23,05:41,LIGHT,66,
2026-08-23,05:42,LIGHT,60,
2026-08-23,05:43,LIGHT,51,
2026-08-23,05:44,LIGHT,51,
2026-08-23,05:45,LIGHT,48,
2026-08-23,05:46,LIGHT,51,
2026-08-23,05:47,LIGHT,52,
2026-08-23,05:48,LIGHT,51,
2026-08-23,05:49,LIGHT,52,
2026-08-23,05:50,LIGHT,50,
2026-08-23,05:51,LIGHT,50,
2026-08-23,05:52,LIGHT,50,
2026-08-23,05:53,LIGHT,49,
2026-08-23,05:54,LIGHT,49,
2026-08-23,05:55,DEEP,49,
2026-08-23,05:56,DEEP,49,
2026-08-23,05:57,DEEP,49,
2026-08-23,05:58,DEEP,52,
2026-08-23,05:59,DEEP,50,
2026-08-23,06:00,DEEP,57,
2026-08-23,06:01,DEEP,48,
2026-08-23,06:02,DEEP,46,
2026-08-23,06:03,DEEP,47,
2026-08-23,06:04,DEEP,47,
2026-08-23,06:05,DEEP,47,
2026-08-23,06:06,DEEP,48,
2026-08-23,06:07,DEEP,49,
2026-08-23,06:08,DEEP,49,
2026-08-23,06:09,DEEP,49,
2026-08-23,06:10,DEEP,49,
2026-08-23,06:11,DEEP,49,
2026-08-23,06:12,DEEP,49,
2026-08-23,06:13,DEEP,50,
2026-08-23,06:14,DEEP,50,
2026-08-23,06:15,DEEP,51,
2026-08-23,06:16,DEEP,51,
2026-08-23,06:17,DEEP,50,
2026-08-23,06:18,DEEP,50,
2026-08-23,06:19,DEEP,50,
2026-08-23,06:20,DEEP,50,
2026-08-23,06:21,DEEP,50,
2026-08-23,06:22,DEEP,50,
2026-08-23,06:23,DEEP,50,
2026-08-23,06:24,LIGHT,52,
2026-08-23,06:25,LIGHT,52,
2026-08-23,06:26,LIGHT,52,
2026-08-23,06:27,WAKE,51,
2026-08-23,06:28,LIGHT,51,
2026-08-23,06:29,LIGHT,51,
2026-08-23,06:30,LIGHT,62,
2026-08-23,06:31,LIGHT,60,
2026-08-23,06:32,LIGHT,54,
2026-08-23,06:33,LIGHT,54,
2026-08-23,06:34,LIGHT,56,
2026-08-23,06:35,LIGHT,58,
2026-08-23,06:36,LIGHT,53,
2026-08-23,06:37,LIGHT,51,
2026-08-23,06:38,LIGHT,49,
2026-08-23,06:39,LIGHT,54,
2026-08-23,06:40,LIGHT,55,
2026-08-23,06:41,LIGHT,52,
2026-08-23,06:42,LIGHT,52,
2026-08-23,06:43,LIGHT,52,
2026-08-23,06:44,LIGHT,57,
2026-08-23,06:45,LIGHT,62,
2026-08-23,06:46,LIGHT,53,
2026-08-23,06:47,LIGHT,52,
2026-08-23,06:48,LIGHT,51,
2026-08-23,06:49,LIGHT,53,
2026-08-23,06:50,LIGHT,48,
2026-08-23,06:51,LIGHT,47,
2026-08-23,06:52,LIGHT,47,
2026-08-23,06:53,LIGHT,46,
2026-08-23,06:54,LIGHT,48,
2026-08-23,06:55,LIGHT,53,
2026-08-23,06:56,LIGHT,49,
2026-08-23,06:57,LIGHT,46,
2026-08-23,06:58,WAKE,55,
2026-08-23,06:59,LIGHT,48,
2026-08-23,07:00,LIGHT,48,
2026-08-23,07:01,WAKE,47,
2026-08-23,07:02,WAKE,45,
2026-08-23,07:03,LIGHT,52,
2026-08-23,07:04,LIGHT,57,
2026-08-23,07:05,LIGHT,48,
2026-08-23,07:06,LIGHT,53,
2026-08-23,07:07,LIGHT,46,
2026-08-23,07:08,LIGHT,46,
2026-08-23,07:09,LIGHT,46,
2026-08-23,07:10,LIGHT,46,
2026-08-23,07:11,LIGHT,46,
2026-08-23,07:12,LIGHT,45,
2026-08-23,07:13,LIGHT,46,
2026-08-23,07:14,LIGHT,53,
2026-08-23,07:15,LIGHT,48,
2026-08-23,07:16,LIGHT,47,
2026-08-23,07:17,LIGHT,46,
2026-08-23,07:18,LIGHT,47,
2026-08-23,07:19,LIGHT,47,
2026-08-23,07:20,LIGHT,47,
2026-08-23,07:21,LIGHT,47,
2026-08-23,07:22,LIGHT,47,
2026-08-23,07:23,LIGHT,52,
2026-08-23,07:24,LIGHT,48,
2026-08-23,07:25,LIGHT,47,
2026-08-23,07:26,LIGHT,47,
2026-08-23,07:27,LIGHT,48,
2026-08-23,07:28,LIGHT,49,
2026-08-23,07:29,LIGHT,49,
2026-08-23,07:30,LIGHT,49,
2026-08-23,07:31,LIGHT,49,
2026-08-23,07:32,LIGHT,54,
2026-08-23,07:33,LIGHT,51,
2026-08-23,07:34,LIGHT,48,
2026-08-23,07:35,LIGHT,47,
2026-08-23,07:36,LIGHT,47,
2026-08-23,07:37,LIGHT,47,
2026-08-23,07:38,LIGHT,47,
2026-08-23,07:39,LIGHT,48,
2026-08-23,07:40,LIGHT,49,
2026-08-23,07:41,LIGHT,49,
2026-08-23,07:42,LIGHT,49,
2026-08-23,07:43,LIGHT,49,
2026-08-23,07:44,LIGHT,49,
2026-08-23,07:45,LIGHT,49,
2026-08-23,07:46,REM,51,
2026-08-23,07:47,REM,51,
2026-08-23,07:48,REM,51,
2026-08-23,07:49,REM,51,
2026-08-23,07:50,REM,51,
2026-08-23,07:51,REM,50,
2026-08-23,07:52,REM,50,
2026-08-23,07:53,REM,51,
2026-08-23,07:54,REM,51,
2026-08-23,07:55,REM,51,
2026-08-23,07:56,REM,51,
2026-08-23,07:57,REM,51,
2026-08-23,07:58,REM,51,
2026-08-23,07:59,REM,52,
2026-08-23,08:00,REM,54,
2026-08-23,08:01,REM,56,
2026-08-23,08:02,REM,50,
2026-08-23,08:03,REM,48,
2026-08-23,08:04,REM,47,
2026-08-23,08:05,REM,49,
2026-08-23,08:06,REM,46,
2026-08-23,08:07,REM,50,
2026-08-23,08:08,REM,52,
2026-08-23,08:09,REM,52,
2026-08-23,08:10,REM,48,
2026-08-23,08:11,REM,47,
2026-08-23,08:12,LIGHT,48,
2026-08-23,08:13,LIGHT,48,
2026-08-23,08:14,LIGHT,48,
2026-08-23,08:15,LIGHT,50,
2026-08-23,08:16,LIGHT,54,
2026-08-23,08:17,LIGHT,58,
2026-08-23,08:18,REM,53,
2026-08-23,08:19,REM,49,
2026-08-23,08:20,REM,48,
2026-08-23,08:21,REM,46,
2026-08-23,08:22,REM,48,
2026-08-23,08:23,REM,55,
2026-08-23,08:24,REM,55,
2026-08-23,08:25,REM,59,
2026-08-23,08:26,REM,59,
2026-08-23,08:27,REM,56,
2026-08-23,08:28,LIGHT,52,
2026-08-23,08:29,LIGHT,53,
2026-08-23,08:30,LIGHT,49,
2026-08-23,08:31,LIGHT,48,
2026-08-23,08:32,LIGHT,48,
2026-08-23,08:33,LIGHT,48,
2026-08-23,08:34,LIGHT,50,
2026-08-23,08:35,LIGHT,52,
2026-08-23,08:36,LIGHT,52,
2026-08-23,08:37,LIGHT,54,
2026-08-23,08:38,LIGHT,55,
2026-08-23,08:39,LIGHT,52,
2026-08-23,08:40,LIGHT,51,
2026-08-23,08:41,LIGHT,51,
2026-08-23,08:42,LIGHT,51,
2026-08-23,08:43,LIGHT,53,
2026-08-23,08:44,LIGHT,53,
2026-08-23,08:45,LIGHT,53,
2026-08-23,08:46,LIGHT,51,
2026-08-23,08:47,LIGHT,48,
2026-08-23,08:48,LIGHT,50,
2026-08-24,00:48,LIGHT,71,
2026-08-24,00:49,LIGHT,68,
2026-08-24,00:50,LIGHT,69,
2026-08-24,00:51,LIGHT,73,
2026-08-24,00:52,LIGHT,73,
2026-08-24,00:53,LIGHT,68,
2026-08-24,00:54,LIGHT,68,
2026-08-24,00:55,LIGHT,68,
2026-08-24,00:56,LIGHT,63,
2026-08-24,00:57,DEEP,63,
2026-08-24,00:58,DEEP,63,
2026-08-24,00:59,DEEP,61,
2026-08-24,01:00,DEEP,63,
2026-08-24,01:01,DEEP,63,
2026-08-24,01:02,DEEP,67,
2026-08-24,01:03,DEEP,79,
2026-08-24,01:04,DEEP,69,
2026-08-24,01:05,DEEP,71,
2026-08-24,01:06,DEEP,76,
2026-08-24,01:07,DEEP,68,
2026-08-24,01:08,DEEP,66,
2026-08-24,01:09,DEEP,71,
2026-08-24,01:10,DEEP,79,
2026-08-24,01:11,DEEP,76,
2026-08-24,01:12,DEEP,73,
2026-08-24,01:13,DEEP,69,
2026-08-24,01:14,DEEP,71,
2026-08-24,01:15,DEEP,73,
2026-08-24,01:16,DEEP,72,
2026-08-24,01:17,DEEP,79,
2026-08-24,01:18,DEEP,83,
2026-08-24,01:19,DEEP,80,
2026-08-24,01:20,DEEP,77,
2026-08-24,01:21,DEEP,74,
2026-08-24,01:22,DEEP,71,
2026-08-24,01:23,DEEP,60,
2026-08-24,01:24,DEEP,57,
2026-08-24,01:25,DEEP,57,
2026-08-24,01:26,DEEP,62,
2026-08-24,01:27,DEEP,67,
2026-08-24,01:28,DEEP,61,
2026-08-24,01:29,DEEP,63,
2026-08-24,01:30,DEEP,60,
2026-08-24,01:31,DEEP,60,
2026-08-24,01:32,DEEP,59,
2026-08-24,01:33,DEEP,59,
2026-08-24,01:34,DEEP,59,
2026-08-24,01:35,DEEP,60,
2026-08-24,01:36,DEEP,57,
2026-08-24,01:37,DEEP,59,
2026-08-24,01:38,DEEP,61,
2026-08-24,01:39,DEEP,61,
2026-08-24,01:40,DEEP,62,
2026-08-24,01:41,DEEP,59,
2026-08-24,01:42,DEEP,61,
2026-08-24,01:43,LIGHT,64,
2026-08-24,01:44,LIGHT,67,
2026-08-24,01:45,LIGHT,65,
2026-08-24,01:46,WAKE,65,
2026-08-24,01:47,LIGHT,64,
2026-08-24,01:48,LIGHT,61,
2026-08-24,01:49,LIGHT,60,
2026-08-24,01:50,LIGHT,60,
2026-08-24,01:51,LIGHT,67,
2026-08-24,01:52,LIGHT,72,
2026-08-24,01:53,LIGHT,72,
2026-08-24,01:54,LIGHT,72,
2026-08-24,01:55,REM,75,
2026-08-24,01:56,REM,66,
2026-08-24,01:57,REM,62,
2026-08-24,01:58,REM,62,
2026-08-24,01:59,LIGHT,67,
2026-08-24,02:00,LIGHT,77,
2026-08-24,02:01,LIGHT,77,
2026-08-24,02:02,LIGHT,72,
2026-08-24,02:03,LIGHT,60,
2026-08-24,02:04,LIGHT,55,
2026-08-24,02:05,LIGHT,52,
2026-08-24,02:06,LIGHT,60,
2026-08-24,02:07,LIGHT,59,
2026-08-24,02:08,LIGHT,56,
2026-08-24,02:09,LIGHT,56,
2026-08-24,02:10,LIGHT,56,
2026-08-24,02:11,LIGHT,55,
2026-08-24,02:12,LIGHT,54,
2026-08-24,02:13,LIGHT,55,
2026-08-24,02:14,LIGHT,53,
2026-08-24,02:15,LIGHT,51,
2026-08-24,02:16,LIGHT,52,
2026-08-24,02:17,LIGHT,52,
2026-08-24,02:18,WAKE,60,
2026-08-24,02:19,WAKE,62,
2026-08-24,02:20,LIGHT,64,
2026-08-24,02:21,LIGHT,66,
2026-08-24,02:22,LIGHT,66,
2026-08-24,02:23,LIGHT,59,
2026-08-24,02:24,LIGHT,62,
2026-08-24,02:25,LIGHT,62,
2026-08-24,02:26,LIGHT,66,
2026-08-24,02:27,LIGHT,66,
2026-08-24,02:28,LIGHT,61,
2026-08-24,02:29,LIGHT,54,
2026-08-24,02:30,LIGHT,52,
2026-08-24,02:31,LIGHT,52,
2026-08-24,02:32,LIGHT,54,
2026-08-24,02:33,LIGHT,51,
2026-08-24,02:34,LIGHT,51,
2026-08-24,02:35,LIGHT,51,
2026-08-24,02:36,LIGHT,50,
2026-08-24,02:37,LIGHT,50,
2026-08-24,02:38,LIGHT,53,
2026-08-24,02:39,LIGHT,50,
2026-08-24,02:40,LIGHT,50,
2026-08-24,02:41,LIGHT,49,
2026-08-24,02:42,LIGHT,49,
2026-08-24,02:43,LIGHT,49,
2026-08-24,02:44,LIGHT,49,
2026-08-24,02:45,WAKE,57,
2026-08-24,02:46,WAKE,62,
2026-08-24,02:47,WAKE,56,
2026-08-24,02:48,LIGHT,54,
2026-08-24,02:49,LIGHT,53,
2026-08-24,02:50,LIGHT,53,
2026-08-24,02:51,LIGHT,53,
2026-08-24,02:52,LIGHT,53,
2026-08-24,02:53,LIGHT,52,
2026-08-24,02:54,LIGHT,52,
2026-08-24,02:55,LIGHT,52,
2026-08-24,02:56,LIGHT,52,
2026-08-24,02:57,LIGHT,52,
2026-08-24,02:58,LIGHT,53,
2026-08-24,02:59,LIGHT,53,
2026-08-24,03:00,LIGHT,53,
2026-08-24,03:01,LIGHT,53,
2026-08-24,03:02,LIGHT,53,
2026-08-24,03:03,LIGHT,53,
2026-08-24,03:04,LIGHT,53,
2026-08-24,03:05,LIGHT,53,
2026-08-24,03:06,LIGHT,54,
2026-08-24,03:07,LIGHT,56,
2026-08-24,03:08,REM,52,
2026-08-24,03:09,REM,50,
2026-08-24,03:10,REM,51,
2026-08-24,03:11,REM,51,
2026-08-24,03:12,REM,52,
2026-08-24,03:13,REM,50,
2026-08-24,03:14,REM,50,
2026-08-24,03:15,REM,50,
2026-08-24,03:16,REM,50,
2026-08-24,03:17,REM,50,
2026-08-24,03:18,REM,50,
2026-08-24,03:19,REM,50,
2026-08-24,03:20,REM,53,
2026-08-24,03:21,REM,53,
2026-08-24,03:22,REM,50,
2026-08-24,03:23,REM,49,
2026-08-24,03:24,REM,52,
2026-08-24,03:25,REM,51,
2026-08-24,03:26,REM,50,
2026-08-24,03:27,REM,49,
2026-08-24,03:28,REM,49,
2026-08-24,03:29,REM,49,
2026-08-24,03:30,REM,49,
2026-08-24,03:31,LIGHT,50,
2026-08-24,03:32,LIGHT,50,
2026-08-24,03:33,LIGHT,51,
2026-08-24,03:34,WAKE,51,
2026-08-24,03:35,LIGHT,51,
2026-08-24,03:36,LIGHT,51,
2026-08-24,03:37,LIGHT,54,
2026-08-24,03:38,LIGHT,54,
2026-08-24,03:39,LIGHT,53,
2026-08-24,03:40,LIGHT,53,
2026-08-24,03:41,LIGHT,53,
2026-08-24,03:42,LIGHT,53,
2026-08-24,03:43,LIGHT,53,
2026-08-24,03:44,LIGHT,53,
2026-08-24,03:45,LIGHT,53,
2026-08-24,03:46,LIGHT,53,
2026-08-24,03:47,LIGHT,53,
2026-08-24,03:48,LIGHT,53,
2026-08-24,03:49,LIGHT,60,
2026-08-24,03:50,LIGHT,52,
2026-08-24,03:51,LIGHT,49,
2026-08-24,03:52,LIGHT,51,
2026-08-24,03:53,LIGHT,50,
2026-08-24,03:54,LIGHT,50,
2026-08-24,03:55,LIGHT,52,
2026-08-24,03:56,LIGHT,52,
2026-08-24,03:57,LIGHT,52,
2026-08-24,03:58,LIGHT,52,
2026-08-24,03:59,LIGHT,52,
2026-08-24,04:00,LIGHT,54,
2026-08-24,04:01,LIGHT,53,
2026-08-24,04:02,LIGHT,52,
2026-08-24,04:03,LIGHT,64,
2026-08-24,04:04,LIGHT,52,
2026-08-24,04:05,LIGHT,51,
2026-08-24,04:06,LIGHT,51,
2026-08-24,04:07,DEEP,51,
2026-08-24,04:08,DEEP,51,
2026-08-24,04:09,DEEP,49,
2026-08-24,04:10,DEEP,51,
2026-08-24,04:11,DEEP,51,
2026-08-24,04:12,DEEP,51,
2026-08-24,04:13,DEEP,50,
2026-08-24,04:14,DEEP,50,
2026-08-24,04:15,DEEP,50,
2026-08-24,04:16,DEEP,49,
2026-08-24,04:17,DEEP,50,
2026-08-24,04:18,DEEP,50,
2026-08-24,04:19,DEEP,50,
2026-08-24,04:20,DEEP,50,
2026-08-24,04:21,DEEP,50,
2026-08-24,04:22,DEEP,50,
2026-08-24,04:23,DEEP,50,
2026-08-24,04:24,DEEP,50,
2026-08-24,04:25,DEEP,50,
2026-08-24,04:26,LIGHT,51,
2026-08-24,04:27,LIGHT,51,
2026-08-24,04:28,LIGHT,51,
2026-08-24,04:29,LIGHT,51,
2026-08-24,04:30,LIGHT,51,
2026-08-24,04:31,LIGHT,51,
2026-08-24,04:32,LIGHT,52,
2026-08-24,04:33,REM,52,
2026-08-24,04:34,REM,51,
2026-08-24,04:35,REM,51,
2026-08-24,04:36,REM,51,
2026-08-24,04:37,REM,51,
2026-08-24,04:38,REM,50,
2026-08-24,04:39,REM,49,
2026-08-24,04:40,REM,49,
2026-08-24,04:41,REM,49,
2026-08-24,04:42,REM,56,
2026-08-24,04:43,REM,61,
2026-08-24,04:44,REM,64,
2026-08-24,04:45,REM,60,
2026-08-24,04:46,REM,51,
2026-08-24,04:47,REM,48,
2026-08-24,04:48,LIGHT,47,
2026-08-24,04:49,LIGHT,47,
2026-08-24,04:50,LIGHT,47,
2026-08-24,04:51,WAKE,47,
2026-08-24,04:52,LIGHT,47,
2026-08-24,04:53,LIGHT,46,
2026-08-24,04:54,LIGHT,46,
2026-08-24,04:55,LIGHT,46,
2026-08-24,04:56,LIGHT,47,
2026-08-24,04:57,LIGHT,47,
2026-08-24,04:58,LIGHT,47,
2026-08-24,04:59,LIGHT,48,
2026-08-24,05:00,LIGHT,49,
2026-08-24,05:01,LIGHT,49,
2026-08-24,05:02,LIGHT,48,
2026-08-24,05:03,LIGHT,48,
2026-08-24,05:04,LIGHT,48,
2026-08-24,05:05,LIGHT,48,
2026-08-24,05:06,LIGHT,50,
2026-08-24,05:07,LIGHT,54,
2026-08-24,05:08,LIGHT,50,
2026-08-24,05:09,LIGHT,50,
2026-08-24,05:10,LIGHT,50,
2026-08-24,05:11,LIGHT,52,
2026-08-24,05:12,LIGHT,56,
2026-08-24,05:13,LIGHT,53,
2026-08-24,05:14,LIGHT,52,
2026-08-24,05:15,LIGHT,53,
2026-08-24,05:16,LIGHT,52,
2026-08-24,05:17,LIGHT,52,
2026-08-24,05:18,LIGHT,55,
2026-08-24,05:19,LIGHT,56,
2026-08-24,05:20,LIGHT,54,
2026-08-24,05:21,LIGHT,51,
2026-08-24,05:22,LIGHT,53,
2026-08-24,05:23,LIGHT,60,
2026-08-24,05:24,LIGHT,52,
2026-08-24,05:25,LIGHT,49,
2026-08-24,05:26,LIGHT,49,
2026-08-24,05:27,WAKE,54,
2026-08-24,05:28,WAKE,60,
2026-08-24,05:29,WAKE,57,
2026-08-24,05:30,WAKE,49,
2026-08-24,05:31,WAKE,48,
2026-08-24,05:32,WAKE,52,
2026-08-24,05:33,WAKE,54,
2026-08-24,05:34,WAKE,58,
2026-08-24,05:35,WAKE,51,
2026-08-24,05:36,WAKE,52,
2026-08-24,05:37,WAKE,52,
2026-08-24,05:38,WAKE,52,
2026-08-24,05:39,WAKE,51,
2026-08-24,05:40,WAKE,51,
2026-08-24,05:41,LIGHT,51,
2026-08-24,05:42,LIGHT,52,
2026-08-24,05:43,WAKE,57,
2026-08-24,05:44,LIGHT,54,
2026-08-24,05:45,LIGHT,53,
2026-08-24,05:46,LIGHT,51,
2026-08-24,05:47,REM,51,
2026-08-24,05:48,REM,55,
2026-08-24,05:49,REM,55,
2026-08-24,05:50,REM,50,
2026-08-24,05:51,REM,49,
2026-08-24,05:52,REM,49,
2026-08-24,05:53,REM,48,
2026-08-24,05:54,REM,50,
2026-08-24,05:55,REM,48,
2026-08-24,05:56,REM,50,
2026-08-24,05:57,REM,48,
2026-08-24,05:58,REM,47,
2026-08-24,05:59,REM,47,
2026-08-24,06:00,REM,47,
2026-08-24,06:01,LIGHT,50,
2026-08-24,06:02,LIGHT,48,
2026-08-24,06:03,LIGHT,49,
2026-08-24,06:04,LIGHT,48,
2026-08-24,06:05,LIGHT,47,
2026-08-24,06:06,LIGHT,47,
2026-08-24,06:07,LIGHT,46,
2026-08-24,06:08,LIGHT,47,
2026-08-24,06:09,LIGHT,47,
2026-08-24,06:10,LIGHT,48,
2026-08-24,06:11,LIGHT,48,
2026-08-24,06:12,LIGHT,48,
2026-08-24,06:13,LIGHT,48,
2026-08-24,06:14,LIGHT,48,
2026-08-24,06:15,LIGHT,48,
2026-08-24,06:16,LIGHT,48,
2026-08-24,06:17,LIGHT,48,
2026-08-24,06:18,LIGHT,48,
2026-08-24,06:19,LIGHT,48,
2026-08-24,06:20,LIGHT,48,
2026-08-24,06:21,LIGHT,48,
2026-08-24,06:22,LIGHT,48,
2026-08-24,06:23,LIGHT,48,
2026-08-24,06:24,LIGHT,48,
2026-08-24,06:25,LIGHT,48,
2026-08-24,06:26,LIGHT,48,
2026-08-24,06:27,LIGHT,48,
2026-08-24,06:28,LIGHT,48,
2026-08-24,06:29,LIGHT,48,
2026-08-24,06:30,LIGHT,59,
2026-08-24,06:31,LIGHT,59,
2026-08-24,06:32,LIGHT,56,
2026-08-24,06:33,LIGHT,50,
2026-08-24,06:34,LIGHT,47,
2026-08-24,06:35,LIGHT,54,
2026-08-24,06:36,LIGHT,52,
2026-08-24,06:37,LIGHT,49,
2026-08-24,06:38,LIGHT,49,
2026-08-24,06:39,LIGHT,46,
2026-08-24,06:40,LIGHT,46,
2026-08-24,06:41,REM,50,
2026-08-24,06:42,REM,57,
2026-08-24,06:43,REM,54,
2026-08-24,06:44,REM,50,
2026-08-24,06:45,REM,48,
2026-08-24,06:46,REM,57,
2026-08-24,06:47,REM,53,
2026-08-24,06:48,REM,50,
2026-08-24,06:49,REM,48,
2026-08-24,06:50,REM,48,
2026-08-24,06:51,REM,48,
2026-08-24,06:52,REM,46,
2026-08-24,06:53,REM,46,
2026-08-24,06:54,REM,47,
2026-08-24,06:55,REM,49,
2026-08-24,06:56,REM,56,
2026-08-24,06:57,REM,52,
2026-08-24,06:58,REM,46,
2026-08-24,06:59,REM,44,
2026-08-24,07:00,REM,44,
2026-08-24,07:01,REM,44,
2026-08-24,07:02,REM,44,
2026-08-24,07:03,REM,44,
2026-08-24,07:04,REM,44,
2026-08-24,07:05,REM,46,
2026-08-24,07:06,REM,53,
2026-08-24,07:07,LIGHT,59,
2026-08-24,07:08,LIGHT,50,
2026-08-24,07:09,LIGHT,48,
2026-08-24,07:10,LIGHT,48,
2026-08-24,07:11,LIGHT,51,
2026-08-24,07:12,LIGHT,55,
2026-08-24,07:13,LIGHT,49,
2026-08-24,07:14,LIGHT,51,
2026-08-24,07:15,LIGHT,55,
2026-08-24,07:16,LIGHT,60,
2026-08-24,07:17,LIGHT,55,
2026-08-24,07:18,LIGHT,54,
2026-08-24,07:19,LIGHT,52,
2026-08-24,07:20,LIGHT,50,
2026-08-24,07:21,LIGHT,52,
2026-08-24,07:22,LIGHT,49,
2026-08-24,07:23,LIGHT,51,
2026-08-24,07:24,LIGHT,55,
2026-08-24,07:25,LIGHT,52,
2026-08-24,07:26,LIGHT,53,
2026-08-24,07:27,LIGHT,55,
2026-08-24,07:28,LIGHT,52,
2026-08-24,07:29,LIGHT,54,
2026-08-24,07:30,LIGHT,54,
2026-08-24,07:31,LIGHT,59,
2026-08-24,07:32,LIGHT,56,
2026-08-24,07:33,LIGHT,54,
2026-08-24,07:34,LIGHT,49,
2026-08-24,07:35,LIGHT,51,
2026-08-24,07:36,LIGHT,52,
2026-08-24,07:37,LIGHT,57,
2026-08-24,07:38,LIGHT,52,
2026-08-24,07:39,LIGHT,51,
2026-08-24,07:40,LIGHT,53,
2026-08-24,07:41,LIGHT,50,
2026-08-24,07:42,LIGHT,54,
2026-08-24,07:43,LIGHT,51,
2026-08-24,07:44,LIGHT,51,
2026-08-24,07:45,LIGHT,50,
2026-08-24,07:46,LIGHT,49,
2026-08-24,07:47,LIGHT,54,
2026-08-24,07:48,DEEP,51,
2026-08-24,07:49,DEEP,49,
2026-08-24,07:50,DEEP,48,
2026-08-24,07:51,DEEP,51,
2026-08-24,07:52,DEEP,51,
2026-08-24,07:53,DEEP,52,
2026-08-24,07:54,DEEP,51,
2026-08-24,07:55,DEEP,52,
2026-08-24,07:56,DEEP,52,
2026-08-24,07:57,DEEP,51,
2026-08-24,07:58,DEEP,60,
2026-08-24,07:59,DEEP,54,
2026-08-24,08:00,DEEP,54,
2026-08-24,08:01,DEEP,62,
2026-08-24,08:02,LIGHT,59,
2026-08-24,08:03,LIGHT,56,
2026-08-24,08:04,LIGHT,59,
2026-08-24,08:05,LIGHT,53,
2026-08-24,08:06,LIGHT,50,
2026-08-24,08:07,REM,50,
2026-08-24,08:08,REM,50,
2026-08-24,08:09,REM,48,
2026-08-24,08:10,REM,48,
2026-08-24,08:11,REM,50,
2026-08-24,08:12,REM,50,
2026-08-24,08:13,REM,48,
2026-08-24,08:14,REM,48,
2026-08-24,08:15,REM,55,
2026-08-24,08:16,REM,60,
2026-08-24,08:17,REM,60,
2026-08-24,08:18,REM,67,
2026-08-24,08:19,REM,79,
2026-08-24,08:20,REM,80,
2026-08-24,08:21,REM,83,
2026-08-24,08:22,REM,92,
2026-08-24,08:23,REM,96,
2026-08-24,08:24,REM,90,
2026-08-24,08:25,REM,69,
2026-08-24,08:26,REM,65,
2026-08-24,08:27,REM,67,
2026-08-24,08:28,REM,77,
2026-08-24,08:29,REM,86,
2026-08-24,08:30,REM,92,
2026-08-24,08:31,REM,94,
2026-08-24,08:32,REM,79,
2026-08-24,08:33,REM,68,
2026-08-24,08:34,REM,67,
2026-08-24,08:35,REM,67,
2026-08-24,08:36,REM,68,
2026-08-24,08:37,REM,64,
2026-08-24,08:38,REM,63,
2026-08-24,08:39,REM,65,
2026-08-24,08:40,REM,70,
2026-08-24,08:41,REM,67,
2026-08-24,08:42,REM,66,
2026-08-24,08:43,REM,64,
2026-08-24,08:44,REM,66,
2026-08-24,08:45,REM,63,
2026-08-24,08:46,REM,65,
2026-08-24,08:47,REM,67,
2026-08-24,08:48,REM,64,
2026-08-24,08:49,LIGHT,66,
2026-08-24,08:50,LIGHT,68,
2026-08-24,08:51,LIGHT,67,
2026-08-24,08:52,LIGHT,67,
2026-08-24,08:53,LIGHT,70,
2026-08-24,08:54,LIGHT,73,
2026-08-24,08:55,LIGHT,88,
2026-08-24,08:56,LIGHT,100,
2026-08-24,08:57,LIGHT,75,
2026-08-24,08:58,LIGHT,64,
2026-08-24,08:59,LIGHT,69,
2026-08-24,09:00,LIGHT,59,
2026-08-24,09:01,LIGHT,56,
2026-08-24,09:02,LIGHT,57,
2026-08-24,09:03,LIGHT,60,
2026-08-24,09:04,LIGHT,64,
2026-08-24,09:05,LIGHT,63,
2026-08-24,09:06,LIGHT,63,
2026-08-24,09:07,LIGHT,60,
2026-08-24,09:08,LIGHT,60,
2026-08-24,09:09,LIGHT,60,
2026-08-24,09:10,LIGHT,61,
2026-08-24,09:11,LIGHT,63,
2026-08-24,09:12,LIGHT,63,
2026-08-24,09:13,LIGHT,61,
2026-08-24,09:14,LIGHT,60,
2026-08-24,09:15,LIGHT,62,
2026-08-24,09:16,LIGHT,64,
2026-08-24,09:17,LIGHT,61,
2026-08-24,09:18,LIGHT,63,
2026-08-24,09:19,LIGHT,59,
2026-08-24,09:20,LIGHT,64,
2026-08-24,09:21,LIGHT,65,
2026-08-24,09:22,LIGHT,76,
2026-08-24,09:23,LIGHT,87,
2026-08-24,09:24,LIGHT,75,
2026-08-24,09:25,LIGHT,80,
2026-08-24,09:26,LIGHT,69,
2026-08-24,09:27,LIGHT,61,
2026-08-24,09:28,LIGHT,64,
2026-08-24,09:29,LIGHT,74,
2026-08-24,09:30,LIGHT,85,
2026-08-24,09:31,LIGHT,85,
2026-08-24,09:32,LIGHT,82,
2026-08-24,09:33,LIGHT,78,
2026-08-24,09:34,LIGHT,71,
2026-08-24,09:35,LIGHT,74,
2026-08-24,09:36,LIGHT,75,
2026-08-24,09:37,LIGHT,75,
2026-08-24,09:38,LIGHT,73,
2026-08-24,09:39,LIGHT,69,
2026-08-24,09:40,LIGHT,71,
2026-08-24,09:41,LIGHT,72,
2026-08-24,09:42,LIGHT,67,
2026-08-24,09:43,LIGHT,65,
2026-08-24,09:44,LIGHT,67,
2026-08-24,09:45,LIGHT,68,
2026-08-24,09:46,LIGHT,67,
2026-08-24,09:47,LIGHT,66,
2026-08-24,15:14,LIGHT,48,
2026-08-24,15:15,LIGHT,49,
2026-08-24,15:16,LIGHT,54,
2026-08-24,15:17,LIGHT,49,
2026-08-24,15:18,LIGHT,49,
2026-08-24,15:19,LIGHT,54,
2026-08-24,15:20,LIGHT,51,
2026-08-24,15:21,LIGHT,48,
2026-08-24,15:22,LIGHT,49,
2026-08-24,15:23,LIGHT,50,
2026-08-24,15:24,LIGHT,50,
2026-08-24,15:25,LIGHT,50,
2026-08-24,15:26,LIGHT,50,
2026-08-24,15:27,LIGHT,50,
2026-08-24,15:28,LIGHT,50,
2026-08-24,15:29,LIGHT,50,
2026-08-24,15:30,LIGHT,51,
2026-08-24,15:31,LIGHT,51,
2026-08-25,02:43,LIGHT,43,
2026-08-25,02:44,LIGHT,45,
2026-08-25,02:45,LIGHT,58,
2026-08-25,02:46,LIGHT,67,
2026-08-25,02:47,LIGHT,65,
2026-08-25,02:48,LIGHT,52,
2026-08-25,02:49,LIGHT,46,
2026-08-25,02:50,LIGHT,44,
2026-08-25,02:51,LIGHT,43,
2026-08-25,02:52,LIGHT,42,
2026-08-25,02:53,LIGHT,43,
2026-08-25,02:54,LIGHT,43,
2026-08-25,02:55,LIGHT,45,
2026-08-25,02:56,DEEP,45,
2026-08-25,02:57,DEEP,43,
2026-08-25,02:58,DEEP,43,
2026-08-25,02:59,DEEP,46,
2026-08-25,03:00,DEEP,43,
2026-08-25,03:01,DEEP,43,
2026-08-25,03:02,DEEP,42,
2026-08-25,03:03,DEEP,43,
2026-08-25,03:04,DEEP,44,
2026-08-25,03:05,DEEP,44,
2026-08-25,03:06,DEEP,49,
2026-08-25,03:07,DEEP,45,
2026-08-25,03:08,DEEP,42,
2026-08-25,03:09,LIGHT,46,
2026-08-25,03:10,LIGHT,44,
2026-08-25,03:11,LIGHT,44,
2026-08-25,03:12,LIGHT,43,
2026-08-25,03:13,LIGHT,43,
2026-08-25,03:14,LIGHT,43,
2026-08-25,03:15,LIGHT,43,
2026-08-25,03:16,LIGHT,43,
2026-08-25,03:17,LIGHT,43,
2026-08-25,03:18,LIGHT,43,
2026-08-25,03:19,DEEP,43,
2026-08-25,03:20,DEEP,45,
2026-08-25,03:21,LIGHT,45,
2026-08-25,03:22,LIGHT,44,
2026-08-25,03:23,LIGHT,47,
2026-08-25,03:24,LIGHT,46,
2026-08-25,03:25,LIGHT,46,
2026-08-25,03:26,LIGHT,45,
2026-08-25,03:27,LIGHT,45,
2026-08-25,03:28,LIGHT,44,
2026-08-25,03:29,DEEP,44,
2026-08-25,03:30,DEEP,44,
2026-08-25,03:31,DEEP,44,
2026-08-25,03:32,DEEP,44,
2026-08-25,03:33,DEEP,44,
2026-08-25,03:34,DEEP,45,
2026-08-25,03:35,DEEP,45,
2026-08-25,03:36,DEEP,45,
2026-08-25,03:37,DEEP,45,
2026-08-25,03:38,DEEP,45,
2026-08-25,03:39,DEEP,45,
2026-08-25,03:40,DEEP,45,
2026-08-25,03:41,DEEP,45,
2026-08-25,03:42,DEEP,45,
2026-08-25,03:43,DEEP,45,
2026-08-25,03:44,DEEP,45,
2026-08-25,03:45,DEEP,45,
2026-08-25,03:46,DEEP,46,
2026-08-25,03:47,LIGHT,46,
2026-08-25,03:48,LIGHT,46,
2026-08-25,03:49,LIGHT,47,
2026-08-25,03:50,WAKE,47,
2026-08-25,03:51,LIGHT,47,
2026-08-25,03:52,LIGHT,49,
2026-08-25,03:53,LIGHT,57,
2026-08-25,03:54,LIGHT,48,
2026-08-25,03:55,LIGHT,50,
2026-08-25,03:56,REM,46,
2026-08-25,03:57,REM,45,
2026-08-25,03:58,REM,50,
2026-08-25,03:59,REM,46,
2026-08-25,04:00,REM,46,
2026-08-25,04:01,REM,46,
2026-08-25,04:02,REM,48,
2026-08-25,04:03,REM,53,
2026-08-25,04:04,REM,53,
2026-08-25,04:05,REM,53,
2026-08-25,04:06,REM,50,
2026-08-25,04:07,REM,50,
2026-08-25,04:08,REM,50,
2026-08-25,04:09,REM,47,
2026-08-25,04:10,REM,47,
2026-08-25,04:11,LIGHT,46,
2026-08-25,04:12,LIGHT,48,
2026-08-25,04:13,LIGHT,50,
2026-08-25,04:14,LIGHT,47,
2026-08-25,04:15,LIGHT,47,
2026-08-25,04:16,LIGHT,50,
2026-08-25,04:17,LIGHT,44,
2026-08-25,04:18,LIGHT,45,
2026-08-25,04:19,LIGHT,47,
2026-08-25,04:20,LIGHT,48,
2026-08-25,04:21,LIGHT,46,
2026-08-25,04:22,LIGHT,46,
2026-08-25,04:23,LIGHT,45,
2026-08-25,04:24,LIGHT,47,
2026-08-25,04:25,LIGHT,44,
2026-08-25,04:26,LIGHT,44,
2026-08-25,04:27,LIGHT,42,
2026-08-25,04:28,DEEP,45,
2026-08-25,04:29,DEEP,47,
2026-08-25,04:30,DEEP,47,
2026-08-25,04:31,DEEP,46,
2026-08-25,04:32,DEEP,47,
2026-08-25,04:33,DEEP,44,
2026-08-25,04:34,DEEP,44,
2026-08-25,04:35,DEEP,44,
2026-08-25,04:36,DEEP,49,
2026-08-25,04:37,DEEP,46,
2026-08-25,04:38,DEEP,45,
2026-08-25,04:39,DEEP,44,
2026-08-25,04:40,DEEP,43,
2026-08-25,04:41,LIGHT,43,
2026-08-25,04:42,LIGHT,42,
2026-08-25,04:43,LIGHT,42,
2026-08-25,04:44,WAKE,42,
2026-08-25,04:45,WAKE,51,
2026-08-25,04:46,LIGHT,49,
2026-08-25,04:47,LIGHT,46,
2026-08-25,04:48,LIGHT,44,
2026-08-25,04:49,LIGHT,43,
2026-08-25,04:50,LIGHT,47,
2026-08-25,04:51,LIGHT,44,
2026-08-25,04:52,LIGHT,43,
2026-08-25,04:53,LIGHT,43,
2026-08-25,04:54,LIGHT,43,
2026-08-25,04:55,LIGHT,48,
2026-08-25,04:56,LIGHT,44,
2026-08-25,04:57,LIGHT,42,
2026-08-25,04:58,LIGHT,42,
2026-08-25,04:59,LIGHT,47,
2026-08-25,05:00,LIGHT,48,
2026-08-25,05:01,LIGHT,45,
2026-08-25,05:02,LIGHT,43,
2026-08-25,05:03,LIGHT,42,
2026-08-25,05:04,LIGHT,42,
2026-08-25,05:05,LIGHT,41,
2026-08-25,05:06,LIGHT,42,
2026-08-25,05:07,LIGHT,50,
2026-08-25,05:08,LIGHT,57,
2026-08-25,05:09,LIGHT,56,
2026-08-25,05:10,LIGHT,63,
2026-08-25,05:11,LIGHT,,
2026-08-25,05:12,LIGHT,,
2026-08-25,05:13,LIGHT,,
2026-08-25,05:14,REM,,
2026-08-25,05:15,REM,,
2026-08-25,05:16,REM,,
2026-08-25,05:17,REM,,
2026-08-25,05:18,REM,,
2026-08-25,05:19,REM,,
2026-08-25,05:20,REM,,
2026-08-25,05:21,REM,,
2026-08-25,05:22,REM,74,
2026-08-25,05:23,REM,81,
2026-08-25,05:24,REM,74,
2026-08-25,05:25,REM,72,
2026-08-25,05:26,LIGHT,72,
2026-08-25,05:27,LIGHT,72,
2026-08-25,05:28,LIGHT,71,
2026-08-25,05:29,WAKE,71,
2026-08-25,05:30,LIGHT,64,
2026-08-25,05:31,LIGHT,61,
2026-08-25,05:32,LIGHT,63,
2026-08-25,05:33,REM,64,
2026-08-25,05:34,REM,67,
2026-08-25,05:35,REM,72,
2026-08-25,05:36,REM,64,
2026-08-25,05:37,REM,61,
2026-08-25,05:38,REM,66,
2026-08-25,05:39,REM,57,
2026-08-25,05:40,REM,62,
2026-08-25,05:41,REM,79,
2026-08-25,05:42,REM,71,
2026-08-25,05:43,REM,63,
2026-08-25,05:44,REM,56,
2026-08-25,05:45,REM,56,
2026-08-25,05:46,REM,54,
2026-08-25,05:47,REM,61,
2026-08-25,05:48,REM,54,
2026-08-25,05:49,REM,56,
2026-08-25,05:50,REM,53,
2026-08-25,05:51,LIGHT,55,
2026-08-25,05:52,LIGHT,60,
2026-08-25,05:53,LIGHT,58,
2026-08-25,05:54,LIGHT,60,
2026-08-25,05:55,LIGHT,63,
2026-08-25,05:56,LIGHT,63,
2026-08-25,05:57,LIGHT,66,
2026-08-25,05:58,LIGHT,63,
2026-08-25,05:59,LIGHT,60,
2026-08-25,06:00,LIGHT,64,
2026-08-25,06:01,LIGHT,61,
2026-08-25,06:02,LIGHT,61,
2026-08-25,06:03,LIGHT,63,
2026-08-25,06:04,LIGHT,68,
2026-08-25,06:05,LIGHT,75,
2026-08-25,06:06,LIGHT,84,
2026-08-25,06:07,LIGHT,91,
2026-08-25,06:08,LIGHT,80,
2026-08-25,06:09,LIGHT,81,
2026-08-25,06:10,LIGHT,82,
2026-08-25,06:11,LIGHT,89,
2026-08-25,06:12,LIGHT,91,
2026-08-25,06:13,LIGHT,76,
2026-08-25,06:14,LIGHT,71,
2026-08-25,06:15,LIGHT,73,
2026-08-25,06:16,LIGHT,88,
2026-08-25,06:17,LIGHT,90,
2026-08-25,06:18,LIGHT,89,
2026-08-25,06:19,LIGHT,83,
2026-08-25,06:20,DEEP,93,
2026-08-25,06:21,DEEP,91,
2026-08-25,06:22,DEEP,78,
2026-08-25,06:23,DEEP,88,
2026-08-25,06:24,DEEP,126,
2026-08-25,06:25,DEEP,143,
2026-08-25,06:26,DEEP,152,
2026-08-25,06:27,DEEP,154,
2026-08-25,06:28,LIGHT,156,
2026-08-25,06:29,LIGHT,155,
2026-08-25,06:30,LIGHT,155,
2026-08-25,06:31,WAKE,155,
2026-08-25,06:32,WAKE,155,
2026-08-25,06:33,LIGHT,155,
2026-08-25,06:34,LIGHT,155,
2026-08-25,06:35,LIGHT,157,
2026-08-25,06:36,LIGHT,158,
2026-08-25,06:37,LIGHT,157,
2026-08-25,06:38,LIGHT,157,
2026-08-25,06:39,LIGHT,157,
2026-08-25,06:40,LIGHT,157,
2026-08-25,06:41,LIGHT,159,
2026-08-25,06:42,LIGHT,159,
2026-08-25,06:43,WAKE,159,
2026-08-25,06:44,WAKE,160,
2026-08-25,06:45,LIGHT,160,
2026-08-25,06:46,LIGHT,161,
2026-08-25,06:47,WAKE,160,
2026-08-25,06:48,LIGHT,160,
2026-08-25,06:49,LIGHT,161,
2026-08-25,06:50,LIGHT,161,
2026-08-25,06:51,LIGHT,163,
2026-08-25,06:52,LIGHT,163,
2026-08-25,06:53,LIGHT,162,
2026-08-25,06:54,LIGHT,162,
2026-08-25,06:55,LIGHT,162,
2026-08-25,06:56,LIGHT,162,
2026-08-25,06:57,LIGHT,163,
2026-08-25,06:58,LIGHT,163,
2026-08-25,06:59,LIGHT,165,
2026-08-25,07:00,LIGHT,165,
2026-08-25,07:01,LIGHT,165,
2026-08-25,07:02,LIGHT,167,
2026-08-25,07:03,LIGHT,168,
2026-08-25,07:04,LIGHT,168,
2026-08-25,07:05,LIGHT,167,
2026-08-25,07:06,LIGHT,167,
2026-08-25,07:07,LIGHT,168,
2026-08-25,07:08,WAKE,166,
2026-08-25,07:09,LIGHT,167,
2026-08-25,07:10,LIGHT,168,
2026-08-25,07:11,LIGHT,169,
2026-08-25,07:12,LIGHT,170,
2026-08-25,07:13,LIGHT,169,
2026-08-25,07:14,LIGHT,169,
2026-08-25,07:15,LIGHT,170,
2026-08-25,07:16,REM,171,
2026-08-25,07:17,REM,171,
2026-08-25,07:18,REM,172,
2026-08-25,07:19,REM,173,
2026-08-25,07:20,REM,173,
2026-08-25,07:21,REM,173,
2026-08-25,07:22,REM,174,
2026-08-25,07:23,REM,174,
2026-08-25,07:24,REM,174,
2026-08-25,07:25,REM,175,
2026-08-25,07:26,REM,175,
2026-08-25,07:27,REM,163,
2026-08-25,07:28,REM,143,
2026-08-25,07:29,REM,127,
2026-08-25,07:30,REM,131,
2026-08-25,07:31,REM,,
2026-08-25,07:32,REM,,
2026-08-25,07:33,REM,,
2026-08-25,07:34,REM,,
2026-08-25,07:35,REM,,
2026-08-25,07:36,REM,,
2026-08-25,07:37,REM,,
2026-08-25,07:38,REM,,
2026-08-25,07:39,REM,,
2026-08-25,07:40,REM,,
2026-08-25,07:41,REM,,
2026-08-25,07:42,REM,116,
2026-08-25,07:43,REM,107,
2026-08-25,07:44,REM,107,
2026-08-25,07:45,REM,109,
2026-08-25,07:46,REM,114,
2026-08-25,07:47,REM,104,
2026-08-25,07:48,REM,96,
2026-08-25,07:49,REM,93,
2026-08-25,07:50,REM,91,
2026-08-25,07:51,REM,89,
2026-08-25,07:52,REM,91,
2026-08-25,07:53,REM,88,
2026-08-25,07:54,REM,88,
2026-08-25,07:55,REM,87,
2026-08-25,07:56,REM,87,
2026-08-25,07:57,REM,86,
2026-08-25,07:58,REM,88,
2026-08-25,07:59,LIGHT,90,
2026-08-25,08:00,LIGHT,90,
2026-08-25,08:01,LIGHT,87,
2026-08-25,08:02,WAKE,84,
2026-08-25,08:03,LIGHT,85,
2026-08-25,08:04,LIGHT,85,
2026-08-25,08:05,LIGHT,93,
2026-08-25,08:06,LIGHT,102,
2026-08-25,08:07,LIGHT,122,
2026-08-25,08:08,LIGHT,113,
2026-08-25,08:09,LIGHT,96,
2026-08-25,08:10,LIGHT,88,
2026-08-25,08:11,LIGHT,84,
2026-08-25,08:12,LIGHT,78,
2026-08-25,08:13,LIGHT,78,
2026-08-25,08:14,LIGHT,78,
2026-08-25,08:15,LIGHT,76,
2026-08-25,14:50,LIGHT,62,
2026-08-25,14:51,LIGHT,62,
2026-08-25,14:52,LIGHT,59,
2026-08-25,14:53,LIGHT,54,
2026-08-25,14:54,LIGHT,50,
2026-08-25,14:55,LIGHT,50,
2026-08-25,14:56,LIGHT,52,
2026-08-25,14:57,LIGHT,70,
2026-08-25,14:58,LIGHT,85,
2026-08-25,14:59,LIGHT,83,
2026-08-25,15:00,LIGHT,75,
2026-08-25,15:01,LIGHT,69,
2026-08-25,15:02,LIGHT,71,
2026-08-25,15:03,LIGHT,71,
2026-08-25,15:04,LIGHT,70,
2026-08-25,15:05,DEEP,73,
2026-08-25,15:06,DEEP,73,
2026-08-25,15:07,DEEP,73,
2026-08-25,15:08,DEEP,70,
2026-08-25,15:09,LIGHT,69,
2026-08-25,15:10,LIGHT,67,
2026-08-25,15:11,LIGHT,67,
2026-08-25,15:12,LIGHT,64,
2026-08-25,15:13,LIGHT,66,
2026-08-25,15:14,LIGHT,66,
2026-08-25,15:15,LIGHT,66,
2026-08-25,15:16,LIGHT,66,
2026-08-25,15:17,LIGHT,71,
2026-08-25,15:18,LIGHT,61,
2026-08-25,15:19,LIGHT,56,
2026-08-25,15:20,LIGHT,57,
2026-08-25,15:21,LIGHT,72,
2026-08-25,15:22,LIGHT,73,
2026-08-25,15:23,LIGHT,72,
2026-08-25,15:24,LIGHT,69,
2026-08-25,15:25,LIGHT,66,
2026-08-25,15:26,LIGHT,71,
2026-08-25,15:27,LIGHT,77,
2026-08-25,15:28,LIGHT,72,
2026-08-25,15:29,LIGHT,77,
2026-08-25,15:30,DEEP,78,
2026-08-25,15:31,DEEP,75,
2026-08-25,15:32,DEEP,66,
2026-08-25,15:33,DEEP,62,
2026-08-25,15:34,DEEP,62,
2026-08-25,15:35,DEEP,62,
2026-08-25,15:36,DEEP,62,
2026-08-25,15:37,LIGHT,62,
2026-08-25,15:38,LIGHT,62,
2026-08-25,15:39,LIGHT,59,
2026-08-25,15:40,LIGHT,58,
2026-08-25,15:41,LIGHT,58,
2026-08-25,15:42,DEEP,56,
2026-08-25,15:43,DEEP,56,
2026-08-25,15:44,DEEP,55,
2026-08-25,15:45,DEEP,55,
2026-08-25,15:46,DEEP,55,
2026-08-25,15:47,DEEP,55,
2026-08-25,15:48,DEEP,55,
2026-08-25,15:49,DEEP,56,
2026-08-25,15:50,DEEP,55,
2026-08-25,15:51,DEEP,56,
2026-08-25,15:52,DEEP,55,
2026-08-25,15:53,DEEP,55,
2026-08-25,15:54,LIGHT,55,
2026-08-25,15:55,LIGHT,55,
2026-08-25,15:56,LIGHT,61,
2026-08-25,15:57,LIGHT,57,
2026-08-25,15:58,LIGHT,56,
2026-08-25,15:59,LIGHT,55,
2026-08-25,16:00,LIGHT,57,
2026-08-25,16:01,DEEP,57,
2026-08-25,16:02,DEEP,56,
2026-08-25,16:03,DEEP,55,
2026-08-25,16:04,DEEP,54,
2026-08-25,16:05,DEEP,53,
2026-08-25,16:06,DEEP,53,
2026-08-25,16:07,LIGHT,53,
2026-08-25,16:08,LIGHT,53,
2026-08-25,16:09,LIGHT,53,
2026-08-25,16:10,LIGHT,53,
2026-08-25,16:11,REM,53,
2026-08-25,16:12,REM,64,
2026-08-25,16:13,REM,57,
2026-08-25,16:14,REM,54,
2026-08-25,16:15,REM,53,
2026-08-25,16:16,REM,53,
2026-08-25,16:17,REM,52,
2026-08-25,16:18,REM,52,
2026-08-25,16:19,REM,52,
2026-08-25,16:20,REM,53,
2026-08-25,16:21,REM,53,
2026-08-25,16:22,REM,53,
2026-08-25,16:23,REM,58,
2026-08-25,16:24,REM,59,
2026-08-25,16:25,REM,58,
2026-08-25,16:26,REM,55,
2026-08-25,16:27,REM,54,
2026-08-25,16:28,REM,53,
2026-08-25,16:29,REM,52,
2026-08-25,16:30,REM,54,
2026-08-25,16:31,REM,58,
2026-08-25,16:32,REM,56,
2026-08-25,16:33,REM,58,
2026-08-25,16:34,REM,67,
2026-08-25,16:35,REM,64,
2026-08-25,16:36,REM,64,
2026-08-25,16:37,REM,64,
2026-08-25,16:38,REM,66,
2026-08-25,16:39,REM,71,
2026-08-25,16:40,REM,69,
2026-08-25,16:41,REM,61,
2026-08-25,16:42,REM,60,
2026-08-25,16:43,REM,58,
2026-08-25,16:44,REM,63,
2026-08-25,16:45,REM,59,
2026-08-25,16:46,REM,58,
2026-08-25,16:47,REM,56,
2026-08-25,16:48,REM,56,
2026-08-25,16:49,REM,61,
2026-08-25,16:50,LIGHT,56,
2026-08-25,16:51,LIGHT,56,
2026-08-25,16:52,LIGHT,56,
2026-08-25,16:53,LIGHT,57,
2026-08-25,16:54,LIGHT,55,
2026-08-25,16:55,LIGHT,54,
2026-08-25,16:56,LIGHT,59,
2026-08-25,16:57,LIGHT,58,
2026-08-25,16:58,LIGHT,58,
2026-08-25,16:59,LIGHT,63,
2026-08-25,17:00,LIGHT,63,
2026-08-25,17:01,LIGHT,54,
2026-08-25,17:02,LIGHT,53,
2026-08-25,17:03,LIGHT,53,
2026-08-25,17:04,LIGHT,54,
2026-08-25,17:05,LIGHT,57,
2026-08-25,17:06,LIGHT,56,
2026-08-25,17:07,LIGHT,53,
2026-08-25,17:08,LIGHT,53,
2026-08-25,17:09,LIGHT,58,
2026-08-25,17:10,LIGHT,60,
2026-08-25,17:11,LIGHT,57,
2026-08-25,17:12,LIGHT,57,
2026-08-25,17:13,LIGHT,54,
2026-08-25,17:14,LIGHT,61,
2026-08-25,17:15,LIGHT,63,
2026-08-25,17:16,LIGHT,58,
2026-08-25,17:17,LIGHT,56,
2026-08-25,17:18,LIGHT,58,
2026-08-25,17:19,LIGHT,60,
2026-08-25,17:20,LIGHT,70,
2026-08-25,17:21,LIGHT,70,
2026-08-25,17:22,LIGHT,65,
2026-08-25,17:23,LIGHT,70,
2026-08-25,17:24,LIGHT,66,
2026-08-25,17:25,LIGHT,66,
2026-08-25,17:26,LIGHT,66,
2026-08-25,17:27,LIGHT,67,
2026-08-25,17:28,LIGHT,64,
2026-08-25,17:29,LIGHT,62,
2026-08-25,17:30,LIGHT,64,
2026-08-25,17:31,LIGHT,62,
2026-08-25,17:32,LIGHT,62,
2026-08-25,17:33,LIGHT,66,
2026-08-25,23:21,LIGHT,,
2026-08-25,23:22,LIGHT,,
2026-08-25,23:23,LIGHT,,
2026-08-25,23:24,LIGHT,,
2026-08-25,23:25,LIGHT,,
2026-08-25,23:26,LIGHT,,
2026-08-25,23:27,LIGHT,,
2026-08-25,23:28,LIGHT,,
2026-08-25,23:29,DEEP,,
2026-08-25,23:30,DEEP,,
2026-08-25,23:31,DEEP,,
2026-08-25,23:32,DEEP,,
2026-08-25,23:33,DEEP,,
2026-08-25,23:34,DEEP,,
2026-08-25,23:35,DEEP,,
2026-08-25,23:36,DEEP,,
2026-08-25,23:37,DEEP,,
2026-08-25,23:38,DEEP,,
2026-08-25,23:39,DEEP,,
2026-08-25,23:40,DEEP,,
2026-08-25,23:41,DEEP,,
2026-08-25,23:42,DEEP,,
2026-08-25,23:43,DEEP,,
2026-08-25,23:44,DEEP,,
2026-08-25,23:45,DEEP,,
2026-08-25,23:46,DEEP,,
2026-08-25,23:47,DEEP,,
2026-08-25,23:48,DEEP,,
2026-08-25,23:49,DEEP,,
2026-08-25,23:50,DEEP,,
2026-08-25,23:51,LIGHT,,
2026-08-25,23:52,LIGHT,,
2026-08-25,23:53,LIGHT,,
2026-08-25,23:54,LIGHT,,
2026-08-25,23:55,LIGHT,,
2026-08-25,23:56,LIGHT,,
2026-08-25,23:57,LIGHT,,
2026-08-25,23:58,LIGHT,,
2026-08-25,23:59,LIGHT,,
2026-08-26,00:00,LIGHT,,
2026-08-26,00:01,LIGHT,,
2026-08-26,00:02,DEEP,,
2026-08-26,00:03,DEEP,,
2026-08-26,00:04,DEEP,,
2026-08-26,00:05,DEEP,,
2026-08-26,00:06,DEEP,,
2026-08-26,00:07,DEEP,,
2026-08-26,00:08,DEEP,,
2026-08-26,00:09,DEEP,,
2026-08-26,00:10,DEEP,,
2026-08-26,00:11,DEEP,,
2026-08-26,00:12,DEEP,,
2026-08-26,00:13,DEEP,,
2026-08-26,00:14,DEEP,,
2026-08-26,00:15,DEEP,,
2026-08-26,00:16,LIGHT,,
2026-08-26,00:17,LIGHT,,
2026-08-26,00:18,LIGHT,,
2026-08-26,00:19,LIGHT,,
2026-08-26,00:20,LIGHT,,
2026-08-26,00:21,LIGHT,,
2026-08-26,00:22,LIGHT,,
2026-08-26,00:23,LIGHT,,
2026-08-26,00:24,REM,,
2026-08-26,00:25,REM,,
2026-08-26,00:26,REM,,
2026-08-26,00:27,REM,,
2026-08-26,00:28,REM,,
2026-08-26,00:29,REM,,
2026-08-26,00:30,REM,,
2026-08-26,00:31,REM,,
2026-08-26,00:32,REM,,
2026-08-26,00:33,REM,,
2026-08-26,00:34,REM,,
2026-08-26,00:35,REM,,
2026-08-26,00:36,REM,,
2026-08-26,00:37,REM,,
2026-08-26,00:38,REM,,
2026-08-26,00:39,REM,,
2026-08-26,00:40,REM,,
2026-08-26,00:41,REM,,
2026-08-26,00:42,REM,,
2026-08-26,00:43,REM,,
2026-08-26,00:44,REM,,
2026-08-26,00:45,REM,,
2026-08-26,00:46,REM,,
2026-08-26,00:47,REM,,
2026-08-26,00:48,REM,,
2026-08-26,00:49,REM,,
2026-08-26,00:50,REM,,
2026-08-26,00:51,REM,,
2026-08-26,00:52,REM,,
2026-08-26,00:53,REM,,
2026-08-26,00:54,REM,,
2026-08-26,00:55,REM,,
2026-08-26,00:56,REM,,
2026-08-26,00:57,REM,,
2026-08-26,00:58,REM,,
2026-08-26,00:59,REM,,
2026-08-26,01:00,REM,,
2026-08-26,01:01,LIGHT,,
2026-08-26,01:02,LIGHT,,
2026-08-26,01:03,LIGHT,,
2026-08-26,01:04,LIGHT,,
2026-08-26,01:05,LIGHT,,
2026-08-26,01:06,LIGHT,,
2026-08-26,01:07,LIGHT,,
2026-08-26,01:08,LIGHT,,
2026-08-26,01:09,LIGHT,,
2026-08-26,01:10,LIGHT,,
2026-08-26,01:11,LIGHT,,
2026-08-26,01:12,LIGHT,,
2026-08-26,01:13,LIGHT,,
2026-08-26,01:14,LIGHT,,
2026-08-26,01:15,LIGHT,,
2026-08-26,01:16,LIGHT,,
2026-08-26,01:17,LIGHT,,
2026-08-26,01:18,LIGHT,,
2026-08-26,01:19,LIGHT,,
2026-08-26,01:20,LIGHT,,
2026-08-26,01:21,LIGHT,,
2026-08-26,01:22,LIGHT,,
2026-08-26,01:23,LIGHT,,
2026-08-26,01:24,LIGHT,,
2026-08-26,01:25,LIGHT,,
2026-08-26,01:26,LIGHT,,
2026-08-26,01:27,LIGHT,,
2026-08-26,01:28,LIGHT,,
2026-08-26,01:29,LIGHT,,
2026-08-26,01:30,LIGHT,,
2026-08-26,01:31,LIGHT,,
2026-08-26,01:32,LIGHT,,
2026-08-26,01:33,LIGHT,,
2026-08-26,01:34,LIGHT,,
2026-08-26,01:35,DEEP,,
2026-08-26,01:36,DEEP,,
2026-08-26,01:37,DEEP,,
2026-08-26,01:38,DEEP,,
2026-08-26,01:39,DEEP,,
2026-08-26,01:40,DEEP,70,
2026-08-26,01:41,DEEP,75,
2026-08-26,01:42,DEEP,82,
2026-08-26,01:43,DEEP,77,
2026-08-26,01:44,DEEP,69,
2026-08-26,01:45,DEEP,60,
2026-08-26,01:46,DEEP,56,
2026-08-26,01:47,DEEP,53,
2026-08-26,01:48,DEEP,53,
2026-08-26,01:49,DEEP,57,
2026-08-26,01:50,DEEP,59,
2026-08-26,01:51,DEEP,64,
2026-08-26,01:52,LIGHT,67,
2026-08-26,01:53,LIGHT,72,
2026-08-26,01:54,LIGHT,58,
2026-08-26,01:55,WAKE,52,
2026-08-26,01:56,WAKE,52,
2026-08-26,01:57,WAKE,53,
2026-08-26,01:58,WAKE,58,
2026-08-26,01:59,WAKE,60,
2026-08-26,02:00,WAKE,60,
2026-08-26,02:01,WAKE,53,
2026-08-26,02:02,WAKE,51,
2026-08-26,02:03,LIGHT,50,
2026-08-26,02:04,LIGHT,49,
2026-08-26,02:05,LIGHT,49,
2026-08-26,02:06,LIGHT,48,
2026-08-26,02:07,LIGHT,47,
2026-08-26,02:08,LIGHT,48,
2026-08-26,02:09,LIGHT,48,
2026-08-26,02:10,LIGHT,50,
2026-08-26,02:11,LIGHT,47,
2026-08-26,02:12,LIGHT,47,
2026-08-26,02:13,WAKE,47,
2026-08-26,02:14,LIGHT,47,
2026-08-26,02:15,LIGHT,46,
2026-08-26,02:16,LIGHT,45,
2026-08-26,02:17,LIGHT,45,
2026-08-26,02:18,LIGHT,45,
2026-08-26,02:19,LIGHT,45,
2026-08-26,02:20,LIGHT,45,
2026-08-26,02:21,LIGHT,45,
2026-08-26,02:22,LIGHT,46,
2026-08-26,02:23,LIGHT,46,
2026-08-26,02:24,LIGHT,46,
2026-08-26,02:25,LIGHT,45,
2026-08-26,02:26,LIGHT,45,
2026-08-26,02:27,LIGHT,45,
2026-08-26,02:28,LIGHT,45,
2026-08-26,02:29,LIGHT,45,
2026-08-26,02:30,LIGHT,45,
2026-08-26,02:31,LIGHT,45,
2026-08-26,02:32,LIGHT,46,
2026-08-26,02:33,LIGHT,46,
2026-08-26,02:34,LIGHT,46,
2026-08-26,02:35,LIGHT,46,
2026-08-26,02:36,LIGHT,46,
2026-08-26,02:37,LIGHT,45,
2026-08-26,02:38,LIGHT,45,
2026-08-26,02:39,LIGHT,45,
2026-08-26,02:40,LIGHT,45,
2026-08-26,02:41,LIGHT,45,
2026-08-26,02:42,LIGHT,45,
2026-08-26,02:43,LIGHT,45,
2026-08-26,02:44,LIGHT,44,
2026-08-26,02:45,LIGHT,44,
2026-08-26,02:46,WAKE,44,
2026-08-26,02:47,WAKE,44,
2026-08-26,02:48,WAKE,44,
2026-08-26,02:49,WAKE,44,
2026-08-26,02:50,WAKE,44,
2026-08-26,02:51,LIGHT,51,
2026-08-26,02:52,LIGHT,52,
2026-08-26,02:53,LIGHT,46,
2026-08-26,02:54,LIGHT,46,
2026-08-26,02:55,LIGHT,46,
2026-08-26,02:56,LIGHT,45,
2026-08-26,02:57,LIGHT,46,
2026-08-26,02:58,LIGHT,48,
2026-08-26,02:59,LIGHT,50,
2026-08-26,03:00,LIGHT,48,
2026-08-26,03:01,LIGHT,48,
2026-08-26,03:02,LIGHT,47,
2026-08-26,03:03,LIGHT,49,
2026-08-26,03:04,LIGHT,51,
2026-08-26,03:05,LIGHT,49,
2026-08-26,03:06,LIGHT,49,
2026-08-26,03:07,LIGHT,49,
2026-08-26,03:08,LIGHT,49,
2026-08-26,03:09,LIGHT,50,
2026-08-26,03:10,LIGHT,49,
2026-08-26,03:11,LIGHT,49,
2026-08-26,03:12,LIGHT,51,
2026-08-26,03:13,LIGHT,51,
2026-08-26,03:14,LIGHT,51,
2026-08-26,03:15,LIGHT,50,
2026-08-26,03:16,LIGHT,51,
2026-08-26,03:17,LIGHT,50,
2026-08-26,03:18,LIGHT,49,
2026-08-26,03:19,LIGHT,49,
2026-08-26,03:20,LIGHT,49,
2026-08-26,03:21,DEEP,49,
2026-08-26,03:22,DEEP,49,
2026-08-26,03:23,DEEP,49,
2026-08-26,03:24,DEEP,49,
2026-08-26,03:25,DEEP,49,
2026-08-26,03:26,DEEP,49,
2026-08-26,03:27,DEEP,49,
2026-08-26,03:28,DEEP,49,
2026-08-26,03:29,DEEP,49,
2026-08-26,03:30,DEEP,48,
2026-08-26,03:31,DEEP,48,
2026-08-26,03:32,DEEP,48,
2026-08-26,03:33,DEEP,48,
2026-08-26,03:34,DEEP,48,
2026-08-26,03:35,DEEP,49,
2026-08-26,03:36,DEEP,54,
2026-08-26,03:37,DEEP,60,
2026-08-26,03:38,DEEP,47,
2026-08-26,03:39,DEEP,44,
2026-08-26,03:40,DEEP,43,
2026-08-26,03:41,DEEP,43,
2026-08-26,03:42,DEEP,43,
2026-08-26,03:43,DEEP,44,
2026-08-26,03:44,DEEP,44,
2026-08-26,03:45,DEEP,44,
2026-08-26,03:46,DEEP,44,
2026-08-26,03:47,DEEP,44,
2026-08-26,03:48,DEEP,44,
2026-08-26,03:49,DEEP,45,
2026-08-26,03:50,DEEP,46,
2026-08-26,03:51,DEEP,46,
2026-08-26,03:52,DEEP,55,
2026-08-26,03:53,DEEP,61,
2026-08-26,03:54,LIGHT,61,
2026-08-26,03:55,LIGHT,48,
2026-08-26,03:56,LIGHT,44,
2026-08-26,03:57,LIGHT,41,
2026-08-26,03:58,LIGHT,41,
2026-08-26,03:59,LIGHT,41,
2026-08-26,04:00,LIGHT,41,
2026-08-26,04:01,LIGHT,41,
2026-08-26,04:02,REM,42,
2026-08-26,04:03,REM,42,
2026-08-26,04:04,REM,42,
2026-08-26,04:05,REM,52,
2026-08-26,04:06,REM,57,
2026-08-26,04:07,REM,46,
2026-08-26,04:08,REM,42,
2026-08-26,04:09,REM,41,
2026-08-26,04:10,REM,40,
2026-08-26,04:11,REM,40,
2026-08-26,04:12,REM,40,
2026-08-26,04:13,REM,40,
2026-08-26,04:14,REM,40,
2026-08-26,04:15,REM,41,
2026-08-26,04:16,REM,41,
2026-08-26,04:17,REM,41,
2026-08-26,04:18,REM,41,
2026-08-26,04:19,REM,42,
2026-08-26,04:20,REM,49,
2026-08-26,04:21,REM,46,
2026-08-26,04:22,REM,48,
2026-08-26,04:23,REM,52,
2026-08-26,04:24,REM,45,
2026-08-26,04:25,REM,42,
2026-08-26,04:26,REM,42,
2026-08-26,04:27,REM,47,
2026-08-26,04:28,REM,48,
2026-08-26,04:29,LIGHT,43,
2026-08-26,04:30,LIGHT,41,
2026-08-26,04:31,LIGHT,44,
2026-08-26,04:32,LIGHT,44,
2026-08-26,04:33,LIGHT,46,
2026-08-26,04:34,LIGHT,44,
2026-08-26,04:35,LIGHT,45,
2026-08-26,04:36,LIGHT,54,
2026-08-26,04:37,LIGHT,49,
2026-08-26,04:38,LIGHT,47,
2026-08-26,04:39,LIGHT,45,
2026-08-26,04:40,LIGHT,44,
2026-08-26,04:41,LIGHT,44,
2026-08-26,04:42,LIGHT,46,
2026-08-26,04:43,LIGHT,45,
2026-08-26,04:44,LIGHT,46,
2026-08-26,04:45,LIGHT,43,
2026-08-26,04:46,LIGHT,44,
2026-08-26,04:47,LIGHT,48,
2026-08-26,04:48,LIGHT,48,
2026-08-26,04:49,LIGHT,48,
2026-08-26,04:50,LIGHT,45,
2026-08-26,04:51,LIGHT,45,
2026-08-26,04:52,LIGHT,45,
2026-08-26,04:53,LIGHT,45,
2026-08-26,04:54,LIGHT,48,
2026-08-26,04:55,LIGHT,57,
2026-08-26,04:56,LIGHT,53,
2026-08-26,04:57,LIGHT,50,
2026-08-26,04:58,LIGHT,48,
2026-08-26,04:59,LIGHT,48,
2026-08-26,05:00,LIGHT,46,
2026-08-26,05:01,LIGHT,47,
2026-08-26,05:02,LIGHT,46,
2026-08-26,05:03,LIGHT,46,
2026-08-26,05:04,LIGHT,46,
2026-08-26,05:05,LIGHT,46,
2026-08-26,05:06,LIGHT,46,
2026-08-26,05:07,LIGHT,45,
2026-08-26,05:08,LIGHT,45,
2026-08-26,15:40,LIGHT,52,
2026-08-26,15:41,LIGHT,52,
2026-08-26,15:42,LIGHT,54,
2026-08-26,15:43,LIGHT,56,
2026-08-26,15:44,LIGHT,57,
2026-08-26,15:45,LIGHT,62,
2026-08-26,15:46,LIGHT,60,
2026-08-26,15:47,LIGHT,57,
2026-08-26,15:48,LIGHT,56,
2026-08-26,15:49,LIGHT,53,
2026-08-26,15:50,LIGHT,50,
2026-08-26,15:51,DEEP,55,
2026-08-26,15:52,DEEP,56,
2026-08-26,15:53,DEEP,57,
2026-08-26,15:54,DEEP,53,
2026-08-26,15:55,DEEP,57,
2026-08-26,15:56,DEEP,57,
2026-08-26,15:57,DEEP,56,
2026-08-26,15:58,DEEP,58,
2026-08-26,15:59,DEEP,54,
2026-08-26,16:00,DEEP,55,
2026-08-26,16:01,DEEP,57,
2026-08-26,16:02,DEEP,54,
2026-08-26,16:03,DEEP,51,
2026-08-26,16:04,DEEP,53,
2026-08-26,16:05,DEEP,58,
2026-08-26,16:06,DEEP,55,
2026-08-26,16:07,DEEP,53,
2026-08-26,16:08,DEEP,50,
2026-08-26,16:09,DEEP,54,
2026-08-26,16:10,DEEP,51,
2026-08-26,16:11,DEEP,51,
2026-08-26,16:12,DEEP,50,
2026-08-26,16:13,DEEP,50,
2026-08-26,16:14,DEEP,50,
2026-08-26,16:15,DEEP,52,
2026-08-26,16:16,DEEP,52,
2026-08-26,16:17,DEEP,49,
2026-08-26,16:18,DEEP,51,
2026-08-26,16:19,DEEP,53,
2026-08-26,16:20,DEEP,55,
2026-08-26,16:21,DEEP,55,
2026-08-26,16:22,DEEP,55,
2026-08-26,16:23,DEEP,52,
2026-08-26,16:24,LIGHT,50,
2026-08-26,16:25,LIGHT,48,
2026-08-26,16:26,LIGHT,51,
2026-08-26,16:27,LIGHT,51,
2026-08-26,16:28,LIGHT,51,
2026-08-26,16:29,LIGHT,51,
2026-08-26,16:30,LIGHT,53,
2026-08-26,16:31,LIGHT,49,
2026-08-26,16:32,LIGHT,49,
2026-08-26,16:33,LIGHT,50,
2026-08-26,16:34,LIGHT,50,
2026-08-26,16:35,LIGHT,51,
2026-08-26,16:36,LIGHT,55,
2026-08-26,16:37,LIGHT,49,
2026-08-26,16:38,LIGHT,50,
2026-08-26,16:39,LIGHT,50,
2026-08-26,16:40,LIGHT,53,
2026-08-26,16:41,LIGHT,53,
2026-08-26,16:42,LIGHT,55,
2026-08-26,16:43,LIGHT,55,
2026-08-27,02:12,LIGHT,45,
2026-08-27,02:13,LIGHT,52,
2026-08-27,02:14,LIGHT,48,
2026-08-27,02:15,LIGHT,48,
2026-08-27,02:16,LIGHT,47,
2026-08-27,02:17,LIGHT,47,
2026-08-27,02:18,LIGHT,50,
2026-08-27,02:19,LIGHT,47,
2026-08-27,02:20,LIGHT,47,
2026-08-27,02:21,LIGHT,52,
2026-08-27,02:22,LIGHT,50,
2026-08-27,02:23,LIGHT,48,
2026-08-27,02:24,LIGHT,48,
2026-08-27,02:25,LIGHT,47,
2026-08-27,02:26,LIGHT,46,
2026-08-27,02:27,LIGHT,47,
2026-08-27,02:28,LIGHT,47,
2026-08-27,02:29,LIGHT,49,
2026-08-27,02:30,DEEP,49,
2026-08-27,02:31,DEEP,47,
2026-08-27,02:32,DEEP,50,
2026-08-27,02:33,DEEP,52,
2026-08-27,02:34,DEEP,52,
2026-08-27,02:35,DEEP,52,
2026-08-27,02:36,DEEP,52,
2026-08-27,02:37,DEEP,50,
2026-08-27,02:38,DEEP,50,
2026-08-27,02:39,DEEP,49,
2026-08-27,02:40,DEEP,49,
2026-08-27,02:41,DEEP,49,
2026-08-27,02:42,DEEP,46,
2026-08-27,02:43,DEEP,46,
2026-08-27,02:44,DEEP,47,
2026-08-27,02:45,DEEP,52,
2026-08-27,02:46,DEEP,49,
2026-08-27,02:47,DEEP,47,
2026-08-27,02:48,DEEP,46,
2026-08-27,02:49,DEEP,46,
2026-08-27,02:50,DEEP,48,
2026-08-27,02:51,DEEP,46,
2026-08-27,02:52,LIGHT,46,
2026-08-27,02:53,LIGHT,45,
2026-08-27,02:54,LIGHT,45,
2026-08-27,02:55,LIGHT,46,
2026-08-27,02:56,LIGHT,47,
2026-08-27,02:57,LIGHT,46,
2026-08-27,02:58,LIGHT,46,
2026-08-27,02:59,LIGHT,48,
2026-08-27,03:00,REM,48,
2026-08-27,03:01,REM,48,
2026-08-27,03:02,REM,48,
2026-08-27,03:03,REM,47,
2026-08-27,03:04,REM,47,
2026-08-27,03:05,REM,46,
2026-08-27,03:06,REM,47,
2026-08-27,03:07,REM,47,
2026-08-27,03:08,REM,47,
2026-08-27,03:09,REM,47,
2026-08-27,03:10,REM,47,
2026-08-27,03:11,REM,47,
2026-08-27,03:12,REM,47,
2026-08-27,03:13,REM,47,
2026-08-27,03:14,REM,47,
2026-08-27,03:15,REM,47,
2026-08-27,03:16,REM,47,
2026-08-27,03:17,REM,47,
2026-08-27,03:18,REM,47,
2026-08-27,03:19,REM,47,
2026-08-27,03:20,REM,47,
2026-08-27,03:21,REM,47,
2026-08-27,03:22,REM,47,
2026-08-27,03:23,REM,47,
2026-08-27,03:24,REM,47,
2026-08-27,03:25,LIGHT,47,
2026-08-27,03:26,LIGHT,47,
2026-08-27,03:27,LIGHT,47,
2026-08-27,03:28,LIGHT,47,
2026-08-27,03:29,LIGHT,47,
2026-08-27,03:30,LIGHT,47,
2026-08-27,03:31,LIGHT,47,
2026-08-27,03:32,LIGHT,47,
2026-08-27,03:33,LIGHT,47,
2026-08-27,03:34,LIGHT,47,
2026-08-27,03:35,LIGHT,47,
2026-08-27,03:36,LIGHT,47,
2026-08-27,03:37,LIGHT,47,
2026-08-27,03:38,LIGHT,47,
2026-08-27,03:39,LIGHT,46,
2026-08-27,03:40,LIGHT,46,
2026-08-27,03:41,LIGHT,46,
2026-08-27,03:42,LIGHT,59,
2026-08-27,03:43,LIGHT,69,
2026-08-27,03:44,LIGHT,79,
2026-08-27,03:45,LIGHT,71,
2026-08-27,03:46,LIGHT,53,
2026-08-27,03:47,LIGHT,47,
2026-08-27,03:48,LIGHT,44,
2026-08-27,03:49,LIGHT,43,
2026-08-27,03:50,LIGHT,43,
2026-08-27,03:51,LIGHT,43,
2026-08-27,03:52,LIGHT,43,
2026-08-27,03:53,WAKE,43,
2026-08-27,03:54,WAKE,43,
2026-08-27,03:55,WAKE,44,
2026-08-27,03:56,LIGHT,44,
2026-08-27,03:57,LIGHT,44,
2026-08-27,03:58,LIGHT,45,
2026-08-27,03:59,LIGHT,45,
2026-08-27,04:00,LIGHT,45,
2026-08-27,04:01,LIGHT,45,
2026-08-27,04:02,LIGHT,46,
2026-08-27,04:03,LIGHT,46,
2026-08-27,04:04,LIGHT,47,
2026-08-27,04:05,LIGHT,47,
2026-08-27,04:06,LIGHT,47,
2026-08-27,04:07,WAKE,47,
2026-08-27,04:08,LIGHT,47,
2026-08-27,04:09,LIGHT,54,
2026-08-27,04:10,LIGHT,55,
2026-08-27,04:11,LIGHT,47,
2026-08-27,04:12,LIGHT,44,
2026-08-27,04:13,LIGHT,45,
2026-08-27,04:14,LIGHT,45,
2026-08-27,04:15,LIGHT,43,
2026-08-27,04:16,LIGHT,43,
2026-08-27,04:17,LIGHT,43,
2026-08-27,04:18,LIGHT,43,
2026-08-27,04:19,LIGHT,43,
2026-08-27,04:20,LIGHT,47,
2026-08-27,04:21,LIGHT,54,
2026-08-27,04:22,LIGHT,47,
2026-08-27,04:23,LIGHT,45,
2026-08-27,04:24,LIGHT,45,
2026-08-27,04:25,LIGHT,45,
2026-08-27,04:26,LIGHT,45,
2026-08-27,04:27,LIGHT,45,
2026-08-27,04:28,REM,45,
2026-08-27,04:29,REM,50,
2026-08-27,04:30,REM,47,
2026-08-27,04:31,REM,46,
2026-08-27,04:32,REM,44,
2026-08-27,04:33,REM,44,
2026-08-27,04:34,REM,47,
2026-08-27,04:35,REM,47,
2026-08-27,04:36,REM,46,
2026-08-27,04:37,REM,50,
2026-08-27,04:38,REM,46,
2026-08-27,04:39,REM,45,
2026-08-27,04:40,REM,45,
2026-08-27,04:41,REM,47,
2026-08-27,04:42,REM,51,
2026-08-27,04:43,REM,48,
2026-08-27,04:44,REM,46,
2026-08-27,04:45,REM,46,
2026-08-27,04:46,REM,52,
2026-08-27,04:47,REM,52,
2026-08-27,04:48,REM,50,
2026-08-27,04:49,REM,49,
2026-08-27,04:50,REM,47,
2026-08-27,04:51,REM,49,
2026-08-27,04:52,REM,46,
2026-08-27,04:53,LIGHT,47,
2026-08-27,04:54,LIGHT,48,
2026-08-27,04:55,LIGHT,50,
2026-08-27,04:56,WAKE,49,
2026-08-27,04:57,LIGHT,49,
2026-08-27,04:58,LIGHT,49,
2026-08-27,04:59,LIGHT,48,
2026-08-27,05:00,REM,48,
2026-08-27,05:01,REM,48,
2026-08-27,05:02,REM,47,
2026-08-27,05:03,REM,47,
2026-08-27,05:04,REM,47,
2026-08-27,05:05,REM,47,
2026-08-27,05:06,REM,47,
2026-08-27,05:07,REM,47,
2026-08-27,05:08,REM,47,
2026-08-27,05:09,REM,48,
2026-08-27,05:10,REM,47,
2026-08-27,05:11,REM,47,
2026-08-27,05:12,REM,54,
2026-08-27,05:13,REM,48,
2026-08-27,05:14,REM,44,
2026-08-27,05:15,REM,42,
2026-08-27,05:16,REM,42,
2026-08-27,05:17,REM,43,
2026-08-27,05:18,REM,43,
2026-08-27,05:19,REM,43,
2026-08-27,05:20,REM,42,
2026-08-27,05:21,REM,42,
2026-08-27,05:22,REM,42,
2026-08-27,05:23,REM,42,
2026-08-27,05:24,REM,43,
2026-08-27,05:25,REM,43,
2026-08-27,05:26,REM,43,
2026-08-27,05:27,REM,43,
2026-08-27,05:28,LIGHT,43,
2026-08-27,05:29,LIGHT,43,
2026-08-27,05:30,LIGHT,43,
2026-08-27,05:31,LIGHT,43,
2026-08-27,05:32,LIGHT,43,
2026-08-27,05:33,LIGHT,45,
2026-08-27,05:34,LIGHT,45,
2026-08-27,05:35,LIGHT,44,
2026-08-27,05:36,LIGHT,44,
2026-08-27,05:37,LIGHT,46,
2026-08-27,05:38,LIGHT,57,
2026-08-27,05:39,LIGHT,58,
2026-08-27,05:40,LIGHT,47,
2026-08-27,05:41,LIGHT,44,
2026-08-27,05:42,LIGHT,44,
2026-08-27,05:43,LIGHT,44,
2026-08-27,05:44,LIGHT,44,
2026-08-27,05:45,LIGHT,45,
2026-08-27,05:46,LIGHT,45,
2026-08-27,05:47,LIGHT,45,
2026-08-27,05:48,LIGHT,45,
2026-08-27,05:49,LIGHT,45,
2026-08-27,05:50,LIGHT,46,
2026-08-27,05:51,LIGHT,47,
2026-08-27,05:52,LIGHT,48,
2026-08-27,05:53,DEEP,48,
2026-08-27,05:54,DEEP,49,
2026-08-27,05:55,DEEP,49,
2026-08-27,05:56,DEEP,56,
2026-08-27,05:57,DEEP,53,
2026-08-27,05:58,DEEP,47,
2026-08-27,05:59,DEEP,47,
2026-08-27,06:00,DEEP,46,
2026-08-27,06:01,LIGHT,53,
2026-08-27,06:02,LIGHT,50,
2026-08-27,06:03,LIGHT,49,
2026-08-27,06:04,WAKE,46,
2026-08-27,06:05,WAKE,46,
2026-08-27,06:06,LIGHT,45,
2026-08-27,06:07,LIGHT,45,
2026-08-27,06:08,LIGHT,45,
2026-08-27,06:09,LIGHT,47,
2026-08-27,06:10,LIGHT,50,
2026-08-27,06:11,LIGHT,50,
2026-08-27,06:12,LIGHT,46,
2026-08-27,06:13,LIGHT,44,
2026-08-27,06:14,LIGHT,44,
2026-08-27,06:15,LIGHT,46,
2026-08-27,06:16,LIGHT,43,
2026-08-27,06:17,LIGHT,43,
2026-08-27,06:18,LIGHT,43,
2026-08-27,06:19,LIGHT,43,
2026-08-27,06:20,WAKE,50,
2026-08-27,06:21,WAKE,47,
2026-08-27,06:22,LIGHT,46,
2026-08-27,06:23,LIGHT,45,
2026-08-27,06:24,LIGHT,51,
2026-08-27,06:25,LIGHT,48,
2026-08-27,06:26,LIGHT,46,
2026-08-27,06:27,REM,46,
2026-08-27,06:28,REM,52,
2026-08-27,06:29,REM,53,
2026-08-27,06:30,REM,54,
2026-08-27,06:31,REM,47,
2026-08-27,06:32,REM,44,
2026-08-27,06:33,REM,44,
2026-08-27,06:34,REM,45,
2026-08-27,06:35,REM,48,
2026-08-27,06:36,LIGHT,50,
2026-08-27,06:37,LIGHT,45,
2026-08-27,06:38,LIGHT,45,
2026-08-27,06:39,WAKE,43,
2026-08-27,06:40,LIGHT,40,
2026-08-27,06:41,LIGHT,42,
2026-08-27,06:42,LIGHT,44,
2026-08-27,06:43,LIGHT,45,
2026-08-27,06:44,LIGHT,45,
2026-08-27,06:45,LIGHT,54,
2026-08-27,06:46,LIGHT,46,
2026-08-27,06:47,LIGHT,43,
2026-08-27,06:48,LIGHT,43,
2026-08-27,06:49,LIGHT,43,
2026-08-27,06:50,LIGHT,43,
2026-08-27,06:51,LIGHT,44,
2026-08-27,06:52,LIGHT,44,
2026-08-27,06:53,LIGHT,46,
2026-08-27,06:54,LIGHT,50,
2026-08-27,06:55,LIGHT,56,
2026-08-27,06:56,LIGHT,58,
2026-08-27,06:57,LIGHT,68,
2026-08-27,06:58,LIGHT,79,
2026-08-27,06:59,LIGHT,96,
2026-08-27,07:00,LIGHT,93,
2026-08-27,07:01,LIGHT,90,
2026-08-27,07:02,LIGHT,94,
2026-08-27,07:03,LIGHT,90,
2026-08-27,07:04,LIGHT,69,
2026-08-27,07:05,LIGHT,61,
2026-08-27,07:06,LIGHT,63,
2026-08-27,07:07,LIGHT,58,
2026-08-27,07:08,LIGHT,55,
2026-08-27,07:09,LIGHT,60,
2026-08-27,07:10,LIGHT,59,
2026-08-27,07:11,LIGHT,51,
2026-08-27,07:12,LIGHT,50,
2026-08-27,07:13,LIGHT,49,
2026-08-27,07:14,LIGHT,49,
2026-08-27,07:15,LIGHT,50,
2026-08-27,07:16,LIGHT,49,
2026-08-27,07:17,LIGHT,51,
2026-08-27,07:18,LIGHT,50,
2026-08-27,07:19,LIGHT,48,
2026-08-27,07:20,LIGHT,55,
2026-08-27,07:21,LIGHT,50,
2026-08-27,07:22,LIGHT,54,
2026-08-27,07:23,LIGHT,49,
2026-08-27,07:24,LIGHT,52,
2026-08-27,07:25,LIGHT,57,
2026-08-27,07:26,LIGHT,51,
2026-08-27,07:27,LIGHT,60,
2026-08-27,07:28,LIGHT,73,
2026-08-27,07:29,LIGHT,75,
2026-08-27,07:30,LIGHT,72,
2026-08-27,07:31,LIGHT,66,
2026-08-27,07:32,LIGHT,64,
2026-08-27,07:33,LIGHT,62,
2026-08-27,07:34,LIGHT,66,
2026-08-27,07:35,LIGHT,65,
2026-08-27,07:36,LIGHT,63,
2026-08-27,07:37,LIGHT,57,
2026-08-27,07:38,REM,54,
2026-08-27,07:39,REM,54,
2026-08-27,07:40,REM,61,
2026-08-27,07:41,REM,78,
2026-08-27,07:42,REM,94,
2026-08-27,07:43,REM,89,
2026-08-27,07:44,REM,77,
2026-08-27,07:45,REM,56,
2026-08-27,07:46,REM,57,
2026-08-27,07:47,REM,57,
2026-08-27,07:48,REM,55,
2026-08-27,07:49,REM,56,
2026-08-27,07:50,REM,56,
2026-08-27,07:51,REM,63,
2026-08-27,07:52,REM,65,
2026-08-27,07:53,REM,59,
2026-08-27,07:54,REM,64,
2026-08-27,07:55,REM,61,
2026-08-27,07:56,REM,58,
2026-08-27,07:57,REM,59,
2026-08-27,07:58,REM,58,
2026-08-27,07:59,REM,57,
2026-08-27,08:00,REM,55,
2026-08-27,08:01,REM,55,
2026-08-27,08:02,REM,57,
2026-08-27,08:03,REM,59,
2026-08-27,08:04,REM,57,
2026-08-27,08:05,REM,56,
2026-08-27,08:06,REM,58,
2026-08-27,08:07,REM,58,
2026-08-27,08:08,REM,56,
2026-08-27,08:09,REM,56,
2026-08-27,08:10,REM,62,
2026-08-27,08:11,LIGHT,60,
2026-08-27,08:12,LIGHT,60,
2026-08-27,08:13,LIGHT,60,
2026-08-27,08:14,LIGHT,60,
2026-08-27,08:15,LIGHT,59,
2026-08-27,08:16,LIGHT,61,
2026-08-27,08:17,LIGHT,61,
2026-08-27,08:18,LIGHT,57,
2026-08-27,08:19,LIGHT,54,
2026-08-27,08:20,LIGHT,53,
2026-08-27,08:21,LIGHT,58,
2026-08-27,08:22,LIGHT,62,
2026-08-27,08:23,LIGHT,58,
2026-08-27,08:24,LIGHT,55,
2026-08-27,08:25,LIGHT,54,
2026-08-27,08:26,LIGHT,56,
2026-08-27,08:27,LIGHT,57,
2026-08-27,08:28,LIGHT,56,
2026-08-27,08:29,LIGHT,55,
2026-08-27,08:30,DEEP,55,
2026-08-27,08:31,DEEP,55,
2026-08-27,08:32,DEEP,57,
2026-08-27,08:33,DEEP,57,
2026-08-27,08:34,DEEP,57,
2026-08-27,08:35,DEEP,56,
2026-08-27,08:36,DEEP,52,
2026-08-27,08:37,DEEP,52,
2026-08-27,08:38,DEEP,62,
2026-08-27,08:39,DEEP,62,
2026-08-27,08:40,DEEP,65,
2026-08-27,08:41,DEEP,57,
2026-08-27,08:42,DEEP,56,
2026-08-27,08:43,DEEP,53,
2026-08-27,08:44,DEEP,53,
2026-08-27,08:45,DEEP,55,
2026-08-27,08:46,LIGHT,55,
2026-08-27,08:47,LIGHT,55,
2026-08-27,08:48,LIGHT,57,
2026-08-27,08:49,WAKE,54,
2026-08-27,08:50,WAKE,53,
2026-08-27,08:51,LIGHT,54,
2026-08-27,08:52,LIGHT,55,
2026-08-27,08:53,LIGHT,53,
2026-08-27,08:54,LIGHT,50,
2026-08-27,08:55,LIGHT,57,
2026-08-27,08:56,LIGHT,58,
2026-08-27,08:57,LIGHT,53,
2026-08-27,08:58,LIGHT,52,
2026-08-27,08:59,LIGHT,49,
2026-08-27,09:00,LIGHT,51,
2026-08-27,09:01,REM,50,
2026-08-27,09:02,REM,48,
2026-08-27,09:03,REM,50,
2026-08-27,09:04,REM,51,
2026-08-27,09:05,REM,51,
2026-08-27,09:06,REM,53,
2026-08-27,09:07,REM,58,
2026-08-27,09:08,REM,56,
2026-08-27,09:09,REM,53,
2026-08-27,09:10,REM,52,
2026-08-27,09:11,REM,51,
2026-08-27,09:12,REM,50,
2026-08-27,09:13,LIGHT,52,
2026-08-27,09:14,LIGHT,51,
2026-08-27,09:15,LIGHT,52,
2026-08-27,09:16,LIGHT,49,
2026-08-27,09:17,LIGHT,55,
2026-08-27,09:18,LIGHT,53,
2026-08-27,09:19,LIGHT,53,
2026-08-27,09:20,LIGHT,55,
2026-08-27,09:21,LIGHT,53,
2026-08-27,09:22,LIGHT,50,
2026-08-27,09:23,LIGHT,54,
2026-08-27,09:24,LIGHT,53,
2026-08-27,09:25,LIGHT,56,
2026-08-27,09:26,LIGHT,59,
2026-08-27,09:27,LIGHT,67,
2026-08-27,09:28,LIGHT,75,
2026-08-27,09:29,LIGHT,77,
2026-08-27,09:30,LIGHT,74,
2026-08-27,09:31,LIGHT,66,
2026-08-27,09:32,LIGHT,65,
2026-08-27,09:33,LIGHT,60,
2026-08-27,09:34,LIGHT,67,
2026-08-27,09:35,LIGHT,66,
2026-08-27,09:36,LIGHT,66,
2026-08-27,09:37,LIGHT,64,
2026-08-27,09:38,LIGHT,62,
2026-08-27,09:39,LIGHT,65,
2026-08-27,09:40,LIGHT,57,
2026-08-27,09:41,LIGHT,55,
2026-08-27,09:42,LIGHT,55,
2026-08-27,09:43,LIGHT,54,
2026-08-27,09:44,LIGHT,54,
2026-08-27,09:45,LIGHT,55,
2026-08-27,09:46,LIGHT,58,
2026-08-27,09:47,LIGHT,60,
2026-08-27,09:48,LIGHT,60,
2026-08-27,09:49,LIGHT,62,
2026-08-27,09:50,LIGHT,59,
2026-08-27,09:51,LIGHT,59,
2026-08-27,09:52,LIGHT,64,
2026-08-27,09:53,LIGHT,63,
2026-08-27,09:54,LIGHT,59,
2026-08-27,09:55,LIGHT,58,
2026-08-27,09:56,LIGHT,59,
2026-08-27,09:57,LIGHT,61,
2026-08-27,09:58,LIGHT,68,
2026-08-27,09:59,LIGHT,84,
2026-08-27,10:00,LIGHT,86,
2026-08-27,10:01,LIGHT,79,
2026-08-27,10:02,LIGHT,74,
2026-08-27,10:03,LIGHT,68,
2026-08-27,10:04,LIGHT,62,
2026-08-27,10:05,LIGHT,64,
2026-08-27,10:06,LIGHT,62,
2026-08-27,10:07,LIGHT,61,
2026-08-27,10:08,LIGHT,63,
2026-08-27,10:09,LIGHT,63,
2026-08-27,10:10,LIGHT,69,
2026-08-27,10:11,LIGHT,78,
2026-08-27,10:12,WAKE,79,
2026-08-27,10:13,LIGHT,83,
2026-08-27,10:14,LIGHT,93,
2026-08-27,10:15,LIGHT,97,
2026-08-27,10:16,LIGHT,81,
2026-08-27,10:17,LIGHT,75,
2026-08-27,10:18,LIGHT,62,
2026-08-27,10:19,WAKE,56,
2026-08-27,10:20,LIGHT,56,
2026-08-28,01:13,LIGHT,,
2026-08-28,01:14,LIGHT,,
2026-08-28,01:15,LIGHT,,
2026-08-28,01:16,LIGHT,,
2026-08-28,01:17,LIGHT,,
2026-08-28,01:18,LIGHT,,
2026-08-28,01:19,LIGHT,,
2026-08-28,01:20,LIGHT,,
2026-08-28,01:21,LIGHT,,
2026-08-28,01:22,LIGHT,,
2026-08-28,01:23,LIGHT,,
2026-08-28,01:24,LIGHT,,
2026-08-28,01:25,LIGHT,,
2026-08-28,01:26,LIGHT,,
2026-08-28,01:27,LIGHT,,
2026-08-28,01:28,LIGHT,,
2026-08-28,01:29,LIGHT,,
2026-08-28,01:30,LIGHT,,
2026-08-28,01:31,LIGHT,,
2026-08-28,01:32,LIGHT,,
2026-08-28,01:33,LIGHT,,
2026-08-28,01:34,LIGHT,,
2026-08-28,01:35,LIGHT,,
2026-08-28,01:36,DEEP,,
2026-08-28,01:37,DEEP,,
2026-08-28,01:38,DEEP,,
2026-08-28,01:39,DEEP,76,
2026-08-28,01:40,DEEP,77,
2026-08-28,01:41,DEEP,65,
2026-08-28,01:42,DEEP,56,
2026-08-28,01:43,DEEP,52,
2026-08-28,01:44,DEEP,52,
2026-08-28,01:45,DEEP,54,
2026-08-28,01:46,DEEP,54,
2026-08-28,01:47,DEEP,50,
2026-08-28,01:48,DEEP,51,
2026-08-28,01:49,DEEP,54,
2026-08-28,01:50,DEEP,50,
2026-08-28,01:51,LIGHT,48,
2026-08-28,01:52,LIGHT,48,
2026-08-28,01:53,LIGHT,58,
2026-08-28,01:54,LIGHT,65,
2026-08-28,01:55,DEEP,72,
2026-08-28,01:56,DEEP,71,
2026-08-28,01:57,DEEP,62,
2026-08-28,01:58,DEEP,54,
2026-08-28,01:59,DEEP,51,
2026-08-28,02:00,LIGHT,53,
2026-08-28,02:01,LIGHT,54,
2026-08-28,02:02,LIGHT,58,
2026-08-28,02:03,LIGHT,52,
2026-08-28,02:04,LIGHT,54,
2026-08-28,02:05,LIGHT,51,
2026-08-28,02:06,LIGHT,51,
2026-08-28,02:07,LIGHT,49,
2026-08-28,02:08,LIGHT,48,
2026-08-28,02:09,LIGHT,50,
2026-08-28,02:10,LIGHT,49,
2026-08-28,02:11,LIGHT,47,
2026-08-28,02:12,LIGHT,47,
2026-08-28,02:13,LIGHT,50,
2026-08-28,02:14,LIGHT,49,
2026-08-28,02:15,LIGHT,50,
2026-08-28,02:16,LIGHT,49,
2026-08-28,02:17,LIGHT,54,
2026-08-28,02:18,LIGHT,57,
2026-08-28,02:19,LIGHT,57,
2026-08-28,02:20,LIGHT,63,
2026-08-28,02:21,LIGHT,67,
2026-08-28,02:22,LIGHT,77,
2026-08-28,02:23,LIGHT,77,
2026-08-28,02:24,LIGHT,76,
2026-08-28,02:25,REM,70,
2026-08-28,02:26,REM,57,
2026-08-28,02:27,REM,55,
2026-08-28,02:28,REM,58,
2026-08-28,02:29,REM,55,
2026-08-28,02:30,REM,56,
2026-08-28,02:31,REM,52,
2026-08-28,02:32,REM,50,
2026-08-28,02:33,REM,51,
2026-08-28,02:34,REM,51,
2026-08-28,02:35,REM,53,
2026-08-28,02:36,REM,58,
2026-08-28,02:37,REM,50,
2026-08-28,02:38,REM,47,
2026-08-28,02:39,REM,54,
2026-08-28,02:40,REM,51,
2026-08-28,02:41,REM,48,
2026-08-28,02:42,REM,47,
2026-08-28,02:43,REM,46,
2026-08-28,02:44,REM,46,
2026-08-28,02:45,REM,46,
2026-08-28,02:46,REM,47,
2026-08-28,02:47,REM,47,
2026-08-28,02:48,REM,47,
2026-08-28,02:49,REM,46,
2026-08-28,02:50,REM,46,
2026-08-28,02:51,REM,46,
2026-08-28,02:52,REM,46,
2026-08-28,02:53,REM,46,
2026-08-28,02:54,REM,46,
2026-08-28,02:55,REM,46,
2026-08-28,02:56,REM,46,
2026-08-28,02:57,REM,46,
2026-08-28,02:58,REM,46,
2026-08-28,02:59,REM,46,
2026-08-28,03:00,REM,46,
2026-08-28,03:01,REM,46,
2026-08-28,03:02,REM,46,
2026-08-28,03:03,REM,46,
2026-08-28,03:04,REM,45,
2026-08-28,03:05,REM,46,
2026-08-28,03:06,REM,46,
2026-08-28,03:07,LIGHT,46,
2026-08-28,03:08,LIGHT,46,
2026-08-28,03:09,LIGHT,48,
2026-08-28,03:10,LIGHT,50,
2026-08-28,03:11,LIGHT,47,
2026-08-28,03:12,LIGHT,54,
2026-08-28,03:13,LIGHT,61,
2026-08-28,03:14,LIGHT,63,
2026-08-28,03:15,LIGHT,50,
2026-08-28,03:16,LIGHT,47,
2026-08-28,03:17,LIGHT,46,
2026-08-28,03:18,LIGHT,48,
2026-08-28,03:19,LIGHT,59,
2026-08-28,03:20,LIGHT,53,
2026-08-28,03:21,DEEP,47,
2026-08-28,03:22,DEEP,44,
2026-08-28,03:23,DEEP,44,
2026-08-28,03:24,DEEP,54,
2026-08-28,03:25,DEEP,54,
2026-08-28,03:26,DEEP,57,
2026-08-28,03:27,DEEP,50,
2026-08-28,03:28,DEEP,46,
2026-08-28,03:29,DEEP,47,
2026-08-28,03:30,DEEP,49,
2026-08-28,03:31,DEEP,48,
2026-08-28,03:32,DEEP,53,
2026-08-28,03:33,DEEP,50,
2026-08-28,03:34,DEEP,55,
2026-08-28,03:35,DEEP,48,
2026-08-28,03:36,DEEP,48,
2026-08-28,03:37,DEEP,49,
2026-08-28,03:38,DEEP,49,
2026-08-28,03:39,DEEP,51,
2026-08-28,03:40,LIGHT,54,
2026-08-28,03:41,LIGHT,53,
2026-08-28,03:42,LIGHT,50,
2026-08-28,03:43,WAKE,49,
2026-08-28,03:44,WAKE,50,
2026-08-28,03:45,WAKE,48,
2026-08-28,03:46,WAKE,50,
2026-08-28,03:47,LIGHT,47,
2026-08-28,03:48,LIGHT,51,
2026-08-28,03:49,LIGHT,55,
2026-08-28,03:50,LIGHT,49,
2026-08-28,03:51,LIGHT,49,
2026-08-28,03:52,LIGHT,50,
2026-08-28,03:53,LIGHT,50,
2026-08-28,03:54,LIGHT,50,
2026-08-28,03:55,LIGHT,50,
2026-08-28,03:56,LIGHT,51,
2026-08-28,03:57,LIGHT,51,
2026-08-28,03:58,LIGHT,51,
2026-08-28,03:59,LIGHT,50,
2026-08-28,04:00,LIGHT,54,
2026-08-28,04:01,LIGHT,47,
2026-08-28,04:02,LIGHT,47,
2026-08-28,04:03,LIGHT,49,
2026-08-28,04:04,LIGHT,50,
2026-08-28,04:05,LIGHT,52,
2026-08-28,04:06,DEEP,49,
2026-08-28,04:07,DEEP,49,
2026-08-28,04:08,LIGHT,48,
2026-08-28,04:09,LIGHT,47,
2026-08-28,04:10,LIGHT,48,
2026-08-28,04:11,WAKE,47,
2026-08-28,04:12,LIGHT,47,
2026-08-28,04:13,LIGHT,47,
2026-08-28,04:14,LIGHT,47,
2026-08-28,04:15,LIGHT,47,
2026-08-28,04:16,LIGHT,47,
2026-08-28,04:17,LIGHT,47,
2026-08-28,04:18,LIGHT,48,
2026-08-28,04:19,LIGHT,48,
2026-08-28,04:20,LIGHT,48,
2026-08-28,04:21,LIGHT,48,
2026-08-28,04:22,LIGHT,48,
2026-08-28,04:23,LIGHT,47,
2026-08-28,04:24,LIGHT,47,
2026-08-28,04:25,LIGHT,47,
2026-08-28,04:26,LIGHT,47,
2026-08-28,04:27,LIGHT,47,
2026-08-28,04:28,LIGHT,47,
2026-08-28,04:29,LIGHT,47,
2026-08-28,04:30,LIGHT,47,
2026-08-28,04:31,LIGHT,47,
2026-08-28,04:32,LIGHT,47,
2026-08-28,04:33,LIGHT,47,
2026-08-28,04:34,LIGHT,47,
2026-08-28,04:35,LIGHT,47,
2026-08-28,04:36,LIGHT,49,
2026-08-28,04:37,LIGHT,49,
2026-08-28,04:38,WAKE,47,
2026-08-28,04:39,LIGHT,47,
2026-08-28,04:40,LIGHT,47,
2026-08-28,04:41,LIGHT,47,
2026-08-28,04:42,REM,47,
2026-08-28,04:43,REM,47,
2026-08-28,04:44,REM,47,
2026-08-28,04:45,REM,47,
2026-08-28,04:46,REM,47,
2026-08-28,04:47,REM,47,
2026-08-28,04:48,REM,47,
2026-08-28,04:49,REM,47,
2026-08-28,04:50,REM,47,
2026-08-28,04:51,REM,47,
2026-08-28,04:52,REM,47,
2026-08-28,04:53,REM,46,
2026-08-28,04:54,REM,46,
2026-08-28,04:55,REM,46,
2026-08-28,04:56,REM,46,
2026-08-28,04:57,REM,46,
2026-08-28,04:58,LIGHT,46,
2026-08-28,04:59,LIGHT,46,
2026-08-28,05:00,LIGHT,46,
2026-08-28,05:01,LIGHT,46,
2026-08-28,05:02,LIGHT,54,
2026-08-28,05:03,LIGHT,57,
2026-08-28,05:04,LIGHT,49,
2026-08-28,05:05,LIGHT,46,
2026-08-28,05:06,LIGHT,44,
2026-08-28,05:07,LIGHT,43,
2026-08-28,05:08,LIGHT,43,
2026-08-28,05:09,LIGHT,44,
2026-08-28,05:10,LIGHT,44,
2026-08-28,05:11,LIGHT,44,
2026-08-28,05:12,LIGHT,43,
2026-08-28,05:13,LIGHT,43,
2026-08-28,05:14,LIGHT,43,
2026-08-28,05:15,LIGHT,45,
2026-08-28,05:16,LIGHT,45,
2026-08-28,05:17,LIGHT,44,
2026-08-28,05:18,LIGHT,46,
2026-08-28,05:19,LIGHT,45,
2026-08-28,05:20,LIGHT,46,
2026-08-28,05:21,LIGHT,44,
2026-08-28,05:22,LIGHT,44,
2026-08-28,05:23,LIGHT,43,
2026-08-28,05:24,LIGHT,45,
2026-08-28,05:25,LIGHT,47,
2026-08-28,05:26,LIGHT,49,
2026-08-28,05:27,LIGHT,52,
2026-08-28,05:28,LIGHT,51,
2026-08-28,05:29,LIGHT,56,
2026-08-28,05:30,LIGHT,48,
2026-08-28,05:31,LIGHT,46,
2026-08-28,05:32,LIGHT,46,
2026-08-28,05:33,DEEP,45,
2026-08-28,05:34,DEEP,44,
2026-08-28,05:35,DEEP,44,
2026-08-28,05:36,LIGHT,45,
2026-08-28,05:37,LIGHT,45,
2026-08-28,05:38,LIGHT,47,
2026-08-28,05:39,LIGHT,47,
2026-08-28,05:40,WAKE,47,
2026-08-28,05:41,LIGHT,47,
2026-08-28,05:42,LIGHT,51,
2026-08-28,05:43,LIGHT,48,
2026-08-28,05:44,LIGHT,52,
2026-08-28,05:45,LIGHT,46,
2026-08-28,05:46,LIGHT,47,
2026-08-28,05:47,LIGHT,46,
2026-08-28,05:48,LIGHT,46,
2026-08-28,05:49,REM,48,
2026-08-28,05:50,REM,48,
2026-08-28,05:51,REM,46,
2026-08-28,05:52,REM,47,
2026-08-28,05:53,REM,47,
2026-08-28,05:54,REM,47,
2026-08-28,05:55,REM,47,
2026-08-28,05:56,REM,47,
2026-08-28,05:57,REM,51,
2026-08-28,05:58,REM,47,
2026-08-28,05:59,REM,45,
2026-08-28,06:00,REM,46,
2026-08-28,06:01,REM,46,
2026-08-28,06:02,REM,48,
2026-08-28,06:03,REM,47,
2026-08-28,06:04,REM,46,
2026-08-28,06:05,REM,46,
2026-08-28,06:06,REM,48,
2026-08-28,06:07,REM,47,
2026-08-28,06:08,LIGHT,47,
2026-08-28,06:09,LIGHT,47,
2026-08-28,06:10,LIGHT,47,
2026-08-28,06:11,LIGHT,48,
2026-08-28,06:12,LIGHT,48,
2026-08-28,06:13,LIGHT,48,
2026-08-28,06:14,LIGHT,48,
2026-08-28,06:15,LIGHT,48,
2026-08-28,06:16,LIGHT,48,
2026-08-28,06:17,LIGHT,48,
2026-08-28,06:18,LIGHT,47,
2026-08-28,06:19,LIGHT,47,
2026-08-28,06:20,LIGHT,47,
2026-08-28,06:21,LIGHT,47,
2026-08-28,06:22,LIGHT,47,
2026-08-28,06:23,LIGHT,47,
2026-08-28,06:24,LIGHT,49,
2026-08-28,06:25,LIGHT,48,
2026-08-28,06:26,LIGHT,53,
2026-08-28,06:27,LIGHT,55,
2026-08-28,06:28,LIGHT,57,
2026-08-28,06:29,LIGHT,49,
2026-08-28,06:30,LIGHT,48,
2026-08-28,06:31,LIGHT,45,
2026-08-28,06:32,LIGHT,45,
2026-08-28,06:33,LIGHT,45,
2026-08-28,06:34,LIGHT,45,
2026-08-28,06:35,LIGHT,44,
2026-08-28,06:36,WAKE,44,
2026-08-28,06:37,LIGHT,44,
2026-08-28,06:38,LIGHT,44,
2026-08-28,06:39,LIGHT,44,
2026-08-28,06:40,LIGHT,45,
2026-08-28,06:41,LIGHT,47,
2026-08-28,06:42,LIGHT,47,
2026-08-28,06:43,LIGHT,46,
2026-08-28,06:44,LIGHT,45,
2026-08-28,06:45,LIGHT,45,
2026-08-28,06:46,LIGHT,45,
2026-08-28,06:47,LIGHT,47,
2026-08-28,06:48,LIGHT,45,
2026-08-28,06:49,LIGHT,45,
2026-08-28,06:50,LIGHT,44,
2026-08-28,06:51,LIGHT,44,
2026-08-28,06:52,LIGHT,44,
2026-08-28,06:53,LIGHT,44,
2026-08-28,16:04,LIGHT,65,
2026-08-28,16:05,LIGHT,67,
2026-08-28,16:06,LIGHT,69,
2026-08-28,16:07,LIGHT,65,
2026-08-28,16:08,LIGHT,61,
2026-08-28,16:09,LIGHT,57,
2026-08-28,16:10,LIGHT,57,
2026-08-28,16:11,LIGHT,67,
2026-08-28,16:12,LIGHT,72,
2026-08-28,16:13,WAKE,69,
2026-08-28,16:14,LIGHT,62,
2026-08-28,16:15,LIGHT,59,
2026-08-28,16:16,LIGHT,56,
2026-08-28,16:17,LIGHT,57,
2026-08-28,16:18,LIGHT,59,
2026-08-28,16:19,LIGHT,64,
2026-08-28,16:20,LIGHT,71,
2026-08-28,16:21,LIGHT,63,
2026-08-28,16:22,LIGHT,60,
2026-08-28,16:23,LIGHT,59,
2026-08-28,16:24,LIGHT,57,
2026-08-28,16:25,LIGHT,59,
2026-08-28,16:26,LIGHT,53,
2026-08-28,16:27,LIGHT,53,
2026-08-28,16:28,LIGHT,58,
2026-08-28,16:29,LIGHT,55,
2026-08-28,16:30,LIGHT,53,
2026-08-28,16:31,LIGHT,52,
2026-08-28,16:32,LIGHT,53,
2026-08-28,16:33,LIGHT,55,
2026-08-28,16:34,LIGHT,58,
2026-08-28,16:35,LIGHT,58,
2026-08-28,16:36,LIGHT,59,
2026-08-28,16:37,LIGHT,59,
2026-08-28,16:38,LIGHT,61,
2026-08-28,16:39,LIGHT,60,
2026-08-28,16:40,DEEP,58,
2026-08-28,16:41,DEEP,57,
2026-08-28,16:42,DEEP,58,
2026-08-28,16:43,DEEP,63,
2026-08-28,16:44,DEEP,63,
2026-08-28,16:45,DEEP,65,
2026-08-28,16:46,DEEP,67,
2026-08-28,16:47,DEEP,68,
2026-08-28,16:48,DEEP,68,
2026-08-28,16:49,DEEP,65,
2026-08-28,16:50,LIGHT,67,
2026-08-28,16:51,LIGHT,63,
2026-08-28,16:52,LIGHT,56,
2026-08-28,16:53,WAKE,55,
2026-08-28,16:54,LIGHT,57,
2026-08-28,16:55,LIGHT,54,
2026-08-28,16:56,LIGHT,56,
2026-08-28,16:57,LIGHT,57,
2026-08-28,16:58,LIGHT,56,
2026-08-28,16:59,LIGHT,58,
2026-08-28,17:00,LIGHT,60,
2026-08-28,17:01,LIGHT,59,
2026-08-28,17:02,LIGHT,61,
2026-08-29,02:45,LIGHT,45,
2026-08-29,02:46,LIGHT,45,
2026-08-29,02:47,LIGHT,47,
2026-08-29,02:48,LIGHT,47,
2026-08-29,02:49,LIGHT,43,
2026-08-29,02:50,LIGHT,44,
2026-08-29,02:51,LIGHT,44,
2026-08-29,02:52,LIGHT,44,
2026-08-29,02:53,LIGHT,44,
2026-08-29,02:54,LIGHT,44,
2026-08-29,02:55,LIGHT,44,
2026-08-29,02:56,LIGHT,44,
2026-08-29,02:57,LIGHT,44,
2026-08-29,02:58,LIGHT,44,
2026-08-29,02:59,LIGHT,44,
2026-08-29,03:00,LIGHT,44,
2026-08-29,03:01,LIGHT,44,
2026-08-29,03:02,LIGHT,46,
2026-08-29,03:03,LIGHT,46,
2026-08-29,03:04,LIGHT,45,
2026-08-29,03:05,LIGHT,45,
2026-08-29,03:06,LIGHT,45,
2026-08-29,03:07,LIGHT,45,
2026-08-29,03:08,LIGHT,45,
2026-08-29,03:09,LIGHT,45,
2026-08-29,03:10,LIGHT,45,
2026-08-29,03:11,LIGHT,45,
2026-08-29,03:12,LIGHT,45,
2026-08-29,03:13,WAKE,45,
2026-08-29,03:14,WAKE,45,
2026-08-29,03:15,WAKE,45,
2026-08-29,03:16,LIGHT,45,
2026-08-29,03:17,LIGHT,45,
2026-08-29,03:18,LIGHT,44,
2026-08-29,03:19,LIGHT,44,
2026-08-29,03:20,WAKE,52,
2026-08-29,03:21,WAKE,51,
2026-08-29,03:22,WAKE,44,
2026-08-29,03:23,LIGHT,42,
2026-08-29,03:24,LIGHT,47,
2026-08-29,03:25,WAKE,43,
2026-08-29,03:26,WAKE,43,
2026-08-29,03:27,WAKE,43,
2026-08-29,03:28,WAKE,44,
2026-08-29,03:29,LIGHT,45,
2026-08-29,03:30,LIGHT,45,
2026-08-29,03:31,LIGHT,46,
2026-08-29,03:32,LIGHT,46,
2026-08-29,03:33,LIGHT,51,
2026-08-29,03:34,REM,45,
2026-08-29,03:35,REM,45,
2026-08-29,03:36,REM,43,
2026-08-29,03:37,REM,44,
2026-08-29,03:38,REM,44,
2026-08-29,03:39,LIGHT,44,
2026-08-29,03:40,LIGHT,46,
2026-08-29,03:41,LIGHT,48,
2026-08-29,03:42,WAKE,43,
2026-08-29,03:43,LIGHT,43,
2026-08-29,03:44,LIGHT,45,
2026-08-29,03:45,LIGHT,45,
2026-08-29,03:46,REM,44,
2026-08-29,03:47,REM,44,
2026-08-29,03:48,REM,43,
2026-08-29,03:49,REM,44,
2026-08-29,03:50,REM,44,
2026-08-29,03:51,REM,44,
2026-08-29,03:52,REM,43,
2026-08-29,03:53,REM,43,
2026-08-29,03:54,REM,43,
2026-08-29,03:55,REM,45,
2026-08-29,03:56,REM,44,
2026-08-29,03:57,REM,44,
2026-08-29,03:58,REM,44,
2026-08-29,03:59,REM,44,
2026-08-29,04:00,REM,44,
2026-08-29,04:01,REM,43,
2026-08-29,04:02,REM,43,
2026-08-29,04:03,REM,43,
2026-08-29,04:04,REM,43,
2026-08-29,04:05,REM,43,
2026-08-29,04:06,REM,43,
2026-08-29,04:07,REM,43,
2026-08-29,04:08,LIGHT,43,
2026-08-29,04:09,LIGHT,43,
2026-08-29,04:10,LIGHT,43,
2026-08-29,04:11,LIGHT,43,
2026-08-29,04:12,LIGHT,43,
2026-08-29,04:13,LIGHT,50,
2026-08-29,04:14,LIGHT,59,
2026-08-29,04:15,LIGHT,49,
2026-08-29,04:16,LIGHT,43,
2026-08-29,04:17,LIGHT,41,
2026-08-29,04:18,LIGHT,41,
2026-08-29,04:19,LIGHT,41,
2026-08-29,04:20,LIGHT,41,
2026-08-29,04:21,LIGHT,42,
2026-08-29,04:22,LIGHT,42,
2026-08-29,04:23,LIGHT,42,
2026-08-29,04:24,DEEP,42,
2026-08-29,04:25,DEEP,43,
2026-08-29,04:26,DEEP,46,
2026-08-29,04:27,DEEP,52,
2026-08-29,04:28,DEEP,47,
2026-08-29,04:29,DEEP,51,
2026-08-29,04:30,DEEP,45,
2026-08-29,04:31,DEEP,45,
2026-08-29,04:32,DEEP,45,
2026-08-29,04:33,DEEP,45,
2026-08-29,04:34,DEEP,47,
2026-08-29,04:35,DEEP,44,
2026-08-29,04:36,DEEP,42,
2026-08-29,04:37,DEEP,42,
2026-08-29,04:38,DEEP,46,
2026-08-29,04:39,DEEP,45,
2026-08-29,04:40,DEEP,43,
2026-08-29,04:41,DEEP,46,
2026-08-29,04:42,DEEP,43,
2026-08-29,04:43,DEEP,42,
2026-08-29,04:44,DEEP,42,
2026-08-29,04:45,DEEP,42,
2026-08-29,04:46,DEEP,42,
2026-08-29,04:47,DEEP,42,
2026-08-29,04:48,DEEP,42,
2026-08-29,04:49,DEEP,42,
2026-08-29,04:50,DEEP,42,
2026-08-29,04:51,DEEP,42,
2026-08-29,04:52,DEEP,42,
2026-08-29,04:53,DEEP,48,
2026-08-29,04:54,DEEP,45,
2026-08-29,04:55,DEEP,44,
2026-08-29,04:56,DEEP,42,
2026-08-29,04:57,DEEP,42,
2026-08-29,04:58,DEEP,42,
2026-08-29,04:59,DEEP,42,
2026-08-29,05:00,DEEP,42,
2026-08-29,05:01,DEEP,42,
2026-08-29,05:02,DEEP,42,
2026-08-29,05:03,LIGHT,42,
2026-08-29,05:04,LIGHT,43,
2026-08-29,05:05,LIGHT,45,
2026-08-29,05:06,LIGHT,46,
2026-08-29,05:07,LIGHT,44,
2026-08-29,05:08,LIGHT,43,
2026-08-29,05:09,LIGHT,43,
2026-08-29,05:10,LIGHT,43,
2026-08-29,05:11,LIGHT,43,
2026-08-29,05:12,LIGHT,52,
2026-08-29,05:13,LIGHT,46,
2026-08-29,05:14,LIGHT,42,
2026-08-29,05:15,REM,42,
2026-08-29,05:16,REM,44,
2026-08-29,05:17,REM,54,
2026-08-29,05:18,REM,49,
2026-08-29,05:19,LIGHT,46,
2026-08-29,05:20,LIGHT,46,
2026-08-29,05:21,LIGHT,46,
2026-08-29,05:22,LIGHT,46,
2026-08-29,05:23,LIGHT,46,
2026-08-29,05:24,LIGHT,52,
2026-08-29,05:25,REM,44,
2026-08-29,05:26,REM,50,
2026-08-29,05:27,REM,45,
2026-08-29,05:28,REM,44,
2026-08-29,05:29,REM,43,
2026-08-29,05:30,REM,42,
2026-08-29,05:31,REM,42,
2026-08-29,05:32,REM,43,
2026-08-29,05:33,REM,43,
2026-08-29,05:34,REM,48,
2026-08-29,05:35,REM,43,
2026-08-29,05:36,REM,42,
2026-08-29,05:37,REM,57,
2026-08-29,05:38,REM,51,
2026-08-29,05:39,REM,49,
2026-08-29,05:40,REM,45,
2026-08-29,05:41,REM,45,
2026-08-29,05:42,REM,48,
2026-08-29,05:43,REM,45,
2026-08-29,05:44,REM,42,
2026-08-29,05:45,REM,42,
2026-08-29,05:46,REM,42,
2026-08-29,05:47,REM,42,
2026-08-29,05:48,REM,42,
2026-08-29,05:49,REM,43,
2026-08-29,05:50,REM,42,
2026-08-29,05:51,REM,42,
2026-08-29,05:52,REM,42,
2026-08-29,05:53,REM,42,
2026-08-29,05:54,REM,43,
2026-08-29,05:55,REM,44,
2026-08-29,05:56,REM,44,
2026-08-29,05:57,REM,44,
2026-08-29,05:58,LIGHT,44,
2026-08-29,05:59,LIGHT,44,
2026-08-29,06:00,LIGHT,44,
2026-08-29,06:01,LIGHT,54,
2026-08-29,06:02,LIGHT,48,
2026-08-29,06:03,LIGHT,43,
2026-08-29,06:04,LIGHT,42,
2026-08-29,06:05,LIGHT,43,
2026-08-29,06:06,LIGHT,43,
2026-08-29,06:07,LIGHT,45,
2026-08-29,06:08,LIGHT,45,
2026-08-29,06:09,LIGHT,45,
2026-08-29,06:10,LIGHT,45,
2026-08-29,06:11,LIGHT,45,
2026-08-29,06:12,LIGHT,45,
2026-08-29,06:13,LIGHT,45,
2026-08-29,06:14,LIGHT,45,
2026-08-29,06:15,LIGHT,46,
2026-08-29,06:16,LIGHT,46,
2026-08-29,06:17,LIGHT,48,
2026-08-29,06:18,LIGHT,48,
2026-08-29,06:19,LIGHT,46,
2026-08-29,06:20,LIGHT,44,
2026-08-29,06:21,LIGHT,44,
2026-08-29,06:22,LIGHT,44,
2026-08-29,06:23,LIGHT,45,
2026-08-29,06:24,LIGHT,45,
2026-08-29,06:25,LIGHT,47,
2026-08-29,06:26,LIGHT,49,
2026-08-29,06:27,LIGHT,50,
2026-08-29,06:28,LIGHT,48,
2026-08-29,06:29,LIGHT,47,
2026-08-29,06:30,LIGHT,46,
2026-08-29,06:31,LIGHT,44,
2026-08-29,06:32,LIGHT,44,
2026-08-29,06:33,LIGHT,44,
2026-08-29,06:34,LIGHT,44,
2026-08-29,06:35,LIGHT,44,
2026-08-29,06:36,LIGHT,44,
2026-08-29,06:37,LIGHT,44,
2026-08-29,06:38,LIGHT,44,
2026-08-29,06:39,LIGHT,49,
2026-08-29,06:40,LIGHT,46,
2026-08-29,06:41,LIGHT,46,
2026-08-29,06:42,LIGHT,45,
2026-08-29,06:43,LIGHT,47,
2026-08-29,06:44,LIGHT,54,
2026-08-29,06:45,LIGHT,48,
2026-08-29,06:46,LIGHT,47,
2026-08-29,06:47,LIGHT,48,
2026-08-29,06:48,LIGHT,48,
2026-08-29,06:49,LIGHT,48,
2026-08-29,06:50,LIGHT,48,
2026-08-29,06:51,LIGHT,48,
2026-08-29,06:52,LIGHT,49,
2026-08-29,06:53,LIGHT,54,
2026-08-29,06:54,LIGHT,51,
2026-08-29,06:55,LIGHT,55,
2026-08-29,06:56,LIGHT,49,
2026-08-29,06:57,LIGHT,45,
2026-08-29,06:58,LIGHT,46,
2026-08-29,06:59,LIGHT,46,
2026-08-29,07:00,LIGHT,47,
2026-08-29,07:01,LIGHT,47,
2026-08-29,07:02,LIGHT,47,
2026-08-29,07:03,LIGHT,54,
2026-08-29,07:04,LIGHT,48,
2026-08-29,07:05,LIGHT,44,
2026-08-29,07:06,LIGHT,44,
2026-08-29,07:07,LIGHT,53,
2026-08-29,07:08,REM,47,
2026-08-29,07:09,REM,45,
2026-08-29,07:10,REM,45,
2026-08-29,07:11,REM,50,
2026-08-29,07:12,REM,44,
2026-08-29,07:13,REM,43,
2026-08-29,07:14,REM,45,
2026-08-29,07:15,REM,45,
2026-08-29,07:16,LIGHT,45,
2026-08-29,07:17,LIGHT,43,
2026-08-29,07:18,LIGHT,45,
2026-08-29,07:19,WAKE,46,
2026-08-29,07:20,WAKE,50,
2026-08-29,07:21,WAKE,45,
2026-08-29,07:22,LIGHT,45,
2026-08-29,07:23,WAKE,44,
2026-08-29,07:24,WAKE,42,
2026-08-29,07:25,LIGHT,43,
2026-08-29,07:26,LIGHT,43,
2026-08-29,07:27,LIGHT,43,
2026-08-29,07:28,LIGHT,43,
2026-08-29,07:29,LIGHT,43,
2026-08-29,07:30,LIGHT,43,
2026-08-29,07:31,LIGHT,43,
2026-08-29,07:32,LIGHT,43,
2026-08-29,07:33,LIGHT,43,
2026-08-29,07:34,LIGHT,43,
2026-08-29,07:35,LIGHT,43,
2026-08-29,07:36,LIGHT,43,
2026-08-29,07:37,LIGHT,43,
2026-08-29,07:38,LIGHT,44,
2026-08-29,07:39,LIGHT,44,
2026-08-29,07:40,LIGHT,44,
2026-08-29,07:41,LIGHT,44,
2026-08-29,07:42,LIGHT,44,
2026-08-29,07:43,LIGHT,44,
2026-08-29,07:44,LIGHT,44,
2026-08-29,07:45,LIGHT,45,
2026-08-29,07:46,LIGHT,46,
2026-08-29,07:47,LIGHT,45,
2026-08-29,07:48,LIGHT,44,
2026-08-29,07:49,LIGHT,44,
2026-08-29,07:50,LIGHT,44,
2026-08-29,07:51,LIGHT,44,
2026-08-29,07:52,LIGHT,44,
2026-08-29,07:53,LIGHT,44,
2026-08-29,07:54,LIGHT,44,
2026-08-29,07:55,LIGHT,46,
2026-08-29,07:56,LIGHT,45,
2026-08-29,07:57,LIGHT,44,
2026-08-29,07:58,LIGHT,44,
2026-08-29,07:59,LIGHT,44,
2026-08-29,08:00,DEEP,44,
2026-08-29,08:01,DEEP,53,
2026-08-29,08:02,DEEP,58,
2026-08-29,08:03,DEEP,61,
2026-08-29,08:04,DEEP,52,
2026-08-29,08:05,DEEP,50,
2026-08-29,08:06,DEEP,46,
2026-08-29,08:07,DEEP,46,
2026-08-29,08:08,DEEP,46,
2026-08-29,08:09,DEEP,46,
2026-08-29,08:10,DEEP,46,
2026-08-29,08:11,DEEP,46,
2026-08-29,08:12,DEEP,44,
2026-08-29,08:13,DEEP,46,
2026-08-29,08:14,DEEP,51,
2026-08-29,08:15,LIGHT,44,
2026-08-29,08:16,LIGHT,51,
2026-08-29,08:17,LIGHT,46,
2026-08-29,08:18,WAKE,41,
2026-08-29,08:19,LIGHT,41,
2026-08-29,08:20,LIGHT,46,
2026-08-29,08:21,LIGHT,50,
2026-08-29,08:22,LIGHT,44,
2026-08-29,08:23,LIGHT,42,
2026-08-29,08:24,LIGHT,47,
2026-08-29,08:25,LIGHT,45,
2026-08-29,08:26,LIGHT,43,
2026-08-29,08:27,REM,45,
2026-08-29,08:28,REM,42,
2026-08-29,08:29,REM,42,
2026-08-29,08:30,REM,43,
2026-08-29,08:31,REM,46,
2026-08-29,08:32,REM,49,
2026-08-29,08:33,REM,44,
2026-08-29,08:34,REM,46,
2026-08-29,08:35,REM,43,
2026-08-29,08:36,REM,43,
2026-08-29,08:37,REM,42,
2026-08-29,08:38,REM,42,
2026-08-29,08:39,REM,47,
2026-08-29,08:40,REM,42,
2026-08-29,08:41,REM,42,
2026-08-29,08:42,REM,44,
2026-08-29,08:43,REM,45,
2026-08-29,08:44,REM,47,
2026-08-29,08:45,REM,45,
2026-08-29,08:46,REM,44,
2026-08-29,08:47,REM,45,
2026-08-29,08:48,REM,42,
2026-08-29,08:49,REM,44,
2026-08-29,08:50,REM,44,
2026-08-29,08:51,REM,44,
2026-08-29,08:52,REM,44,
2026-08-29,08:53,REM,51,
2026-08-29,08:54,REM,45,
2026-08-29,08:55,LIGHT,42,
2026-08-29,08:56,LIGHT,42,
2026-08-29,08:57,LIGHT,43,
2026-08-29,08:58,WAKE,46,
2026-08-29,08:59,LIGHT,43,
2026-08-29,09:00,WAKE,43,
2026-08-29,09:01,LIGHT,43,
2026-08-29,09:02,LIGHT,44,
2026-08-29,09:03,LIGHT,45,
2026-08-29,09:04,LIGHT,45,
2026-08-29,09:05,LIGHT,45,
2026-08-29,09:06,LIGHT,45,
2026-08-29,09:07,LIGHT,45,
2026-08-29,09:08,LIGHT,46,
2026-08-29,09:09,LIGHT,46,
2026-08-29,09:10,LIGHT,45,
2026-08-29,09:11,LIGHT,45,
2026-08-29,09:12,LIGHT,46,
2026-08-29,09:13,LIGHT,45,
2026-08-29,09:14,LIGHT,45,
2026-08-29,09:15,LIGHT,45,
2026-08-29,09:16,LIGHT,45,
2026-08-29,09:17,LIGHT,45,
2026-08-29,09:18,LIGHT,45,
2026-08-29,09:19,LIGHT,45,
2026-08-29,09:20,LIGHT,45,
2026-08-29,09:21,LIGHT,45,
2026-08-29,09:22,LIGHT,45,
2026-08-29,09:23,LIGHT,45,
2026-08-29,09:24,LIGHT,45,
2026-08-29,09:25,LIGHT,52,
2026-08-29,09:26,LIGHT,45,
2026-08-29,09:27,LIGHT,43,
2026-08-29,09:28,LIGHT,43,
2026-08-29,09:29,LIGHT,44,
2026-08-29,09:30,LIGHT,45,
2026-08-29,09:31,LIGHT,45,
2026-08-29,09:32,LIGHT,45,
2026-08-29,09:33,LIGHT,45,
2026-08-29,09:34,LIGHT,46,
2026-08-29,09:35,LIGHT,46,
2026-08-29,09:36,LIGHT,46,
2026-08-29,09:37,LIGHT,46,
2026-08-29,09:38,LIGHT,46,
2026-08-29,09:39,LIGHT,53,
2026-08-29,09:40,LIGHT,47,
2026-08-29,09:41,LIGHT,44,
2026-08-29,09:42,LIGHT,44,
2026-08-29,09:43,LIGHT,44,
2026-08-29,09:44,LIGHT,45,
2026-08-29,09:45,LIGHT,50,
2026-08-29,09:46,LIGHT,47,
2026-08-29,09:47,LIGHT,44,
2026-08-29,09:48,LIGHT,47,
2026-08-29,09:49,LIGHT,43,
2026-08-29,09:50,LIGHT,46,
2026-08-29,09:51,LIGHT,50,
2026-08-29,09:52,LIGHT,46,
2026-08-29,09:53,LIGHT,46,
2026-08-29,09:54,DEEP,50,
2026-08-29,09:55,DEEP,45,
2026-08-29,09:56,DEEP,47,
2026-08-29,09:57,DEEP,44,
2026-08-29,09:58,DEEP,45,
2026-08-29,09:59,DEEP,46,
2026-08-29,10:00,DEEP,48,
2026-08-29,10:01,DEEP,43,
2026-08-29,10:02,DEEP,44,
2026-08-29,10:03,DEEP,50,
2026-08-29,10:04,DEEP,45,
2026-08-29,10:05,DEEP,45,
2026-08-29,10:06,LIGHT,47,
2026-08-29,10:07,LIGHT,44,
2026-08-29,10:08,LIGHT,44,
2026-08-29,10:09,WAKE,44,
2026-08-29,10:10,WAKE,44,
2026-08-29,10:11,LIGHT,44,
2026-08-29,10:12,LIGHT,44,
2026-08-29,10:13,LIGHT,48,
2026-08-29,10:14,LIGHT,45,
2026-08-29,10:15,LIGHT,47,
2026-08-29,10:16,LIGHT,44,
2026-08-29,10:17,LIGHT,46,
2026-08-29,10:18,LIGHT,44,
2026-08-29,10:19,LIGHT,45,
2026-08-29,10:20,LIGHT,45,
2026-08-29,10:21,LIGHT,45,
2026-08-29,10:22,LIGHT,45,
2026-08-29,10:23,REM,45,
2026-08-29,10:24,REM,48,
2026-08-29,10:25,REM,54,
2026-08-29,10:26,LIGHT,51,
2026-08-29,10:27,LIGHT,48,
2026-08-29,10:28,LIGHT,47,
2026-08-29,10:29,LIGHT,45,
2026-08-29,10:30,REM,45,
2026-08-29,10:31,REM,45,
2026-08-29,10:32,REM,45,
2026-08-29,10:33,LIGHT,45,
2026-08-29,10:34,LIGHT,45,
2026-08-29,10:35,LIGHT,45,
2026-08-29,10:36,LIGHT,45,
2026-08-29,10:37,LIGHT,50,
2026-08-29,10:38,LIGHT,45,
2026-08-29,10:39,LIGHT,44,
2026-08-29,10:40,LIGHT,44,
2026-08-29,10:41,LIGHT,44,
2026-08-29,10:42,LIGHT,45,
2026-08-29,10:43,LIGHT,45,
2026-08-29,10:44,LIGHT,45,
2026-08-29,10:45,LIGHT,45,
2026-08-29,10:46,LIGHT,45,
2026-08-29,10:47,LIGHT,45,
2026-08-29,10:48,LIGHT,46,
2026-08-29,10:49,LIGHT,54,
2026-08-29,10:50,LIGHT,54,
2026-08-29,10:51,LIGHT,46,
2026-08-29,10:52,LIGHT,48,
2026-08-29,10:53,LIGHT,55,
2026-08-29,10:54,LIGHT,57,
2026-08-29,10:55,LIGHT,52,
2026-08-29,10:56,LIGHT,59,
2026-08-29,10:57,LIGHT,60,
2026-08-29,10:58,LIGHT,53,
2026-08-29,10:59,LIGHT,50,
2026-08-29,11:00,LIGHT,58,
2026-08-29,11:01,LIGHT,58,
2026-08-29,11:02,LIGHT,65,
2026-08-29,11:03,LIGHT,57,
2026-08-29,11:04,LIGHT,52,
2026-08-29,11:05,LIGHT,49,
2026-08-29,11:06,LIGHT,54,
2026-08-29,11:07,LIGHT,53,
2026-08-29,18:49,LIGHT,,
2026-08-29,18:50,LIGHT,,
2026-08-29,18:51,LIGHT,,
2026-08-29,18:52,LIGHT,,
2026-08-29,18:53,LIGHT,,
2026-08-29,18:54,LIGHT,,
2026-08-29,18:55,LIGHT,,
2026-08-29,18:56,LIGHT,,
2026-08-29,18:57,LIGHT,,
2026-08-29,18:58,LIGHT,,
2026-08-29,18:59,LIGHT,,
2026-08-29,19:00,LIGHT,,
2026-08-29,19:01,LIGHT,,
2026-08-29,19:02,LIGHT,,
2026-08-29,19:03,LIGHT,,
2026-08-29,19:04,LIGHT,,
2026-08-29,19:05,DEEP,,
2026-08-29,19:06,DEEP,,
2026-08-29,19:07,DEEP,,
2026-08-29,19:08,DEEP,,
2026-08-29,19:09,DEEP,,
2026-08-29,19:10,DEEP,,
2026-08-29,19:11,DEEP,,
2026-08-29,19:12,DEEP,,
2026-08-29,19:13,DEEP,,
2026-08-29,19:14,DEEP,,
2026-08-29,19:15,DEEP,,
2026-08-29,19:16,DEEP,,
2026-08-29,19:17,DEEP,,
2026-08-29,19:18,DEEP,,
2026-08-29,19:19,DEEP,,
2026-08-29,19:20,DEEP,,
2026-08-29,19:21,DEEP,,
2026-08-29,19:22,DEEP,,
2026-08-29,19:23,DEEP,,
2026-08-29,19:24,DEEP,,
2026-08-29,19:25,DEEP,,
2026-08-29,19:26,LIGHT,,
2026-08-29,19:27,LIGHT,,
2026-08-29,19:28,LIGHT,,
2026-08-29,19:29,LIGHT,,
2026-08-29,19:30,LIGHT,,
2026-08-29,19:31,LIGHT,,
2026-08-29,19:32,LIGHT,,
2026-08-29,19:33,LIGHT,,
2026-08-29,19:34,LIGHT,,
2026-08-29,19:35,LIGHT,,
2026-08-29,19:36,REM,,
2026-08-29,19:37,REM,,
2026-08-29,19:38,REM,,
2026-08-29,19:39,REM,,
2026-08-29,19:40,REM,,
2026-08-29,19:41,REM,,
2026-08-29,19:42,REM,,
2026-08-29,19:43,REM,,
2026-08-29,19:44,REM,,
2026-08-29,19:45,REM,,
2026-08-29,19:46,REM,,
2026-08-29,19:47,REM,,
2026-08-29,19:48,REM,,
2026-08-29,19:49,REM,84,
2026-08-29,19:50,REM,101,
2026-08-29,19:51,REM,90,
2026-08-29,19:52,REM,60,
2026-08-29,19:53,REM,52,
2026-08-29,19:54,REM,50,
2026-08-29,19:55,REM,51,
2026-08-29,19:56,REM,48,
2026-08-29,19:57,LIGHT,50,
2026-08-29,19:58,LIGHT,50,
2026-08-29,19:59,LIGHT,49,
2026-08-29,20:00,LIGHT,48,
2026-08-29,20:01,LIGHT,48,
2026-08-29,20:02,LIGHT,48,
2026-08-29,20:03,LIGHT,52,
2026-08-29,20:04,LIGHT,49,
2026-08-29,20:05,LIGHT,51,
2026-08-29,20:06,LIGHT,51,
2026-08-29,20:07,LIGHT,48,
2026-08-29,20:08,LIGHT,48,
2026-08-29,20:09,LIGHT,48,
2026-08-29,20:10,LIGHT,48,
2026-08-29,20:11,LIGHT,48,
2026-08-29,20:12,LIGHT,53,
2026-08-29,20:13,LIGHT,50,
2026-08-30,02:35,LIGHT,49,
2026-08-30,02:36,LIGHT,61,
2026-08-30,02:37,LIGHT,55,
2026-08-30,02:38,LIGHT,49,
2026-08-30,02:39,LIGHT,59,
2026-08-30,02:40,DEEP,56,
2026-08-30,02:41,DEEP,51,
2026-08-30,02:42,DEEP,49,
2026-08-30,02:43,DEEP,51,
2026-08-30,02:44,DEEP,50,
2026-08-30,02:45,LIGHT,50,
2026-08-30,02:46,LIGHT,47,
2026-08-30,02:47,LIGHT,47,
2026-08-30,02:48,WAKE,47,
2026-08-30,02:49,LIGHT,50,
2026-08-30,02:50,LIGHT,51,
2026-08-30,02:51,LIGHT,49,
2026-08-30,02:52,LIGHT,48,
2026-08-30,02:53,LIGHT,47,
2026-08-30,02:54,LIGHT,47,
2026-08-30,02:55,LIGHT,47,
2026-08-30,02:56,LIGHT,47,
2026-08-30,02:57,DEEP,47,
2026-08-30,02:58,DEEP,47,
2026-08-30,02:59,DEEP,49,
2026-08-30,03:00,DEEP,46,
2026-08-30,03:01,DEEP,46,
2026-08-30,03:02,DEEP,45,
2026-08-30,03:03,DEEP,45,
2026-08-30,03:04,DEEP,45,
2026-08-30,03:05,DEEP,45,
2026-08-30,03:06,DEEP,46,
2026-08-30,03:07,DEEP,46,
2026-08-30,03:08,DEEP,45,
2026-08-30,03:09,DEEP,45,
2026-08-30,03:10,DEEP,45,
2026-08-30,03:11,DEEP,51,
2026-08-30,03:12,DEEP,48,
2026-08-30,03:13,DEEP,48,
2026-08-30,03:14,DEEP,47,
2026-08-30,03:15,DEEP,47,
2026-08-30,03:16,DEEP,48,
2026-08-30,03:17,DEEP,48,
2026-08-30,03:18,DEEP,48,
2026-08-30,03:19,LIGHT,48,
2026-08-30,03:20,LIGHT,48,
2026-08-30,03:21,LIGHT,47,
2026-08-30,03:22,WAKE,47,
2026-08-30,03:23,LIGHT,53,
2026-08-30,03:24,LIGHT,48,
2026-08-30,03:25,LIGHT,46,
2026-08-30,03:26,LIGHT,46,
2026-08-30,03:27,LIGHT,48,
2026-08-30,03:28,LIGHT,47,
2026-08-30,03:29,LIGHT,46,
2026-08-30,03:30,REM,46,
2026-08-30,03:31,REM,46,
2026-08-30,03:32,REM,46,
2026-08-30,03:33,REM,47,
2026-08-30,03:34,REM,60,
2026-08-30,03:35,REM,51,
2026-08-30,03:36,REM,45,
2026-08-30,03:37,REM,45,
2026-08-30,03:38,REM,42,
2026-08-30,03:39,REM,42,
2026-08-30,03:40,REM,43,
2026-08-30,03:41,REM,45,
2026-08-30,03:42,REM,44,
2026-08-30,03:43,REM,46,
2026-08-30,03:44,REM,46,
2026-08-30,03:45,REM,46,
2026-08-30,03:46,REM,50,
2026-08-30,03:47,REM,47,
2026-08-30,03:48,REM,47,
2026-08-30,03:49,REM,53,
2026-08-30,03:50,REM,46,
2026-08-30,03:51,REM,43,
2026-08-30,03:52,LIGHT,45,
2026-08-30,03:53,LIGHT,46,
2026-08-30,03:54,LIGHT,47,
2026-08-30,03:55,LIGHT,44,
2026-08-30,03:56,LIGHT,46,
2026-08-30,03:57,LIGHT,48,
2026-08-30,03:58,LIGHT,48,
2026-08-30,03:59,LIGHT,45,
2026-08-30,04:00,LIGHT,45,
2026-08-30,04:01,LIGHT,45,
2026-08-30,04:02,LIGHT,45,
2026-08-30,04:03,LIGHT,45,
2026-08-30,04:04,LIGHT,45,
2026-08-30,04:05,LIGHT,44,
2026-08-30,04:06,LIGHT,44,
2026-08-30,04:07,LIGHT,45,
2026-08-30,04:08,LIGHT,45,
2026-08-30,04:09,LIGHT,47,
2026-08-30,04:10,DEEP,47,
2026-08-30,04:11,DEEP,46,
2026-08-30,04:12,LIGHT,46,
2026-08-30,04:13,LIGHT,45,
2026-08-30,04:14,LIGHT,45,
2026-08-30,04:15,WAKE,45,
2026-08-30,04:16,LIGHT,45,
2026-08-30,04:17,LIGHT,45,
2026-08-30,04:18,LIGHT,46,
2026-08-30,04:19,LIGHT,46,
2026-08-30,04:20,LIGHT,48,
2026-08-30,04:21,LIGHT,48,
2026-08-30,04:22,LIGHT,45,
2026-08-30,04:23,LIGHT,45,
2026-08-30,04:24,LIGHT,45,
2026-08-30,04:25,LIGHT,45,
2026-08-30,04:26,LIGHT,47,
2026-08-30,04:27,LIGHT,60,
2026-08-30,04:28,LIGHT,52,
2026-08-30,04:29,LIGHT,46,
2026-08-30,04:30,LIGHT,45,
2026-08-30,04:31,LIGHT,45,
2026-08-30,04:32,LIGHT,47,
2026-08-30,04:33,LIGHT,47,
2026-08-30,04:34,LIGHT,44,
2026-08-30,04:35,LIGHT,44,
2026-08-30,04:36,LIGHT,45,
2026-08-30,04:37,LIGHT,45,
2026-08-30,04:38,LIGHT,45,
2026-08-30,04:39,LIGHT,45,
2026-08-30,04:40,LIGHT,45,
2026-08-30,04:41,LIGHT,45,
2026-08-30,04:42,LIGHT,55,
2026-08-30,04:43,LIGHT,49,
2026-08-30,04:44,LIGHT,44,
2026-08-30,04:45,LIGHT,43,
2026-08-30,04:46,LIGHT,43,
2026-08-30,04:47,LIGHT,44,
2026-08-30,04:48,LIGHT,43,
2026-08-30,04:49,LIGHT,43,
2026-08-30,04:50,LIGHT,43,
2026-08-30,04:51,LIGHT,43,
2026-08-30,04:52,LIGHT,43,
2026-08-30,04:53,LIGHT,43,
2026-08-30,04:54,LIGHT,43,
2026-08-30,04:55,LIGHT,43,
2026-08-30,04:56,LIGHT,43,
2026-08-30,04:57,LIGHT,43,
2026-08-30,04:58,LIGHT,43,
2026-08-30,04:59,LIGHT,43,
2026-08-30,05:00,LIGHT,43,
2026-08-30,05:01,LIGHT,43,
2026-08-30,05:02,LIGHT,43,
2026-08-30,05:03,LIGHT,45,
2026-08-30,05:04,LIGHT,44,
2026-08-30,05:05,LIGHT,43,
2026-08-30,05:06,LIGHT,43,
2026-08-30,05:07,LIGHT,43,
2026-08-30,05:08,LIGHT,43,
2026-08-30,05:09,LIGHT,43,
2026-08-30,05:10,LIGHT,43,
2026-08-30,05:11,LIGHT,44,
2026-08-30,05:12,LIGHT,44,
2026-08-30,05:13,LIGHT,44,
2026-08-30,05:14,LIGHT,44,
2026-08-30,05:15,LIGHT,43,
2026-08-30,05:16,REM,43,
2026-08-30,05:17,REM,56,
2026-08-30,05:18,REM,48,
2026-08-30,05:19,REM,48,
2026-08-30,05:20,REM,44,
2026-08-30,05:21,REM,43,
2026-08-30,05:22,REM,50,
2026-08-30,05:23,REM,44,
2026-08-30,05:24,REM,44,
2026-08-30,05:25,REM,45,
2026-08-30,05:26,REM,45,
2026-08-30,05:27,REM,48,
2026-08-30,05:28,REM,50,
2026-08-30,05:29,REM,49,
2026-08-30,05:30,REM,46,
2026-08-30,05:31,REM,51,
2026-08-30,05:32,REM,58,
2026-08-30,05:33,REM,49,
2026-08-30,05:34,REM,45,
2026-08-30,05:35,LIGHT,47,
2026-08-30,05:36,LIGHT,44,
2026-08-30,05:37,LIGHT,45,
2026-08-30,05:38,WAKE,44,
2026-08-30,05:39,LIGHT,44,
2026-08-30,05:40,LIGHT,49,
2026-08-30,05:41,LIGHT,45,
2026-08-30,05:42,LIGHT,45,
2026-08-30,05:43,LIGHT,48,
2026-08-30,05:44,LIGHT,47,
2026-08-30,05:45,LIGHT,48,
2026-08-30,05:46,LIGHT,45,
2026-08-30,05:47,LIGHT,45,
2026-08-30,05:48,LIGHT,49,
2026-08-30,05:49,LIGHT,51,
2026-08-30,05:50,LIGHT,49,
2026-08-30,05:51,LIGHT,46,
2026-08-30,05:52,LIGHT,45,
2026-08-30,05:53,LIGHT,45,
2026-08-30,05:54,LIGHT,44,
2026-08-30,05:55,LIGHT,44,
2026-08-30,05:56,LIGHT,44,
2026-08-30,05:57,LIGHT,43,
2026-08-30,05:58,LIGHT,50,
2026-08-30,05:59,LIGHT,53,
2026-08-30,06:00,LIGHT,50,
2026-08-30,06:01,LIGHT,44,
2026-08-30,06:02,LIGHT,43,
2026-08-30,06:03,LIGHT,42,
2026-08-30,06:04,LIGHT,42,
2026-08-30,06:05,LIGHT,42,
2026-08-30,06:06,LIGHT,42,
2026-08-30,06:07,LIGHT,46,
2026-08-30,06:08,LIGHT,45,
2026-08-30,06:09,LIGHT,50,
2026-08-30,06:10,LIGHT,47,
2026-08-30,06:11,DEEP,44,
2026-08-30,06:12,DEEP,45,
2026-08-30,06:13,DEEP,43,
2026-08-30,06:14,DEEP,43,
2026-08-30,06:15,DEEP,43,
2026-08-30,06:16,DEEP,43,
2026-08-30,06:17,DEEP,44,
2026-08-30,06:18,DEEP,43,
2026-08-30,06:19,LIGHT,45,
2026-08-30,06:20,LIGHT,42,
2026-08-30,06:21,LIGHT,41,
2026-08-30,06:22,LIGHT,41,
2026-08-30,06:23,LIGHT,41,
2026-08-30,06:24,LIGHT,41,
2026-08-30,06:25,LIGHT,41,
2026-08-30,06:26,LIGHT,42,
2026-08-30,06:27,LIGHT,42,
2026-08-30,06:28,LIGHT,52,
2026-08-30,06:29,LIGHT,55,
2026-08-30,06:30,LIGHT,46,
2026-08-30,06:31,LIGHT,45,
2026-08-30,06:32,LIGHT,48,
2026-08-30,06:33,LIGHT,45,
2026-08-30,06:34,LIGHT,42,
2026-08-30,06:35,LIGHT,42,
2026-08-30,06:36,LIGHT,42,
2026-08-30,06:37,REM,48,
2026-08-30,06:38,REM,55,
2026-08-30,06:39,REM,54,
2026-08-30,06:40,REM,59,
2026-08-30,06:41,REM,66,
2026-08-30,06:42,REM,74,
2026-08-30,06:43,REM,80,
2026-08-30,06:44,REM,82,
2026-08-30,06:45,REM,76,
2026-08-30,06:46,REM,74,
2026-08-30,06:47,REM,74,
2026-08-30,06:48,REM,71,
2026-08-30,06:49,REM,64,
2026-08-30,06:50,REM,58,
2026-08-30,06:51,REM,58,
2026-08-30,06:52,REM,62,
2026-08-30,06:53,REM,55,
2026-08-30,06:54,REM,62,
2026-08-30,06:55,REM,75,
2026-08-30,06:56,REM,80,
2026-08-30,06:57,REM,77,
2026-08-30,06:58,REM,76,
2026-08-30,06:59,REM,73,
2026-08-30,07:00,REM,66,
2026-08-30,07:01,REM,64,
2026-08-30,07:02,REM,66,
2026-08-30,07:03,REM,74,
2026-08-30,07:04,REM,62,
2026-08-30,07:05,REM,60,
2026-08-30,07:06,REM,67,
2026-08-30,07:07,REM,61,
2026-08-30,07:08,REM,72,
2026-08-30,07:09,REM,72,
2026-08-30,07:10,REM,75,
2026-08-30,07:11,REM,62,
2026-08-30,07:12,REM,61,
2026-08-30,07:13,REM,58,
2026-08-30,07:14,REM,60,
2026-08-30,07:15,REM,58,
2026-08-30,07:16,REM,62,
2026-08-30,07:17,REM,61,
2026-08-30,07:18,REM,61,
2026-08-30,07:19,REM,58,
2026-08-30,07:20,REM,58,
2026-08-30,07:21,REM,58,
2026-08-30,07:22,REM,59,
2026-08-30,07:23,REM,58,
2026-08-30,07:24,LIGHT,57,
2026-08-30,07:25,LIGHT,58,
2026-08-30,07:26,LIGHT,70,
2026-08-30,07:27,LIGHT,82,
2026-08-30,07:28,LIGHT,88,
2026-08-30,07:29,LIGHT,88,
2026-08-30,07:30,LIGHT,80,
2026-08-30,07:31,LIGHT,81,
2026-08-30,07:32,LIGHT,83,
2026-08-30,07:33,LIGHT,89,
2026-08-30,07:34,LIGHT,91,
2026-08-30,07:35,LIGHT,93,
2026-08-30,07:36,LIGHT,97,
2026-08-30,07:37,LIGHT,102,
2026-08-30,07:38,LIGHT,97,
2026-08-30,07:39,LIGHT,117,
2026-08-30,07:40,LIGHT,132,
2026-08-30,07:41,LIGHT,139,
2026-08-30,07:42,LIGHT,137,
2026-08-30,07:43,LIGHT,139,
2026-08-30,07:44,LIGHT,136,
2026-08-30,07:45,LIGHT,135,
2026-08-30,07:46,LIGHT,135,
2026-08-30,07:47,LIGHT,136,
2026-08-30,07:48,LIGHT,136,
2026-08-30,07:49,LIGHT,138,
2026-08-30,07:50,LIGHT,137,
2026-08-30,07:51,LIGHT,134,
2026-08-30,07:52,LIGHT,132,
2026-08-30,07:53,DEEP,142,
2026-08-30,07:54,DEEP,124,
2026-08-30,07:55,DEEP,112,
2026-08-30,07:56,DEEP,108,
2026-08-30,07:57,DEEP,106,
2026-08-30,07:58,DEEP,110,
2026-08-30,07:59,DEEP,118,
2026-08-30,08:00,LIGHT,114,
2026-08-30,08:01,LIGHT,112,
2026-08-30,08:02,LIGHT,111,
2026-08-30,08:03,WAKE,109,
2026-08-30,08:04,WAKE,111,
2026-08-30,08:05,LIGHT,111,
2026-08-30,08:06,LIGHT,113,
2026-08-30,08:07,LIGHT,,
2026-08-30,08:08,LIGHT,113,
2026-08-30,08:09,LIGHT,110,
2026-08-30,08:10,LIGHT,108,
2026-08-30,08:11,LIGHT,108,
2026-08-30,08:12,LIGHT,105,
2026-08-30,08:13,LIGHT,105,
2026-08-30,08:14,LIGHT,111,
2026-08-30,08:15,LIGHT,105,
2026-08-30,08:16,LIGHT,94,
2026-08-30,08:17,WAKE,90,
2026-08-30,08:18,LIGHT,91,
2026-08-30,08:19,LIGHT,94,
2026-08-30,08:20,LIGHT,86,
2026-08-30,08:21,LIGHT,88,
2026-08-30,08:22,WAKE,86,
2026-08-30,08:23,LIGHT,83,
2026-08-30,08:24,LIGHT,88,
2026-08-30,08:25,LIGHT,91,
2026-08-30,08:26,WAKE,85,
2026-08-30,08:27,LIGHT,79,
2026-08-30,08:28,LIGHT,79,
2026-08-30,08:29,LIGHT,76,
2026-08-30,08:30,REM,76,
2026-08-30,08:31,REM,76,
2026-08-30,08:32,REM,76,
2026-08-30,08:33,REM,76,
2026-08-30,08:34,REM,74,
2026-08-30,08:35,LIGHT,76,
2026-08-30,08:36,LIGHT,76,
2026-08-30,08:37,LIGHT,78,
2026-08-30,08:38,LIGHT,75,
2026-08-30,08:39,LIGHT,75,
2026-08-30,08:40,LIGHT,77,
2026-08-30,08:41,LIGHT,78,
2026-08-30,08:42,LIGHT,79,
2026-08-30,08:43,LIGHT,81,
2026-08-30,08:44,LIGHT,76,
2026-08-30,08:45,LIGHT,76,
2026-08-30,08:46,LIGHT,76,
2026-08-30,08:47,LIGHT,81,
2026-08-30,08:48,LIGHT,78,
2026-08-30,08:49,LIGHT,79,
2026-08-30,08:50,LIGHT,81,
2026-08-30,08:51,LIGHT,76,
2026-08-30,08:52,LIGHT,78,
2026-08-30,08:53,LIGHT,75,
2026-08-30,08:54,LIGHT,74,
2026-08-30,08:55,LIGHT,75,
2026-08-30,08:56,LIGHT,90,
2026-08-30,08:57,LIGHT,97,
2026-08-30,08:58,LIGHT,98,
2026-08-30,08:59,LIGHT,97,
2026-08-30,09:00,LIGHT,92,
2026-08-30,09:01,LIGHT,69,
2026-08-30,09:02,LIGHT,63,
2026-08-30,09:03,LIGHT,61,
2026-08-30,09:04,LIGHT,57,
2026-08-30,09:05,LIGHT,58,
2026-08-30,09:06,LIGHT,62,
2026-08-30,09:07,LIGHT,60,
2026-08-30,09:08,LIGHT,62,
2026-08-30,09:09,LIGHT,63,
2026-08-30,09:10,LIGHT,65,
2026-08-30,09:11,LIGHT,70,
2026-08-30,09:12,LIGHT,67,
2026-08-30,09:13,LIGHT,67,
2026-08-30,09:14,LIGHT,64,
2026-08-30,09:15,LIGHT,65,
2026-08-30,09:16,LIGHT,66,
2026-08-30,09:17,LIGHT,63,
2026-08-30,09:18,LIGHT,59,
2026-08-30,09:19,LIGHT,59,
2026-08-30,09:20,LIGHT,59,
2026-08-30,09:21,LIGHT,60,
2026-08-30,09:22,LIGHT,77,
2026-08-30,09:23,LIGHT,92,
2026-08-30,09:24,LIGHT,69,
2026-08-30,09:25,LIGHT,58,
2026-08-30,09:26,LIGHT,57,
2026-08-30,09:27,LIGHT,57,
2026-08-30,09:28,LIGHT,53,
2026-08-30,09:29,LIGHT,52,
2026-08-30,09:30,LIGHT,58,
2026-08-30,09:31,LIGHT,58,
2026-08-30,09:32,LIGHT,60,
2026-08-30,09:33,LIGHT,56,
2026-08-30,09:34,LIGHT,53,
2026-08-30,09:35,DEEP,52,
2026-08-30,09:36,DEEP,56,
2026-08-30,09:37,DEEP,56,
2026-08-30,09:38,DEEP,55,
2026-08-30,09:39,DEEP,51,
2026-08-30,09:40,LIGHT,53,
2026-08-30,09:41,LIGHT,58,
2026-08-30,09:42,LIGHT,59,
2026-08-30,09:43,LIGHT,77,
2026-08-30,09:44,LIGHT,78,
2026-08-30,09:45,LIGHT,72,
2026-08-30,09:46,LIGHT,59,
2026-08-30,09:47,LIGHT,69,
2026-08-30,09:48,REM,81,
2026-08-30,09:49,REM,83,
2026-08-30,09:50,REM,84,
2026-08-30,09:51,REM,83,
2026-08-30,09:52,REM,85,
2026-08-30,09:53,REM,87,
2026-08-30,09:54,REM,89,
2026-08-30,09:55,REM,94,
2026-08-30,09:56,REM,96,
2026-08-30,09:57,REM,94,
2026-08-30,09:58,REM,94,
2026-08-30,09:59,REM,93,
2026-08-30,10:00,REM,95,
2026-08-30,10:01,REM,96,
2026-08-30,10:02,REM,89,
2026-08-30,10:03,REM,90,
2026-08-30,10:04,REM,97,
2026-08-30,10:05,REM,90,
2026-08-30,10:06,REM,89,
2026-08-30,10:07,REM,99,
2026-08-30,10:08,REM,92,
2026-08-30,10:09,REM,78,
2026-08-30,10:10,REM,79,
2026-08-30,10:11,REM,91,
2026-08-30,10:12,REM,95,
2026-08-30,10:13,REM,86,
2026-08-30,10:14,REM,75,
2026-08-30,10:15,REM,69,
2026-08-30,10:16,REM,82,
2026-08-30,10:17,LIGHT,97,
2026-08-30,10:18,LIGHT,103,
2026-08-30,10:19,LIGHT,87,
2026-08-30,10:20,LIGHT,76,
2026-08-30,10:21,LIGHT,68,
2026-08-30,10:22,LIGHT,66,
2026-08-30,10:23,LIGHT,97,
2026-08-30,10:24,LIGHT,126,
2026-08-30,10:25,LIGHT,120,
2026-08-30,10:26,LIGHT,102,
2026-08-30,10:27,LIGHT,96,
2026-08-30,10:28,LIGHT,93,
2026-08-30,10:29,LIGHT,100,
2026-08-30,10:30,LIGHT,113,
2026-08-30,10:31,LIGHT,87,
2026-08-30,10:32,LIGHT,79,
2026-08-30,10:33,LIGHT,73,
2026-08-30,10:34,LIGHT,95,
2026-08-30,10:35,LIGHT,114,
2026-08-30,10:36,LIGHT,109,
2026-08-30,10:37,LIGHT,96,
2026-08-30,10:38,LIGHT,80,
2026-08-30,10:39,LIGHT,76,
2026-08-30,10:40,LIGHT,92,
2026-08-30,10:41,LIGHT,76,
2026-08-30,10:42,LIGHT,73,
2026-08-30,10:43,LIGHT,101,
2026-08-30,10:44,LIGHT,103,
2026-08-30,10:45,LIGHT,85,
2026-08-30,10:46,LIGHT,80,
2026-08-30,10:47,LIGHT,94,
2026-08-30,10:48,LIGHT,99,
2026-08-30,10:49,LIGHT,96,
2026-08-30,10:50,LIGHT,103,
2026-08-30,10:51,WAKE,100,
2026-08-30,10:52,LIGHT,104,
2026-08-31,00:22,LIGHT,55,
2026-08-31,00:23,LIGHT,56,
2026-08-31,00:24,LIGHT,53,
2026-08-31,00:25,LIGHT,53,
2026-08-31,00:26,LIGHT,54,
2026-08-31,00:27,LIGHT,53,
2026-08-31,00:28,DEEP,55,
2026-08-31,00:29,DEEP,57,
2026-08-31,00:30,DEEP,57,
2026-08-31,00:31,DEEP,59,
2026-08-31,00:32,DEEP,59,
2026-08-31,00:33,DEEP,59,
2026-08-31,00:34,DEEP,59,
2026-08-31,00:35,DEEP,56,
2026-08-31,00:36,DEEP,56,
2026-08-31,00:37,DEEP,56,
2026-08-31,00:38,DEEP,71,
2026-08-31,00:39,DEEP,63,
2026-08-31,00:40,DEEP,60,
2026-08-31,00:41,DEEP,61,
2026-08-31,00:42,DEEP,59,
2026-08-31,00:43,DEEP,61,
2026-08-31,00:44,DEEP,68,
2026-08-31,00:45,DEEP,71,
2026-08-31,00:46,DEEP,71,
2026-08-31,00:47,DEEP,72,
2026-08-31,00:48,DEEP,61,
2026-08-31,00:49,DEEP,56,
2026-08-31,00:50,DEEP,56,
2026-08-31,00:51,DEEP,56,
2026-08-31,00:52,DEEP,59,
2026-08-31,00:53,DEEP,56,
2026-08-31,00:54,DEEP,56,
2026-08-31,00:55,DEEP,55,
2026-08-31,00:56,DEEP,56,
2026-08-31,00:57,DEEP,56,
2026-08-31,00:58,DEEP,64,
2026-08-31,00:59,DEEP,61,
2026-08-31,01:00,DEEP,54,
2026-08-31,01:01,DEEP,52,
2026-08-31,01:02,DEEP,52,
2026-08-31,01:03,DEEP,50,
2026-08-31,01:04,DEEP,50,
2026-08-31,01:05,DEEP,52,
2026-08-31,01:06,DEEP,54,
2026-08-31,01:07,DEEP,56,
2026-08-31,01:08,DEEP,52,
2026-08-31,01:09,DEEP,49,
2026-08-31,01:10,DEEP,48,
2026-08-31,01:11,DEEP,50,
2026-08-31,01:12,DEEP,48,
2026-08-31,01:13,DEEP,48,
2026-08-31,01:14,DEEP,53,
2026-08-31,01:15,DEEP,48,
2026-08-31,01:16,DEEP,52,
2026-08-31,01:17,DEEP,49,
2026-08-31,01:18,DEEP,49,
2026-08-31,01:19,DEEP,49,
2026-08-31,01:20,DEEP,47,
2026-08-31,01:21,DEEP,47,
2026-08-31,01:22,DEEP,47,
2026-08-31,01:23,DEEP,47,
2026-08-31,01:24,DEEP,47,
2026-08-31,01:25,DEEP,47,
2026-08-31,01:26,DEEP,49,
2026-08-31,01:27,DEEP,50,
2026-08-31,01:28,LIGHT,50,
2026-08-31,01:29,LIGHT,49,
2026-08-31,01:30,LIGHT,49,
2026-08-31,01:31,LIGHT,49,
2026-08-31,01:32,LIGHT,49,
2026-08-31,01:33,LIGHT,50,
2026-08-31,01:34,LIGHT,50,
2026-08-31,01:35,LIGHT,51,
2026-08-31,01:36,REM,54,
2026-08-31,01:37,REM,51,
2026-08-31,01:38,REM,48,
2026-08-31,01:39,REM,48,
2026-08-31,01:40,REM,48,
2026-08-31,01:41,REM,48,
2026-08-31,01:42,REM,52,
2026-08-31,01:43,REM,52,
2026-08-31,01:44,REM,54,
2026-08-31,01:45,REM,48,
2026-08-31,01:46,REM,47,
2026-08-31,01:47,REM,46,
2026-08-31,01:48,REM,47,
2026-08-31,01:49,REM,47,
2026-08-31,01:50,REM,48,
2026-08-31,01:51,REM,49,
2026-08-31,01:52,LIGHT,49,
2026-08-31,01:53,LIGHT,50,
2026-08-31,01:54,LIGHT,50,
2026-08-31,01:55,LIGHT,51,
2026-08-31,01:56,LIGHT,52,
2026-08-31,01:57,LIGHT,52,
2026-08-31,01:58,LIGHT,52,
2026-08-31,01:59,LIGHT,52,
2026-08-31,02:00,LIGHT,52,
2026-08-31,02:01,LIGHT,52,
2026-08-31,02:02,LIGHT,58,
2026-08-31,02:03,LIGHT,52,
2026-08-31,02:04,LIGHT,49,
2026-08-31,02:05,LIGHT,56,
2026-08-31,02:06,LIGHT,49,
2026-08-31,02:07,LIGHT,48,
2026-08-31,02:08,LIGHT,46,
2026-08-31,02:09,LIGHT,47,
2026-08-31,02:10,DEEP,47,
2026-08-31,02:11,DEEP,49,
2026-08-31,02:12,DEEP,50,
2026-08-31,02:13,DEEP,48,
2026-08-31,02:14,DEEP,48,
2026-08-31,02:15,DEEP,48,
2026-08-31,02:16,DEEP,48,
2026-08-31,02:17,DEEP,48,
2026-08-31,02:18,DEEP,48,
2026-08-31,02:19,DEEP,49,
2026-08-31,02:20,DEEP,49,
2026-08-31,02:21,DEEP,48,
2026-08-31,02:22,DEEP,48,
2026-08-31,02:23,DEEP,49,
2026-08-31,02:24,DEEP,49,
2026-08-31,02:25,DEEP,48,
2026-08-31,02:26,DEEP,48,
2026-08-31,02:27,DEEP,48,
2026-08-31,02:28,DEEP,48,
2026-08-31,02:29,DEEP,49,
2026-08-31,02:30,DEEP,49,
2026-08-31,02:31,DEEP,50,
2026-08-31,02:32,DEEP,50,
2026-08-31,02:33,DEEP,50,
2026-08-31,02:34,LIGHT,50,
2026-08-31,02:35,LIGHT,50,
2026-08-31,02:36,LIGHT,50,
2026-08-31,02:37,WAKE,50,
2026-08-31,02:38,WAKE,50,
2026-08-31,02:39,LIGHT,50,
2026-08-31,02:40,WAKE,50,
2026-08-31,02:41,WAKE,50,
2026-08-31,02:42,LIGHT,50,
2026-08-31,02:43,LIGHT,55,
2026-08-31,02:44,LIGHT,63,
2026-08-31,02:45,LIGHT,55,
2026-08-31,02:46,LIGHT,51,
2026-08-31,02:47,LIGHT,48,
2026-08-31,02:48,REM,48,
2026-08-31,02:49,REM,51,
2026-08-31,02:50,REM,56,
2026-08-31,02:51,REM,53,
2026-08-31,02:52,REM,50,
2026-08-31,02:53,REM,52,
2026-08-31,02:54,REM,52,
2026-08-31,02:55,REM,51,
2026-08-31,02:56,REM,51,
2026-08-31,02:57,REM,50,
2026-08-31,02:58,REM,51,
2026-08-31,02:59,REM,52,
2026-08-31,03:00,REM,54,
2026-08-31,03:01,REM,50,
2026-08-31,03:02,REM,50,
2026-08-31,03:03,REM,50,
2026-08-31,03:04,REM,51,
2026-08-31,03:05,LIGHT,51,
2026-08-31,03:06,LIGHT,51,
2026-08-31,03:07,LIGHT,51,
2026-08-31,03:08,LIGHT,51,
2026-08-31,03:09,LIGHT,54,
2026-08-31,03:10,LIGHT,57,
2026-08-31,03:11,LIGHT,51,
2026-08-31,03:12,LIGHT,49,
2026-08-31,03:13,LIGHT,49,
2026-08-31,03:14,LIGHT,49,
2026-08-31,03:15,LIGHT,49,
2026-08-31,03:16,LIGHT,49,
2026-08-31,03:17,LIGHT,49,
2026-08-31,03:18,LIGHT,49,
2026-08-31,03:19,LIGHT,50,
2026-08-31,03:20,LIGHT,49,
2026-08-31,03:21,LIGHT,49,
2026-08-31,03:22,LIGHT,49,
2026-08-31,03:23,LIGHT,52,
2026-08-31,03:24,LIGHT,52,
2026-08-31,03:25,LIGHT,52,
2026-08-31,03:26,LIGHT,49,
2026-08-31,03:27,LIGHT,48,
2026-08-31,03:28,LIGHT,49,
2026-08-31,03:29,LIGHT,49,
2026-08-31,03:30,LIGHT,50,
2026-08-31,03:31,LIGHT,50,
2026-08-31,03:32,LIGHT,50,
2026-08-31,03:33,LIGHT,52,
2026-08-31,03:34,LIGHT,62,
2026-08-31,03:35,WAKE,51,
2026-08-31,03:36,LIGHT,49,
2026-08-31,03:37,LIGHT,47,
2026-08-31,03:38,LIGHT,47,
2026-08-31,03:39,LIGHT,47,
2026-08-31,03:40,LIGHT,50,
2026-08-31,03:41,LIGHT,54,
2026-08-31,03:42,LIGHT,48,
2026-08-31,03:43,LIGHT,46,
2026-08-31,03:44,LIGHT,46,
2026-08-31,03:45,LIGHT,47,
2026-08-31,03:46,LIGHT,47,
2026-08-31,03:47,LIGHT,51,
2026-08-31,03:48,LIGHT,48,
2026-08-31,03:49,LIGHT,48,
2026-08-31,03:50,LIGHT,49,
2026-08-31,03:51,LIGHT,50,
2026-08-31,03:52,LIGHT,57,
2026-08-31,03:53,LIGHT,57,
2026-08-31,03:54,LIGHT,50,
2026-08-31,03:55,LIGHT,48,
2026-08-31,03:56,LIGHT,47,
2026-08-31,03:57,LIGHT,47,
2026-08-31,03:58,LIGHT,47,
2026-08-31,03:59,LIGHT,51,
2026-08-31,04:00,LIGHT,53,
2026-08-31,04:01,LIGHT,51,
2026-08-31,04:02,LIGHT,53,
2026-08-31,04:03,LIGHT,50,
2026-08-31,04:04,LIGHT,50,
2026-08-31,04:05,LIGHT,48,
2026-08-31,04:06,LIGHT,48,
2026-08-31,04:07,LIGHT,53,
2026-08-31,04:08,LIGHT,61,
2026-08-31,04:09,LIGHT,57,
2026-08-31,04:10,LIGHT,57,
2026-08-31,04:11,LIGHT,58,
2026-08-31,04:12,LIGHT,60,
2026-08-31,04:13,LIGHT,62,
2026-08-31,04:14,LIGHT,72,
2026-08-31,04:15,LIGHT,78,
2026-08-31,04:16,DEEP,77,
2026-08-31,04:17,DEEP,75,
2026-08-31,04:18,DEEP,72,
2026-08-31,04:19,DEEP,59,
2026-08-31,04:20,DEEP,50,
2026-08-31,04:21,DEEP,49,
2026-08-31,04:22,DEEP,49,
2026-08-31,04:23,DEEP,51,
2026-08-31,04:24,DEEP,48,
2026-08-31,04:25,LIGHT,47,
2026-08-31,04:26,LIGHT,49,
2026-08-31,04:27,LIGHT,51,
2026-08-31,04:28,WAKE,53,
2026-08-31,04:29,LIGHT,55,
2026-08-31,04:30,LIGHT,49,
2026-08-31,04:31,LIGHT,48,
2026-08-31,04:32,LIGHT,49,
2026-08-31,04:33,LIGHT,48,
2026-08-31,04:34,LIGHT,49,
2026-08-31,04:35,LIGHT,47,
2026-08-31,04:36,LIGHT,49,
2026-08-31,04:37,LIGHT,50,
2026-08-31,04:38,LIGHT,50,
2026-08-31,04:39,LIGHT,48,
2026-08-31,04:40,LIGHT,49,
2026-08-31,04:41,LIGHT,54,
2026-08-31,04:42,LIGHT,48,
2026-08-31,04:43,LIGHT,47,
2026-08-31,04:44,LIGHT,46,
2026-08-31,04:45,LIGHT,46,
2026-08-31,04:46,LIGHT,47,
2026-08-31,04:47,LIGHT,48,
2026-08-31,04:48,LIGHT,48,
2026-08-31,04:49,LIGHT,48,
2026-08-31,04:50,LIGHT,48,
2026-08-31,04:51,LIGHT,48,
2026-08-31,04:52,LIGHT,48,
2026-08-31,04:53,LIGHT,48,
2026-08-31,04:54,LIGHT,47,
2026-08-31,04:55,LIGHT,47,
2026-08-31,04:56,LIGHT,48,
2026-08-31,04:57,LIGHT,48,
2026-08-31,04:58,LIGHT,48,
2026-08-31,04:59,LIGHT,48,
2026-08-31,05:00,LIGHT,48,
2026-08-31,05:01,LIGHT,48,
2026-08-31,05:02,DEEP,48,
2026-08-31,05:03,DEEP,48,
2026-08-31,05:04,DEEP,48,
2026-08-31,05:05,DEEP,49,
2026-08-31,05:06,DEEP,50,
2026-08-31,05:07,DEEP,50,
2026-08-31,05:08,DEEP,49,
2026-08-31,05:09,DEEP,49,
2026-08-31,05:10,DEEP,49,
2026-08-31,05:11,DEEP,48,
2026-08-31,05:12,DEEP,49,
2026-08-31,05:13,DEEP,49,
2026-08-31,05:14,DEEP,49,
2026-08-31,05:15,LIGHT,49,
2026-08-31,05:16,LIGHT,49,
2026-08-31,05:17,LIGHT,49,
2026-08-31,05:18,WAKE,49,
2026-08-31,05:19,LIGHT,49,
2026-08-31,05:20,LIGHT,49,
2026-08-31,05:21,LIGHT,49,
2026-08-31,05:22,LIGHT,49,
2026-08-31,05:23,LIGHT,49,
2026-08-31,05:24,LIGHT,49,
2026-08-31,05:25,LIGHT,49,
2026-08-31,05:26,REM,49,
2026-08-31,05:27,REM,49,
2026-08-31,05:28,REM,49,
2026-08-31,05:29,REM,49,
2026-08-31,05:30,REM,49,
2026-08-31,05:31,REM,49,
2026-08-31,05:32,REM,49,
2026-08-31,05:33,REM,49,
2026-08-31,05:34,REM,59,
2026-08-31,05:35,REM,58,
2026-08-31,05:36,REM,50,
2026-08-31,05:37,REM,46,
2026-08-31,05:38,REM,46,
2026-08-31,05:39,REM,46,
2026-08-31,05:40,REM,46,
2026-08-31,05:41,REM,46,
2026-08-31,05:42,REM,46,
2026-08-31,05:43,REM,46,
2026-08-31,05:44,REM,46,
2026-08-31,05:45,REM,46,
2026-08-31,05:46,REM,48,
2026-08-31,05:47,REM,55,
2026-08-31,05:48,REM,50,
2026-08-31,05:49,REM,49,
2026-08-31,05:50,REM,47,
2026-08-31,05:51,REM,48,
2026-08-31,05:52,REM,48,
2026-08-31,05:53,REM,56,
2026-08-31,05:54,REM,53,
2026-08-31,05:55,REM,51,
2026-08-31,05:56,REM,48,
2026-08-31,05:57,REM,49,
2026-08-31,05:58,LIGHT,50,
2026-08-31,05:59,LIGHT,50,
2026-08-31,06:00,LIGHT,50,
2026-08-31,06:01,LIGHT,52,
2026-08-31,06:02,LIGHT,52,
2026-08-31,06:03,LIGHT,49,
2026-08-31,06:04,LIGHT,48,
2026-08-31,06:05,LIGHT,48,
2026-08-31,06:06,LIGHT,50,
2026-08-31,06:07,LIGHT,52,
2026-08-31,06:08,LIGHT,57,
2026-08-31,06:09,LIGHT,48,
2026-08-31,06:10,LIGHT,48,
2026-08-31,06:11,LIGHT,48,
2026-08-31,06:12,LIGHT,48,
2026-08-31,06:13,LIGHT,48,
2026-08-31,06:14,LIGHT,53,
2026-08-31,06:15,LIGHT,49,
2026-08-31,06:16,LIGHT,48,
2026-08-31,06:17,LIGHT,48,
2026-08-31,06:18,LIGHT,47,
2026-08-31,06:19,LIGHT,48,
2026-08-31,06:20,LIGHT,50,
2026-08-31,06:21,LIGHT,48,
2026-08-31,06:22,LIGHT,48,
2026-08-31,06:23,LIGHT,48,
2026-08-31,06:24,LIGHT,47,
2026-08-31,06:25,LIGHT,48,
2026-08-31,06:26,LIGHT,53,
2026-08-31,06:27,LIGHT,47,
2026-08-31,06:28,LIGHT,47,
2026-08-31,06:29,LIGHT,47,
2026-08-31,06:30,LIGHT,47,
2026-08-31,06:31,LIGHT,48,
2026-08-31,06:32,LIGHT,48,
2026-08-31,06:33,LIGHT,48,
2026-08-31,06:34,LIGHT,49,
2026-08-31,06:35,LIGHT,49,
2026-08-31,06:36,LIGHT,49,
2026-08-31,06:37,LIGHT,48,
2026-08-31,12:50,LIGHT,51,
2026-08-31,12:51,LIGHT,52,
2026-08-31,12:52,LIGHT,55,
2026-08-31,12:53,LIGHT,55,
2026-08-31,12:54,LIGHT,52,
2026-08-31,12:55,LIGHT,52,
2026-08-31,12:56,LIGHT,54,
2026-08-31,12:57,LIGHT,53,
2026-08-31,12:58,LIGHT,53,
2026-08-31,12:59,LIGHT,53,
2026-08-31,13:00,LIGHT,55,
2026-08-31,13:01,LIGHT,54,
2026-08-31,13:02,LIGHT,56,
2026-08-31,13:03,LIGHT,61,
2026-08-31,13:04,WAKE,60,
2026-08-31,13:05,LIGHT,54,
2026-08-31,13:06,LIGHT,55,
2026-08-31,13:07,LIGHT,55,
2026-08-31,13:08,LIGHT,51,
2026-08-31,13:09,LIGHT,54,
2026-08-31,13:10,LIGHT,51,
2026-08-31,13:11,LIGHT,53,
2026-08-31,13:12,LIGHT,53,
2026-08-31,13:13,LIGHT,62,
2026-08-31,13:14,LIGHT,58,
2026-08-31,13:15,LIGHT,56,
2026-08-31,13:16,LIGHT,58,
2026-08-31,13:17,LIGHT,55,
2026-08-31,13:18,LIGHT,52,
2026-08-31,13:19,LIGHT,53,
2026-08-31,13:20,DEEP,57,
2026-08-31,13:21,DEEP,52,
2026-08-31,13:22,DEEP,58,
2026-08-31,13:23,LIGHT,63,
2026-08-31,13:24,LIGHT,54,
2026-08-31,13:25,LIGHT,52,
2026-08-31,13:26,LIGHT,52,
2026-08-31,13:27,LIGHT,59,
2026-08-31,13:28,LIGHT,67,
2026-08-31,13:29,LIGHT,58,
2026-08-31,13:30,LIGHT,60,
2026-08-31,13:31,DEEP,60,
2026-08-31,13:32,DEEP,56,
2026-08-31,13:33,DEEP,61,
2026-08-31,13:34,DEEP,56,
2026-08-31,13:35,DEEP,56,
2026-08-31,13:36,DEEP,75,
2026-08-31,13:37,DEEP,80,
2026-08-31,13:38,REM,79,
2026-08-31,13:39,REM,69,
2026-08-31,13:40,LIGHT,71,
2026-08-31,13:41,LIGHT,65,
2026-08-31,13:42,LIGHT,62,
2026-08-31,13:43,LIGHT,55,
2026-08-31,13:44,LIGHT,57,
2026-09-01,01:23,LIGHT,65,
2026-09-01,01:24,LIGHT,61,
2026-09-01,01:25,LIGHT,60,
2026-09-01,01:26,LIGHT,61,
2026-09-01,01:27,LIGHT,76,
2026-09-01,01:28,LIGHT,91,
2026-09-01,01:29,LIGHT,90,
2026-09-01,01:30,LIGHT,84,
2026-09-01,01:31,LIGHT,73,
2026-09-01,01:32,LIGHT,68,
2026-09-01,01:33,DEEP,66,
2026-09-01,01:34,DEEP,63,
2026-09-01,01:35,DEEP,60,
2026-09-01,01:36,DEEP,60,
2026-09-01,01:37,DEEP,60,
2026-09-01,01:38,LIGHT,60,
2026-09-01,01:39,LIGHT,60,
2026-09-01,01:40,LIGHT,60,
2026-09-01,01:41,LIGHT,64,
2026-09-01,01:42,LIGHT,60,
2026-09-01,01:43,LIGHT,57,
2026-09-01,01:44,LIGHT,58,
2026-09-01,01:45,WAKE,59,
2026-09-01,01:46,LIGHT,60,
2026-09-01,01:47,LIGHT,60,
2026-09-01,01:48,LIGHT,58,
2026-09-01,01:49,LIGHT,60,
2026-09-01,01:50,LIGHT,58,
2026-09-01,01:51,LIGHT,58,
2026-09-01,01:52,LIGHT,59,
2026-09-01,01:53,LIGHT,61,
2026-09-01,01:54,LIGHT,62,
2026-09-01,01:55,DEEP,59,
2026-09-01,01:56,DEEP,59,
2026-09-01,01:57,DEEP,59,
2026-09-01,01:58,DEEP,61,
2026-09-01,01:59,DEEP,64,
2026-09-01,02:00,DEEP,62,
2026-09-01,02:01,DEEP,62,
2026-09-01,02:02,DEEP,60,
2026-09-01,02:03,LIGHT,59,
2026-09-01,02:04,LIGHT,60,
2026-09-01,02:05,LIGHT,61,
2026-09-01,02:06,LIGHT,61,
2026-09-01,02:07,LIGHT,60,
2026-09-01,02:08,LIGHT,60,
2026-09-01,02:09,LIGHT,57,
2026-09-01,02:10,LIGHT,58,
2026-09-01,02:11,LIGHT,60,
2026-09-01,02:12,LIGHT,62,
2026-09-01,02:13,LIGHT,62,
2026-09-01,02:14,LIGHT,64,
2026-09-01,02:15,LIGHT,61,
2026-09-01,02:16,LIGHT,64,
2026-09-01,02:17,DEEP,64,
2026-09-01,02:18,DEEP,58,
2026-09-01,02:19,DEEP,60,
2026-09-01,02:20,DEEP,67,
2026-09-01,02:21,DEEP,74,
2026-09-01,02:22,DEEP,86,
2026-09-01,02:23,DEEP,95,
2026-09-01,02:24,DEEP,86,
2026-09-01,02:25,DEEP,67,
2026-09-01,02:26,DEEP,61,
2026-09-01,02:27,DEEP,58,
2026-09-01,02:28,DEEP,58,
2026-09-01,02:29,DEEP,58,
2026-09-01,02:30,DEEP,60,
2026-09-01,02:31,DEEP,59,
2026-09-01,02:32,DEEP,58,
2026-09-01,02:33,DEEP,58,
2026-09-01,02:34,DEEP,58,
2026-09-01,02:35,DEEP,55,
2026-09-01,02:36,DEEP,59,
2026-09-01,02:37,DEEP,56,
2026-09-01,02:38,DEEP,56,
2026-09-01,02:39,DEEP,57,
2026-09-01,02:40,DEEP,53,
2026-09-01,02:41,DEEP,62,
2026-09-01,02:42,DEEP,59,
2026-09-01,02:43,DEEP,56,
2026-09-01,02:44,DEEP,60,
2026-09-01,02:45,LIGHT,62,
2026-09-01,02:46,LIGHT,56,
2026-09-01,02:47,LIGHT,56,
2026-09-01,02:48,LIGHT,54,
2026-09-01,02:49,LIGHT,51,
2026-09-01,02:50,REM,53,
2026-09-01,02:51,REM,51,
2026-09-01,02:52,REM,51,
2026-09-01,02:53,REM,51,
2026-09-01,02:54,REM,50,
2026-09-01,02:55,REM,49,
2026-09-01,02:56,REM,49,
2026-09-01,02:57,REM,49,
2026-09-01,02:58,REM,49,
2026-09-01,02:59,REM,50,
2026-09-01,03:00,REM,50,
2026-09-01,03:01,REM,50,
2026-09-01,03:02,LIGHT,50,
2026-09-01,03:03,LIGHT,55,
2026-09-01,03:04,LIGHT,49,
2026-09-01,03:05,LIGHT,48,
2026-09-01,03:06,LIGHT,48,
2026-09-01,03:07,LIGHT,48,
2026-09-01,03:08,LIGHT,48,
2026-09-01,03:09,LIGHT,48,
2026-09-01,03:10,LIGHT,47,
2026-09-01,03:11,LIGHT,47,
2026-09-01,03:12,LIGHT,47,
2026-09-01,03:13,LIGHT,49,
2026-09-01,03:14,LIGHT,49,
2026-09-01,03:15,LIGHT,48,
2026-09-01,03:16,LIGHT,48,
2026-09-01,03:17,LIGHT,47,
2026-09-01,03:18,LIGHT,47,
2026-09-01,03:19,LIGHT,47,
2026-09-01,03:20,LIGHT,47,
2026-09-01,03:21,LIGHT,47,
2026-09-01,03:22,LIGHT,47,
2026-09-01,03:23,LIGHT,47,
2026-09-01,03:24,LIGHT,48,
2026-09-01,03:25,LIGHT,48,
2026-09-01,03:26,LIGHT,48,
2026-09-01,03:27,LIGHT,48,
2026-09-01,03:28,LIGHT,48,
2026-09-01,03:29,LIGHT,48,
2026-09-01,03:30,LIGHT,48,
2026-09-01,03:31,LIGHT,48,
2026-09-01,03:32,LIGHT,48,
2026-09-01,03:33,LIGHT,47,
2026-09-01,03:34,LIGHT,48,
2026-09-01,03:35,LIGHT,57,
2026-09-01,03:36,LIGHT,56,
2026-09-01,03:37,LIGHT,54,
2026-09-01,03:38,LIGHT,49,
2026-09-01,03:39,LIGHT,47,
2026-09-01,03:40,LIGHT,47,
2026-09-01,03:41,LIGHT,46,
2026-09-01,03:42,LIGHT,46,
2026-09-01,03:43,LIGHT,47,
2026-09-01,03:44,LIGHT,47,
2026-09-01,03:45,LIGHT,47,
2026-09-01,03:46,LIGHT,47,
2026-09-01,03:47,LIGHT,51,
2026-09-01,03:48,LIGHT,52,
2026-09-01,03:49,LIGHT,51,
2026-09-01,03:50,LIGHT,50,
2026-09-01,03:51,LIGHT,51,
2026-09-01,03:52,LIGHT,50,
2026-09-01,03:53,LIGHT,52,
2026-09-01,03:54,LIGHT,52,
2026-09-01,03:55,LIGHT,54,
2026-09-01,03:56,LIGHT,56,
2026-09-01,03:57,LIGHT,56,
2026-09-01,03:58,LIGHT,55,
2026-09-01,03:59,LIGHT,57,
2026-09-01,04:00,LIGHT,57,
2026-09-01,04:01,LIGHT,62,
2026-09-01,04:02,LIGHT,54,
2026-09-01,04:03,LIGHT,51,
2026-09-01,04:04,LIGHT,51,
2026-09-01,04:05,LIGHT,58,
2026-09-01,04:06,LIGHT,54,
2026-09-01,04:07,LIGHT,51,
2026-09-01,04:08,LIGHT,51,
2026-09-01,04:09,WAKE,51,
2026-09-01,04:10,LIGHT,52,
2026-09-01,04:11,LIGHT,52,
2026-09-01,04:12,LIGHT,52,
2026-09-01,04:13,LIGHT,52,
2026-09-01,04:14,REM,51,
2026-09-01,04:15,REM,49,
2026-09-01,04:16,REM,49,
2026-09-01,04:17,REM,50,
2026-09-01,04:18,REM,52,
2026-09-01,04:19,REM,52,
2026-09-01,04:20,REM,52,
2026-09-01,04:21,REM,52,
2026-09-01,04:22,REM,53,
2026-09-01,04:23,REM,51,
2026-09-01,04:24,REM,51,
2026-09-01,04:25,REM,51,
2026-09-01,04:26,REM,51,
2026-09-01,04:27,REM,50,
2026-09-01,04:28,REM,50,
2026-09-01,04:29,REM,50,
2026-09-01,04:30,REM,50,
2026-09-01,04:31,REM,49,
2026-09-01,04:32,REM,50,
2026-09-01,04:33,REM,50,
2026-09-01,04:34,REM,49,
2026-09-01,04:35,REM,49,
2026-09-01,04:36,REM,49,
2026-09-01,04:37,REM,49,
2026-09-01,04:38,REM,49,
2026-09-01,04:39,REM,49,
2026-09-01,04:40,REM,49,
2026-09-01,04:41,REM,49,
2026-09-01,04:42,LIGHT,49,
2026-09-01,04:43,LIGHT,49,
2026-09-01,04:44,LIGHT,49,
2026-09-01,04:45,LIGHT,49,
2026-09-01,04:46,LIGHT,48,
2026-09-01,04:47,LIGHT,48,
2026-09-01,04:48,LIGHT,49,
2026-09-01,04:49,LIGHT,49,
2026-09-01,04:50,LIGHT,49,
2026-09-01,04:51,LIGHT,49,
2026-09-01,04:52,LIGHT,49,
2026-09-01,04:53,LIGHT,49,
2026-09-01,04:54,LIGHT,49,
2026-09-01,04:55,LIGHT,48,
2026-09-01,04:56,LIGHT,48,
2026-09-01,04:57,LIGHT,48,
2026-09-01,04:58,LIGHT,59,
2026-09-01,04:59,LIGHT,64,
2026-09-01,05:00,LIGHT,52,
2026-09-01,05:01,LIGHT,49,
2026-09-01,05:02,LIGHT,48,
2026-09-01,05:03,LIGHT,48,
2026-09-01,05:04,DEEP,48,
2026-09-01,05:05,DEEP,48,
2026-09-01,05:06,DEEP,48,
2026-09-01,05:07,DEEP,47,
2026-09-01,05:08,DEEP,47,
2026-09-01,05:09,DEEP,47,
2026-09-01,05:10,DEEP,51,
2026-09-01,05:11,DEEP,52,
2026-09-01,05:12,DEEP,54,
2026-09-01,05:13,DEEP,51,
2026-09-01,05:14,DEEP,48,
2026-09-01,05:15,DEEP,47,
2026-09-01,05:16,DEEP,47,
2026-09-01,05:17,DEEP,47,
2026-09-01,05:18,DEEP,49,
2026-09-01,05:19,DEEP,48,
2026-09-01,05:20,DEEP,48,
2026-09-01,05:21,DEEP,48,
2026-09-01,05:22,DEEP,48,
2026-09-01,05:23,DEEP,48,
2026-09-01,05:24,DEEP,50,
2026-09-01,05:25,DEEP,48,
2026-09-01,05:26,DEEP,48,
2026-09-01,05:27,DEEP,50,
2026-09-01,05:28,DEEP,51,
2026-09-01,05:29,DEEP,53,
2026-09-01,05:30,DEEP,55,
2026-09-01,05:31,DEEP,49,
2026-09-01,05:32,LIGHT,48,
2026-09-01,05:33,LIGHT,47,
2026-09-01,05:34,LIGHT,47,
2026-09-01,05:35,WAKE,46,
2026-09-01,05:36,LIGHT,49,
2026-09-01,05:37,LIGHT,49,
2026-09-01,05:38,LIGHT,50,
2026-09-01,05:39,LIGHT,49,
2026-09-01,05:40,LIGHT,48,
2026-09-01,05:41,LIGHT,47,
2026-09-01,05:42,LIGHT,48,
2026-09-01,05:43,LIGHT,48,
2026-09-01,05:44,LIGHT,52,
2026-09-01,05:45,LIGHT,48,
2026-09-01,05:46,LIGHT,48,
2026-09-01,05:47,LIGHT,50,
2026-09-01,05:48,LIGHT,49,
2026-09-01,05:49,LIGHT,48,
2026-09-01,05:50,LIGHT,49,
2026-09-01,05:51,REM,49,
2026-09-01,05:52,REM,56,
2026-09-01,05:53,REM,48,
2026-09-01,05:54,REM,47,
2026-09-01,05:55,REM,47,
2026-09-01,05:56,REM,49,
2026-09-01,05:57,REM,53,
2026-09-01,05:58,REM,51,
2026-09-01,05:59,REM,54,
2026-09-01,06:00,REM,51,
2026-09-01,06:01,REM,49,
2026-09-01,06:02,REM,47,
2026-09-01,06:03,REM,49,
2026-09-01,06:04,REM,47,
2026-09-01,06:05,REM,47,
2026-09-01,06:06,REM,48,
2026-09-01,06:07,REM,49,
2026-09-01,06:08,REM,49,
2026-09-01,06:09,REM,50,
2026-09-01,06:10,REM,51,
2026-09-01,06:11,REM,50,
2026-09-01,06:12,REM,51,
2026-09-01,06:13,REM,51,
2026-09-01,06:14,REM,51,
2026-09-01,06:15,REM,54,
2026-09-01,06:16,REM,54,
2026-09-01,06:17,REM,56,
2026-09-01,06:18,REM,57,
2026-09-01,06:19,REM,56,
2026-09-01,06:20,REM,56,
2026-09-01,06:21,REM,56,
2026-09-01,06:22,REM,58,
2026-09-01,06:23,REM,60,
2026-09-01,06:24,LIGHT,62,
2026-09-01,06:25,LIGHT,59,
2026-09-01,06:26,LIGHT,59,
2026-09-01,06:27,LIGHT,56,
2026-09-01,06:28,LIGHT,50,
2026-09-01,06:29,LIGHT,50,
2026-09-01,06:30,LIGHT,55,
2026-09-01,06:31,LIGHT,57,
2026-09-01,06:32,LIGHT,50,
2026-09-01,06:33,LIGHT,51,
2026-09-01,06:34,LIGHT,45,
2026-09-01,06:35,LIGHT,47,
2026-09-01,06:36,LIGHT,45,
2026-09-01,06:37,LIGHT,45,
2026-09-01,06:38,LIGHT,47,
2026-09-01,06:39,LIGHT,52,
2026-09-01,06:40,LIGHT,48,
2026-09-01,06:41,LIGHT,45,
2026-09-01,06:42,LIGHT,44,
2026-09-01,06:43,LIGHT,44,
2026-09-01,06:44,LIGHT,44,
2026-09-01,06:45,LIGHT,49,
2026-09-01,06:46,LIGHT,44,
2026-09-01,06:47,WAKE,43,
2026-09-01,06:48,LIGHT,44,
2026-09-01,06:49,LIGHT,51,
2026-09-01,06:50,LIGHT,47,
2026-09-01,06:51,WAKE,47,
2026-09-01,06:52,LIGHT,46,
2026-09-01,06:53,LIGHT,45,
2026-09-01,06:54,LIGHT,48,
2026-09-01,06:55,LIGHT,47,
2026-09-01,06:56,LIGHT,46,
2026-09-01,06:57,WAKE,46,
2026-09-01,06:58,WAKE,47,
2026-09-01,06:59,LIGHT,51,
2026-09-01,07:00,LIGHT,51,
2026-09-01,07:01,LIGHT,47,
2026-09-01,07:02,LIGHT,46,
2026-09-01,07:03,LIGHT,47,
2026-09-01,07:04,LIGHT,49,
2026-09-01,07:05,LIGHT,46,
2026-09-01,07:06,LIGHT,46,
2026-09-01,07:07,WAKE,47,
2026-09-01,07:08,LIGHT,48,
2026-09-01,07:09,LIGHT,46,
2026-09-01,07:10,LIGHT,45,
2026-09-01,07:11,LIGHT,45,
2026-09-01,07:12,LIGHT,47,
2026-09-01,07:13,LIGHT,47,
2026-09-01,07:14,LIGHT,47,
2026-09-01,07:15,LIGHT,50,
2026-09-01,07:16,LIGHT,45,
2026-09-01,07:17,LIGHT,45,
2026-09-01,07:18,LIGHT,53,
2026-09-01,07:19,LIGHT,47,
2026-09-01,07:20,LIGHT,46,
2026-09-01,07:21,LIGHT,46,
2026-09-01,07:22,WAKE,58,
2026-09-01,07:23,LIGHT,64,
2026-09-01,07:24,LIGHT,60,
2026-09-01,07:25,WAKE,55,
2026-09-01,07:26,LIGHT,71,
2026-09-01,07:27,LIGHT,90,
2026-09-01,07:28,LIGHT,91,
2026-09-01,07:29,LIGHT,87,
2026-09-01,07:30,LIGHT,69,
2026-09-01,07:31,LIGHT,71,
2026-09-01,07:32,WAKE,68,
2026-09-01,07:33,LIGHT,66,
2026-09-01,07:34,WAKE,63,
2026-09-01,07:35,LIGHT,64,
2026-09-01,07:36,LIGHT,64,
2026-09-01,07:37,LIGHT,71,
2026-09-01,07:38,LIGHT,82,
2026-09-01,15:17,LIGHT,53,
2026-09-01,15:18,LIGHT,53,
2026-09-01,15:19,LIGHT,53,
2026-09-01,15:20,LIGHT,54,
2026-09-01,15:21,LIGHT,55,
2026-09-01,15:22,LIGHT,55,
2026-09-01,15:23,LIGHT,55,
2026-09-01,15:24,LIGHT,55,
2026-09-01,15:25,LIGHT,55,
2026-09-01,15:26,LIGHT,54,
2026-09-01,15:27,LIGHT,59,
2026-09-01,15:28,LIGHT,55,
2026-09-01,15:29,DEEP,53,
2026-09-01,15:30,DEEP,52,
2026-09-01,15:31,DEEP,52,
2026-09-01,15:32,DEEP,52,
2026-09-01,15:33,DEEP,52,
2026-09-01,15:34,DEEP,53,
2026-09-01,15:35,DEEP,53,
2026-09-01,15:36,DEEP,53,
2026-09-01,15:37,DEEP,53,
2026-09-01,15:38,DEEP,52,
2026-09-01,15:39,DEEP,52,
2026-09-01,15:40,DEEP,53,
2026-09-01,15:41,DEEP,53,
2026-09-01,15:42,DEEP,52,
2026-09-01,15:43,LIGHT,52,
2026-09-01,15:44,LIGHT,52,
2026-09-01,15:45,LIGHT,52,
2026-09-01,15:46,LIGHT,51,
2026-09-01,15:47,LIGHT,51,
2026-09-02,02:58,LIGHT,45,
2026-09-02,02:59,LIGHT,45,
2026-09-02,03:00,LIGHT,46,
2026-09-02,03:01,LIGHT,46,
2026-09-02,03:02,LIGHT,47,
2026-09-02,03:03,LIGHT,48,
2026-09-02,03:04,LIGHT,46,
2026-09-02,03:05,LIGHT,46,
2026-09-02,03:06,LIGHT,46,
2026-09-02,03:07,LIGHT,47,
2026-09-02,03:08,LIGHT,47,
2026-09-02,03:09,LIGHT,47,
2026-09-02,03:10,LIGHT,51,
2026-09-02,03:11,LIGHT,45,
2026-09-02,03:12,LIGHT,46,
2026-09-02,03:13,DEEP,44,
2026-09-02,03:14,DEEP,43,
2026-09-02,03:15,DEEP,43,
2026-09-02,03:16,DEEP,44,
2026-09-02,03:17,DEEP,44,
2026-09-02,03:18,DEEP,45,
2026-09-02,03:19,DEEP,44,
2026-09-02,03:20,DEEP,44,
2026-09-02,03:21,DEEP,43,
2026-09-02,03:22,DEEP,43,
2026-09-02,03:23,DEEP,43,
2026-09-02,03:24,DEEP,43,
2026-09-02,03:25,DEEP,44,
2026-09-02,03:26,DEEP,49,
2026-09-02,03:27,DEEP,43,
2026-09-02,03:28,DEEP,42,
2026-09-02,03:29,DEEP,41,
2026-09-02,03:30,DEEP,41,
2026-09-02,03:31,DEEP,41,
2026-09-02,03:32,DEEP,41,
2026-09-02,03:33,DEEP,41,
2026-09-02,03:34,DEEP,41,
2026-09-02,03:35,DEEP,41,
2026-09-02,03:36,LIGHT,41,
2026-09-02,03:37,LIGHT,41,
2026-09-02,03:38,LIGHT,41,
2026-09-02,03:39,LIGHT,41,
2026-09-02,03:40,LIGHT,43,
2026-09-02,03:41,LIGHT,43,
2026-09-02,03:42,LIGHT,42,
2026-09-02,03:43,LIGHT,42,
2026-09-02,03:44,LIGHT,42,
2026-09-02,03:45,LIGHT,42,
2026-09-02,03:46,LIGHT,42,
2026-09-02,03:47,LIGHT,41,
2026-09-02,03:48,LIGHT,41,
2026-09-02,03:49,LIGHT,41,
2026-09-02,03:50,LIGHT,41,
2026-09-02,03:51,REM,42,
2026-09-02,03:52,REM,42,
2026-09-02,03:53,REM,42,
2026-09-02,03:54,REM,41,
2026-09-02,03:55,REM,41,
2026-09-02,03:56,REM,53,
2026-09-02,03:57,REM,53,
2026-09-02,03:58,REM,46,
2026-09-02,03:59,REM,43,
2026-09-02,04:00,REM,42,
2026-09-02,04:01,REM,42,
2026-09-02,04:02,REM,42,
2026-09-02,04:03,LIGHT,42,
2026-09-02,04:04,LIGHT,42,
2026-09-02,04:05,LIGHT,42,
2026-09-02,04:06,WAKE,42,
2026-09-02,04:07,LIGHT,42,
2026-09-02,04:08,LIGHT,42,
2026-09-02,04:09,LIGHT,42,
2026-09-02,04:10,REM,42,
2026-09-02,04:11,REM,42,
2026-09-02,04:12,REM,43,
2026-09-02,04:13,REM,44,
2026-09-02,04:14,REM,44,
2026-09-02,04:15,REM,44,
2026-09-02,04:16,REM,46,
2026-09-02,04:17,REM,44,
2026-09-02,04:18,REM,43,
2026-09-02,04:19,REM,43,
2026-09-02,04:20,REM,42,
2026-09-02,04:21,LIGHT,42,
2026-09-02,04:22,LIGHT,42,
2026-09-02,04:23,LIGHT,42,
2026-09-02,04:24,LIGHT,42,
2026-09-02,04:25,LIGHT,42,
2026-09-02,04:26,LIGHT,42,
2026-09-02,04:27,LIGHT,43,
2026-09-02,04:28,LIGHT,45,
2026-09-02,04:29,LIGHT,53,
2026-09-02,04:30,LIGHT,47,
2026-09-02,04:31,LIGHT,51,
2026-09-02,04:32,LIGHT,45,
2026-09-02,04:33,LIGHT,42,
2026-09-02,04:34,LIGHT,42,
2026-09-02,04:35,LIGHT,42,
2026-09-02,04:36,LIGHT,42,
2026-09-02,04:37,LIGHT,44,
2026-09-02,04:38,LIGHT,44,
2026-09-02,04:39,LIGHT,45,
2026-09-02,04:40,LIGHT,45,
2026-09-02,04:41,LIGHT,46,
2026-09-02,04:42,LIGHT,46,
2026-09-02,04:43,DEEP,47,
2026-09-02,04:44,DEEP,48,
2026-09-02,04:45,DEEP,47,
2026-09-02,04:46,DEEP,49,
2026-09-02,04:47,DEEP,49,
2026-09-02,04:48,DEEP,48,
2026-09-02,04:49,DEEP,50,
2026-09-02,04:50,DEEP,48,
2026-09-02,04:51,DEEP,43,
2026-09-02,04:52,DEEP,46,
2026-09-02,04:53,DEEP,44,
2026-09-02,04:54,DEEP,44,
2026-09-02,04:55,DEEP,44,
2026-09-02,04:56,DEEP,45,
2026-09-02,04:57,DEEP,48,
2026-09-02,04:58,DEEP,45,
2026-09-02,04:59,DEEP,46,
2026-09-02,05:00,LIGHT,46,
2026-09-02,05:01,LIGHT,45,
2026-09-02,05:02,LIGHT,46,
2026-09-02,05:03,LIGHT,47,
2026-09-02,05:04,LIGHT,45,
2026-09-02,05:05,LIGHT,47,
2026-09-02,05:06,LIGHT,48,
2026-09-02,05:07,LIGHT,48,
2026-09-02,05:08,LIGHT,48,
2026-09-02,05:09,LIGHT,48,
2026-09-02,05:10,LIGHT,47,
2026-09-02,05:11,LIGHT,48,
2026-09-02,05:12,LIGHT,47,
2026-09-02,05:13,LIGHT,47,
2026-09-02,05:14,LIGHT,47,
2026-09-02,05:15,LIGHT,47,
2026-09-02,05:16,LIGHT,47,
2026-09-02,05:17,LIGHT,46,
2026-09-02,05:18,REM,45,
2026-09-02,05:19,REM,45,
2026-09-02,05:20,REM,46,
2026-09-02,05:21,REM,46,
2026-09-02,05:22,REM,46,
2026-09-02,05:23,REM,46,
2026-09-02,05:24,REM,46,
2026-09-02,05:25,REM,47,
2026-09-02,05:26,REM,47,
2026-09-02,05:27,REM,47,
2026-09-02,05:28,REM,47,
2026-09-02,05:29,REM,47,
2026-09-02,05:30,REM,47,
2026-09-02,05:31,REM,47,
2026-09-02,05:32,REM,47,
2026-09-02,05:33,REM,47,
2026-09-02,05:34,REM,47,
2026-09-02,05:35,REM,47,
2026-09-02,05:36,REM,47,
2026-09-02,05:37,REM,46,
2026-09-02,05:38,REM,46,
2026-09-02,05:39,REM,46,
2026-09-02,05:40,REM,46,
2026-09-02,05:41,REM,46,
2026-09-02,05:42,REM,47,
2026-09-02,05:43,REM,47,
2026-09-02,05:44,REM,47,
2026-09-02,05:45,REM,47,
2026-09-02,05:46,REM,47,
2026-09-02,05:47,REM,47,
2026-09-02,05:48,REM,47,
2026-09-02,05:49,REM,50,
2026-09-02,05:50,REM,62,
2026-09-02,05:51,REM,51,
2026-09-02,05:52,REM,45,
2026-09-02,05:53,REM,44,
2026-09-02,05:54,REM,44,
2026-09-02,05:55,REM,45,
2026-09-02,05:56,REM,48,
2026-09-02,05:57,REM,45,
2026-09-02,05:58,REM,44,
2026-09-02,05:59,REM,43,
2026-09-02,06:00,LIGHT,43,
2026-09-02,06:01,LIGHT,43,
2026-09-02,06:02,LIGHT,45,
2026-09-02,06:03,LIGHT,44,
2026-09-02,06:04,LIGHT,44,
2026-09-02,06:05,LIGHT,44,
2026-09-02,06:06,LIGHT,44,
2026-09-02,06:07,LIGHT,44,
2026-09-02,06:08,LIGHT,44,
2026-09-02,06:09,LIGHT,44,
2026-09-02,06:10,LIGHT,44,
2026-09-02,06:11,LIGHT,44,
2026-09-02,06:12,LIGHT,44,
2026-09-02,06:13,LIGHT,44,
2026-09-02,06:14,LIGHT,44,
2026-09-02,06:15,LIGHT,45,
2026-09-02,06:16,LIGHT,45,
2026-09-02,06:17,LIGHT,45,
2026-09-02,06:18,LIGHT,46,
2026-09-02,06:19,LIGHT,46,
2026-09-02,06:20,LIGHT,49,
2026-09-02,06:21,LIGHT,49,
2026-09-02,06:22,LIGHT,46,
2026-09-02,06:23,LIGHT,45,
2026-09-02,06:24,LIGHT,45,
2026-09-02,06:25,LIGHT,44,
2026-09-02,06:26,LIGHT,45,
2026-09-02,06:27,LIGHT,46,
2026-09-02,06:28,LIGHT,48,
2026-09-02,06:29,LIGHT,48,
2026-09-02,06:30,LIGHT,48,
2026-09-02,06:31,WAKE,55,
2026-09-02,06:32,WAKE,47,
2026-09-02,06:33,WAKE,53,
2026-09-02,06:34,WAKE,53,
2026-09-02,06:35,LIGHT,52,
2026-09-02,06:36,WAKE,48,
2026-09-02,06:37,LIGHT,45,
2026-09-02,06:38,LIGHT,45,
2026-09-02,06:39,LIGHT,51,
2026-09-02,06:40,WAKE,54,
2026-09-02,06:41,WAKE,50,
2026-09-02,06:42,LIGHT,49,
2026-09-02,06:43,LIGHT,50,
2026-09-02,06:44,LIGHT,49,
2026-09-02,06:45,LIGHT,53,
2026-09-02,06:46,LIGHT,48,
2026-09-02,06:47,LIGHT,48,
2026-09-02,06:48,LIGHT,46,
2026-09-02,06:49,LIGHT,46,
2026-09-02,06:50,LIGHT,53,
2026-09-02,06:51,LIGHT,44,
2026-09-02,06:52,LIGHT,41,
2026-09-02,06:53,LIGHT,43,
2026-09-02,06:54,LIGHT,51,
2026-09-02,06:55,LIGHT,45,
2026-09-02,06:56,LIGHT,45,
2026-09-02,06:57,LIGHT,47,
2026-09-02,06:58,LIGHT,43,
2026-09-02,06:59,LIGHT,43,
2026-09-02,07:00,LIGHT,48,
2026-09-02,07:01,LIGHT,45,
2026-09-02,07:02,LIGHT,45,
2026-09-02,07:03,LIGHT,49,
2026-09-02,07:04,LIGHT,48,
2026-09-02,07:05,LIGHT,48,
2026-09-02,07:06,LIGHT,46,
2026-09-02,07:07,LIGHT,47,
2026-09-02,07:08,LIGHT,46,
2026-09-02,07:09,LIGHT,46,
2026-09-02,07:10,LIGHT,48,
2026-09-02,07:11,LIGHT,46,
2026-09-02,07:12,LIGHT,46,
2026-09-02,07:13,LIGHT,46,
2026-09-02,07:14,LIGHT,46,
2026-09-02,07:15,LIGHT,46,
2026-09-02,07:16,LIGHT,52,
2026-09-02,07:17,LIGHT,54,
2026-09-02,07:18,LIGHT,46,
2026-09-02,07:19,LIGHT,43,
2026-09-02,07:20,LIGHT,43,
2026-09-02,07:21,LIGHT,45,
2026-09-02,07:22,LIGHT,43,
2026-09-02,13:58,LIGHT,52,
2026-09-02,13:59,LIGHT,52,
2026-09-02,14:00,LIGHT,52,
2026-09-02,14:01,LIGHT,52,
2026-09-02,14:02,LIGHT,52,
2026-09-02,14:03,LIGHT,52,
2026-09-02,14:04,LIGHT,54,
2026-09-02,14:05,LIGHT,52,
2026-09-02,14:06,LIGHT,49,
2026-09-02,14:07,LIGHT,48,
2026-09-02,14:08,LIGHT,48,
2026-09-02,14:09,DEEP,51,
2026-09-02,14:10,DEEP,50,
2026-09-02,14:11,DEEP,49,
2026-09-02,14:12,DEEP,49,
2026-09-02,14:13,DEEP,49,
2026-09-02,14:14,DEEP,49,
2026-09-02,14:15,DEEP,54,
2026-09-02,14:16,DEEP,56,
2026-09-02,14:17,DEEP,51,
2026-09-02,14:18,DEEP,52,
2026-09-02,14:19,DEEP,50,
2026-09-02,14:20,DEEP,50,
2026-09-02,14:21,DEEP,50,
2026-09-02,14:22,DEEP,50,
2026-09-02,14:23,DEEP,51,
2026-09-02,14:24,DEEP,51,
2026-09-02,14:25,DEEP,51,
2026-09-02,14:26,DEEP,52,
2026-09-02,14:27,DEEP,52,
2026-09-02,14:28,DEEP,52,
2026-09-02,14:29,DEEP,52,
2026-09-02,14:30,DEEP,49,
2026-09-02,14:31,DEEP,49,
2026-09-02,14:32,DEEP,52,
2026-09-02,14:33,DEEP,51,
2026-09-02,14:34,LIGHT,50,
2026-09-02,14:35,LIGHT,52,
2026-09-02,14:36,LIGHT,52,
2026-09-02,14:37,LIGHT,50,
2026-09-02,14:38,LIGHT,51,
2026-09-02,14:39,LIGHT,52,
2026-09-02,14:40,LIGHT,52,
2026-09-02,14:41,LIGHT,54,
2026-09-02,14:42,LIGHT,52,
2026-09-02,14:43,REM,51,
2026-09-02,14:44,REM,51,
2026-09-02,14:45,REM,53,
2026-09-02,14:46,REM,55,
2026-09-02,14:47,REM,56,
2026-09-02,14:48,REM,54,
2026-09-02,14:49,REM,48,
2026-09-02,14:50,REM,51,
2026-09-02,14:51,REM,56,
2026-09-02,14:52,REM,53,
2026-09-02,14:53,REM,50,
2026-09-02,14:54,REM,50,
2026-09-02,14:55,REM,48,
2026-09-02,14:56,REM,50,
2026-09-02,14:57,REM,50,
2026-09-02,14:58,REM,50,
2026-09-02,14:59,REM,47,
2026-09-02,15:00,REM,48,
2026-09-02,15:01,REM,55,
2026-09-02,15:02,REM,49,
2026-09-02,15:03,REM,49,
2026-09-02,15:04,REM,51,
2026-09-02,15:05,REM,50,
2026-09-02,15:06,REM,50,
2026-09-02,15:07,REM,49,
2026-09-02,15:08,REM,49,
2026-09-02,15:09,REM,50,
2026-09-02,15:10,REM,50,
2026-09-02,15:11,REM,50,
2026-09-02,15:12,REM,50,
2026-09-02,15:13,LIGHT,50,
2026-09-02,15:14,LIGHT,57,
2026-09-02,15:15,LIGHT,55,
2026-09-02,15:16,LIGHT,51,
2026-09-02,15:17,LIGHT,51,
2026-09-02,15:18,LIGHT,53,
2026-09-02,15:19,LIGHT,50,
2026-09-02,15:20,LIGHT,49,
2026-09-02,15:21,LIGHT,49,
2026-09-02,15:22,LIGHT,49,
2026-09-02,15:23,LIGHT,49,
2026-09-02,15:24,LIGHT,50,
2026-09-02,15:25,LIGHT,51,
2026-09-02,15:26,LIGHT,49,
2026-09-02,15:27,LIGHT,47,
2026-09-02,15:28,LIGHT,48,
2026-09-02,15:29,LIGHT,48,
2026-09-02,15:30,LIGHT,48,
2026-09-02,15:31,LIGHT,48,
2026-09-02,15:32,LIGHT,49,
2026-09-02,15:33,LIGHT,50,
2026-09-02,15:34,LIGHT,50,
2026-09-02,15:35,LIGHT,50,
2026-09-02,15:36,LIGHT,50,
2026-09-02,15:37,LIGHT,51,
2026-09-02,15:38,LIGHT,60,
2026-09-02,15:39,LIGHT,55,
2026-09-02,15:40,LIGHT,48,
2026-09-02,15:41,LIGHT,45,
2026-09-02,15:42,LIGHT,44,
2026-09-02,15:43,DEEP,50,
2026-09-02,15:44,DEEP,46,
2026-09-02,15:45,DEEP,46,
2026-09-02,15:46,DEEP,50,
2026-09-02,15:47,DEEP,51,
2026-09-02,15:48,DEEP,50,
2026-09-02,15:49,DEEP,52,
2026-09-02,15:50,DEEP,47,
2026-09-02,15:51,DEEP,47,
2026-09-02,15:52,LIGHT,47,
2026-09-02,15:53,LIGHT,46,
2026-09-02,15:54,LIGHT,48,
2026-09-02,15:55,WAKE,48,
2026-09-02,15:56,WAKE,48,
2026-09-02,15:57,WAKE,49,
2026-09-02,15:58,LIGHT,51,
2026-09-02,15:59,LIGHT,50,
2026-09-02,16:00,LIGHT,50,
2026-09-02,16:01,LIGHT,50,
2026-09-02,16:02,LIGHT,50,
2026-09-02,16:03,LIGHT,55,
2026-09-02,16:04,LIGHT,49,
2026-09-02,16:05,LIGHT,48,
2026-09-02,16:06,LIGHT,48,
2026-09-02,16:07,LIGHT,48,
2026-09-02,16:08,LIGHT,48,
2026-09-02,16:09,LIGHT,58,
2026-09-02,16:10,LIGHT,57,
2026-09-02,16:11,LIGHT,54,
2026-09-02,16:12,LIGHT,56,
2026-09-02,16:13,LIGHT,60,
2026-09-02,16:14,LIGHT,58,
2026-09-02,16:15,LIGHT,53,
2026-09-02,16:16,LIGHT,55,
2026-09-02,16:17,LIGHT,57,
2026-09-02,16:18,LIGHT,57,
2026-09-02,16:19,LIGHT,54,
2026-09-02,16:20,LIGHT,54,
2026-09-02,16:21,LIGHT,54,
2026-09-02,16:22,LIGHT,62,
2026-09-02,16:23,LIGHT,67,
2026-09-02,16:24,LIGHT,84,
2026-09-02,16:25,LIGHT,71,
2026-09-02,16:26,LIGHT,69,
2026-09-02,16:27,LIGHT,64,
2026-09-02,16:28,LIGHT,65,
2026-09-02,16:29,LIGHT,65,
2026-09-02,16:30,LIGHT,61,
2026-09-03,02:14,LIGHT,49,
2026-09-03,02:15,LIGHT,45,
2026-09-03,02:16,LIGHT,46,
2026-09-03,02:17,LIGHT,46,
2026-09-03,02:18,LIGHT,50,
2026-09-03,02:19,LIGHT,47,
2026-09-03,02:20,LIGHT,44,
2026-09-03,02:21,LIGHT,43,
2026-09-03,02:22,LIGHT,43,
2026-09-03,02:23,LIGHT,43,
2026-09-03,02:24,LIGHT,43,
2026-09-03,02:25,LIGHT,45,
2026-09-03,02:26,LIGHT,44,
2026-09-03,02:27,LIGHT,44,
2026-09-03,02:28,LIGHT,44,
2026-09-03,02:29,DEEP,53,
2026-09-03,02:30,DEEP,55,
2026-09-03,02:31,DEEP,48,
2026-09-03,02:32,DEEP,45,
2026-09-03,02:33,DEEP,45,
2026-09-03,02:34,DEEP,45,
2026-09-03,02:35,DEEP,45,
2026-09-03,02:36,DEEP,45,
2026-09-03,02:37,DEEP,45,
2026-09-03,02:38,DEEP,45,
2026-09-03,02:39,DEEP,45,
2026-09-03,02:40,DEEP,44,
2026-09-03,02:41,DEEP,44,
2026-09-03,02:42,DEEP,45,
2026-09-03,02:43,DEEP,45,
2026-09-03,02:44,DEEP,49,
2026-09-03,02:45,DEEP,57,
2026-09-03,02:46,DEEP,57,
2026-09-03,02:47,DEEP,51,
2026-09-03,02:48,DEEP,47,
2026-09-03,02:49,DEEP,46,
2026-09-03,02:50,DEEP,45,
2026-09-03,02:51,DEEP,45,
2026-09-03,02:52,LIGHT,45,
2026-09-03,02:53,LIGHT,44,
2026-09-03,02:54,LIGHT,44,
2026-09-03,02:55,WAKE,44,
2026-09-03,02:56,LIGHT,45,
2026-09-03,02:57,LIGHT,49,
2026-09-03,02:58,LIGHT,47,
2026-09-03,02:59,LIGHT,45,
2026-09-03,03:00,REM,47,
2026-09-03,03:01,REM,45,
2026-09-03,03:02,REM,45,
2026-09-03,03:03,REM,45,
2026-09-03,03:04,REM,45,
2026-09-03,03:05,REM,45,
2026-09-03,03:06,REM,45,
2026-09-03,03:07,REM,45,
2026-09-03,03:08,REM,45,
2026-09-03,03:09,REM,45,
2026-09-03,03:10,REM,45,
2026-09-03,03:11,REM,45,
2026-09-03,03:12,REM,45,
2026-09-03,03:13,REM,45,
2026-09-03,03:14,REM,45,
2026-09-03,03:15,REM,45,
2026-09-03,03:16,REM,45,
2026-09-03,03:17,REM,47,
2026-09-03,03:18,REM,46,
2026-09-03,03:19,REM,52,
2026-09-03,03:20,REM,46,
2026-09-03,03:21,REM,46,
2026-09-03,03:22,REM,45,
2026-09-03,03:23,REM,43,
2026-09-03,03:24,LIGHT,43,
2026-09-03,03:25,LIGHT,45,
2026-09-03,03:26,LIGHT,47,
2026-09-03,03:27,LIGHT,47,
2026-09-03,03:28,LIGHT,50,
2026-09-03,03:29,LIGHT,44,
2026-09-03,03:30,LIGHT,43,
2026-09-03,03:31,LIGHT,42,
2026-09-03,03:32,LIGHT,44,
2026-09-03,03:33,LIGHT,44,
2026-09-03,03:34,LIGHT,44,
2026-09-03,03:35,LIGHT,48,
2026-09-03,03:36,LIGHT,48,
2026-09-03,03:37,LIGHT,47,
2026-09-03,03:38,LIGHT,44,
2026-09-03,03:39,LIGHT,43,
2026-09-03,03:40,LIGHT,40,
2026-09-03,03:41,LIGHT,42,
2026-09-03,03:42,LIGHT,43,
2026-09-03,03:43,LIGHT,47,
2026-09-03,03:44,LIGHT,44,
2026-09-03,03:45,LIGHT,42,
2026-09-03,03:46,LIGHT,42,
2026-09-03,03:47,DEEP,42,
2026-09-03,03:48,DEEP,,
2026-09-03,03:49,DEEP,41,
2026-09-03,03:50,DEEP,42,
2026-09-03,03:51,DEEP,43,
2026-09-03,03:52,DEEP,45,
2026-09-03,03:53,DEEP,43,
2026-09-03,03:54,LIGHT,44,
2026-09-03,03:55,LIGHT,45,
2026-09-03,03:56,LIGHT,45,
2026-09-03,03:57,LIGHT,45,
2026-09-03,03:58,WAKE,43,
2026-09-03,03:59,LIGHT,43,
2026-09-03,04:00,LIGHT,43,
2026-09-03,04:01,LIGHT,43,
2026-09-03,04:02,LIGHT,43,
2026-09-03,04:03,LIGHT,43,
2026-09-03,04:04,LIGHT,43,
2026-09-03,04:05,LIGHT,43,
2026-09-03,04:06,LIGHT,43,
2026-09-03,04:07,LIGHT,43,
2026-09-03,04:08,LIGHT,43,
2026-09-03,04:09,LIGHT,42,
2026-09-03,04:10,LIGHT,42,
2026-09-03,04:11,LIGHT,43,
2026-09-03,04:12,LIGHT,43,
2026-09-03,04:13,LIGHT,44,
2026-09-03,04:14,LIGHT,53,
2026-09-03,04:15,LIGHT,52,
2026-09-03,04:16,LIGHT,49,
2026-09-03,04:17,LIGHT,46,
2026-09-03,04:18,LIGHT,46,
2026-09-03,04:19,LIGHT,45,
2026-09-03,04:20,LIGHT,45,
2026-09-03,04:21,LIGHT,45,
2026-09-03,04:22,LIGHT,46,
2026-09-03,04:23,LIGHT,45,
2026-09-03,04:24,LIGHT,44,
2026-09-03,04:25,LIGHT,44,
2026-09-03,04:26,LIGHT,44,
2026-09-03,04:27,LIGHT,44,
2026-09-03,04:28,LIGHT,44,
2026-09-03,04:29,LIGHT,45,
2026-09-03,04:30,LIGHT,45,
2026-09-03,04:31,LIGHT,45,
2026-09-03,04:32,LIGHT,45,
2026-09-03,04:33,LIGHT,45,
2026-09-03,04:34,LIGHT,45,
2026-09-03,04:35,LIGHT,45,
2026-09-03,04:36,LIGHT,45,
2026-09-03,04:37,LIGHT,45,
2026-09-03,04:38,LIGHT,45,
2026-09-03,04:39,LIGHT,45,
2026-09-03,04:40,REM,45,
2026-09-03,04:41,REM,52,
2026-09-03,04:42,REM,45,
2026-09-03,04:43,REM,43,
2026-09-03,04:44,REM,47,
2026-09-03,04:45,REM,44,
2026-09-03,04:46,REM,45,
2026-09-03,04:47,REM,46,
2026-09-03,04:48,REM,51,
2026-09-03,04:49,REM,45,
2026-09-03,04:50,REM,42,
2026-09-03,04:51,REM,41,
2026-09-03,04:52,REM,41,
2026-09-03,04:53,REM,41,
2026-09-03,04:54,REM,40,
2026-09-03,04:55,REM,40,
2026-09-03,04:56,REM,41,
2026-09-03,04:57,REM,40,
2026-09-03,04:58,REM,41,
2026-09-03,04:59,REM,41,
2026-09-03,05:00,REM,41,
2026-09-03,05:01,REM,41,
2026-09-03,05:02,REM,41,
2026-09-03,05:03,REM,42,
2026-09-03,05:04,REM,42,
2026-09-03,05:05,REM,42,
2026-09-03,05:06,REM,52,
2026-09-03,05:07,REM,57,
2026-09-03,05:08,REM,51,
2026-09-03,05:09,REM,49,
2026-09-03,05:10,REM,46,
2026-09-03,05:11,LIGHT,46,
2026-09-03,05:12,LIGHT,46,
2026-09-03,05:13,LIGHT,46,
2026-09-03,05:14,LIGHT,46,
2026-09-03,05:15,LIGHT,56,
2026-09-03,05:16,LIGHT,50,
2026-09-03,05:17,LIGHT,47,
2026-09-03,05:18,LIGHT,55,
2026-09-03,05:19,LIGHT,47,
2026-09-03,05:20,LIGHT,49,
2026-09-03,05:21,LIGHT,47,
2026-09-03,05:22,LIGHT,45,
2026-09-03,05:23,LIGHT,44,
2026-09-03,05:24,LIGHT,44,
2026-09-03,05:25,DEEP,44,
2026-09-03,05:26,DEEP,46,
2026-09-03,05:27,DEEP,43,
2026-09-03,05:28,DEEP,44,
2026-09-03,05:29,DEEP,44,
2026-09-03,05:30,DEEP,50,
2026-09-03,05:31,DEEP,46,
2026-09-03,05:32,DEEP,45,
2026-09-03,05:33,DEEP,45,
2026-09-03,05:34,DEEP,45,
2026-09-03,05:35,DEEP,45,
2026-09-03,05:36,DEEP,44,
2026-09-03,05:37,DEEP,43,
2026-09-03,05:38,DEEP,45,
2026-09-03,05:39,DEEP,50,
2026-09-03,05:40,DEEP,47,
2026-09-03,05:41,DEEP,46,
2026-09-03,05:42,DEEP,45,
2026-09-03,05:43,DEEP,45,
2026-09-03,05:44,DEEP,46,
2026-09-03,05:45,DEEP,48,
2026-09-03,05:46,DEEP,45,
2026-09-03,05:47,DEEP,48,
2026-09-03,05:48,DEEP,56,
2026-09-03,05:49,DEEP,51,
2026-09-03,05:50,DEEP,56,
2026-09-03,05:51,LIGHT,60,
2026-09-03,05:52,LIGHT,54,
2026-09-03,05:53,LIGHT,50,
2026-09-03,05:54,LIGHT,55,
2026-09-03,05:55,LIGHT,51,
2026-09-03,05:56,LIGHT,48,
2026-09-03,05:57,LIGHT,55,
2026-09-03,05:58,LIGHT,65,
2026-09-03,05:59,LIGHT,57,
2026-09-03,06:00,LIGHT,57,
2026-09-03,06:01,LIGHT,55,
2026-09-03,06:02,LIGHT,62,
2026-09-03,06:03,LIGHT,57,
2026-09-03,06:04,LIGHT,55,
2026-09-03,06:05,LIGHT,56,
2026-09-03,06:06,LIGHT,53,
2026-09-03,06:07,LIGHT,55,
2026-09-03,06:08,LIGHT,56,
2026-09-03,06:09,LIGHT,66,
2026-09-03,06:10,LIGHT,70,
2026-09-03,06:11,LIGHT,64,
2026-09-03,06:12,LIGHT,59,
2026-09-03,06:13,LIGHT,66,
2026-09-03,06:14,LIGHT,71,
2026-09-03,06:15,REM,77,
2026-09-03,06:16,REM,78,
2026-09-03,06:17,REM,76,
2026-09-03,06:18,REM,80,
2026-09-03,06:19,REM,88,
2026-09-03,06:20,REM,94,
2026-09-03,06:21,REM,78,
2026-09-03,06:22,REM,78,
2026-09-03,06:23,REM,74,
2026-09-03,06:24,REM,69,
2026-09-03,06:25,REM,75,
2026-09-03,06:26,REM,81,
2026-09-03,06:27,REM,91,
2026-09-03,06:28,REM,91,
2026-09-03,06:29,REM,102,
2026-09-03,06:30,REM,114,
2026-09-03,06:31,REM,121,
2026-09-03,06:32,LIGHT,139,
2026-09-03,06:33,LIGHT,124,
2026-09-03,06:34,LIGHT,112,
2026-09-03,06:35,WAKE,84,
2026-09-03,06:36,WAKE,69,
2026-09-03,06:37,LIGHT,65,
2026-09-03,06:38,LIGHT,70,
2026-09-03,06:39,LIGHT,77,
2026-09-03,06:40,WAKE,70,
2026-09-03,06:41,WAKE,64,
2026-09-03,06:42,LIGHT,62,
2026-09-03,06:43,LIGHT,69,
2026-09-03,06:44,LIGHT,68,
2026-09-03,06:45,LIGHT,63,
2026-09-03,06:46,WAKE,64,
2026-09-03,06:47,LIGHT,66,
2026-09-03,06:48,LIGHT,68,
2026-09-03,06:49,LIGHT,65,
2026-09-03,06:50,LIGHT,66,
2026-09-03,06:51,WAKE,66,
2026-09-03,06:52,LIGHT,65,
2026-09-03,06:53,LIGHT,62,
2026-09-03,06:54,LIGHT,62,
2026-09-03,06:55,WAKE,61,
2026-09-03,06:56,LIGHT,62,
2026-09-03,06:57,LIGHT,64,
2026-09-03,06:58,LIGHT,68,
2026-09-03,06:59,LIGHT,62,
2026-09-03,07:00,LIGHT,57,
2026-09-03,07:01,WAKE,54,
2026-09-03,07:02,LIGHT,55,
2026-09-03,07:03,LIGHT,60,
2026-09-03,07:04,LIGHT,65,
2026-09-03,07:05,LIGHT,69,
2026-09-03,07:06,LIGHT,70,
2026-09-03,07:07,LIGHT,67,
2026-09-03,07:08,LIGHT,67,
2026-09-03,07:09,LIGHT,69,
2026-09-03,07:10,LIGHT,68,
2026-09-03,07:11,LIGHT,65,
2026-09-03,07:12,LIGHT,68,
2026-09-03,07:13,LIGHT,65,
2026-09-03,07:14,LIGHT,64,
2026-09-03,07:15,LIGHT,62,
2026-09-03,07:16,LIGHT,59,
2026-09-03,07:17,WAKE,57,
2026-09-03,07:18,WAKE,55,
2026-09-03,07:19,LIGHT,59,
2026-09-03,07:20,LIGHT,57,
2026-09-03,07:21,LIGHT,58,
2026-09-03,07:22,LIGHT,62,
2026-09-03,07:23,LIGHT,63,
2026-09-03,13:40,LIGHT,57,
2026-09-03,13:41,LIGHT,56,
2026-09-03,13:42,LIGHT,56,
2026-09-03,13:43,LIGHT,55,
2026-09-03,13:44,LIGHT,55,
2026-09-03,13:45,LIGHT,58,
2026-09-03,13:46,LIGHT,68,
2026-09-03,13:47,LIGHT,77,
2026-09-03,13:48,LIGHT,75,
2026-09-03,13:49,LIGHT,71,
2026-09-03,13:50,LIGHT,65,
2026-09-03,13:51,LIGHT,54,
2026-09-03,13:52,LIGHT,56,
2026-09-03,13:53,LIGHT,63,
2026-09-03,13:54,DEEP,65,
2026-09-03,13:55,DEEP,67,
2026-09-03,13:56,DEEP,67,
2026-09-03,13:57,DEEP,68,
2026-09-03,13:58,DEEP,65,
2026-09-03,13:59,DEEP,62,
2026-09-03,14:00,DEEP,67,
2026-09-03,14:01,DEEP,62,
2026-09-03,14:02,DEEP,66,
2026-09-03,14:03,DEEP,67,
2026-09-03,14:04,DEEP,64,
2026-09-03,14:05,DEEP,68,
2026-09-03,14:06,LIGHT,66,
2026-09-03,14:07,LIGHT,63,
2026-09-03,14:08,LIGHT,60,
2026-09-03,14:09,LIGHT,67,
2026-09-03,14:10,DEEP,70,
2026-09-03,14:11,DEEP,73,
2026-09-03,14:12,DEEP,63,
2026-09-03,14:13,DEEP,58,
2026-09-03,14:14,DEEP,56,
2026-09-03,14:15,DEEP,56,
2026-09-03,14:16,DEEP,61,
2026-09-03,14:17,LIGHT,61,
2026-09-03,14:18,LIGHT,64,
2026-09-03,14:19,LIGHT,63,
2026-09-03,14:20,LIGHT,63,
2026-09-03,14:21,DEEP,62,
2026-09-03,14:22,DEEP,63,
2026-09-03,14:23,DEEP,63,
2026-09-03,14:24,DEEP,62,
2026-09-03,14:25,DEEP,62,
2026-09-03,14:26,DEEP,62,
2026-09-03,14:27,DEEP,64,
2026-09-03,14:28,DEEP,69,
2026-09-03,14:29,LIGHT,63,
2026-09-03,14:30,LIGHT,60,
2026-09-03,14:31,LIGHT,60,
2026-09-03,14:32,LIGHT,59,
2026-09-03,14:33,LIGHT,59,
2026-09-03,14:34,LIGHT,71,
2026-09-03,14:35,REM,68,
2026-09-03,14:36,REM,63,
2026-09-03,14:37,REM,63,
2026-09-03,14:38,REM,63,
2026-09-03,14:39,REM,63,
2026-09-03,14:40,REM,63,
2026-09-03,14:41,REM,61,
2026-09-03,14:42,REM,60,
2026-09-03,14:43,REM,62,
2026-09-03,14:44,REM,62,
2026-09-03,14:45,REM,62,
2026-09-03,14:46,REM,62,
2026-09-03,14:47,REM,63,
2026-09-03,14:48,REM,62,
2026-09-03,14:49,REM,67,
2026-09-03,14:50,REM,64,
2026-09-03,14:51,REM,59,
2026-09-03,14:52,REM,58,
2026-09-03,14:53,REM,56,
2026-09-03,14:54,REM,55,
2026-09-03,14:55,REM,57,
2026-09-03,14:56,REM,57,
2026-09-03,14:57,REM,57,
2026-09-03,14:58,REM,63,
2026-09-03,14:59,REM,57,
2026-09-03,15:00,REM,57,
2026-09-03,15:01,REM,57,
2026-09-03,15:02,REM,56,
2026-09-03,15:03,REM,58,
2026-09-03,15:04,REM,61,
2026-09-03,15:05,REM,58,
2026-09-03,15:06,LIGHT,55,
2026-09-03,15:07,LIGHT,62,
2026-09-03,15:08,LIGHT,64,
2026-09-03,15:09,LIGHT,60,
2026-09-03,15:10,LIGHT,56,
2026-09-03,15:11,LIGHT,56,
2026-09-03,15:12,LIGHT,55,
2026-09-03,15:13,LIGHT,55,
2026-09-03,15:14,LIGHT,55,
2026-09-03,15:15,LIGHT,55,
2026-09-03,15:16,LIGHT,55,
2026-09-03,15:17,LIGHT,55,
2026-09-03,15:18,LIGHT,55,
2026-09-03,15:19,LIGHT,55,
2026-09-03,15:20,LIGHT,55,
2026-09-03,15:21,LIGHT,55,
2026-09-03,15:22,LIGHT,55,
2026-09-03,15:23,LIGHT,55,
2026-09-03,15:24,LIGHT,54,
2026-09-03,15:25,LIGHT,54,
2026-09-03,15:26,LIGHT,54,
2026-09-03,15:27,LIGHT,54,
2026-09-03,15:28,LIGHT,54,
2026-09-03,15:29,LIGHT,54,
2026-09-03,15:30,LIGHT,59,
2026-09-03,15:31,LIGHT,60,
2026-09-03,15:32,LIGHT,54,
2026-09-03,15:33,LIGHT,51,
2026-09-03,15:34,LIGHT,51,
2026-09-03,15:35,LIGHT,51,
2026-09-03,15:36,LIGHT,51,
2026-09-03,15:37,LIGHT,51,
2026-09-03,15:38,LIGHT,51,
2026-09-03,15:39,LIGHT,53,
2026-09-03,15:40,LIGHT,53,
2026-09-03,15:41,LIGHT,52,
2026-09-03,15:42,LIGHT,51,
2026-09-03,15:43,LIGHT,51,
2026-09-03,15:44,LIGHT,51,
2026-09-03,15:45,LIGHT,51,
2026-09-03,15:46,LIGHT,51,
2026-09-03,15:47,LIGHT,52,
2026-09-03,15:48,LIGHT,52,
2026-09-03,15:49,LIGHT,52,
2026-09-03,15:50,LIGHT,52,
2026-09-03,15:51,LIGHT,52,
2026-09-03,15:52,LIGHT,52,
2026-09-03,15:53,LIGHT,52,
2026-09-03,15:54,LIGHT,52,
2026-09-03,15:55,LIGHT,53,
2026-09-03,15:56,LIGHT,57,
2026-09-03,15:57,LIGHT,56,
2026-09-03,15:58,LIGHT,53,
2026-09-03,15:59,LIGHT,53,
2026-09-03,16:00,LIGHT,51,
2026-09-03,16:01,LIGHT,51,
2026-09-03,16:02,LIGHT,53,
2026-09-03,16:03,LIGHT,51,
2026-09-03,16:04,LIGHT,51,
2026-09-03,16:05,LIGHT,51,
2026-09-03,16:06,LIGHT,54,
2026-09-03,16:07,LIGHT,53,
2026-09-03,16:08,LIGHT,55,
2026-09-03,16:09,LIGHT,57,
2026-09-03,16:10,LIGHT,59,
2026-09-03,16:11,LIGHT,56,
2026-09-04,00:58,LIGHT,,
2026-09-04,00:59,LIGHT,,
2026-09-04,01:00,LIGHT,,
2026-09-04,01:01,LIGHT,,
2026-09-04,01:02,LIGHT,,
2026-09-04,01:03,LIGHT,,
2026-09-04,01:04,LIGHT,,
2026-09-04,01:05,LIGHT,,
2026-09-04,01:06,LIGHT,,
2026-09-04,01:07,LIGHT,,
2026-09-04,01:08,LIGHT,,
2026-09-04,01:09,LIGHT,,
2026-09-04,01:10,LIGHT,,
2026-09-04,01:11,LIGHT,,
2026-09-04,01:12,DEEP,,
2026-09-04,01:13,DEEP,,
2026-09-04,01:14,DEEP,,
2026-09-04,01:15,DEEP,,
2026-09-04,01:16,DEEP,,
2026-09-04,01:17,DEEP,,
2026-09-04,01:18,DEEP,,
2026-09-04,01:19,DEEP,,
2026-09-04,01:20,DEEP,,
2026-09-04,01:21,DEEP,,
2026-09-04,01:22,DEEP,,
2026-09-04,01:23,DEEP,,
2026-09-04,01:24,DEEP,,
2026-09-04,01:25,DEEP,,
2026-09-04,01:26,DEEP,,
2026-09-04,01:27,DEEP,,
2026-09-04,01:28,DEEP,,
2026-09-04,01:29,DEEP,,
2026-09-04,01:30,DEEP,,
2026-09-04,01:31,DEEP,,
2026-09-04,01:32,DEEP,,
2026-09-04,01:33,DEEP,,
2026-09-04,01:34,DEEP,,
2026-09-04,01:35,DEEP,,
2026-09-04,01:36,DEEP,,
2026-09-04,01:37,DEEP,,
2026-09-04,01:38,DEEP,,
2026-09-04,01:39,DEEP,66,
2026-09-04,01:40,DEEP,87,
2026-09-04,01:41,DEEP,72,
2026-09-04,01:42,DEEP,64,
2026-09-04,01:43,DEEP,59,
2026-09-04,01:44,DEEP,53,
2026-09-04,01:45,DEEP,52,
2026-09-04,01:46,LIGHT,50,
2026-09-04,01:47,LIGHT,51,
2026-09-04,01:48,LIGHT,52,
2026-09-04,01:49,WAKE,52,
2026-09-04,01:50,LIGHT,52,
2026-09-04,01:51,LIGHT,52,
2026-09-04,01:52,LIGHT,54,
2026-09-04,01:53,LIGHT,52,
2026-09-04,01:54,LIGHT,52,
2026-09-04,01:55,LIGHT,51,
2026-09-04,01:56,LIGHT,53,
2026-09-04,01:57,LIGHT,53,
2026-09-04,01:58,LIGHT,51,
2026-09-04,01:59,REM,50,
2026-09-04,02:00,REM,49,
2026-09-04,02:01,REM,51,
2026-09-04,02:02,REM,50,
2026-09-04,02:03,REM,49,
2026-09-04,02:04,REM,48,
2026-09-04,02:05,REM,51,
2026-09-04,02:06,REM,50,
2026-09-04,02:07,REM,49,
2026-09-04,02:08,REM,50,
2026-09-04,02:09,REM,47,
2026-09-04,02:10,REM,49,
2026-09-04,02:11,REM,49,
2026-09-04,02:12,REM,46,
2026-09-04,02:13,REM,47,
2026-09-04,02:14,REM,51,
2026-09-04,02:15,REM,56,
2026-09-04,02:16,REM,50,
2026-09-04,02:17,REM,47,
2026-09-04,02:18,LIGHT,48,
2026-09-04,02:19,LIGHT,61,
2026-09-04,02:20,LIGHT,71,
2026-09-04,02:21,LIGHT,64,
2026-09-04,02:22,LIGHT,68,
2026-09-04,02:23,LIGHT,70,
2026-09-04,02:24,LIGHT,59,
2026-09-04,02:25,LIGHT,53,
2026-09-04,02:26,LIGHT,50,
2026-09-04,02:27,LIGHT,49,
2026-09-04,02:28,LIGHT,46,
2026-09-04,02:29,LIGHT,46,
2026-09-04,02:30,LIGHT,51,
2026-09-04,02:31,LIGHT,49,
2026-09-04,02:32,LIGHT,49,
2026-09-04,02:33,LIGHT,47,
2026-09-04,02:34,LIGHT,47,
2026-09-04,02:35,LIGHT,48,
2026-09-04,02:36,LIGHT,50,
2026-09-04,02:37,LIGHT,50,
2026-09-04,02:38,LIGHT,47,
2026-09-04,02:39,LIGHT,49,
2026-09-04,02:40,LIGHT,50,
2026-09-04,02:41,LIGHT,50,
2026-09-04,02:42,LIGHT,55,
2026-09-04,02:43,LIGHT,56,
2026-09-04,02:44,LIGHT,51,
2026-09-04,02:45,LIGHT,48,
2026-09-04,02:46,WAKE,50,
2026-09-04,02:47,WAKE,48,
2026-09-04,02:48,LIGHT,51,
2026-09-04,02:49,LIGHT,61,
2026-09-04,02:50,LIGHT,63,
2026-09-04,02:51,LIGHT,58,
2026-09-04,02:52,LIGHT,51,
2026-09-04,02:53,LIGHT,50,
2026-09-04,02:54,LIGHT,60,
2026-09-04,02:55,LIGHT,55,
2026-09-04,02:56,LIGHT,50,
2026-09-04,02:57,LIGHT,48,
2026-09-04,02:58,LIGHT,48,
2026-09-04,02:59,LIGHT,48,
2026-09-04,03:00,LIGHT,46,
2026-09-04,03:01,LIGHT,46,
2026-09-04,03:02,LIGHT,46,
2026-09-04,03:03,LIGHT,46,
2026-09-04,03:04,LIGHT,46,
2026-09-04,03:05,LIGHT,46,
2026-09-04,03:06,LIGHT,45,
2026-09-04,03:07,LIGHT,45,
2026-09-04,03:08,DEEP,45,
2026-09-04,03:09,DEEP,44,
2026-09-04,03:10,DEEP,44,
2026-09-04,03:11,DEEP,45,
2026-09-04,03:12,DEEP,45,
2026-09-04,03:13,DEEP,45,
2026-09-04,03:14,DEEP,45,
2026-09-04,03:15,DEEP,45,
2026-09-04,03:16,DEEP,45,
2026-09-04,03:17,DEEP,44,
2026-09-04,03:18,DEEP,44,
2026-09-04,03:19,LIGHT,44,
2026-09-04,03:20,LIGHT,44,
2026-09-04,03:21,LIGHT,44,
2026-09-04,03:22,LIGHT,44,
2026-09-04,03:23,REM,44,
2026-09-04,03:24,REM,44,
2026-09-04,03:25,REM,44,
2026-09-04,03:26,REM,44,
2026-09-04,03:27,REM,44,
2026-09-04,03:28,REM,44,
2026-09-04,03:29,REM,45,
2026-09-04,03:30,REM,57,
2026-09-04,03:31,REM,46,
2026-09-04,03:32,REM,43,
2026-09-04,03:33,REM,43,
2026-09-04,03:34,REM,42,
2026-09-04,03:35,REM,42,
2026-09-04,03:36,REM,42,
2026-09-04,03:37,REM,43,
2026-09-04,03:38,REM,43,
2026-09-04,03:39,REM,43,
2026-09-04,03:40,REM,43,
2026-09-04,03:41,REM,43,
2026-09-04,03:42,REM,43,
2026-09-04,03:43,REM,43,
2026-09-04,03:44,REM,50,
2026-09-04,03:45,REM,58,
2026-09-04,03:46,REM,49,
2026-09-04,03:47,REM,46,
2026-09-04,03:48,REM,46,
2026-09-04,03:49,REM,47,
2026-09-04,03:50,REM,49,
2026-09-04,03:51,REM,49,
2026-09-04,03:52,REM,49,
2026-09-04,03:53,REM,49,
2026-09-04,03:54,REM,49,
2026-09-04,03:55,REM,49,
2026-09-04,03:56,REM,51,
2026-09-04,03:57,REM,53,
2026-09-04,03:58,REM,47,
2026-09-04,03:59,REM,47,
2026-09-04,04:00,REM,47,
2026-09-04,04:01,REM,47,
2026-09-04,04:02,REM,47,
2026-09-04,04:03,REM,45,
2026-09-04,04:04,REM,45,
2026-09-04,04:05,REM,45,
2026-09-04,04:06,REM,45,
2026-09-04,04:07,LIGHT,45,
2026-09-04,04:08,LIGHT,45,
2026-09-04,04:09,LIGHT,45,
2026-09-04,04:10,LIGHT,45,
2026-09-04,04:11,LIGHT,45,
2026-09-04,04:12,LIGHT,45,
2026-09-04,04:13,LIGHT,45,
2026-09-04,04:14,LIGHT,45,
2026-09-04,04:15,LIGHT,45,
2026-09-04,04:16,LIGHT,46,
2026-09-04,04:17,LIGHT,46,
2026-09-04,04:18,LIGHT,46,
2026-09-04,04:19,LIGHT,47,
2026-09-04,04:20,LIGHT,48,
2026-09-04,04:21,LIGHT,45,
2026-09-04,04:22,LIGHT,44,
2026-09-04,04:23,LIGHT,44,
2026-09-04,04:24,LIGHT,44,
2026-09-04,04:25,LIGHT,45,
2026-09-04,04:26,LIGHT,45,
2026-09-04,04:27,LIGHT,45,
2026-09-04,04:28,LIGHT,45,
2026-09-04,04:29,LIGHT,45,
2026-09-04,04:30,LIGHT,44,
2026-09-04,04:31,LIGHT,44,
2026-09-04,04:32,DEEP,44,
2026-09-04,04:33,DEEP,44,
2026-09-04,04:34,DEEP,44,
2026-09-04,04:35,DEEP,44,
2026-09-04,04:36,DEEP,45,
2026-09-04,04:37,DEEP,45,
2026-09-04,04:38,DEEP,45,
2026-09-04,04:39,DEEP,45,
2026-09-04,04:40,DEEP,45,
2026-09-04,04:41,DEEP,45,
2026-09-04,04:42,DEEP,45,
2026-09-04,04:43,LIGHT,45,
2026-09-04,04:44,LIGHT,45,
2026-09-04,04:45,LIGHT,45,
2026-09-04,04:46,LIGHT,45,
2026-09-04,04:47,LIGHT,45,
2026-09-04,04:48,LIGHT,45,
2026-09-04,04:49,LIGHT,45,
2026-09-04,04:50,LIGHT,45,
2026-09-04,04:51,LIGHT,45,
2026-09-04,04:52,LIGHT,45,
2026-09-04,04:53,LIGHT,45,
2026-09-04,04:54,LIGHT,45,
2026-09-04,04:55,LIGHT,45,
2026-09-04,04:56,LIGHT,45,
2026-09-04,04:57,LIGHT,45,
2026-09-04,04:58,LIGHT,55,
2026-09-04,04:59,LIGHT,52,
2026-09-04,05:00,LIGHT,49,
2026-09-04,05:01,LIGHT,45,
2026-09-04,05:02,LIGHT,43,
2026-09-04,05:03,LIGHT,42,
2026-09-04,05:04,LIGHT,42,
2026-09-04,05:05,LIGHT,42,
2026-09-04,05:06,LIGHT,42,
2026-09-04,05:07,WAKE,42,
2026-09-04,05:08,WAKE,44,
2026-09-04,05:09,LIGHT,41,
2026-09-04,05:10,LIGHT,40,
2026-09-04,05:11,LIGHT,42,
2026-09-04,05:12,LIGHT,41,
2026-09-04,05:13,LIGHT,41,
2026-09-04,05:14,LIGHT,41,
2026-09-04,05:15,LIGHT,43,
2026-09-04,05:16,REM,45,
2026-09-04,05:17,REM,45,
2026-09-04,05:18,REM,55,
2026-09-04,05:19,REM,51,
2026-09-04,05:20,REM,46,
2026-09-04,05:21,REM,43,
2026-09-04,05:22,REM,43,
2026-09-04,05:23,REM,45,
2026-09-04,05:24,REM,47,
2026-09-04,05:25,REM,49,
2026-09-04,05:26,REM,50,
2026-09-04,05:27,REM,50,
2026-09-04,05:28,REM,51,
2026-09-04,05:29,REM,53,
2026-09-04,05:30,REM,50,
2026-09-04,05:31,REM,51,
2026-09-04,05:32,REM,52,
2026-09-04,05:33,REM,47,
2026-09-04,05:34,REM,44,
2026-09-04,05:35,REM,44,
2026-09-04,05:36,REM,44,
2026-09-04,05:37,REM,44,
2026-09-04,05:38,REM,46,
2026-09-04,05:39,REM,45,
2026-09-04,05:40,REM,44,
2026-09-04,05:41,REM,43,
2026-09-04,05:42,REM,43,
2026-09-04,05:43,LIGHT,45,
2026-09-04,05:44,LIGHT,49,
2026-09-04,05:45,LIGHT,43,
2026-09-04,05:46,LIGHT,42,
2026-09-04,05:47,LIGHT,41,
2026-09-04,15:09,LIGHT,63,
2026-09-04,15:10,LIGHT,63,
2026-09-04,15:11,LIGHT,63,
2026-09-04,15:12,LIGHT,63,
2026-09-04,15:13,LIGHT,63,
2026-09-04,15:14,LIGHT,70,
2026-09-04,15:15,LIGHT,65,
2026-09-04,15:16,LIGHT,64,
2026-09-04,15:17,LIGHT,62,
2026-09-04,15:18,DEEP,63,
2026-09-04,15:19,DEEP,63,
2026-09-04,15:20,DEEP,65,
2026-09-04,15:21,DEEP,60,
2026-09-04,15:22,DEEP,57,
2026-09-04,15:23,DEEP,58,
2026-09-04,15:24,DEEP,58,
2026-09-04,15:25,DEEP,58,
2026-09-04,15:26,DEEP,58,
2026-09-04,15:27,DEEP,57,
2026-09-04,15:28,DEEP,58,
2026-09-04,15:29,DEEP,62,
2026-09-04,15:30,DEEP,59,
2026-09-04,15:31,DEEP,57,
2026-09-04,15:32,DEEP,59,
2026-09-04,15:33,DEEP,56,
2026-09-04,15:34,DEEP,58,
2026-09-04,15:35,DEEP,55,
2026-09-04,15:36,DEEP,57,
2026-09-04,15:37,DEEP,53,
2026-09-04,15:38,DEEP,53,
2026-09-04,15:39,DEEP,55,
2026-09-04,15:40,DEEP,57,
2026-09-04,15:41,DEEP,55,
2026-09-04,15:42,DEEP,60,
2026-09-04,15:43,DEEP,66,
2026-09-04,15:44,DEEP,71,
2026-09-04,15:45,DEEP,71,
2026-09-04,15:46,DEEP,68,
2026-09-04,15:47,DEEP,62,
2026-09-04,15:48,DEEP,68,
2026-09-04,15:49,DEEP,70,
2026-09-04,15:50,DEEP,70,
2026-09-04,15:51,DEEP,73,
2026-09-04,15:52,DEEP,75,
2026-09-04,15:53,DEEP,75,
2026-09-04,15:54,DEEP,73,
2026-09-04,15:55,DEEP,66,
2026-09-04,15:56,DEEP,71,
2026-09-04,15:57,DEEP,73,
2026-09-04,15:58,LIGHT,72,
2026-09-04,15:59,LIGHT,64,
2026-09-04,16:00,LIGHT,75,
2026-09-04,16:01,LIGHT,81,
2026-09-04,16:02,LIGHT,88,
2026-09-04,16:03,LIGHT,88,
2026-09-04,16:04,LIGHT,86,
2026-09-04,16:05,LIGHT,80,
2026-09-04,16:06,LIGHT,85,
2026-09-04,16:07,LIGHT,92,
2026-09-04,16:08,LIGHT,90,
2026-09-04,16:09,REM,89,
2026-09-04,16:10,REM,83,
2026-09-04,16:11,REM,88,
2026-09-04,16:12,REM,77,
2026-09-04,16:13,REM,79,
2026-09-04,16:14,REM,75,
2026-09-04,16:15,REM,77,
2026-09-04,16:16,REM,85,
2026-09-04,16:17,REM,85,
2026-09-04,16:18,REM,80,
2026-09-04,16:19,REM,95,
2026-09-04,16:20,REM,93,
2026-09-04,16:21,REM,95,
2026-09-04,16:22,REM,94,
2026-09-04,16:23,REM,105,
2026-09-04,16:24,REM,99,
2026-09-04,16:25,REM,101,
2026-09-04,16:26,REM,100,
2026-09-04,16:27,REM,96,
2026-09-04,16:28,REM,76,
2026-09-04,16:29,REM,77,
2026-09-04,16:30,REM,80,
2026-09-04,16:31,REM,82,
2026-09-04,16:32,REM,82,
2026-09-04,16:33,REM,77,
2026-09-04,16:34,REM,78,
2026-09-04,16:35,REM,83,
2026-09-04,16:36,REM,83,
2026-09-04,16:37,REM,88,
2026-09-04,16:38,REM,87,
2026-09-04,16:39,REM,80,
2026-09-04,16:40,REM,80,
2026-09-04,16:41,LIGHT,87,
2026-09-04,16:42,LIGHT,103,
2026-09-04,16:43,LIGHT,101,
2026-09-04,16:44,LIGHT,93,
2026-09-04,16:45,LIGHT,91,
2026-09-04,16:46,LIGHT,80,
2026-09-04,16:47,LIGHT,74,
2026-09-04,16:48,LIGHT,75,
2026-09-04,16:49,LIGHT,82,
2026-09-04,16:50,LIGHT,89,
2026-09-04,16:51,LIGHT,89,
2026-09-04,16:52,LIGHT,97,
2026-09-04,16:53,LIGHT,81,
2026-09-04,16:54,LIGHT,70,
2026-09-04,16:55,LIGHT,67,
2026-09-04,16:56,LIGHT,68,
2026-09-04,16:57,LIGHT,77,
2026-09-04,16:58,LIGHT,73,
2026-09-04,16:59,LIGHT,69,
2026-09-04,17:00,LIGHT,68,
2026-09-04,17:01,LIGHT,74,
2026-09-04,17:02,LIGHT,84,
2026-09-04,17:03,LIGHT,94,
2026-09-04,17:04,LIGHT,108,
2026-09-04,17:05,LIGHT,100,
2026-09-04,17:06,LIGHT,69,
2026-09-04,17:07,LIGHT,62,
2026-09-04,17:08,LIGHT,67,
2026-09-04,17:09,LIGHT,90,
2026-09-04,17:10,LIGHT,73,
2026-09-04,17:11,LIGHT,63,
2026-09-04,17:12,LIGHT,62,
2026-09-04,17:13,LIGHT,75,
2026-09-04,17:14,LIGHT,90,
2026-09-04,17:15,LIGHT,78,
2026-09-04,17:16,LIGHT,64,
2026-09-04,17:17,LIGHT,71,
2026-09-04,17:18,LIGHT,70,
2026-09-04,17:19,LIGHT,62,
2026-09-04,17:20,LIGHT,79,
2026-09-04,17:21,LIGHT,82,
2026-09-04,17:22,LIGHT,82,
2026-09-04,17:23,LIGHT,73,
2026-09-04,17:24,LIGHT,74,
2026-09-04,17:25,LIGHT,79,
2026-09-04,17:26,LIGHT,86,
2026-09-04,17:27,LIGHT,79,
2026-09-04,17:28,LIGHT,74,
2026-09-04,17:29,LIGHT,102,
2026-09-04,17:30,LIGHT,102,
2026-09-04,17:31,LIGHT,102,
2026-09-04,17:32,LIGHT,91,
2026-09-04,17:33,LIGHT,93,
2026-09-04,17:34,LIGHT,96,
2026-09-04,17:35,LIGHT,96,
2026-09-04,17:36,LIGHT,96,
2026-09-04,17:37,LIGHT,96,
2026-09-04,17:38,LIGHT,89,
2026-09-04,17:39,LIGHT,83,
2026-09-04,17:40,LIGHT,80,
2026-09-04,17:41,LIGHT,77,
2026-09-04,17:42,LIGHT,79,
2026-09-04,17:43,LIGHT,76,
2026-09-04,17:44,LIGHT,76,
2026-09-04,17:45,LIGHT,75,
2026-09-04,17:46,LIGHT,76,
2026-09-04,17:47,LIGHT,74,
2026-09-04,17:48,LIGHT,78,
2026-09-04,17:49,LIGHT,92,
2026-09-04,17:50,REM,86,
2026-09-04,17:51,REM,82,
2026-09-04,17:52,REM,76,
2026-09-04,17:53,REM,73,
2026-09-04,17:54,REM,75,
2026-09-04,17:55,REM,77,
2026-09-04,17:56,REM,71,
2026-09-04,17:57,REM,77,
2026-09-04,17:58,REM,75,
2026-09-04,17:59,REM,67,
2026-09-04,18:00,REM,65,
2026-09-04,18:01,REM,65,
2026-09-04,18:02,REM,62,
2026-09-04,18:03,REM,69,
2026-09-04,18:04,REM,74,
2026-09-04,18:05,REM,63,
2026-09-04,18:06,REM,60,
2026-09-04,18:07,REM,62,
2026-09-04,18:08,REM,61,
2026-09-04,18:09,REM,62,
2026-09-04,18:10,REM,59,
2026-09-04,18:11,REM,58,
2026-09-04,18:12,LIGHT,57,
2026-09-04,18:13,LIGHT,56,
2026-09-04,18:14,LIGHT,56,
2026-09-04,18:15,LIGHT,56,
2026-09-04,18:16,LIGHT,57,
2026-09-04,18:17,LIGHT,55,
2026-09-04,18:18,LIGHT,55,
2026-09-04,18:19,LIGHT,57,
2026-09-04,18:20,LIGHT,54,
2026-09-04,18:21,LIGHT,56,
2026-09-04,18:22,LIGHT,60,
2026-09-04,18:23,LIGHT,57,
2026-09-04,18:24,LIGHT,57,
2026-09-04,18:25,LIGHT,64,
2026-09-04,18:26,LIGHT,65,
2026-09-04,18:27,LIGHT,72,
2026-09-04,18:28,LIGHT,70,
2026-09-04,18:29,LIGHT,59,
2026-09-04,18:30,LIGHT,63,
2026-09-04,18:31,LIGHT,65,
2026-09-04,18:32,LIGHT,65,
2026-09-04,18:33,LIGHT,67,
2026-09-04,18:34,LIGHT,68,
2026-09-04,18:35,LIGHT,67,
2026-09-04,18:36,LIGHT,69,
2026-09-04,18:37,LIGHT,65,
2026-09-04,18:38,LIGHT,66,
2026-09-04,18:39,LIGHT,64,
2026-09-04,18:40,LIGHT,69,
2026-09-04,18:41,LIGHT,68,
2026-09-04,18:42,LIGHT,71,
2026-09-04,18:43,LIGHT,70,
2026-09-04,18:44,LIGHT,67,
2026-09-04,18:45,LIGHT,59,
2026-09-04,18:46,WAKE,56,
2026-09-04,18:47,WAKE,56,
2026-09-04,18:48,LIGHT,52,
2026-09-04,18:49,LIGHT,51,
2026-09-05,02:56,LIGHT,51,
2026-09-05,02:57,LIGHT,52,
2026-09-05,02:58,LIGHT,52,
2026-09-05,02:59,LIGHT,53,
2026-09-05,03:00,LIGHT,51,
2026-09-05,03:01,LIGHT,51,
2026-09-05,03:02,LIGHT,52,
2026-09-05,03:03,LIGHT,53,
2026-09-05,03:04,LIGHT,53,
2026-09-05,03:05,LIGHT,53,
2026-09-05,03:06,DEEP,53,
2026-09-05,03:07,DEEP,52,
2026-09-05,03:08,DEEP,52,
2026-09-05,03:09,DEEP,49,
2026-09-05,03:10,DEEP,50,
2026-09-05,03:11,DEEP,50,
2026-09-05,03:12,DEEP,50,
2026-09-05,03:13,DEEP,50,
2026-09-05,03:14,DEEP,50,
2026-09-05,03:15,DEEP,50,
2026-09-05,03:16,DEEP,49,
2026-09-05,03:17,DEEP,49,
2026-09-05,03:18,DEEP,49,
2026-09-05,03:19,DEEP,49,
2026-09-05,03:20,DEEP,49,
2026-09-05,03:21,DEEP,49,
2026-09-05,03:22,DEEP,49,
2026-09-05,03:23,DEEP,49,
2026-09-05,03:24,DEEP,49,
2026-09-05,03:25,DEEP,49,
2026-09-05,03:26,DEEP,49,
2026-09-05,03:27,DEEP,49,
2026-09-05,03:28,LIGHT,49,
2026-09-05,03:29,LIGHT,49,
2026-09-05,03:30,LIGHT,49,
2026-09-05,03:31,WAKE,49,
2026-09-05,03:32,LIGHT,49,
2026-09-05,03:33,LIGHT,50,
2026-09-05,03:34,LIGHT,50,
2026-09-05,03:35,LIGHT,50,
2026-09-05,03:36,LIGHT,50,
2026-09-05,03:37,LIGHT,50,
2026-09-05,03:38,LIGHT,51,
2026-09-05,03:39,LIGHT,51,
2026-09-05,03:40,LIGHT,51,
2026-09-05,03:41,LIGHT,51,
2026-09-05,03:42,LIGHT,58,
2026-09-05,03:43,LIGHT,52,
2026-09-05,03:44,LIGHT,51,
2026-09-05,03:45,LIGHT,52,
2026-09-05,03:46,WAKE,52,
2026-09-05,03:47,LIGHT,52,
2026-09-05,03:48,LIGHT,53,
2026-09-05,03:49,LIGHT,56,
2026-09-05,03:50,REM,56,
2026-09-05,03:51,REM,53,
2026-09-05,03:52,REM,54,
2026-09-05,03:53,REM,62,
2026-09-05,03:54,REM,58,
2026-09-05,03:55,REM,57,
2026-09-05,03:56,REM,55,
2026-09-05,03:57,REM,56,
2026-09-05,03:58,REM,58,
2026-09-05,03:59,REM,56,
2026-09-05,04:00,REM,57,
2026-09-05,04:01,REM,55,
2026-09-05,04:02,REM,56,
2026-09-05,04:03,REM,55,
2026-09-05,04:04,REM,55,
2026-09-05,04:05,REM,55,
2026-09-05,04:06,REM,55,
2026-09-05,04:07,REM,57,
2026-09-05,04:08,REM,57,
2026-09-05,04:09,REM,57,
2026-09-05,04:10,REM,56,
2026-09-05,04:11,LIGHT,53,
2026-09-05,04:12,LIGHT,53,
2026-09-05,04:13,LIGHT,53,
2026-09-05,04:14,LIGHT,54,
2026-09-05,04:15,LIGHT,54,
2026-09-05,04:16,LIGHT,53,
2026-09-05,04:17,LIGHT,53,
2026-09-05,04:18,LIGHT,53,
2026-09-05,04:19,LIGHT,53,
2026-09-05,04:20,LIGHT,53,
2026-09-05,04:21,LIGHT,53,
2026-09-05,04:22,LIGHT,53,
2026-09-05,04:23,LIGHT,53,
2026-09-05,04:24,LIGHT,53,
2026-09-05,04:25,LIGHT,53,
2026-09-05,04:26,LIGHT,53,
2026-09-05,04:27,LIGHT,53,
2026-09-05,04:28,LIGHT,53,
2026-09-05,04:29,LIGHT,53,
2026-09-05,04:30,LIGHT,52,
2026-09-05,04:31,DEEP,52,
2026-09-05,04:32,DEEP,52,
2026-09-05,04:33,DEEP,52,
2026-09-05,04:34,DEEP,52,
2026-09-05,04:35,DEEP,52,
2026-09-05,04:36,DEEP,56,
2026-09-05,04:37,DEEP,66,
2026-09-05,04:38,DEEP,55,
2026-09-05,04:39,DEEP,52,
2026-09-05,04:40,DEEP,56,
2026-09-05,04:41,DEEP,58,
2026-09-05,04:42,DEEP,57,
2026-09-05,04:43,DEEP,54,
2026-09-05,04:44,DEEP,53,
2026-09-05,04:45,DEEP,53,
2026-09-05,04:46,DEEP,53,
2026-09-05,04:47,DEEP,53,
2026-09-05,04:48,DEEP,53,
2026-09-05,04:49,DEEP,53,
2026-09-05,04:50,DEEP,60,
2026-09-05,04:51,DEEP,54,
2026-09-05,04:52,DEEP,51,
2026-09-05,04:53,DEEP,51,
2026-09-05,04:54,DEEP,51,
2026-09-05,04:55,DEEP,51,
2026-09-05,04:56,LIGHT,51,
2026-09-05,04:57,LIGHT,51,
2026-09-05,04:58,LIGHT,51,
2026-09-05,04:59,WAKE,52,
2026-09-05,05:00,WAKE,52,
2026-09-05,05:01,WAKE,52,
2026-09-05,05:02,LIGHT,51,
2026-09-05,05:03,LIGHT,51,
2026-09-05,05:04,LIGHT,51,
2026-09-05,05:05,LIGHT,54,
2026-09-05,05:06,LIGHT,53,
2026-09-05,05:07,LIGHT,53,
2026-09-05,05:08,LIGHT,54,
2026-09-05,05:09,LIGHT,53,
2026-09-05,05:10,LIGHT,57,
2026-09-05,05:11,LIGHT,54,
2026-09-05,05:12,LIGHT,59,
2026-09-05,05:13,LIGHT,51,
2026-09-05,05:14,LIGHT,48,
2026-09-05,05:15,LIGHT,49,
2026-09-05,05:16,LIGHT,49,
2026-09-05,05:17,LIGHT,56,
2026-09-05,05:18,LIGHT,50,
2026-09-05,05:19,WAKE,52,
2026-09-05,05:20,LIGHT,54,
2026-09-05,05:21,LIGHT,55,
2026-09-05,05:22,LIGHT,55,
2026-09-05,05:23,LIGHT,57,
2026-09-05,05:24,LIGHT,57,
2026-09-05,05:25,LIGHT,57,
2026-09-05,05:26,LIGHT,62,
2026-09-05,05:27,LIGHT,54,
2026-09-05,05:28,REM,54,
2026-09-05,05:29,REM,54,
2026-09-05,05:30,REM,55,
2026-09-05,05:31,REM,55,
2026-09-05,05:32,REM,52,
2026-09-05,05:33,REM,53,
2026-09-05,05:34,REM,54,
2026-09-05,05:35,REM,54,
2026-09-05,05:36,REM,53,
2026-09-05,05:37,REM,54,
2026-09-05,05:38,REM,59,
2026-09-05,05:39,REM,52,
2026-09-05,05:40,REM,52,
2026-09-05,05:41,LIGHT,52,
2026-09-05,05:42,LIGHT,52,
2026-09-05,05:43,LIGHT,51,
2026-09-05,05:44,LIGHT,51,
2026-09-05,05:45,WAKE,51,
2026-09-05,05:46,LIGHT,51,
2026-09-05,05:47,LIGHT,50,
2026-09-05,05:48,LIGHT,51,
2026-09-05,05:49,LIGHT,51,
2026-09-05,05:50,LIGHT,53,
2026-09-05,05:51,LIGHT,48,
2026-09-05,05:52,LIGHT,48,
2026-09-05,05:53,LIGHT,48,
2026-09-05,05:54,LIGHT,48,
2026-09-05,05:55,LIGHT,48,
2026-09-05,05:56,LIGHT,48,
2026-09-05,05:57,LIGHT,48,
2026-09-05,05:58,LIGHT,49,
2026-09-05,05:59,LIGHT,49,
2026-09-05,06:00,LIGHT,49,
2026-09-05,06:01,LIGHT,49,
2026-09-05,06:02,LIGHT,51,
2026-09-05,06:03,LIGHT,51,
2026-09-05,06:04,LIGHT,50,
2026-09-05,06:05,LIGHT,49,
2026-09-05,06:06,LIGHT,49,
2026-09-05,06:07,LIGHT,49,
2026-09-05,06:08,LIGHT,49,
2026-09-05,06:09,LIGHT,49,
2026-09-05,06:10,LIGHT,49,
2026-09-05,06:11,LIGHT,49,
2026-09-05,06:12,WAKE,49,
2026-09-05,06:13,WAKE,49,
2026-09-05,06:14,LIGHT,50,
2026-09-05,06:15,LIGHT,50,
2026-09-05,06:16,LIGHT,50,
2026-09-05,06:17,LIGHT,50,
2026-09-05,06:18,LIGHT,50,
2026-09-05,06:19,LIGHT,50,
2026-09-05,06:20,LIGHT,49,
2026-09-05,06:21,REM,51,
2026-09-05,06:22,REM,51,
2026-09-05,06:23,REM,49,
2026-09-05,06:24,REM,49,
2026-09-05,06:25,REM,49,
2026-09-05,06:26,REM,49,
2026-09-05,06:27,REM,49,
2026-09-05,06:28,REM,49,
2026-09-05,06:29,REM,49,
2026-09-05,06:30,REM,48,
2026-09-05,06:31,REM,47,
2026-09-05,06:32,REM,47,
2026-09-05,06:33,REM,47,
2026-09-05,06:34,REM,47,
2026-09-05,06:35,REM,47,
2026-09-05,06:36,REM,47,
2026-09-05,06:37,REM,47,
2026-09-05,06:38,REM,51,
2026-09-05,06:39,REM,53,
2026-09-05,06:40,REM,47,
2026-09-05,06:41,LIGHT,49,
2026-09-05,06:42,LIGHT,44,
2026-09-05,06:43,LIGHT,44,
2026-09-05,06:44,WAKE,47,
2026-09-05,06:45,LIGHT,44,
2026-09-05,06:46,LIGHT,46,
2026-09-05,06:47,LIGHT,44,
2026-09-05,06:48,LIGHT,44,
2026-09-05,06:49,LIGHT,46,
2026-09-05,06:50,LIGHT,44,
2026-09-05,06:51,LIGHT,44,
2026-09-05,06:52,LIGHT,47,
2026-09-05,06:53,LIGHT,53,
2026-09-05,06:54,LIGHT,46,
2026-09-05,06:55,LIGHT,46,
2026-09-05,06:56,LIGHT,46,
2026-09-05,06:57,LIGHT,45,
2026-09-05,06:58,LIGHT,45,
2026-09-05,06:59,LIGHT,46,
2026-09-05,07:00,LIGHT,47,
2026-09-05,07:01,LIGHT,45,
2026-09-05,07:02,LIGHT,45,
2026-09-05,07:03,LIGHT,52,
2026-09-05,07:04,LIGHT,45,
2026-09-05,07:05,LIGHT,42,
2026-09-05,07:06,LIGHT,41,
2026-09-05,07:07,LIGHT,41,
2026-09-05,07:08,LIGHT,41,
2026-09-05,07:09,LIGHT,41,
2026-09-05,07:10,LIGHT,41,
2026-09-05,07:11,LIGHT,41,
2026-09-05,07:12,LIGHT,42,
2026-09-05,07:13,LIGHT,42,
2026-09-05,07:14,LIGHT,42,
2026-09-05,07:15,LIGHT,43,
2026-09-05,07:16,LIGHT,44,
2026-09-05,07:17,LIGHT,43,
2026-09-05,07:18,LIGHT,43,
2026-09-05,07:19,LIGHT,50,
2026-09-05,07:20,LIGHT,43,
2026-09-05,07:21,LIGHT,49,
2026-09-05,07:22,LIGHT,49,
2026-09-05,07:23,LIGHT,47,
2026-09-05,07:24,LIGHT,45,
2026-09-05,07:25,LIGHT,45,
2026-09-05,07:26,LIGHT,45,
2026-09-05,07:27,LIGHT,45,
2026-09-05,07:28,WAKE,45,
2026-09-05,07:29,WAKE,48,
2026-09-05,07:30,LIGHT,45,
2026-09-05,07:31,WAKE,42,
2026-09-05,07:32,WAKE,44,
2026-09-05,07:33,WAKE,42,
2026-09-05,07:34,LIGHT,44,
2026-09-05,07:35,WAKE,44,
2026-09-05,07:36,WAKE,45,
2026-09-05,07:37,WAKE,44,
2026-09-05,07:38,WAKE,52,
2026-09-05,07:39,WAKE,44,
2026-09-05,07:40,WAKE,42,
2026-09-05,07:41,WAKE,44,
2026-09-05,07:42,WAKE,49,
2026-09-05,07:43,WAKE,43,
2026-09-05,07:44,WAKE,40,
2026-09-05,07:45,WAKE,41,
2026-09-05,07:46,WAKE,41,
2026-09-05,07:47,WAKE,42,
2026-09-05,07:48,WAKE,43,
2026-09-05,07:49,WAKE,40,
2026-09-05,07:50,WAKE,45,
2026-09-05,07:51,WAKE,42,
2026-09-05,07:52,WAKE,42,
2026-09-05,07:53,WAKE,41,
2026-09-05,07:54,WAKE,42,
2026-09-05,07:55,WAKE,42,
2026-09-05,07:56,WAKE,42,
2026-09-05,07:57,WAKE,44,
2026-09-05,07:58,WAKE,43,
2026-09-05,07:59,WAKE,42,
2026-09-05,08:00,WAKE,42,
2026-09-05,08:01,WAKE,42,
2026-09-05,08:02,WAKE,43,
2026-09-05,08:03,WAKE,43,
2026-09-05,08:04,WAKE,42,
2026-09-05,08:05,WAKE,43,
2026-09-05,08:06,WAKE,43,
2026-09-05,08:07,WAKE,43,
2026-09-05,08:08,WAKE,43,
2026-09-05,08:09,WAKE,43,
2026-09-05,08:10,WAKE,44,
2026-09-05,08:11,WAKE,43,
2026-09-05,08:12,WAKE,43,
2026-09-05,08:13,WAKE,43,
2026-09-05,08:14,WAKE,43,
2026-09-05,08:15,WAKE,44,
2026-09-05,08:16,WAKE,44,
2026-09-05,08:17,WAKE,44,
2026-09-05,08:18,WAKE,44,
2026-09-05,08:19,WAKE,44,
2026-09-05,08:20,WAKE,46,
2026-09-05,08:21,WAKE,46,
2026-09-05,08:22,WAKE,45,
2026-09-05,08:23,WAKE,46,
2026-09-05,08:24,WAKE,45,
2026-09-05,08:25,WAKE,44,
2026-09-05,08:26,WAKE,44,
2026-09-05,08:27,WAKE,44,
2026-09-05,08:28,WAKE,45,
2026-09-05,08:29,WAKE,45,
2026-09-05,08:30,WAKE,45,
2026-09-05,08:31,WAKE,45,
2026-09-05,08:32,WAKE,45,
2026-09-05,08:33,WAKE,45,
2026-09-05,08:34,WAKE,45,
2026-09-05,08:35,WAKE,45,
2026-09-05,08:36,WAKE,53,
2026-09-05,08:37,WAKE,48,
2026-09-05,08:38,WAKE,51,
2026-09-05,08:39,WAKE,48,
2026-09-05,08:40,WAKE,44,
2026-09-05,08:41,WAKE,41,
2026-09-05,08:42,WAKE,41,
2026-09-05,08:43,WAKE,43,
2026-09-05,08:44,WAKE,44,
2026-09-05,08:45,WAKE,44,
2026-09-05,08:46,WAKE,44,
2026-09-05,08:47,WAKE,44,
2026-09-05,08:48,WAKE,44,
2026-09-05,08:49,WAKE,44,
2026-09-05,08:50,WAKE,46,
2026-09-05,08:51,WAKE,48,
2026-09-05,08:52,WAKE,45,
2026-09-05,08:53,WAKE,43,
2026-09-05,08:54,WAKE,50,
2026-09-05,08:55,WAKE,47,
2026-09-05,08:56,WAKE,46,
2026-09-05,08:57,WAKE,46,
2026-09-05,08:58,WAKE,46,
2026-09-05,08:59,WAKE,47,
2026-09-05,09:00,WAKE,49,
2026-09-05,09:01,WAKE,51,
2026-09-05,09:02,WAKE,57,
2026-09-05,09:03,WAKE,51,
2026-09-05,09:04,WAKE,45,
2026-09-05,09:05,WAKE,49,
2026-09-05,09:06,WAKE,46,
2026-09-05,09:07,WAKE,43,
2026-09-05,09:08,WAKE,42,
2026-09-05,09:09,WAKE,42,
2026-09-05,09:10,WAKE,45,
2026-09-05,09:11,WAKE,45,
2026-09-05,09:12,WAKE,44,
2026-09-05,09:13,WAKE,45,
2026-09-05,09:14,WAKE,44,
2026-09-05,09:15,WAKE,48,
2026-09-05,09:16,WAKE,44,
2026-09-05,09:17,WAKE,47,
2026-09-05,09:18,WAKE,43,
2026-09-05,09:19,WAKE,47,
2026-09-05,09:20,WAKE,44,
2026-09-05,09:21,WAKE,44,
2026-09-05,09:22,WAKE,51,
2026-09-05,09:23,WAKE,48,
2026-09-05,09:24,WAKE,50,
2026-09-05,09:25,WAKE,51,
2026-09-05,09:26,WAKE,49,
2026-09-05,09:27,WAKE,48,
2026-09-05,09:28,WAKE,54,
2026-09-05,09:29,WAKE,55,
2026-09-05,09:30,WAKE,55,
2026-09-05,09:31,WAKE,54,
2026-09-05,09:32,WAKE,46,
2026-09-05,09:33,WAKE,53,
2026-09-05,09:34,WAKE,53,
2026-09-05,09:35,WAKE,47,
2026-09-05,09:36,WAKE,56,
2026-09-05,09:37,LIGHT,48,
2026-09-05,09:38,LIGHT,48,
2026-09-05,09:39,LIGHT,52,
2026-09-05,09:40,LIGHT,49,
2026-09-05,09:41,LIGHT,44,
2026-09-05,09:42,LIGHT,46,
2026-09-05,09:43,LIGHT,49,
2026-09-05,09:44,LIGHT,46,
2026-09-05,09:45,LIGHT,46,
2026-09-05,09:46,LIGHT,50,
2026-09-05,09:47,LIGHT,56,
2026-09-05,09:48,LIGHT,56,
2026-09-05,09:49,LIGHT,60,
2026-09-05,09:50,LIGHT,54,
2026-09-05,09:51,LIGHT,57,
2026-09-05,09:52,LIGHT,51,
2026-09-05,09:53,LIGHT,48,
2026-09-05,09:54,LIGHT,50,
2026-09-05,09:55,LIGHT,52,
2026-09-05,09:56,LIGHT,51,
2026-09-05,09:57,LIGHT,49,
2026-09-05,09:58,LIGHT,47,
2026-09-05,09:59,DEEP,58,
2026-09-05,10:00,DEEP,60,
2026-09-05,10:01,DEEP,58,
2026-09-05,10:02,DEEP,54,
2026-09-05,10:03,DEEP,51,
2026-09-05,10:04,DEEP,61,
2026-09-05,10:05,DEEP,71,
2026-09-05,10:06,DEEP,73,
2026-09-05,10:07,DEEP,77,
2026-09-05,10:08,DEEP,82,
2026-09-05,10:09,DEEP,82,
2026-09-05,10:10,DEEP,75,
2026-09-05,10:11,DEEP,76,
2026-09-05,10:12,DEEP,79,
2026-09-05,10:13,DEEP,82,
2026-09-05,10:14,DEEP,82,
2026-09-05,10:15,DEEP,87,
2026-09-05,10:16,DEEP,93,
2026-09-05,10:17,DEEP,93,
2026-09-05,10:18,DEEP,86,
2026-09-05,10:19,DEEP,84,
2026-09-05,10:20,DEEP,63,
2026-09-05,10:21,DEEP,55,
2026-09-05,10:22,DEEP,54,
2026-09-05,10:23,DEEP,56,
2026-09-05,10:24,DEEP,67,
2026-09-05,10:25,DEEP,95,
2026-09-05,10:26,DEEP,99,
2026-09-05,10:27,LIGHT,101,
2026-09-05,10:28,LIGHT,100,
2026-09-05,10:29,LIGHT,96,
2026-09-05,10:30,LIGHT,93,
2026-09-05,10:31,LIGHT,87,
2026-09-05,10:32,LIGHT,89,
2026-09-05,10:33,LIGHT,98,
2026-09-05,10:34,LIGHT,100,
2026-09-05,10:35,LIGHT,99,
2026-09-05,10:36,LIGHT,102,
2026-09-05,10:37,LIGHT,115,
2026-09-05,10:38,LIGHT,122,
2026-09-05,10:39,LIGHT,119,
2026-09-05,10:40,LIGHT,120,
2026-09-05,10:41,LIGHT,105,
2026-09-05,10:42,LIGHT,105,
2026-09-05,10:43,REM,107,
2026-09-05,10:44,REM,105,
2026-09-05,10:45,REM,107,
2026-09-05,10:46,REM,104,
2026-09-05,10:47,REM,107,
2026-09-05,10:48,REM,112,
2026-09-05,10:49,REM,119,
2026-09-05,10:50,REM,121,
2026-09-05,10:51,REM,112,
2026-09-05,10:52,REM,119,
2026-09-05,10:53,REM,124,
2026-09-05,10:54,REM,123,
2026-09-05,10:55,REM,129,
2026-09-05,10:56,REM,131,
2026-09-05,10:57,REM,114,
2026-09-05,10:58,REM,101,
2026-09-05,10:59,LIGHT,99,
2026-09-05,11:00,LIGHT,101,
2026-09-05,11:01,LIGHT,104,
2026-09-05,11:02,WAKE,106,
2026-09-05,11:03,LIGHT,116,
2026-09-05,11:04,LIGHT,114,
2026-09-05,11:05,LIGHT,106,
2026-09-05,11:06,REM,106,
2026-09-05,11:07,REM,109,
2026-09-05,11:08,REM,116,
2026-09-05,11:09,REM,116,
2026-09-05,11:10,REM,120,
2026-09-05,11:11,REM,109,
2026-09-05,11:12,REM,109,
2026-09-05,11:13,LIGHT,118,
2026-09-05,11:14,LIGHT,113,
2026-09-05,11:15,LIGHT,105,
2026-09-05,11:16,LIGHT,105,
2026-09-05,11:17,LIGHT,107,
2026-09-05,11:18,LIGHT,103,
2026-09-05,11:19,LIGHT,103,
2026-09-05,11:20,LIGHT,108,
2026-09-05,11:21,LIGHT,107,
2026-09-05,11:22,LIGHT,104,
2026-09-05,11:23,LIGHT,101,
2026-09-05,11:24,LIGHT,104,
2026-09-05,11:25,LIGHT,109,
2026-09-05,11:26,LIGHT,109,
2026-09-05,11:27,LIGHT,106,
2026-09-05,11:28,LIGHT,105,
2026-09-05,11:29,LIGHT,101,
2026-09-05,11:30,LIGHT,90,
2026-09-05,11:31,LIGHT,82,
2026-09-05,11:32,LIGHT,76,
2026-09-05,11:33,LIGHT,75,
2026-09-05,11:34,LIGHT,67,
2026-09-05,11:35,LIGHT,68,
2026-09-05,11:36,LIGHT,65,
2026-09-05,11:37,LIGHT,63,
2026-09-05,11:38,LIGHT,65,
2026-09-05,11:39,LIGHT,70,
2026-09-05,11:40,LIGHT,70,
2026-09-05,11:41,LIGHT,69,
2026-09-05,11:42,LIGHT,66,
2026-09-05,11:43,LIGHT,61,
2026-09-05,11:44,LIGHT,62,
2026-09-05,11:45,LIGHT,64,
2026-09-05,11:46,LIGHT,63,
2026-09-05,11:47,LIGHT,64,
2026-09-05,11:48,LIGHT,67,
2026-09-05,11:49,LIGHT,64,
2026-09-05,11:50,LIGHT,73,
2026-09-05,11:51,REM,75,
2026-09-05,11:52,REM,74,
2026-09-05,11:53,REM,71,
2026-09-05,11:54,LIGHT,71,
2026-09-05,11:55,LIGHT,76,
2026-09-05,11:56,LIGHT,72,
2026-09-05,11:57,WAKE,77,
2026-09-05,11:58,LIGHT,83,
2026-09-05,11:59,LIGHT,77,
2026-09-05,12:00,LIGHT,70,
2026-09-05,12:01,LIGHT,73,
2026-09-05,12:02,LIGHT,75,
2026-09-05,12:03,REM,67,
2026-09-05,12:04,REM,73,
2026-09-05,12:05,REM,71,
2026-09-05,12:06,REM,68,
2026-09-05,12:07,REM,64,
2026-09-05,12:08,REM,73,
2026-09-05,12:09,REM,78,
2026-09-05,12:10,REM,72,
2026-09-05,12:11,REM,66,
2026-09-05,12:12,REM,67,
2026-09-05,12:13,REM,61,
2026-09-05,12:14,REM,61,
2026-09-05,12:15,REM,63,
2026-09-05,12:16,REM,60,
2026-09-05,12:17,LIGHT,60,
2026-09-05,12:18,LIGHT,57,
2026-09-05,12:19,LIGHT,56,
2026-09-05,12:20,LIGHT,56,
2026-09-05,12:21,LIGHT,56,
2026-09-05,12:22,LIGHT,56,
2026-09-05,12:23,LIGHT,57,
2026-09-05,12:24,LIGHT,57,
2026-09-05,12:25,LIGHT,59,
2026-09-05,12:26,LIGHT,59,
2026-09-05,12:27,LIGHT,59,
2026-09-05,12:28,LIGHT,61,
2026-09-05,12:29,LIGHT,62,
2026-09-05,12:30,LIGHT,63,
2026-09-05,12:31,LIGHT,58,
2026-09-05,12:32,LIGHT,58,
2026-09-05,12:33,LIGHT,61,
2026-09-05,12:34,LIGHT,63,
2026-09-05,12:35,LIGHT,60,
2026-09-05,12:36,LIGHT,58,
2026-09-05,12:37,LIGHT,60,
2026-09-05,12:38,LIGHT,62,
2026-09-05,12:39,LIGHT,64,
2026-09-05,12:40,LIGHT,59,
2026-09-05,12:41,LIGHT,54,
2026-09-05,12:42,LIGHT,52,
2026-09-05,12:43,LIGHT,54,
2026-09-05,12:44,LIGHT,52,
2026-09-05,12:45,LIGHT,53,
2026-09-05,12:46,LIGHT,54,
2026-09-05,12:47,LIGHT,52,
2026-09-05,12:48,LIGHT,52,
2026-09-05,12:49,LIGHT,54,
2026-09-05,12:50,LIGHT,56,
2026-09-05,12:51,LIGHT,63,
2026-09-05,12:52,LIGHT,65,
2026-09-05,12:53,LIGHT,66,
2026-09-05,12:54,LIGHT,68,
2026-09-06,03:05,LIGHT,44,
2026-09-06,03:06,LIGHT,44,
2026-09-06,03:07,LIGHT,44,
2026-09-06,03:08,LIGHT,44,
2026-09-06,03:09,LIGHT,44,
2026-09-06,03:10,LIGHT,44,
2026-09-06,03:11,LIGHT,44,
2026-09-06,03:12,LIGHT,44,
2026-09-06,03:13,LIGHT,44,
2026-09-06,03:14,LIGHT,49,
2026-09-06,03:15,LIGHT,56,
2026-09-06,03:16,LIGHT,49,
2026-09-06,03:17,DEEP,54,
2026-09-06,03:18,DEEP,50,
2026-09-06,03:19,DEEP,47,
2026-09-06,03:20,DEEP,45,
2026-09-06,03:21,DEEP,45,
2026-09-06,03:22,DEEP,48,
2026-09-06,03:23,DEEP,47,
2026-09-06,03:24,DEEP,49,
2026-09-06,03:25,DEEP,46,
2026-09-06,03:26,DEEP,46,
2026-09-06,03:27,DEEP,46,
2026-09-06,03:28,DEEP,46,
2026-09-06,03:29,DEEP,46,
2026-09-06,03:30,DEEP,48,
2026-09-06,03:31,DEEP,46,
2026-09-06,03:32,DEEP,47,
2026-09-06,03:33,DEEP,46,
2026-09-06,03:34,DEEP,46,
2026-09-06,03:35,DEEP,45,
2026-09-06,03:36,DEEP,46,
2026-09-06,03:37,DEEP,48,
2026-09-06,03:38,DEEP,48,
2026-09-06,03:39,DEEP,47,
2026-09-06,03:40,DEEP,47,
2026-09-06,03:41,DEEP,47,
2026-09-06,03:42,DEEP,46,
2026-09-06,03:43,LIGHT,45,
2026-09-06,03:44,LIGHT,47,
2026-09-06,03:45,LIGHT,47,
2026-09-06,03:46,LIGHT,51,
2026-09-06,03:47,LIGHT,50,
2026-09-06,03:48,LIGHT,47,
2026-09-06,03:49,LIGHT,46,
2026-09-06,03:50,LIGHT,50,
2026-09-06,03:51,LIGHT,46,
2026-09-06,03:52,LIGHT,49,
2026-09-06,03:53,LIGHT,44,
2026-09-06,03:54,LIGHT,44,
2026-09-06,03:55,REM,44,
2026-09-06,03:56,REM,44,
2026-09-06,03:57,REM,44,
2026-09-06,03:58,REM,44,
2026-09-06,03:59,REM,49,
2026-09-06,04:00,REM,54,
2026-09-06,04:01,REM,47,
2026-09-06,04:02,REM,45,
2026-09-06,04:03,REM,45,
2026-09-06,04:04,REM,45,
2026-09-06,04:05,REM,45,
2026-09-06,04:06,REM,45,
2026-09-06,04:07,REM,45,
2026-09-06,04:08,REM,49,
2026-09-06,04:09,REM,46,
2026-09-06,04:10,LIGHT,46,
2026-09-06,04:11,LIGHT,44,
2026-09-06,04:12,LIGHT,44,
2026-09-06,04:13,LIGHT,54,
2026-09-06,04:14,LIGHT,48,
2026-09-06,04:15,LIGHT,45,
2026-09-06,04:16,LIGHT,45,
2026-09-06,04:17,LIGHT,45,
2026-09-06,04:18,LIGHT,47,
2026-09-06,04:19,LIGHT,45,
2026-09-06,04:20,LIGHT,44,
2026-09-06,04:21,LIGHT,44,
2026-09-06,04:22,LIGHT,44,
2026-09-06,04:23,LIGHT,44,
2026-09-06,04:24,LIGHT,44,
2026-09-06,04:25,LIGHT,44,
2026-09-06,04:26,LIGHT,44,
2026-09-06,04:27,LIGHT,45,
2026-09-06,04:28,LIGHT,45,
2026-09-06,04:29,LIGHT,45,
2026-09-06,04:30,LIGHT,45,
2026-09-06,04:31,LIGHT,45,
2026-09-06,04:32,LIGHT,52,
2026-09-06,04:33,LIGHT,59,
2026-09-06,04:34,LIGHT,51,
2026-09-06,04:35,LIGHT,46,
2026-09-06,04:36,LIGHT,45,
2026-09-06,04:37,LIGHT,45,
2026-09-06,04:38,LIGHT,46,
2026-09-06,04:39,LIGHT,46,
2026-09-06,04:40,LIGHT,45,
2026-09-06,04:41,LIGHT,45,
2026-09-06,04:42,LIGHT,52,
2026-09-06,04:43,LIGHT,51,
2026-09-06,04:44,LIGHT,45,
2026-09-06,04:45,LIGHT,44,
2026-09-06,04:46,LIGHT,44,
2026-09-06,04:47,LIGHT,45,
2026-09-06,04:48,LIGHT,46,
2026-09-06,04:49,LIGHT,51,
2026-09-06,04:50,LIGHT,43,
2026-09-06,04:51,LIGHT,42,
2026-09-06,04:52,LIGHT,41,
2026-09-06,04:53,LIGHT,43,
2026-09-06,04:54,LIGHT,40,
2026-09-06,04:55,LIGHT,41,
2026-09-06,04:56,LIGHT,40,
2026-09-06,04:57,LIGHT,41,
2026-09-06,04:58,LIGHT,41,
2026-09-06,04:59,LIGHT,42,
2026-09-06,05:00,LIGHT,44,
2026-09-06,05:01,LIGHT,43,
2026-09-06,05:02,LIGHT,54,
2026-09-06,05:03,LIGHT,46,
2026-09-06,05:04,LIGHT,43,
2026-09-06,05:05,LIGHT,43,
2026-09-06,05:06,LIGHT,42,
2026-09-06,05:07,LIGHT,42,
2026-09-06,05:08,LIGHT,43,
2026-09-06,05:09,LIGHT,50,
2026-09-06,05:10,LIGHT,43,
2026-09-06,05:11,LIGHT,47,
2026-09-06,05:12,LIGHT,41,
2026-09-06,05:13,LIGHT,41,
2026-09-06,05:14,LIGHT,42,
2026-09-06,05:15,LIGHT,42,
2026-09-06,05:16,LIGHT,43,
2026-09-06,05:17,REM,48,
2026-09-06,05:18,REM,49,
2026-09-06,05:19,REM,45,
2026-09-06,05:20,REM,47,
2026-09-06,05:21,REM,44,
2026-09-06,05:22,REM,47,
2026-09-06,05:23,REM,44,
2026-09-06,05:24,REM,46,
2026-09-06,05:25,REM,42,
2026-09-06,05:26,REM,42,
2026-09-06,05:27,REM,42,
2026-09-06,05:28,REM,48,
2026-09-06,05:29,REM,47,
2026-09-06,05:30,REM,49,
2026-09-06,05:31,REM,60,
2026-09-06,05:32,REM,52,
2026-09-06,05:33,REM,50,
2026-09-06,05:34,REM,49,
2026-09-06,05:35,REM,51,
2026-09-06,05:36,REM,49,
2026-09-06,05:37,REM,58,
2026-09-06,05:38,REM,51,
2026-09-06,05:39,REM,55,
2026-09-06,05:40,REM,72,
2026-09-06,05:41,REM,74,
2026-09-06,05:42,REM,70,
2026-09-06,05:43,REM,70,
2026-09-06,05:44,REM,70,
2026-09-06,05:45,REM,72,
2026-09-06,05:46,REM,70,
2026-09-06,05:47,REM,70,
2026-09-06,05:48,REM,68,
2026-09-06,05:49,REM,59,
2026-09-06,05:50,REM,62,
2026-09-06,05:51,LIGHT,56,
2026-09-06,05:52,LIGHT,54,
2026-09-06,05:53,LIGHT,56,
2026-09-06,05:54,LIGHT,73,
2026-09-06,05:55,LIGHT,77,
2026-09-06,05:56,LIGHT,74,
2026-09-06,05:57,LIGHT,76,
2026-09-06,05:58,LIGHT,71,
2026-09-06,05:59,LIGHT,60,
2026-09-06,06:00,LIGHT,52,
2026-09-06,06:01,LIGHT,56,
2026-09-06,06:02,LIGHT,58,
2026-09-06,06:03,LIGHT,59,
2026-09-06,06:04,LIGHT,59,
2026-09-06,06:05,LIGHT,59,
2026-09-06,06:06,LIGHT,55,
2026-09-06,06:07,LIGHT,56,
2026-09-06,06:08,LIGHT,63,
2026-09-06,06:09,LIGHT,57,
2026-09-06,06:10,LIGHT,63,
2026-09-06,06:11,LIGHT,60,
2026-09-06,06:12,LIGHT,58,
2026-09-06,06:13,LIGHT,55,
2026-09-06,06:14,LIGHT,62,
2026-09-06,06:15,LIGHT,62,
2026-09-06,06:16,DEEP,64,
2026-09-06,06:17,DEEP,64,
2026-09-06,06:18,DEEP,59,
2026-09-06,06:19,DEEP,59,
2026-09-06,06:20,DEEP,55,
2026-09-06,06:21,DEEP,58,
2026-09-06,06:22,DEEP,67,
2026-09-06,06:23,DEEP,67,
2026-09-06,06:24,DEEP,63,
2026-09-06,06:25,DEEP,62,
2026-09-06,06:26,DEEP,68,
2026-09-06,06:27,DEEP,67,
2026-09-06,06:28,DEEP,57,
2026-09-06,06:29,DEEP,59,
2026-09-06,06:30,DEEP,57,
2026-09-06,06:31,DEEP,55,
2026-09-06,06:32,DEEP,57,
2026-09-06,06:33,DEEP,65,
2026-09-06,06:34,DEEP,62,
2026-09-06,06:35,DEEP,55,
2026-09-06,06:36,DEEP,55,
2026-09-06,06:37,DEEP,57,
2026-09-06,06:38,DEEP,59,
2026-09-06,06:39,DEEP,57,
2026-09-06,06:40,LIGHT,80,
2026-09-06,06:41,LIGHT,83,
2026-09-06,06:42,LIGHT,71,
2026-09-06,06:43,LIGHT,65,
2026-09-06,06:44,LIGHT,61,
2026-09-06,06:45,LIGHT,54,
2026-09-06,06:46,LIGHT,53,
2026-09-06,06:47,LIGHT,53,
2026-09-06,06:48,LIGHT,53,
2026-09-06,06:49,LIGHT,53,
2026-09-06,06:50,LIGHT,54,
2026-09-06,06:51,LIGHT,56,
2026-09-06,06:52,LIGHT,57,
2026-09-06,06:53,LIGHT,63,
2026-09-06,06:54,LIGHT,74,
2026-09-06,06:55,LIGHT,79,
2026-09-06,06:56,LIGHT,78,
2026-09-06,06:57,LIGHT,73,
2026-09-06,06:58,LIGHT,66,
2026-09-06,06:59,LIGHT,57,
2026-09-06,07:00,LIGHT,65,
2026-09-06,07:01,LIGHT,72,
2026-09-06,07:02,LIGHT,77,
2026-09-06,07:03,LIGHT,77,
2026-09-06,07:04,LIGHT,84,
2026-09-06,07:05,LIGHT,86,
2026-09-06,07:06,LIGHT,87,
2026-09-06,07:07,LIGHT,89,
2026-09-06,07:08,LIGHT,94,
2026-09-06,07:09,LIGHT,97,
2026-09-06,07:10,LIGHT,125,
2026-09-06,07:11,LIGHT,144,
2026-09-06,07:12,LIGHT,154,
2026-09-06,07:13,LIGHT,159,
2026-09-06,07:14,LIGHT,160,
2026-09-06,07:15,LIGHT,162,
2026-09-06,07:16,LIGHT,164,
2026-09-06,07:17,LIGHT,165,
2026-09-06,07:18,LIGHT,167,
2026-09-06,07:19,LIGHT,168,
2026-09-06,07:20,WAKE,169,
2026-09-06,07:21,LIGHT,169,
2026-09-06,07:22,WAKE,170,
2026-09-06,07:23,WAKE,172,
2026-09-06,07:24,LIGHT,172,
2026-09-06,07:25,LIGHT,172,
2026-09-06,07:26,LIGHT,173,
2026-09-06,07:27,LIGHT,173,
2026-09-06,07:28,LIGHT,174,
2026-09-06,07:29,LIGHT,174,
2026-09-06,07:30,LIGHT,173,
2026-09-06,07:31,REM,173,
2026-09-06,07:32,REM,173,
2026-09-06,07:33,REM,172,
2026-09-06,07:34,REM,172,
2026-09-06,07:35,REM,173,
2026-09-06,07:36,REM,175,
2026-09-06,07:37,REM,176,
2026-09-06,07:38,REM,176,
2026-09-06,07:39,REM,176,
2026-09-06,07:40,LIGHT,175,
2026-09-06,07:41,LIGHT,175,
2026-09-06,07:42,LIGHT,149,
2026-09-06,07:43,WAKE,120,
2026-09-06,07:44,LIGHT,109,
2026-09-06,07:45,LIGHT,103,
2026-09-06,07:46,LIGHT,100,
2026-09-06,07:47,LIGHT,100,
2026-09-06,07:48,LIGHT,118,
2026-09-06,07:49,LIGHT,143,
2026-09-06,07:50,LIGHT,151,
2026-09-06,07:51,LIGHT,133,
2026-09-06,07:52,LIGHT,122,
2026-09-06,07:53,LIGHT,106,
2026-09-06,07:54,LIGHT,97,
2026-09-06,07:55,LIGHT,91,
2026-09-06,07:56,LIGHT,88,
2026-09-06,07:57,LIGHT,83,
2026-09-06,07:58,LIGHT,80,
2026-09-06,07:59,LIGHT,80,
2026-09-06,08:00,LIGHT,81,
2026-09-06,08:01,LIGHT,98,
2026-09-06,08:02,LIGHT,101,
2026-09-06,08:03,LIGHT,98,
2026-09-06,08:04,LIGHT,105,
2026-09-06,08:05,LIGHT,102,
2026-09-06,08:06,LIGHT,81,
2026-09-06,08:07,LIGHT,73,
2026-09-06,08:08,LIGHT,73,
2026-09-06,08:09,LIGHT,75,
2026-09-06,08:10,LIGHT,83,
2026-09-06,08:11,LIGHT,72,
2026-09-06,08:12,LIGHT,71,
2026-09-06,08:13,LIGHT,69,
2026-09-06,08:14,LIGHT,68,
2026-09-06,08:15,LIGHT,68,
2026-09-06,08:16,LIGHT,68,
2026-09-06,08:17,LIGHT,68,
2026-09-06,08:18,LIGHT,66,
2026-09-06,08:19,LIGHT,65,
2026-09-06,08:20,DEEP,65,
2026-09-06,08:21,DEEP,68,
2026-09-06,08:22,DEEP,78,
2026-09-06,08:23,DEEP,80,
2026-09-06,08:24,DEEP,76,
2026-09-06,08:25,DEEP,68,
2026-09-06,08:26,DEEP,65,
2026-09-06,08:27,DEEP,67,
2026-09-06,08:28,DEEP,67,
2026-09-06,08:29,DEEP,67,
2026-09-06,08:30,DEEP,65,
2026-09-06,08:31,DEEP,66,
2026-09-06,08:32,DEEP,66,
2026-09-06,08:33,DEEP,64,
2026-09-06,08:34,DEEP,64,
2026-09-06,08:35,DEEP,61,
2026-09-06,08:36,DEEP,64,
2026-09-06,08:37,DEEP,66,
2026-09-06,08:38,LIGHT,65,
2026-09-06,08:39,LIGHT,65,
2026-09-06,08:40,LIGHT,64,
2026-09-06,08:41,LIGHT,62,
2026-09-06,08:42,LIGHT,62,
2026-09-06,08:43,LIGHT,63,
2026-09-06,08:44,LIGHT,63,
2026-09-06,08:45,LIGHT,65,
2026-09-06,08:46,REM,65,
2026-09-06,08:47,REM,72,
2026-09-06,08:48,REM,64,
2026-09-06,08:49,REM,60,
2026-09-06,08:50,REM,57,
2026-09-06,08:51,REM,62,
2026-09-06,08:52,REM,64,
2026-09-06,08:53,REM,61,
2026-09-06,08:54,REM,58,
2026-09-06,08:55,REM,61,
2026-09-06,08:56,REM,60,
2026-09-06,08:57,REM,58,
2026-09-06,08:58,REM,58,
2026-09-06,08:59,LIGHT,60,
2026-09-06,09:00,LIGHT,62,
2026-09-06,09:01,LIGHT,61,
2026-09-06,09:02,WAKE,58,
2026-09-06,09:03,LIGHT,56,
2026-09-06,09:04,LIGHT,60,
2026-09-06,09:05,LIGHT,62,
2026-09-06,09:06,WAKE,59,
2026-09-06,09:07,LIGHT,56,
2026-09-06,09:08,LIGHT,56,
2026-09-06,09:09,LIGHT,56,
2026-09-06,09:10,LIGHT,58,
2026-09-06,09:11,LIGHT,59,
2026-09-06,09:12,LIGHT,57,
2026-09-06,09:13,LIGHT,60,
2026-09-06,09:14,LIGHT,60,
2026-09-06,09:15,LIGHT,59,
2026-09-06,09:16,LIGHT,59,
2026-09-06,09:17,LIGHT,55,
2026-09-06,09:18,LIGHT,55,
2026-09-06,09:19,LIGHT,59,
2026-09-06,09:20,LIGHT,61,
2026-09-06,09:21,WAKE,61,
2026-09-06,09:22,LIGHT,58,
2026-09-06,09:23,LIGHT,55,
2026-09-06,09:24,LIGHT,66,
2026-09-06,17:15,LIGHT,53,
2026-09-06,17:16,LIGHT,53,
2026-09-06,17:17,LIGHT,56,
2026-09-06,17:18,LIGHT,56,
2026-09-06,17:19,LIGHT,54,
2026-09-06,17:20,LIGHT,53,
2026-09-06,17:21,LIGHT,57,
2026-09-06,17:22,LIGHT,74,
2026-09-06,17:23,LIGHT,70,
2026-09-06,17:24,LIGHT,57,
2026-09-06,17:25,LIGHT,51,
2026-09-06,17:26,LIGHT,53,
2026-09-06,17:27,LIGHT,55,
2026-09-06,17:28,LIGHT,54,
2026-09-06,17:29,LIGHT,54,
2026-09-06,17:30,LIGHT,55,
2026-09-06,17:31,LIGHT,62,
2026-09-06,17:32,DEEP,60,
2026-09-06,17:33,DEEP,60,
2026-09-06,17:34,LIGHT,62,
2026-09-06,17:35,LIGHT,62,
2026-09-06,17:36,LIGHT,66,
2026-09-06,17:37,LIGHT,63,
2026-09-06,17:38,DEEP,64,
2026-09-06,17:39,DEEP,58,
2026-09-06,17:40,DEEP,56,
2026-09-06,17:41,DEEP,58,
2026-09-06,17:42,DEEP,67,
2026-09-06,17:43,DEEP,72,
2026-09-06,17:44,DEEP,59,
2026-09-06,17:45,DEEP,64,
2026-09-06,17:46,DEEP,64,
2026-09-06,17:47,LIGHT,58,
2026-09-06,17:48,LIGHT,58,
2026-09-06,17:49,LIGHT,52,
2026-09-06,17:50,LIGHT,56,
2026-09-06,17:51,LIGHT,58,
2026-09-06,17:52,LIGHT,55,
2026-09-06,17:53,LIGHT,57,
2026-09-06,17:54,LIGHT,54,
2026-09-06,17:55,LIGHT,54,
2026-09-06,17:56,LIGHT,56,
2026-09-06,17:57,REM,53,
2026-09-06,17:58,REM,,
2026-09-06,17:59,REM,,
2026-09-06,18:00,REM,,
2026-09-06,18:01,REM,,
2026-09-06,18:02,REM,,
2026-09-06,18:03,REM,,
2026-09-06,18:04,REM,,
2026-09-06,18:05,REM,,
2026-09-06,18:06,REM,,
2026-09-06,18:07,REM,,
2026-09-06,18:08,REM,,
2026-09-06,18:09,REM,,
2026-09-06,18:10,REM,,
2026-09-06,18:11,REM,,
2026-09-06,18:12,LIGHT,,
2026-09-06,18:13,LIGHT,,
2026-09-06,18:14,LIGHT,,
2026-09-06,18:15,LIGHT,,
2026-09-06,18:16,LIGHT,,
2026-09-07,00:39,LIGHT,51,
2026-09-07,00:40,LIGHT,51,
2026-09-07,00:41,LIGHT,53,
2026-09-07,00:42,LIGHT,54,
2026-09-07,00:43,LIGHT,57,
2026-09-07,00:44,LIGHT,62,
2026-09-07,00:45,LIGHT,64,
2026-09-07,00:46,DEEP,56,
2026-09-07,00:47,DEEP,53,
2026-09-07,00:48,DEEP,54,
2026-09-07,00:49,DEEP,54,
2026-09-07,00:50,DEEP,54,
2026-09-07,00:51,DEEP,55,
2026-09-07,00:52,DEEP,56,
2026-09-07,00:53,DEEP,56,
2026-09-07,00:54,DEEP,56,
2026-09-07,00:55,DEEP,54,
2026-09-07,00:56,DEEP,61,
2026-09-07,00:57,DEEP,60,
2026-09-07,00:58,DEEP,57,
2026-09-07,00:59,DEEP,56,
2026-09-07,01:00,DEEP,54,
2026-09-07,01:01,DEEP,58,
2026-09-07,01:02,DEEP,59,
2026-09-07,01:03,DEEP,66,
2026-09-07,01:04,DEEP,85,
2026-09-07,01:05,DEEP,95,
2026-09-07,01:06,DEEP,89,
2026-09-07,01:07,DEEP,63,
2026-09-07,01:08,DEEP,54,
2026-09-07,01:09,DEEP,51,
2026-09-07,01:10,DEEP,51,
2026-09-07,01:11,DEEP,50,
2026-09-07,01:12,DEEP,52,
2026-09-07,01:13,DEEP,50,
2026-09-07,01:14,DEEP,49,
2026-09-07,01:15,DEEP,52,
2026-09-07,01:16,DEEP,49,
2026-09-07,01:17,DEEP,52,
2026-09-07,01:18,DEEP,51,
2026-09-07,01:19,DEEP,51,
2026-09-07,01:20,DEEP,51,
2026-09-07,01:21,LIGHT,53,
2026-09-07,01:22,LIGHT,51,
2026-09-07,01:23,LIGHT,60,
2026-09-07,01:24,LIGHT,70,
2026-09-07,01:25,LIGHT,60,
2026-09-07,01:26,LIGHT,56,
2026-09-07,01:27,LIGHT,53,
2026-09-07,01:28,LIGHT,49,
2026-09-07,01:29,DEEP,50,
2026-09-07,01:30,DEEP,49,
2026-09-07,01:31,DEEP,49,
2026-09-07,01:32,DEEP,49,
2026-09-07,01:33,LIGHT,52,
2026-09-07,01:34,LIGHT,57,
2026-09-07,01:35,LIGHT,54,
2026-09-07,01:36,LIGHT,53,
2026-09-07,01:37,LIGHT,58,
2026-09-07,01:38,LIGHT,58,
2026-09-07,01:39,LIGHT,56,
2026-09-07,01:40,LIGHT,51,
2026-09-07,01:41,REM,57,
2026-09-07,01:42,REM,66,
2026-09-07,01:43,REM,63,
2026-09-07,01:44,REM,52,
2026-09-07,01:45,REM,49,
2026-09-07,01:46,REM,49,
2026-09-07,01:47,REM,49,
2026-09-07,01:48,REM,47,
2026-09-07,01:49,REM,47,
2026-09-07,01:50,REM,47,
2026-09-07,01:51,REM,47,
2026-09-07,01:52,REM,48,
2026-09-07,01:53,REM,50,
2026-09-07,01:54,REM,48,
2026-09-07,01:55,REM,46,
2026-09-07,01:56,REM,45,
2026-09-07,01:57,REM,45,
2026-09-07,01:58,REM,45,
2026-09-07,01:59,REM,45,
2026-09-07,02:00,REM,46,
2026-09-07,02:01,REM,46,
2026-09-07,02:02,REM,46,
2026-09-07,02:03,REM,46,
2026-09-07,02:04,REM,46,
2026-09-07,02:05,LIGHT,53,
2026-09-07,02:06,LIGHT,48,
2026-09-07,02:07,LIGHT,45,
2026-09-07,02:08,LIGHT,45,
2026-09-07,02:09,LIGHT,45,
2026-09-07,02:10,LIGHT,47,
2026-09-07,02:11,LIGHT,48,
2026-09-07,02:12,LIGHT,47,
2026-09-07,02:13,LIGHT,47,
2026-09-07,02:14,LIGHT,46,
2026-09-07,02:15,LIGHT,47,
2026-09-07,02:16,LIGHT,48,
2026-09-07,02:17,LIGHT,48,
2026-09-07,02:18,LIGHT,51,
2026-09-07,02:19,LIGHT,47,
2026-09-07,02:20,LIGHT,46,
2026-09-07,02:21,LIGHT,46,
2026-09-07,02:22,LIGHT,46,
2026-09-07,02:23,LIGHT,47,
2026-09-07,02:24,DEEP,49,
2026-09-07,02:25,DEEP,48,
2026-09-07,02:26,DEEP,48,
2026-09-07,02:27,DEEP,49,
2026-09-07,02:28,DEEP,49,
2026-09-07,02:29,DEEP,49,
2026-09-07,02:30,DEEP,49,
2026-09-07,02:31,DEEP,49,
2026-09-07,02:32,DEEP,49,
2026-09-07,02:33,DEEP,49,
2026-09-07,02:34,DEEP,50,
2026-09-07,02:35,DEEP,50,
2026-09-07,02:36,DEEP,52,
2026-09-07,02:37,DEEP,52,
2026-09-07,02:38,DEEP,50,
2026-09-07,02:39,DEEP,50,
2026-09-07,02:40,DEEP,50,
2026-09-07,02:41,DEEP,50,
2026-09-07,02:42,DEEP,50,
2026-09-07,02:43,DEEP,50,
2026-09-07,02:44,DEEP,50,
2026-09-07,02:45,DEEP,50,
2026-09-07,02:46,DEEP,51,
2026-09-07,02:47,DEEP,51,
2026-09-07,02:48,DEEP,63,
2026-09-07,02:49,DEEP,62,
2026-09-07,02:50,DEEP,48,
2026-09-07,02:51,DEEP,45,
2026-09-07,02:52,DEEP,45,
2026-09-07,02:53,DEEP,45,
2026-09-07,02:54,DEEP,50,
2026-09-07,02:55,LIGHT,50,
2026-09-07,02:56,LIGHT,51,
2026-09-07,02:57,LIGHT,51,
2026-09-07,02:58,WAKE,50,
2026-09-07,02:59,WAKE,47,
2026-09-07,03:00,WAKE,48,
2026-09-07,03:01,LIGHT,53,
2026-09-07,03:02,LIGHT,48,
2026-09-07,03:03,LIGHT,47,
2026-09-07,03:04,LIGHT,54,
2026-09-07,03:05,LIGHT,56,
2026-09-07,03:06,LIGHT,53,
2026-09-07,03:07,LIGHT,50,
2026-09-07,03:08,LIGHT,49,
2026-09-07,03:09,LIGHT,49,
2026-09-07,03:10,LIGHT,51,
2026-09-07,03:11,LIGHT,51,
2026-09-07,03:12,LIGHT,51,
2026-09-07,03:13,LIGHT,58,
2026-09-07,03:14,LIGHT,57,
2026-09-07,03:15,LIGHT,51,
2026-09-07,03:16,LIGHT,48,
2026-09-07,03:17,LIGHT,47,
2026-09-07,03:18,WAKE,47,
2026-09-07,03:19,LIGHT,47,
2026-09-07,03:20,LIGHT,47,
2026-09-07,03:21,LIGHT,48,
2026-09-07,03:22,REM,65,
2026-09-07,03:23,REM,65,
2026-09-07,03:24,REM,67,
2026-09-07,03:25,REM,53,
2026-09-07,03:26,REM,49,
2026-09-07,03:27,REM,48,
2026-09-07,03:28,REM,50,
2026-09-07,03:29,REM,47,
2026-09-07,03:30,REM,52,
2026-09-07,03:31,REM,49,
2026-09-07,03:32,REM,49,
2026-09-07,03:33,REM,49,
2026-09-07,03:34,REM,49,
2026-09-07,03:35,REM,49,
2026-09-07,03:36,REM,50,
2026-09-07,03:37,REM,49,
2026-09-07,03:38,REM,50,
2026-09-07,03:39,REM,50,
2026-09-07,03:40,REM,49,
2026-09-07,03:41,REM,49,
2026-09-07,03:42,REM,49,
2026-09-07,03:43,REM,49,
2026-09-07,03:44,REM,49,
2026-09-07,03:45,REM,49,
2026-09-07,03:46,REM,55,
2026-09-07,03:47,REM,54,
2026-09-07,03:48,REM,52,
2026-09-07,03:49,LIGHT,50,
2026-09-07,03:50,LIGHT,49,
2026-09-07,03:51,LIGHT,47,
2026-09-07,03:52,LIGHT,47,
2026-09-07,03:53,LIGHT,47,
2026-09-07,03:54,LIGHT,47,
2026-09-07,03:55,LIGHT,47,
2026-09-07,03:56,LIGHT,47,
2026-09-07,03:57,LIGHT,47,
2026-09-07,03:58,LIGHT,47,
2026-09-07,03:59,LIGHT,47,
2026-09-07,04:00,LIGHT,47,
2026-09-07,04:01,LIGHT,47,
2026-09-07,04:02,LIGHT,47,
2026-09-07,04:03,LIGHT,47,
2026-09-07,04:04,LIGHT,47,
2026-09-07,04:05,LIGHT,47,
2026-09-07,04:06,LIGHT,47,
2026-09-07,04:07,LIGHT,47,
2026-09-07,04:08,LIGHT,47,
2026-09-07,04:09,LIGHT,47,
2026-09-07,04:10,LIGHT,47,
2026-09-07,04:11,LIGHT,47,
2026-09-07,04:12,LIGHT,46,
2026-09-07,04:13,LIGHT,46,
2026-09-07,04:14,LIGHT,46,
2026-09-07,04:15,LIGHT,46,
2026-09-07,04:16,LIGHT,49,
2026-09-07,04:17,LIGHT,49,
2026-09-07,04:18,LIGHT,49,
2026-09-07,04:19,LIGHT,48,
2026-09-07,04:20,LIGHT,48,
2026-09-07,04:21,LIGHT,45,
2026-09-07,04:22,LIGHT,47,
2026-09-07,04:23,LIGHT,48,
2026-09-07,04:24,LIGHT,50,
2026-09-07,04:25,LIGHT,46,
2026-09-07,04:26,LIGHT,46,
2026-09-07,04:27,LIGHT,49,
2026-09-07,04:28,LIGHT,54,
2026-09-07,04:29,LIGHT,53,
2026-09-07,04:30,LIGHT,50,
2026-09-07,04:31,LIGHT,47,
2026-09-07,04:32,LIGHT,48,
2026-09-07,04:33,LIGHT,51,
2026-09-07,04:34,WAKE,51,
2026-09-07,04:35,LIGHT,43,
2026-09-07,04:36,LIGHT,42,
2026-09-07,04:37,LIGHT,51,
2026-09-07,04:38,LIGHT,45,
2026-09-07,04:39,LIGHT,42,
2026-09-07,04:40,LIGHT,45,
2026-09-07,04:41,LIGHT,42,
2026-09-07,04:42,LIGHT,42,
2026-09-07,04:43,LIGHT,43,
2026-09-07,04:44,LIGHT,43,
2026-09-07,04:45,LIGHT,48,
2026-09-07,04:46,LIGHT,42,
2026-09-07,04:47,LIGHT,42,
2026-09-07,04:48,LIGHT,43,
2026-09-07,04:49,LIGHT,43,
2026-09-07,04:50,LIGHT,44,
2026-09-07,04:51,LIGHT,44,
2026-09-07,04:52,LIGHT,44,
2026-09-07,04:53,LIGHT,44,
2026-09-07,04:54,LIGHT,45,
2026-09-07,04:55,LIGHT,46,
2026-09-07,04:56,LIGHT,46,
2026-09-07,04:57,LIGHT,46,
2026-09-07,04:58,LIGHT,48,
2026-09-07,04:59,LIGHT,46,
2026-09-07,05:00,LIGHT,46,
2026-09-07,05:01,LIGHT,46,
2026-09-07,05:02,LIGHT,49,
2026-09-07,05:03,LIGHT,46,
2026-09-07,05:04,LIGHT,46,
2026-09-07,05:05,LIGHT,46,
2026-09-07,05:06,LIGHT,46,
2026-09-07,05:07,LIGHT,45,
2026-09-07,05:08,LIGHT,45,
2026-09-07,05:09,LIGHT,45,
2026-09-07,05:10,LIGHT,45,
2026-09-07,05:11,LIGHT,46,
2026-09-07,05:12,LIGHT,47,
2026-09-07,05:13,LIGHT,45,
2026-09-07,05:14,REM,45,
2026-09-07,05:15,REM,45,
2026-09-07,05:16,REM,45,
2026-09-07,05:17,REM,44,
2026-09-07,05:18,REM,45,
2026-09-07,05:19,REM,44,
2026-09-07,05:20,REM,44,
2026-09-07,05:21,REM,44,
2026-09-07,05:22,REM,43,
2026-09-07,05:23,REM,45,
2026-09-07,05:24,REM,45,
2026-09-07,05:25,REM,45,
2026-09-07,05:26,REM,44,
2026-09-07,05:27,LIGHT,44,
2026-09-07,05:28,LIGHT,44,
2026-09-07,05:29,LIGHT,44,
2026-09-07,05:30,LIGHT,44,
2026-09-07,05:31,LIGHT,44,
2026-09-07,12:00,LIGHT,54,
2026-09-07,12:01,LIGHT,60,
2026-09-07,12:02,LIGHT,66,
2026-09-07,12:03,LIGHT,62,
2026-09-07,12:04,LIGHT,63,
2026-09-07,12:05,LIGHT,57,
2026-09-07,12:06,LIGHT,51,
2026-09-07,12:07,LIGHT,54,
2026-09-07,12:08,LIGHT,54,
2026-09-07,12:09,LIGHT,54,
2026-09-07,12:10,LIGHT,55,
2026-09-07,12:11,LIGHT,54,
2026-09-07,12:12,LIGHT,53,
2026-09-07,12:13,LIGHT,53,
2026-09-07,12:14,LIGHT,54,
2026-09-07,12:15,LIGHT,56,
2026-09-07,12:16,LIGHT,61,
2026-09-07,12:17,LIGHT,66,
2026-09-07,12:18,LIGHT,67,
2026-09-07,12:19,DEEP,56,
2026-09-07,12:20,DEEP,58,
2026-09-07,12:21,DEEP,63,
2026-09-07,12:22,DEEP,63,
2026-09-07,12:23,DEEP,63,
2026-09-07,12:24,DEEP,60,
2026-09-07,12:25,DEEP,52,
2026-09-07,12:26,DEEP,52,
2026-09-07,12:27,DEEP,56,
2026-09-07,12:28,DEEP,56,
2026-09-07,12:29,DEEP,56,
2026-09-07,12:30,LIGHT,56,
2026-09-07,12:31,LIGHT,55,
2026-09-07,12:32,LIGHT,55,
2026-09-07,12:33,LIGHT,57,
2026-09-07,12:34,DEEP,60,
2026-09-07,12:35,DEEP,56,
2026-09-07,12:36,DEEP,61,
2026-09-07,12:37,DEEP,61,
2026-09-07,12:38,DEEP,58,
2026-09-07,12:39,DEEP,54,
2026-09-07,12:40,DEEP,54,
2026-09-07,12:41,DEEP,58,
2026-09-07,12:42,DEEP,56,
2026-09-07,12:43,DEEP,56,
2026-09-07,12:44,REM,54,
2026-09-07,12:45,REM,61,
2026-09-07,12:46,REM,71,
2026-09-07,12:47,LIGHT,71,
2026-09-07,12:48,LIGHT,70,
2026-09-07,12:49,LIGHT,67,
2026-09-07,12:50,WAKE,66,
2026-09-07,12:51,LIGHT,68,
2026-09-07,12:52,LIGHT,57,
2026-09-07,12:53,LIGHT,51,
2026-09-07,12:54,LIGHT,49,
2026-09-07,12:55,LIGHT,49,
2026-09-07,12:56,LIGHT,51,
2026-09-07,12:57,LIGHT,53,
2026-09-07,12:58,LIGHT,53,
2026-09-07,12:59,LIGHT,55,
2026-09-07,13:00,LIGHT,55,
2026-09-07,13:01,LIGHT,57,
2026-09-07,13:02,LIGHT,62,
2026-09-07,13:03,LIGHT,63,
2026-09-07,13:04,LIGHT,62,
2026-09-07,13:05,LIGHT,64,
2026-09-07,13:06,LIGHT,61,
2026-09-07,13:07,LIGHT,61,
2026-09-07,13:08,LIGHT,62,
2026-09-07,13:09,LIGHT,61,
2026-09-07,13:10,LIGHT,61,
2026-09-07,13:11,LIGHT,60,
2026-09-07,13:12,LIGHT,55,
2026-09-07,13:13,LIGHT,61,
2026-09-07,13:14,LIGHT,63,
2026-09-07,13:15,LIGHT,63,
2026-09-07,13:16,LIGHT,60,
2026-09-07,13:17,LIGHT,58,
2026-09-07,13:18,LIGHT,65,
2026-09-07,13:19,LIGHT,63,
2026-09-07,13:20,LIGHT,55,
2026-09-07,13:21,LIGHT,51,
2026-09-07,13:22,LIGHT,50,
2026-09-07,13:23,LIGHT,55,
2026-09-07,13:24,LIGHT,54,
2026-09-07,13:25,LIGHT,55,
2026-09-07,13:26,LIGHT,50,
2026-09-07,13:27,LIGHT,51,
2026-09-07,13:28,LIGHT,50,
2026-09-07,13:29,LIGHT,50,
2026-09-07,13:30,LIGHT,58,
2026-09-07,13:31,LIGHT,54,
2026-09-07,13:32,LIGHT,51,
2026-09-07,13:33,LIGHT,51,
2026-09-07,13:34,LIGHT,53,
2026-09-07,13:35,LIGHT,50,
2026-09-07,13:36,LIGHT,50,
2026-09-07,13:37,LIGHT,50,
2026-09-07,13:38,LIGHT,50,
2026-09-07,13:39,LIGHT,50,
2026-09-07,13:40,LIGHT,50,
2026-09-07,13:41,LIGHT,51,
2026-09-07,13:42,LIGHT,68,
2026-09-07,13:43,LIGHT,63,
2026-09-07,13:44,LIGHT,60,
2026-09-07,13:45,LIGHT,52,
2026-09-07,13:46,LIGHT,48,
2026-09-07,13:47,LIGHT,52,
2026-09-07,13:48,LIGHT,62,
2026-09-07,13:49,LIGHT,58,
2026-09-07,13:50,LIGHT,54,
2026-09-07,13:51,LIGHT,50,
2026-09-07,13:52,LIGHT,51,
2026-09-07,13:53,LIGHT,51,
2026-09-07,13:54,LIGHT,51,
2026-09-07,13:55,REM,53,
2026-09-07,13:56,REM,55,
2026-09-07,13:57,REM,52,
2026-09-07,13:58,REM,52,
2026-09-07,13:59,REM,54,
2026-09-07,14:00,REM,53,
2026-09-07,14:01,REM,57,
2026-09-07,14:02,REM,53,
2026-09-07,14:03,REM,57,
2026-09-07,14:04,REM,54,
2026-09-07,14:05,REM,53,
2026-09-07,14:06,REM,54,
2026-09-07,14:07,REM,54,
2026-09-07,14:08,REM,53,
2026-09-07,14:09,REM,55,
2026-09-07,14:10,REM,62,
2026-09-07,14:11,REM,67,
2026-09-07,14:12,REM,65,
2026-09-07,14:13,REM,59,
2026-09-07,14:14,REM,54,
2026-09-07,14:15,REM,51,
2026-09-07,14:16,REM,52,
2026-09-07,14:17,REM,53,
2026-09-07,14:18,REM,53,
2026-09-07,14:19,REM,52,
2026-09-07,14:20,REM,54,
2026-09-07,14:21,REM,56,
2026-09-07,14:22,REM,54,
2026-09-07,14:23,LIGHT,54,
2026-09-07,14:24,LIGHT,55,
2026-09-07,14:25,LIGHT,55,
2026-09-07,14:26,WAKE,54,
2026-09-07,14:27,LIGHT,55,
2026-09-07,14:28,LIGHT,55,
2026-09-07,14:29,LIGHT,58,
2026-09-07,14:30,LIGHT,55,
2026-09-07,14:31,LIGHT,54,
2026-09-07,14:32,LIGHT,57,
2026-09-07,14:33,LIGHT,69,
2026-09-07,14:34,LIGHT,61,
2026-09-07,14:35,LIGHT,63,
2026-09-07,14:36,LIGHT,61,
2026-09-07,14:37,LIGHT,60,
2026-09-07,14:38,LIGHT,58,
2026-09-07,14:39,LIGHT,62,
2026-09-07,14:40,LIGHT,56,
2026-09-07,14:41,LIGHT,53,
2026-09-07,14:42,LIGHT,56,
2026-09-07,14:43,LIGHT,58,
2026-09-07,14:44,LIGHT,53,
2026-09-07,14:45,LIGHT,53,
2026-09-08,01:51,LIGHT,41,
2026-09-08,01:52,LIGHT,41,
2026-09-08,01:53,LIGHT,41,
2026-09-08,01:54,LIGHT,55,
2026-09-08,01:55,LIGHT,46,
2026-09-08,01:56,LIGHT,41,
2026-09-08,01:57,LIGHT,40,
2026-09-08,01:58,LIGHT,40,
2026-09-08,01:59,LIGHT,40,
2026-09-08,02:00,LIGHT,40,
2026-09-08,02:01,LIGHT,40,
2026-09-08,02:02,LIGHT,40,
2026-09-08,02:03,LIGHT,42,
2026-09-08,02:04,LIGHT,42,
2026-09-08,02:05,LIGHT,42,
2026-09-08,02:06,LIGHT,42,
2026-09-08,02:07,LIGHT,42,
2026-09-08,02:08,LIGHT,42,
2026-09-08,02:09,LIGHT,42,
2026-09-08,02:10,LIGHT,42,
2026-09-08,02:11,DEEP,42,
2026-09-08,02:12,DEEP,42,
2026-09-08,02:13,DEEP,42,
2026-09-08,02:14,DEEP,42,
2026-09-08,02:15,DEEP,42,
2026-09-08,02:16,DEEP,42,
2026-09-08,02:17,DEEP,42,
2026-09-08,02:18,DEEP,42,
2026-09-08,02:19,DEEP,42,
2026-09-08,02:20,DEEP,43,
2026-09-08,02:21,DEEP,59,
2026-09-08,02:22,DEEP,54,
2026-09-08,02:23,DEEP,43,
2026-09-08,02:24,DEEP,40,
2026-09-08,02:25,DEEP,,
2026-09-08,02:26,DEEP,,
2026-09-08,02:27,DEEP,,
2026-09-08,02:28,DEEP,,
2026-09-08,02:29,DEEP,,
2026-09-08,02:30,DEEP,40,
2026-09-08,02:31,DEEP,40,
2026-09-08,02:32,DEEP,41,
2026-09-08,02:33,DEEP,41,
2026-09-08,02:34,DEEP,41,
2026-09-08,02:35,DEEP,41,
2026-09-08,02:36,DEEP,48,
2026-09-08,02:37,DEEP,40,
2026-09-08,02:38,DEEP,,
2026-09-08,02:39,DEEP,,
2026-09-08,02:40,DEEP,42,
2026-09-08,02:41,DEEP,42,
2026-09-08,02:42,DEEP,,
2026-09-08,02:43,DEEP,,
2026-09-08,02:44,DEEP,,
2026-09-08,02:45,DEEP,40,
2026-09-08,02:46,DEEP,41,
2026-09-08,02:47,LIGHT,41,
2026-09-08,02:48,LIGHT,41,
2026-09-08,02:49,LIGHT,43,
2026-09-08,02:50,WAKE,40,
2026-09-08,02:51,LIGHT,40,
2026-09-08,02:52,LIGHT,40,
2026-09-08,02:53,LIGHT,41,
2026-09-08,02:54,LIGHT,41,
2026-09-08,02:55,LIGHT,42,
2026-09-08,02:56,LIGHT,42,
2026-09-08,02:57,LIGHT,42,
2026-09-08,02:58,LIGHT,40,
2026-09-08,02:59,LIGHT,40,
2026-09-08,03:00,LIGHT,41,
2026-09-08,03:01,LIGHT,43,
2026-09-08,03:02,WAKE,44,
2026-09-08,03:03,LIGHT,44,
2026-09-08,03:04,LIGHT,42,
2026-09-08,03:05,LIGHT,44,
2026-09-08,03:06,LIGHT,46,
2026-09-08,03:07,LIGHT,41,
2026-09-08,03:08,LIGHT,43,
2026-09-08,03:09,LIGHT,41,
2026-09-08,03:10,LIGHT,41,
2026-09-08,03:11,LIGHT,43,
2026-09-08,03:12,LIGHT,40,
2026-09-08,03:13,LIGHT,,
2026-09-08,03:14,LIGHT,,
2026-09-08,03:15,LIGHT,,
2026-09-08,03:16,LIGHT,,
2026-09-08,03:17,LIGHT,,
2026-09-08,03:18,LIGHT,,
2026-09-08,03:19,LIGHT,,
2026-09-08,03:20,LIGHT,,
2026-09-08,03:21,LIGHT,46,
2026-09-08,03:22,LIGHT,41,
2026-09-08,03:23,LIGHT,,
2026-09-08,03:24,LIGHT,,
2026-09-08,03:25,LIGHT,,
2026-09-08,03:26,LIGHT,,
2026-09-08,03:27,LIGHT,,
2026-09-08,03:28,LIGHT,,
2026-09-08,03:29,LIGHT,,
2026-09-08,03:30,LIGHT,,
2026-09-08,03:31,LIGHT,,
2026-09-08,03:32,LIGHT,40,
2026-09-08,03:33,LIGHT,40,
2026-09-08,03:34,LIGHT,40,
2026-09-08,03:35,LIGHT,40,
2026-09-08,03:36,LIGHT,40,
2026-09-08,03:37,LIGHT,40,
2026-09-08,03:38,LIGHT,40,
2026-09-08,03:39,LIGHT,40,
2026-09-08,03:40,LIGHT,40,
2026-09-08,03:41,LIGHT,40,
2026-09-08,03:42,LIGHT,40,
2026-09-08,03:43,LIGHT,40,
2026-09-08,03:44,LIGHT,40,
2026-09-08,03:45,LIGHT,40,
2026-09-08,03:46,LIGHT,40,
2026-09-08,03:47,LIGHT,40,
2026-09-08,03:48,LIGHT,40,
2026-09-08,03:49,LIGHT,40,
2026-09-08,03:50,LIGHT,40,
2026-09-08,03:51,LIGHT,40,
2026-09-08,03:52,LIGHT,40,
2026-09-08,03:53,LIGHT,40,
2026-09-08,03:54,LIGHT,40,
2026-09-08,03:55,LIGHT,40,
2026-09-08,03:56,LIGHT,40,
2026-09-08,03:57,LIGHT,47,
2026-09-08,03:58,LIGHT,50,
2026-09-08,03:59,LIGHT,46,
2026-09-08,04:00,LIGHT,43,
2026-09-08,04:01,LIGHT,,
2026-09-08,04:02,LIGHT,,
2026-09-08,04:03,LIGHT,45,
2026-09-08,04:04,LIGHT,42,
2026-09-08,04:05,LIGHT,44,
2026-09-08,04:06,LIGHT,41,
2026-09-08,04:07,LIGHT,,
2026-09-08,04:08,LIGHT,,
2026-09-08,04:09,LIGHT,,
2026-09-08,04:10,LIGHT,,
2026-09-08,04:11,LIGHT,,
2026-09-08,04:12,LIGHT,,
2026-09-08,04:13,LIGHT,41,
2026-09-08,04:14,LIGHT,53,
2026-09-08,04:15,LIGHT,55,
2026-09-08,04:16,LIGHT,44,
2026-09-08,04:17,LIGHT,,
2026-09-08,04:18,LIGHT,,
2026-09-08,04:19,REM,,
2026-09-08,04:20,REM,,
2026-09-08,04:21,REM,,
2026-09-08,04:22,REM,,
2026-09-08,04:23,REM,,
2026-09-08,04:24,REM,40,
2026-09-08,04:25,REM,41,
2026-09-08,04:26,REM,44,
2026-09-08,04:27,REM,,
2026-09-08,04:28,REM,,
2026-09-08,04:29,REM,,
2026-09-08,04:30,REM,,
2026-09-08,04:31,REM,,
2026-09-08,04:32,REM,41,
2026-09-08,04:33,REM,41,
2026-09-08,04:34,REM,40,
2026-09-08,04:35,LIGHT,42,
2026-09-08,04:36,LIGHT,,
2026-09-08,04:37,LIGHT,,
2026-09-08,04:38,WAKE,41,
2026-09-08,04:39,LIGHT,40,
2026-09-08,04:40,LIGHT,40,
2026-09-08,04:41,LIGHT,40,
2026-09-08,04:42,LIGHT,43,
2026-09-08,04:43,LIGHT,40,
2026-09-08,04:44,REM,,
2026-09-08,04:45,REM,46,
2026-09-08,04:46,REM,40,
2026-09-08,04:47,REM,41,
2026-09-08,04:48,REM,41,
2026-09-08,04:49,REM,43,
2026-09-08,04:50,REM,43,
2026-09-08,04:51,REM,,
2026-09-08,04:52,REM,,
2026-09-08,04:53,REM,,
2026-09-08,04:54,REM,41,
2026-09-08,04:55,REM,,
2026-09-08,04:56,REM,,
2026-09-08,04:57,REM,,
2026-09-08,04:58,REM,,
2026-09-08,04:59,REM,45,
2026-09-08,05:00,REM,55,
2026-09-08,05:01,REM,44,
2026-09-08,05:02,REM,,
2026-09-08,05:03,REM,49,
2026-09-08,05:04,REM,43,
2026-09-08,05:05,REM,40,
2026-09-08,05:06,REM,,
2026-09-08,05:07,REM,,
2026-09-08,05:08,REM,45,
2026-09-08,05:09,REM,40,
2026-09-08,05:10,REM,48,
2026-09-08,05:11,REM,53,
2026-09-08,05:12,REM,61,
2026-09-08,05:13,LIGHT,69,
2026-09-08,05:14,LIGHT,70,
2026-09-08,05:15,LIGHT,76,
2026-09-08,05:16,LIGHT,75,
2026-09-08,05:17,LIGHT,75,
2026-09-08,05:18,LIGHT,77,
2026-09-08,05:19,LIGHT,72,
2026-09-08,05:20,LIGHT,74,
2026-09-08,05:21,LIGHT,74,
2026-09-08,05:22,LIGHT,69,
2026-09-08,05:23,LIGHT,66,
2026-09-08,05:24,LIGHT,60,
2026-09-08,05:25,LIGHT,60,
2026-09-08,05:26,LIGHT,56,
2026-09-08,05:27,LIGHT,56,
2026-09-08,05:28,LIGHT,50,
2026-09-08,05:29,DEEP,55,
2026-09-08,05:30,DEEP,65,
2026-09-08,05:31,DEEP,70,
2026-09-08,05:32,DEEP,72,
2026-09-08,05:33,DEEP,64,
2026-09-08,05:34,DEEP,60,
2026-09-08,05:35,DEEP,61,
2026-09-08,05:36,DEEP,59,
2026-09-08,05:37,DEEP,56,
2026-09-08,05:38,DEEP,60,
2026-09-08,05:39,DEEP,59,
2026-09-08,05:40,DEEP,59,
2026-09-08,05:41,DEEP,56,
2026-09-08,05:42,DEEP,55,
2026-09-08,05:43,LIGHT,69,
2026-09-08,05:44,LIGHT,62,
2026-09-08,05:45,LIGHT,62,
2026-09-08,05:46,WAKE,57,
2026-09-08,05:47,WAKE,53,
2026-09-08,05:48,WAKE,56,
2026-09-08,05:49,LIGHT,52,
2026-09-08,05:50,LIGHT,56,
2026-09-08,05:51,LIGHT,58,
2026-09-08,05:52,LIGHT,60,
2026-09-08,05:53,LIGHT,56,
2026-09-08,05:54,LIGHT,57,
2026-09-08,05:55,LIGHT,53,
2026-09-08,05:56,LIGHT,60,
2026-09-08,05:57,LIGHT,55,
2026-09-08,05:58,LIGHT,52,
2026-09-08,05:59,LIGHT,58,
2026-09-08,06:00,LIGHT,58,
2026-09-08,06:01,LIGHT,52,
2026-09-08,06:02,LIGHT,58,
2026-09-08,06:03,LIGHT,50,
2026-09-08,06:04,LIGHT,47,
2026-09-08,06:05,LIGHT,54,
2026-09-08,06:06,LIGHT,48,
2026-09-08,06:07,LIGHT,50,
2026-09-08,06:08,LIGHT,51,
2026-09-08,06:09,LIGHT,63,
2026-09-08,06:10,LIGHT,65,
2026-09-08,06:11,WAKE,60,
2026-09-08,06:12,WAKE,56,
2026-09-08,06:13,LIGHT,58,
2026-09-08,06:14,LIGHT,58,
2026-09-08,06:15,LIGHT,65,
2026-09-08,06:16,LIGHT,57,
2026-09-08,06:17,LIGHT,63,
2026-09-08,06:18,LIGHT,68,
2026-09-08,06:19,LIGHT,65,
2026-09-08,06:20,LIGHT,57,
2026-09-08,06:21,LIGHT,68,
2026-09-08,06:22,LIGHT,82,
2026-09-08,06:23,LIGHT,84,
2026-09-08,06:24,LIGHT,78,
2026-09-08,06:25,LIGHT,75,
2026-09-08,06:26,LIGHT,80,
2026-09-08,06:27,WAKE,82,
2026-09-08,06:28,WAKE,90,
2026-09-08,06:29,LIGHT,92,
2026-09-08,06:30,LIGHT,84,
2026-09-08,06:31,LIGHT,64,
2026-09-08,06:32,LIGHT,64,
2026-09-08,06:33,LIGHT,81,
2026-09-08,06:34,LIGHT,129,
2026-09-08,06:35,LIGHT,149,
2026-09-08,06:36,WAKE,156,
2026-09-08,06:37,WAKE,158,
2026-09-08,06:38,LIGHT,160,
2026-09-08,06:39,LIGHT,162,
2026-09-08,06:40,LIGHT,164,
2026-09-08,06:41,WAKE,164,
2026-09-08,06:42,LIGHT,164,
2026-09-08,06:43,LIGHT,166,
2026-09-08,06:44,LIGHT,166,
2026-09-08,06:45,LIGHT,167,
2026-09-08,06:46,LIGHT,167,
2026-09-08,06:47,LIGHT,171,
2026-09-08,06:48,LIGHT,173,
2026-09-08,06:49,LIGHT,173,
2026-09-08,06:50,LIGHT,175,
2026-09-08,06:51,LIGHT,176,
2026-09-08,06:52,LIGHT,176,
2026-09-08,06:53,LIGHT,176,
2026-09-08,06:54,LIGHT,176,
2026-09-08,06:55,WAKE,176,
2026-09-08,06:56,LIGHT,178,
2026-09-08,15:02,LIGHT,65,
2026-09-08,15:03,LIGHT,63,
2026-09-08,15:04,LIGHT,63,
2026-09-08,15:05,LIGHT,63,
2026-09-08,15:06,LIGHT,65,
2026-09-08,15:07,LIGHT,66,
2026-09-08,15:08,LIGHT,66,
2026-09-08,15:09,LIGHT,64,
2026-09-08,15:10,LIGHT,64,
2026-09-08,15:11,LIGHT,65,
2026-09-08,15:12,LIGHT,65,
2026-09-08,15:13,LIGHT,64,
2026-09-08,15:14,LIGHT,64,
2026-09-08,15:15,LIGHT,67,
2026-09-08,15:16,LIGHT,63,
2026-09-08,15:17,LIGHT,60,
2026-09-08,15:18,LIGHT,58,
2026-09-08,15:19,LIGHT,60,
2026-09-08,15:20,DEEP,59,
2026-09-08,15:21,DEEP,58,
2026-09-08,15:22,DEEP,58,
2026-09-08,15:23,DEEP,58,
2026-09-08,15:24,DEEP,59,
2026-09-08,15:25,DEEP,59,
2026-09-08,15:26,DEEP,59,
2026-09-08,15:27,DEEP,59,
2026-09-08,15:28,DEEP,64,
2026-09-08,15:29,DEEP,60,
2026-09-08,15:30,DEEP,57,
2026-09-08,15:31,DEEP,57,
2026-09-08,15:32,DEEP,59,
2026-09-08,15:33,LIGHT,59,
2026-09-08,15:34,LIGHT,59,
2026-09-08,15:35,LIGHT,59,
2026-09-08,15:36,LIGHT,59,
2026-09-08,15:37,LIGHT,59,
2026-09-08,15:38,LIGHT,59,
2026-09-08,15:39,DEEP,59,
2026-09-08,15:40,DEEP,64,
2026-09-08,15:41,DEEP,66,
2026-09-08,15:42,DEEP,59,
2026-09-08,15:43,DEEP,58,
2026-09-08,15:44,DEEP,58,
2026-09-08,15:45,DEEP,58,
2026-09-08,15:46,DEEP,58,
2026-09-08,15:47,DEEP,57,
2026-09-08,15:48,DEEP,57,
2026-09-08,15:49,DEEP,59,
2026-09-08,15:50,DEEP,59,
2026-09-08,15:51,LIGHT,59,
2026-09-08,15:52,LIGHT,58,
2026-09-08,15:53,LIGHT,60,
2026-09-08,15:54,LIGHT,61,
2026-09-08,15:55,REM,62,
2026-09-08,15:56,REM,63,
2026-09-08,15:57,REM,62,
2026-09-08,15:58,REM,62,
2026-09-08,15:59,REM,61,
2026-09-08,16:00,REM,62,
2026-09-08,16:01,REM,62,
2026-09-08,16:02,REM,63,
2026-09-08,16:03,REM,64,
2026-09-08,16:04,REM,61,
2026-09-08,16:05,REM,61,
2026-09-08,16:06,REM,61,
2026-09-08,16:07,REM,62,
2026-09-08,16:08,REM,62,
2026-09-08,16:09,REM,61,
2026-09-08,16:10,REM,60,
2026-09-08,16:11,REM,63,
2026-09-08,16:12,REM,62,
2026-09-08,16:13,REM,60,
2026-09-08,16:14,REM,65,
2026-09-08,16:15,REM,58,
2026-09-08,16:16,REM,56,
2026-09-08,16:17,REM,56,
2026-09-08,16:18,REM,58,
2026-09-08,16:19,REM,55,
2026-09-08,16:20,REM,55,
2026-09-08,16:21,REM,55,
2026-09-08,16:22,REM,56,
2026-09-08,16:23,REM,58,
2026-09-08,16:24,REM,60,
2026-09-08,16:25,REM,60,
2026-09-08,16:26,REM,60,
2026-09-08,16:27,REM,58,
2026-09-08,16:28,REM,65,
2026-09-08,16:29,REM,65,
2026-09-08,16:30,LIGHT,70,
2026-09-08,16:31,LIGHT,76,
2026-09-08,16:32,LIGHT,81,
2026-09-08,16:33,LIGHT,74,
2026-09-08,16:34,LIGHT,74,
2026-09-08,16:35,LIGHT,72,
2026-09-08,16:36,LIGHT,74,
2026-09-08,16:37,LIGHT,74,
2026-09-08,16:38,LIGHT,71,
2026-09-08,16:39,LIGHT,70,
2026-09-08,16:40,LIGHT,68,
2026-09-08,16:41,LIGHT,69,
2026-09-08,16:42,LIGHT,66,
2026-09-08,16:43,LIGHT,66,
2026-09-08,16:44,LIGHT,68,
2026-09-08,16:45,LIGHT,66,
2026-09-08,16:46,LIGHT,67,
2026-09-08,16:47,LIGHT,72,
2026-09-08,16:48,LIGHT,71,
2026-09-08,16:49,LIGHT,64,
2026-09-08,16:50,LIGHT,64,
2026-09-08,16:51,LIGHT,66,
2026-09-08,16:52,LIGHT,67,
2026-09-08,16:53,LIGHT,67,
2026-09-08,16:54,LIGHT,68,
2026-09-08,16:55,LIGHT,65,
2026-09-08,16:56,LIGHT,64,
2026-09-08,16:57,DEEP,68,
2026-09-08,16:58,DEEP,70,
2026-09-08,16:59,DEEP,67,
2026-09-08,17:00,DEEP,72,
2026-09-08,17:01,DEEP,69,
2026-09-08,17:02,DEEP,74,
2026-09-08,17:03,LIGHT,77,
2026-09-08,17:04,LIGHT,83,
2026-09-08,17:05,LIGHT,80,
2026-09-08,17:06,WAKE,71,
2026-09-08,17:07,LIGHT,83,
2026-09-08,17:08,LIGHT,70,
2026-09-08,17:09,LIGHT,70,
2026-09-08,17:10,LIGHT,63,
2026-09-08,17:11,LIGHT,59,
2026-09-08,17:12,LIGHT,60,
2026-09-08,17:13,LIGHT,78,
2026-09-08,17:14,LIGHT,83,
2026-09-08,17:15,LIGHT,65,
2026-09-08,17:16,LIGHT,57,
2026-09-08,22:57,LIGHT,70,
2026-09-08,22:58,LIGHT,72,
2026-09-08,22:59,LIGHT,64,
2026-09-08,23:00,LIGHT,65,
2026-09-08,23:01,LIGHT,66,
2026-09-08,23:02,LIGHT,69,
2026-09-08,23:03,LIGHT,78,
2026-09-08,23:04,LIGHT,65,
2026-09-08,23:05,LIGHT,55,
2026-09-08,23:06,LIGHT,52,
2026-09-08,23:07,LIGHT,52,
2026-09-08,23:08,LIGHT,54,
2026-09-08,23:09,LIGHT,54,
2026-09-08,23:10,LIGHT,57,
2026-09-08,23:11,DEEP,63,
2026-09-08,23:12,DEEP,63,
2026-09-08,23:13,DEEP,63,
2026-09-08,23:14,DEEP,60,
2026-09-08,23:15,DEEP,57,
2026-09-08,23:16,DEEP,58,
2026-09-08,23:17,DEEP,57,
2026-09-08,23:18,DEEP,56,
2026-09-08,23:19,DEEP,59,
2026-09-08,23:20,DEEP,60,
2026-09-08,23:21,DEEP,59,
2026-09-08,23:22,DEEP,59,
2026-09-08,23:23,DEEP,70,
2026-09-08,23:24,DEEP,75,
2026-09-08,23:25,DEEP,72,
2026-09-08,23:26,DEEP,69,
2026-09-08,23:27,DEEP,66,
2026-09-08,23:28,LIGHT,67,
2026-09-08,23:29,LIGHT,61,
2026-09-08,23:30,LIGHT,61,
2026-09-08,23:31,LIGHT,66,
2026-09-08,23:32,DEEP,68,
2026-09-08,23:33,DEEP,69,
2026-09-08,23:34,DEEP,66,
2026-09-08,23:35,DEEP,62,
2026-09-08,23:36,DEEP,59,
2026-09-08,23:37,DEEP,59,
2026-09-08,23:38,DEEP,60,
2026-09-08,23:39,DEEP,59,
2026-09-08,23:40,DEEP,58,
2026-09-08,23:41,DEEP,59,
2026-09-08,23:42,DEEP,58,
2026-09-08,23:43,DEEP,57,
2026-09-08,23:44,DEEP,58,
2026-09-08,23:45,LIGHT,58,
2026-09-08,23:46,LIGHT,56,
2026-09-08,23:47,LIGHT,59,
2026-09-08,23:48,LIGHT,64,
2026-09-08,23:49,LIGHT,66,
2026-09-08,23:50,LIGHT,66,
2026-09-08,23:51,LIGHT,63,
2026-09-08,23:52,LIGHT,61,
2026-09-08,23:53,LIGHT,60,
2026-09-08,23:54,LIGHT,60,
2026-09-08,23:55,LIGHT,58,
2026-09-08,23:56,LIGHT,57,
2026-09-08,23:57,REM,55,
2026-09-08,23:58,REM,55,
2026-09-08,23:59,REM,56,
2026-09-09,00:00,REM,56,
2026-09-09,00:01,REM,63,
2026-09-09,00:02,REM,72,
2026-09-09,00:03,REM,77,
2026-09-09,00:04,REM,75,
2026-09-09,00:05,REM,71,
2026-09-09,00:06,REM,61,
2026-09-09,00:07,REM,56,
2026-09-09,00:08,REM,58,
2026-09-09,00:09,REM,59,
2026-09-09,00:10,REM,61,
2026-09-09,00:11,LIGHT,61,
2026-09-09,00:12,LIGHT,68,
2026-09-09,00:13,LIGHT,83,
2026-09-09,00:14,WAKE,88,
2026-09-09,00:15,LIGHT,81,
2026-09-09,00:16,LIGHT,78,
2026-09-09,00:17,LIGHT,71,
2026-09-09,00:18,REM,59,
2026-09-09,00:19,REM,57,
2026-09-09,00:20,REM,56,
2026-09-09,00:21,REM,58,
2026-09-09,00:22,REM,59,
2026-09-09,00:23,REM,59,
2026-09-09,00:24,REM,58,
2026-09-09,00:25,REM,60,
2026-09-09,00:26,REM,56,
2026-09-09,00:27,REM,58,
2026-09-09,00:28,REM,58,
2026-09-09,00:29,REM,58,
2026-09-09,00:30,REM,59,
2026-09-09,00:31,REM,59,
2026-09-09,00:32,REM,59,
2026-09-09,00:33,REM,61,
2026-09-09,00:34,REM,59,
2026-09-09,00:35,REM,58,
2026-09-09,00:36,REM,58,
2026-09-09,00:37,REM,60,
2026-09-09,00:38,REM,59,
2026-09-09,00:39,LIGHT,59,
2026-09-09,00:40,LIGHT,58,
2026-09-09,00:41,LIGHT,58,
2026-09-09,00:42,LIGHT,59,
2026-09-09,00:43,LIGHT,59,
2026-09-09,00:44,LIGHT,58,
2026-09-09,00:45,LIGHT,56,
2026-09-09,00:46,LIGHT,59,
2026-09-09,00:47,LIGHT,59,
2026-09-09,00:48,LIGHT,58,
2026-09-09,00:49,LIGHT,58,
2026-09-09,00:50,LIGHT,61,
2026-09-09,00:51,LIGHT,57,
2026-09-09,00:52,LIGHT,59,
2026-09-09,00:53,LIGHT,59,
2026-09-09,00:54,LIGHT,61,
2026-09-09,00:55,LIGHT,58,
2026-09-09,00:56,LIGHT,59,
2026-09-09,00:57,LIGHT,56,
2026-09-09,00:58,LIGHT,58,
2026-09-09,00:59,LIGHT,58,
2026-09-09,01:00,LIGHT,57,
2026-09-09,01:01,LIGHT,59,
2026-09-09,01:02,LIGHT,59,
2026-09-09,01:03,LIGHT,56,
2026-09-09,01:04,LIGHT,56,
2026-09-09,01:05,LIGHT,58,
2026-09-09,01:06,LIGHT,58,
2026-09-09,01:07,LIGHT,55,
2026-09-09,01:08,LIGHT,61,
2026-09-09,01:09,LIGHT,62,
2026-09-09,01:10,LIGHT,59,
2026-09-09,01:11,LIGHT,59,
2026-09-09,01:12,LIGHT,62,
2026-09-09,01:13,LIGHT,63,
2026-09-09,01:14,WAKE,61,
2026-09-09,01:15,WAKE,60,
2026-09-09,01:16,WAKE,60,
2026-09-09,01:17,WAKE,62,
2026-09-09,01:18,WAKE,62,
2026-09-09,01:19,WAKE,62,
2026-09-09,01:20,LIGHT,62,
2026-09-09,01:21,LIGHT,62,
2026-09-09,01:22,LIGHT,63,
2026-09-09,01:23,LIGHT,63,
2026-09-09,01:24,LIGHT,63,
2026-09-09,01:25,LIGHT,62,
2026-09-09,01:26,LIGHT,59,
2026-09-09,01:27,LIGHT,60,
2026-09-09,01:28,LIGHT,62,
2026-09-09,01:29,LIGHT,64,
2026-09-09,01:30,LIGHT,65,
2026-09-09,01:31,LIGHT,60,
2026-09-09,01:32,WAKE,62,
2026-09-09,01:33,WAKE,63,
2026-09-09,01:34,WAKE,61,
2026-09-09,01:35,WAKE,62,
2026-09-09,01:36,LIGHT,62,
2026-09-09,01:37,LIGHT,64,
2026-09-09,01:38,LIGHT,63,
2026-09-09,01:39,LIGHT,62,
2026-09-09,01:40,WAKE,64,
2026-09-09,01:41,WAKE,63,
2026-09-09,01:42,WAKE,60,
2026-09-09,01:43,WAKE,60,
2026-09-09,01:44,WAKE,62,
2026-09-09,01:45,WAKE,62,
2026-09-09,01:46,WAKE,64,
2026-09-09,01:47,WAKE,64,
2026-09-09,01:48,WAKE,64,
2026-09-09,01:49,WAKE,69,
2026-09-09,01:50,WAKE,65,
2026-09-09,01:51,WAKE,63,
2026-09-09,01:52,WAKE,63,
2026-09-09,01:53,WAKE,60,
2026-09-09,01:54,WAKE,59,
2026-09-09,01:55,WAKE,57,
2026-09-09,01:56,WAKE,59,
2026-09-09,01:57,LIGHT,58,
2026-09-09,01:58,LIGHT,56,
2026-09-09,01:59,LIGHT,56,
2026-09-09,02:00,LIGHT,56,
2026-09-09,02:01,LIGHT,57,
2026-09-09,02:02,LIGHT,61,
2026-09-09,02:03,LIGHT,61,
2026-09-09,02:04,LIGHT,61,
2026-09-09,02:05,LIGHT,60,
2026-09-09,02:06,LIGHT,59,
2026-09-09,02:07,LIGHT,61,
2026-09-09,02:08,LIGHT,60,
2026-09-09,02:09,LIGHT,58,
2026-09-09,02:10,LIGHT,55,
2026-09-09,02:11,LIGHT,57,
2026-09-09,02:12,LIGHT,59,
2026-09-09,02:13,LIGHT,61,
2026-09-09,02:14,LIGHT,67,
2026-09-09,02:15,LIGHT,77,
2026-09-09,02:16,LIGHT,87,
2026-09-09,02:17,LIGHT,80,
2026-09-09,02:18,LIGHT,80,
2026-09-09,02:19,LIGHT,77,
2026-09-09,02:20,LIGHT,71,
2026-09-09,02:21,LIGHT,68,
2026-09-09,02:22,LIGHT,62,
2026-09-09,02:23,LIGHT,64,
2026-09-09,02:24,LIGHT,67,
2026-09-09,02:25,LIGHT,64,
2026-09-09,02:26,LIGHT,62,
2026-09-09,02:27,LIGHT,58,
2026-09-09,02:28,LIGHT,61,
2026-09-09,02:29,LIGHT,61,
2026-09-09,02:30,LIGHT,61,
2026-09-09,02:31,LIGHT,59,
2026-09-09,02:32,DEEP,58,
2026-09-09,02:33,DEEP,58,
2026-09-09,02:34,DEEP,58,
2026-09-09,02:35,DEEP,56,
2026-09-09,02:36,DEEP,56,
2026-09-09,02:37,DEEP,60,
2026-09-09,02:38,DEEP,61,
2026-09-09,02:39,DEEP,56,
2026-09-09,02:40,LIGHT,58,
2026-09-09,02:41,LIGHT,58,
2026-09-09,02:42,LIGHT,58,
2026-09-09,02:43,LIGHT,58,
2026-09-09,02:44,LIGHT,60,
2026-09-09,02:45,LIGHT,71,
2026-09-09,02:46,LIGHT,73,
2026-09-09,02:47,LIGHT,66,
2026-09-09,02:48,REM,62,
2026-09-09,02:49,REM,61,
2026-09-09,02:50,REM,60,
2026-09-09,02:51,REM,62,
2026-09-09,02:52,REM,77,
2026-09-09,02:53,REM,71,
2026-09-09,02:54,REM,61,
2026-09-09,02:55,REM,58,
2026-09-09,02:56,REM,58,
2026-09-09,02:57,REM,57,
2026-09-09,02:58,REM,56,
2026-09-09,02:59,REM,55,
2026-09-09,03:00,REM,55,
2026-09-09,03:01,REM,55,
2026-09-09,03:02,REM,55,
2026-09-09,03:03,REM,53,
2026-09-09,03:04,REM,53,
2026-09-09,03:05,REM,53,
2026-09-09,03:06,REM,52,
2026-09-09,03:07,REM,52,
2026-09-09,03:08,LIGHT,52,
2026-09-09,03:09,LIGHT,51,
2026-09-09,03:10,LIGHT,52,
2026-09-09,03:11,LIGHT,54,
2026-09-09,03:12,LIGHT,50,
2026-09-09,03:13,LIGHT,49,
2026-09-09,03:14,LIGHT,49,
2026-09-09,03:15,LIGHT,49,
2026-09-09,03:16,LIGHT,49,
2026-09-09,03:17,LIGHT,49,
2026-09-09,03:18,LIGHT,49,
2026-09-09,03:19,LIGHT,49,
2026-09-09,03:20,LIGHT,50,
2026-09-09,03:21,LIGHT,50,
2026-09-09,03:22,LIGHT,50,
2026-09-09,03:23,LIGHT,50,
2026-09-09,03:24,LIGHT,50,
2026-09-09,03:25,LIGHT,50,
2026-09-09,03:26,LIGHT,51,
2026-09-09,03:27,LIGHT,51,
2026-09-09,03:28,LIGHT,50,
2026-09-09,03:29,LIGHT,50,
2026-09-09,03:30,LIGHT,50,
2026-09-09,03:31,LIGHT,50,
2026-09-09,03:32,LIGHT,51,
2026-09-09,03:33,LIGHT,57,
2026-09-09,03:34,LIGHT,51,
2026-09-09,03:35,DEEP,50,
2026-09-09,03:36,DEEP,50,
2026-09-09,03:37,DEEP,50,
2026-09-09,03:38,DEEP,50,
2026-09-09,03:39,DEEP,50,
2026-09-09,03:40,DEEP,50,
2026-09-09,03:41,DEEP,50,
2026-09-09,03:42,DEEP,50,
2026-09-09,03:43,DEEP,50,
2026-09-09,03:44,DEEP,50,
2026-09-09,03:45,DEEP,50,
2026-09-09,03:46,DEEP,50,
2026-09-09,03:47,DEEP,50,
2026-09-09,03:48,DEEP,50,
2026-09-09,03:49,DEEP,50,
2026-09-09,03:50,DEEP,50,
2026-09-09,03:51,DEEP,50,
2026-09-09,03:52,DEEP,50,
2026-09-09,03:53,DEEP,50,
2026-09-09,03:54,DEEP,50,
2026-09-09,03:55,DEEP,51,
2026-09-09,03:56,LIGHT,51,
2026-09-09,03:57,LIGHT,51,
2026-09-09,03:58,LIGHT,51,
2026-09-09,03:59,WAKE,51,
2026-09-09,04:00,LIGHT,51,
2026-09-09,04:01,LIGHT,51,
2026-09-09,04:02,LIGHT,51,
2026-09-09,04:03,LIGHT,51,
2026-09-09,04:04,LIGHT,51,
2026-09-09,04:05,LIGHT,51,
2026-09-09,04:06,LIGHT,59,
2026-09-09,04:07,LIGHT,65,
2026-09-09,04:08,LIGHT,72,
2026-09-09,04:09,LIGHT,61,
2026-09-09,04:10,LIGHT,52,
2026-09-09,04:11,LIGHT,50,
2026-09-09,04:12,LIGHT,50,
2026-09-09,04:13,LIGHT,50,
2026-09-09,04:14,LIGHT,51,
2026-09-09,04:15,WAKE,53,
2026-09-09,04:16,WAKE,50,
2026-09-09,04:17,LIGHT,49,
2026-09-09,04:18,LIGHT,48,
2026-09-09,04:19,LIGHT,50,
2026-09-09,04:20,LIGHT,49,
2026-09-09,04:21,LIGHT,51,
2026-09-09,04:22,REM,51,
2026-09-09,04:23,REM,50,
2026-09-09,04:24,REM,50,
2026-09-09,04:25,REM,49,
2026-09-09,04:26,REM,49,
2026-09-09,04:27,REM,49,
2026-09-09,04:28,REM,49,
2026-09-09,04:29,REM,49,
2026-09-09,04:30,REM,48,
2026-09-09,04:31,REM,48,
2026-09-09,04:32,REM,55,
2026-09-09,04:33,REM,48,
2026-09-09,04:34,REM,47,
2026-09-09,04:35,REM,52,
2026-09-09,04:36,REM,49,
2026-09-09,04:37,REM,47,
2026-09-09,04:38,REM,47,
2026-09-09,04:39,REM,47,
2026-09-09,04:40,REM,48,
2026-09-09,04:41,REM,48,
2026-09-09,04:42,REM,48,
2026-09-09,04:43,REM,51,
2026-09-09,04:44,REM,59,
2026-09-09,04:45,REM,57,
2026-09-09,04:46,REM,49,
2026-09-09,04:47,REM,46,
2026-09-09,04:48,REM,45,
2026-09-09,04:49,REM,45,
2026-09-09,04:50,REM,46,
2026-09-09,04:51,REM,47,
2026-09-09,04:52,LIGHT,46,
2026-09-09,04:53,LIGHT,46,
2026-09-09,04:54,LIGHT,47,
2026-09-09,04:55,LIGHT,47,
2026-09-09,04:56,LIGHT,47,
2026-09-09,04:57,LIGHT,47,
2026-09-09,04:58,LIGHT,47,
2026-09-09,04:59,LIGHT,47,
2026-09-09,15:02,LIGHT,63,
2026-09-09,15:03,LIGHT,59,
2026-09-09,15:04,LIGHT,68,
2026-09-09,15:05,LIGHT,75,
2026-09-09,15:06,LIGHT,78,
2026-09-09,15:07,LIGHT,73,
2026-09-09,15:08,LIGHT,66,
2026-09-09,15:09,LIGHT,62,
2026-09-09,15:10,LIGHT,64,
2026-09-09,15:11,LIGHT,64,
2026-09-09,15:12,LIGHT,60,
2026-09-09,15:13,LIGHT,60,
2026-09-09,15:14,LIGHT,62,
2026-09-09,15:15,LIGHT,79,
2026-09-09,15:16,LIGHT,78,
2026-09-09,15:17,LIGHT,66,
2026-09-09,15:18,LIGHT,60,
2026-09-09,15:19,LIGHT,61,
2026-09-09,15:20,LIGHT,61,
2026-09-09,15:21,LIGHT,59,
2026-09-09,15:22,LIGHT,61,
2026-09-09,15:23,LIGHT,58,
2026-09-09,15:24,LIGHT,61,
2026-09-09,15:25,LIGHT,64,
2026-09-09,15:26,LIGHT,65,
2026-09-09,15:27,LIGHT,61,
2026-09-09,15:28,LIGHT,66,
2026-09-09,15:29,LIGHT,67,
2026-09-09,15:30,LIGHT,66,
2026-09-09,15:31,LIGHT,68,
2026-09-09,15:32,DEEP,70,
2026-09-09,15:33,DEEP,74,
2026-09-09,15:34,DEEP,74,
2026-09-09,15:35,DEEP,68,
2026-09-09,15:36,DEEP,62,
2026-09-09,15:37,DEEP,61,
2026-09-09,15:38,DEEP,62,
2026-09-09,15:39,DEEP,64,
2026-09-09,15:40,DEEP,62,
2026-09-09,15:41,DEEP,62,
2026-09-09,15:42,LIGHT,64,
2026-09-09,15:43,LIGHT,61,
2026-09-09,15:44,LIGHT,58,
2026-09-09,15:45,LIGHT,61,
2026-09-09,15:46,LIGHT,58,
2026-09-09,15:47,LIGHT,56,
2026-09-09,15:48,LIGHT,56,
2026-09-09,15:49,LIGHT,56,
2026-09-09,15:50,LIGHT,57,
2026-09-09,15:51,LIGHT,56,
2026-09-09,15:52,REM,55,
2026-09-09,15:53,REM,57,
2026-09-09,15:54,REM,57,
2026-09-09,15:55,REM,57,
2026-09-09,15:56,REM,56,
2026-09-09,15:57,REM,59,
2026-09-09,15:58,REM,54,
2026-09-09,15:59,REM,56,
2026-09-09,16:00,REM,56,
2026-09-09,16:01,REM,56,
2026-09-09,16:02,REM,56,
2026-09-09,16:03,REM,54,
2026-09-09,16:04,REM,55,
2026-09-09,16:05,REM,58,
2026-09-09,16:06,REM,60,
2026-09-09,16:07,REM,57,
2026-09-09,16:08,REM,55,
2026-09-09,16:09,REM,56,
2026-09-09,16:10,REM,55,
2026-09-09,16:11,REM,55,
2026-09-09,16:12,LIGHT,54,
2026-09-09,16:13,LIGHT,54,
2026-09-09,16:14,LIGHT,57,
2026-09-09,16:15,WAKE,54,
2026-09-09,16:16,LIGHT,58,
2026-09-09,16:17,LIGHT,56,
2026-09-09,16:18,LIGHT,54,
2026-09-09,16:19,LIGHT,54,
2026-09-09,16:20,LIGHT,59,
2026-09-09,16:21,LIGHT,57,
2026-09-09,16:22,LIGHT,57,
2026-09-09,16:23,LIGHT,56,
2026-09-09,16:24,LIGHT,56,
2026-09-09,16:25,LIGHT,78,
2026-09-09,16:26,LIGHT,93,
2026-09-09,16:27,LIGHT,88,
2026-09-09,16:28,LIGHT,80,
2026-09-10,02:59,LIGHT,45,
2026-09-10,03:00,LIGHT,45,
2026-09-10,03:01,LIGHT,46,
2026-09-10,03:02,LIGHT,46,
2026-09-10,03:03,LIGHT,46,
2026-09-10,03:04,LIGHT,46,
2026-09-10,03:05,LIGHT,46,
2026-09-10,03:06,DEEP,46,
2026-09-10,03:07,DEEP,46,
2026-09-10,03:08,LIGHT,46,
2026-09-10,03:09,LIGHT,47,
2026-09-10,03:10,LIGHT,47,
2026-09-10,03:11,LIGHT,45,
2026-09-10,03:12,LIGHT,45,
2026-09-10,03:13,LIGHT,45,
2026-09-10,03:14,LIGHT,45,
2026-09-10,03:15,LIGHT,45,
2026-09-10,03:16,LIGHT,45,
2026-09-10,03:17,DEEP,45,
2026-09-10,03:18,DEEP,45,
2026-09-10,03:19,DEEP,46,
2026-09-10,03:20,DEEP,47,
2026-09-10,03:21,DEEP,46,
2026-09-10,03:22,DEEP,46,
2026-09-10,03:23,DEEP,46,
2026-09-10,03:24,DEEP,46,
2026-09-10,03:25,DEEP,47,
2026-09-10,03:26,DEEP,46,
2026-09-10,03:27,DEEP,46,
2026-09-10,03:28,DEEP,47,
2026-09-10,03:29,DEEP,47,
2026-09-10,03:30,DEEP,47,
2026-09-10,03:31,DEEP,47,
2026-09-10,03:32,DEEP,54,
2026-09-10,03:33,DEEP,47,
2026-09-10,03:34,DEEP,51,
2026-09-10,03:35,DEEP,45,
2026-09-10,03:36,DEEP,46,
2026-09-10,03:37,DEEP,50,
2026-09-10,03:38,DEEP,46,
2026-09-10,03:39,DEEP,44,
2026-09-10,03:40,DEEP,45,
2026-09-10,03:41,DEEP,47,
2026-09-10,03:42,DEEP,46,
2026-09-10,03:43,DEEP,47,
2026-09-10,03:44,DEEP,48,
2026-09-10,03:45,DEEP,48,
2026-09-10,03:46,DEEP,51,
2026-09-10,03:47,DEEP,53,
2026-09-10,03:48,DEEP,55,
2026-09-10,03:49,DEEP,48,
2026-09-10,03:50,DEEP,46,
2026-09-10,03:51,DEEP,46,
2026-09-10,03:52,DEEP,46,
2026-09-10,03:53,DEEP,46,
2026-09-10,03:54,DEEP,46,
2026-09-10,03:55,DEEP,48,
2026-09-10,03:56,DEEP,46,
2026-09-10,03:57,DEEP,46,
2026-09-10,03:58,DEEP,46,
2026-09-10,03:59,DEEP,48,
2026-09-10,04:00,DEEP,48,
2026-09-10,04:01,DEEP,47,
2026-09-10,04:02,DEEP,45,
2026-09-10,04:03,DEEP,45,
2026-09-10,04:04,DEEP,48,
2026-09-10,04:05,LIGHT,51,
2026-09-10,04:06,LIGHT,45,
2026-09-10,04:07,LIGHT,44,
2026-09-10,04:08,WAKE,45,
2026-09-10,04:09,WAKE,45,
2026-09-10,04:10,WAKE,45,
2026-09-10,04:11,LIGHT,45,
2026-09-10,04:12,LIGHT,45,
2026-09-10,04:13,LIGHT,45,
2026-09-10,04:14,LIGHT,46,
2026-09-10,04:15,LIGHT,45,
2026-09-10,04:16,LIGHT,45,
2026-09-10,04:17,LIGHT,45,
2026-09-10,04:18,LIGHT,46,
2026-09-10,04:19,LIGHT,46,
2026-09-10,04:20,LIGHT,46,
2026-09-10,04:21,LIGHT,47,
2026-09-10,04:22,LIGHT,47,
2026-09-10,04:23,LIGHT,47,
2026-09-10,04:24,LIGHT,47,
2026-09-10,04:25,LIGHT,47,
2026-09-10,04:26,LIGHT,47,
2026-09-10,04:27,LIGHT,47,
2026-09-10,04:28,LIGHT,47,
2026-09-10,04:29,LIGHT,47,
2026-09-10,04:30,LIGHT,47,
2026-09-10,04:31,LIGHT,47,
2026-09-10,04:32,LIGHT,47,
2026-09-10,04:33,LIGHT,47,
2026-09-10,04:34,LIGHT,47,
2026-09-10,04:35,LIGHT,46,
2026-09-10,04:36,LIGHT,46,
2026-09-10,04:37,LIGHT,46,
2026-09-10,04:38,LIGHT,46,
2026-09-10,04:39,LIGHT,46,
2026-09-10,04:40,LIGHT,51,
2026-09-10,04:41,LIGHT,62,
2026-09-10,04:42,LIGHT,49,
2026-09-10,04:43,LIGHT,44,
2026-09-10,04:44,LIGHT,44,
2026-09-10,04:45,LIGHT,43,
2026-09-10,04:46,WAKE,43,
2026-09-10,04:47,LIGHT,43,
2026-09-10,04:48,LIGHT,43,
2026-09-10,04:49,LIGHT,43,
2026-09-10,04:50,LIGHT,44,
2026-09-10,04:51,LIGHT,50,
2026-09-10,04:52,LIGHT,46,
2026-09-10,04:53,LIGHT,44,
2026-09-10,04:54,LIGHT,44,
2026-09-10,04:55,LIGHT,44,
2026-09-10,04:56,LIGHT,44,
2026-09-10,04:57,LIGHT,44,
2026-09-10,04:58,LIGHT,50,
2026-09-10,04:59,LIGHT,45,
2026-09-10,05:00,LIGHT,45,
2026-09-10,05:01,LIGHT,45,
2026-09-10,05:02,DEEP,45,
2026-09-10,05:03,DEEP,45,
2026-09-10,05:04,DEEP,45,
2026-09-10,05:05,DEEP,55,
2026-09-10,05:06,DEEP,50,
2026-09-10,05:07,DEEP,47,
2026-09-10,05:08,LIGHT,45,
2026-09-10,05:09,LIGHT,45,
2026-09-10,05:10,LIGHT,45,
2026-09-10,05:11,LIGHT,47,
2026-09-10,05:12,LIGHT,51,
2026-09-10,05:13,LIGHT,46,
2026-09-10,05:14,LIGHT,46,
2026-09-10,05:15,LIGHT,46,
2026-09-10,05:16,LIGHT,48,
2026-09-10,05:17,LIGHT,55,
2026-09-10,05:18,LIGHT,52,
2026-09-10,05:19,LIGHT,46,
2026-09-10,05:20,LIGHT,44,
2026-09-10,05:21,LIGHT,44,
2026-09-10,05:22,LIGHT,46,
2026-09-10,05:23,LIGHT,44,
2026-09-10,05:24,LIGHT,44,
2026-09-10,05:25,REM,45,
2026-09-10,05:26,REM,47,
2026-09-10,05:27,REM,48,
2026-09-10,05:28,REM,45,
2026-09-10,05:29,REM,45,
2026-09-10,05:30,REM,44,
2026-09-10,05:31,REM,44,
2026-09-10,05:32,REM,44,
2026-09-10,05:33,REM,44,
2026-09-10,05:34,REM,45,
2026-09-10,05:35,REM,45,
2026-09-10,05:36,REM,45,
2026-09-10,05:37,REM,47,
2026-09-10,05:38,REM,45,
2026-09-10,05:39,REM,45,
2026-09-10,05:40,REM,46,
2026-09-10,05:41,REM,46,
2026-09-10,05:42,REM,51,
2026-09-10,05:43,REM,52,
2026-09-10,05:44,REM,47,
2026-09-10,05:45,REM,49,
2026-09-10,05:46,REM,45,
2026-09-10,05:47,REM,42,
2026-09-10,05:48,REM,43,
2026-09-10,05:49,REM,45,
2026-09-10,05:50,REM,43,
2026-09-10,05:51,REM,43,
2026-09-10,05:52,REM,42,
2026-09-10,05:53,REM,44,
2026-09-10,05:54,REM,45,
2026-09-10,05:55,LIGHT,45,
2026-09-10,05:56,LIGHT,46,
2026-09-10,05:57,LIGHT,46,
2026-09-10,05:58,WAKE,46,
2026-09-10,05:59,LIGHT,45,
2026-09-10,06:00,LIGHT,45,
2026-09-10,06:01,LIGHT,46,
2026-09-10,06:02,REM,46,
2026-09-10,06:03,REM,46,
2026-09-10,06:04,REM,47,
2026-09-10,06:05,REM,48,
2026-09-10,06:06,REM,47,
2026-09-10,06:07,REM,47,
2026-09-10,06:08,REM,47,
2026-09-10,06:09,REM,48,
2026-09-10,06:10,REM,47,
2026-09-10,06:11,REM,47,
2026-09-10,06:12,REM,47,
2026-09-10,06:13,REM,46,
2026-09-10,06:14,REM,46,
2026-09-10,06:15,REM,46,
2026-09-10,06:16,LIGHT,47,
2026-09-10,06:17,LIGHT,47,
2026-09-10,06:18,LIGHT,47,
2026-09-10,06:19,LIGHT,46,
2026-09-10,06:20,LIGHT,46,
2026-09-10,06:21,LIGHT,46,
2026-09-10,06:22,LIGHT,46,
2026-09-10,06:23,LIGHT,47,
2026-09-10,06:24,LIGHT,47,
2026-09-10,06:25,LIGHT,47,
2026-09-10,06:26,LIGHT,47,
2026-09-10,06:27,LIGHT,47,
2026-09-10,06:28,LIGHT,47,
2026-09-10,06:29,LIGHT,47,
2026-09-10,06:30,LIGHT,47,
2026-09-10,06:31,LIGHT,47,
2026-09-10,06:32,LIGHT,62,
2026-09-10,06:33,LIGHT,58,
2026-09-10,06:34,LIGHT,55,
2026-09-10,06:35,LIGHT,49,
2026-09-10,06:36,LIGHT,44,
2026-09-10,06:37,LIGHT,42,
2026-09-10,06:38,LIGHT,42,
2026-09-10,06:39,LIGHT,43,
2026-09-10,06:40,LIGHT,45,
2026-09-10,06:41,LIGHT,44,
2026-09-10,06:42,LIGHT,43,
2026-09-10,06:43,LIGHT,42,
2026-09-10,06:44,LIGHT,43,
2026-09-10,06:45,LIGHT,50,
2026-09-10,06:46,LIGHT,45,
2026-09-10,06:47,LIGHT,43,
2026-09-10,06:48,LIGHT,43,
2026-09-10,06:49,LIGHT,43,
2026-09-10,06:50,LIGHT,43,
2026-09-10,06:51,LIGHT,48,
2026-09-10,06:52,LIGHT,45,
2026-09-10,06:53,LIGHT,45,
2026-09-10,06:54,LIGHT,44,
2026-09-10,06:55,LIGHT,46,
2026-09-10,06:56,LIGHT,50,
2026-09-10,06:57,LIGHT,46,
2026-09-10,06:58,LIGHT,55,
2026-09-10,06:59,LIGHT,49,
2026-09-10,07:00,LIGHT,45,
2026-09-10,16:40,LIGHT,122,
2026-09-10,16:41,LIGHT,120,
2026-09-10,16:42,LIGHT,106,
2026-09-10,16:43,LIGHT,92,
2026-09-10,16:44,LIGHT,92,
2026-09-10,16:45,LIGHT,99,
2026-09-10,16:46,LIGHT,105,
2026-09-10,16:47,LIGHT,107,
2026-09-10,16:48,LIGHT,105,
2026-09-10,16:49,LIGHT,102,
2026-09-10,16:50,LIGHT,101,
2026-09-10,16:51,LIGHT,97,
2026-09-10,16:52,DEEP,94,
2026-09-10,16:53,DEEP,97,
2026-09-10,16:54,DEEP,104,
2026-09-10,16:55,DEEP,106,
2026-09-10,16:56,DEEP,99,
2026-09-10,16:57,DEEP,94,
2026-09-10,16:58,DEEP,94,
2026-09-10,16:59,DEEP,99,
2026-09-10,17:00,DEEP,109,
2026-09-10,17:01,DEEP,107,
2026-09-10,17:02,DEEP,102,
2026-09-10,17:03,DEEP,93,
2026-09-10,17:04,DEEP,84,
2026-09-10,17:05,DEEP,81,
2026-09-10,17:06,DEEP,82,
2026-09-10,17:07,DEEP,92,
2026-09-10,17:08,DEEP,88,
2026-09-10,17:09,DEEP,80,
2026-09-10,17:10,DEEP,74,
2026-09-10,17:11,DEEP,68,
2026-09-10,17:12,DEEP,63,
2026-09-10,17:13,DEEP,65,
2026-09-10,17:14,DEEP,65,
2026-09-10,17:15,DEEP,64,
2026-09-10,17:16,DEEP,69,
2026-09-10,17:17,DEEP,75,
2026-09-10,17:18,DEEP,85,
2026-09-10,17:19,DEEP,87,
2026-09-10,17:20,LIGHT,91,
2026-09-10,17:21,LIGHT,83,
2026-09-10,17:22,LIGHT,83,
2026-09-10,17:23,LIGHT,86,
2026-09-10,17:24,LIGHT,88,
2026-09-10,17:25,LIGHT,87,
2026-09-10,17:26,LIGHT,74,
2026-09-10,17:27,LIGHT,69,
2026-09-10,17:28,REM,67,
2026-09-10,17:29,REM,63,
2026-09-10,17:30,REM,62,
2026-09-10,17:31,REM,64,
2026-09-10,17:32,REM,61,
2026-09-10,17:33,REM,64,
2026-09-10,17:34,REM,65,
2026-09-10,17:35,REM,65,
2026-09-10,17:36,REM,67,
2026-09-10,17:37,LIGHT,69,
2026-09-10,17:38,LIGHT,68,
2026-09-10,17:39,LIGHT,69,
2026-09-10,17:40,LIGHT,64,
2026-09-10,17:41,LIGHT,64,
2026-09-10,17:42,LIGHT,61,
2026-09-10,17:43,LIGHT,63,
2026-09-10,17:44,LIGHT,68,
2026-09-10,17:45,REM,66,
2026-09-10,17:46,REM,63,
2026-09-10,17:47,REM,63,
2026-09-10,17:48,LIGHT,64,
2026-09-10,17:49,LIGHT,61,
2026-09-10,17:50,LIGHT,65,
2026-09-10,17:51,LIGHT,65,
2026-09-10,17:52,LIGHT,66,
2026-09-10,17:53,LIGHT,71,
2026-09-10,17:54,LIGHT,69,
2026-09-10,17:55,LIGHT,68,
2026-09-10,17:56,LIGHT,69,
2026-09-10,17:57,LIGHT,71,
2026-09-10,17:58,LIGHT,71,
2026-09-10,17:59,LIGHT,68,
2026-09-10,18:00,LIGHT,65,
2026-09-10,18:01,LIGHT,62,
2026-09-10,18:02,LIGHT,64,
2026-09-10,18:03,LIGHT,66,
2026-09-10,18:04,LIGHT,63,
2026-09-10,18:05,LIGHT,65,
2026-09-10,18:06,LIGHT,65,
2026-09-10,18:07,LIGHT,63,
2026-09-10,18:08,LIGHT,70,
2026-09-10,18:09,LIGHT,79,
2026-09-10,18:10,LIGHT,81,
2026-09-10,18:11,LIGHT,83,
2026-09-10,18:12,LIGHT,86,
2026-09-10,18:13,LIGHT,88,
2026-09-10,18:14,LIGHT,85,
2026-09-10,18:15,LIGHT,85,
2026-09-10,18:16,LIGHT,81,
2026-09-10,18:17,LIGHT,76,
2026-09-10,18:18,LIGHT,83,
2026-09-10,18:19,LIGHT,77,
2026-09-10,18:20,LIGHT,70,
2026-09-10,18:21,LIGHT,76,
2026-09-10,18:22,LIGHT,81,
2026-09-10,18:23,REM,75,
2026-09-10,18:24,REM,66,
2026-09-10,18:25,REM,63,
2026-09-10,18:26,REM,61,
2026-09-10,18:27,REM,61,
2026-09-10,18:28,REM,65,
2026-09-10,18:29,REM,62,
2026-09-10,18:30,REM,62,
2026-09-10,18:31,REM,63,
2026-09-10,18:32,REM,62,
2026-09-10,18:33,REM,62,
2026-09-10,18:34,REM,64,
2026-09-10,18:35,REM,58,
2026-09-10,18:36,REM,59,
2026-09-10,18:37,REM,73,
2026-09-10,18:38,REM,88,
2026-09-10,18:39,REM,88,
2026-09-10,18:40,REM,88,
2026-09-10,18:41,LIGHT,88,
2026-09-10,18:42,LIGHT,90,
2026-09-10,18:43,LIGHT,90,
2026-09-10,18:44,LIGHT,89,
2026-09-10,18:45,LIGHT,90,
2026-09-11,02:47,LIGHT,49,
2026-09-11,02:48,LIGHT,49,
2026-09-11,02:49,LIGHT,49,
2026-09-11,02:50,LIGHT,50,
2026-09-11,02:51,LIGHT,49,
2026-09-11,02:52,LIGHT,49,
2026-09-11,02:53,DEEP,49,
2026-09-11,02:54,DEEP,50,
2026-09-11,02:55,DEEP,50,
2026-09-11,02:56,DEEP,50,
2026-09-11,02:57,DEEP,50,
2026-09-11,02:58,DEEP,50,
2026-09-11,02:59,DEEP,50,
2026-09-11,03:00,DEEP,55,
2026-09-11,03:01,DEEP,50,
2026-09-11,03:02,DEEP,50,
2026-09-11,03:03,DEEP,49,
2026-09-11,03:04,DEEP,49,
2026-09-11,03:05,DEEP,49,
2026-09-11,03:06,DEEP,49,
2026-09-11,03:07,DEEP,49,
2026-09-11,03:08,DEEP,49,
2026-09-11,03:09,DEEP,50,
2026-09-11,03:10,DEEP,50,
2026-09-11,03:11,DEEP,50,
2026-09-11,03:12,DEEP,51,
2026-09-11,03:13,DEEP,61,
2026-09-11,03:14,DEEP,58,
2026-09-11,03:15,DEEP,53,
2026-09-11,03:16,DEEP,53,
2026-09-11,03:17,DEEP,51,
2026-09-11,03:18,DEEP,51,
2026-09-11,03:19,DEEP,51,
2026-09-11,03:20,DEEP,51,
2026-09-11,03:21,DEEP,51,
2026-09-11,03:22,DEEP,50,
2026-09-11,03:23,DEEP,50,
2026-09-11,03:24,DEEP,51,
2026-09-11,03:25,DEEP,51,
2026-09-11,03:26,DEEP,51,
2026-09-11,03:27,DEEP,51,
2026-09-11,03:28,DEEP,51,
2026-09-11,03:29,DEEP,51,
2026-09-11,03:30,DEEP,51,
2026-09-11,03:31,DEEP,53,
2026-09-11,03:32,DEEP,56,
2026-09-11,03:33,DEEP,51,
2026-09-11,03:34,LIGHT,51,
2026-09-11,03:35,LIGHT,58,
2026-09-11,03:36,LIGHT,52,
2026-09-11,03:37,LIGHT,49,
2026-09-11,03:38,LIGHT,49,
2026-09-11,03:39,LIGHT,49,
2026-09-11,03:40,LIGHT,50,
2026-09-11,03:41,LIGHT,50,
2026-09-11,03:42,LIGHT,50,
2026-09-11,03:43,REM,50,
2026-09-11,03:44,REM,50,
2026-09-11,03:45,REM,50,
2026-09-11,03:46,REM,50,
2026-09-11,03:47,REM,50,
2026-09-11,03:48,REM,50,
2026-09-11,03:49,REM,50,
2026-09-11,03:50,REM,52,
2026-09-11,03:51,REM,52,
2026-09-11,03:52,REM,51,
2026-09-11,03:53,REM,51,
2026-09-11,03:54,REM,51,
2026-09-11,03:55,REM,51,
2026-09-11,03:56,REM,51,
2026-09-11,03:57,REM,51,
2026-09-11,03:58,REM,51,
2026-09-11,03:59,REM,51,
2026-09-11,04:00,REM,52,
2026-09-11,04:01,REM,52,
2026-09-11,04:02,REM,51,
2026-09-11,04:03,REM,51,
2026-09-11,04:04,REM,56,
2026-09-11,04:05,LIGHT,66,
2026-09-11,04:06,LIGHT,55,
2026-09-11,04:07,LIGHT,51,
2026-09-11,04:08,LIGHT,51,
2026-09-11,04:09,LIGHT,53,
2026-09-11,04:10,LIGHT,52,
2026-09-11,04:11,LIGHT,52,
2026-09-11,04:12,LIGHT,54,
2026-09-11,04:13,LIGHT,55,
2026-09-11,04:14,LIGHT,55,
2026-09-11,04:15,LIGHT,54,
2026-09-11,04:16,LIGHT,53,
2026-09-11,04:17,LIGHT,53,
2026-09-11,04:18,LIGHT,53,
2026-09-11,04:19,LIGHT,56,
2026-09-11,04:20,LIGHT,54,
2026-09-11,04:21,LIGHT,55,
2026-09-11,04:22,LIGHT,55,
2026-09-11,04:23,LIGHT,54,
2026-09-11,04:24,LIGHT,55,
2026-09-11,04:25,LIGHT,54,
2026-09-11,04:26,LIGHT,54,
2026-09-11,04:27,LIGHT,51,
2026-09-11,04:28,DEEP,51,
2026-09-11,04:29,DEEP,51,
2026-09-11,04:30,DEEP,50,
2026-09-11,04:31,DEEP,50,
2026-09-11,04:32,DEEP,50,
2026-09-11,04:33,DEEP,53,
2026-09-11,04:34,DEEP,54,
2026-09-11,04:35,DEEP,51,
2026-09-11,04:36,DEEP,50,
2026-09-11,04:37,DEEP,50,
2026-09-11,04:38,DEEP,50,
2026-09-11,04:39,LIGHT,50,
2026-09-11,04:40,LIGHT,50,
2026-09-11,04:41,LIGHT,51,
2026-09-11,04:42,WAKE,50,
2026-09-11,04:43,LIGHT,50,
2026-09-11,04:44,LIGHT,50,
2026-09-11,04:45,LIGHT,50,
2026-09-11,04:46,LIGHT,50,
2026-09-11,04:47,LIGHT,50,
2026-09-11,04:48,LIGHT,51,
2026-09-11,04:49,LIGHT,53,
2026-09-11,04:50,LIGHT,52,
2026-09-11,04:51,LIGHT,51,
2026-09-11,04:52,LIGHT,51,
2026-09-11,04:53,LIGHT,51,
2026-09-11,04:54,LIGHT,51,
2026-09-11,04:55,LIGHT,51,
2026-09-11,04:56,LIGHT,66,
2026-09-11,04:57,LIGHT,53,
2026-09-11,04:58,LIGHT,50,
2026-09-11,04:59,LIGHT,50,
2026-09-11,05:00,LIGHT,50,
2026-09-11,05:01,LIGHT,50,
2026-09-11,05:02,LIGHT,50,
2026-09-11,05:03,LIGHT,51,
2026-09-11,05:04,LIGHT,51,
2026-09-11,05:05,LIGHT,51,
2026-09-11,05:06,LIGHT,51,
2026-09-11,05:07,LIGHT,52,
2026-09-11,05:08,LIGHT,52,
2026-09-11,05:09,LIGHT,52,
2026-09-11,05:10,LIGHT,52,
2026-09-11,05:11,LIGHT,54,
2026-09-11,05:12,REM,64,
2026-09-11,05:13,REM,53,
2026-09-11,05:14,LIGHT,50,
2026-09-11,05:15,LIGHT,50,
2026-09-11,05:16,LIGHT,49,
2026-09-11,05:17,LIGHT,49,
2026-09-11,05:18,WAKE,49,
2026-09-11,05:19,WAKE,49,
2026-09-11,05:20,WAKE,49,
2026-09-11,05:21,LIGHT,56,
2026-09-11,05:22,LIGHT,66,
2026-09-11,05:23,LIGHT,63,
2026-09-11,05:24,REM,59,
2026-09-11,05:25,REM,53,
2026-09-11,05:26,REM,49,
2026-09-11,05:27,REM,49,
2026-09-11,05:28,REM,49,
2026-09-11,05:29,REM,51,
2026-09-11,05:30,REM,53,
2026-09-11,05:31,REM,53,
2026-09-11,05:32,REM,51,
2026-09-11,05:33,REM,50,
2026-09-11,05:34,REM,52,
2026-09-11,05:35,REM,59,
2026-09-11,05:36,REM,51,
2026-09-11,05:37,REM,48,
2026-09-11,05:38,REM,51,
2026-09-11,05:39,REM,55,
2026-09-11,05:40,REM,50,
2026-09-11,05:41,REM,52,
2026-09-11,05:42,REM,48,
2026-09-11,05:43,REM,53,
2026-09-11,05:44,REM,50,
2026-09-11,05:45,REM,49,
2026-09-11,05:46,REM,49,
2026-09-11,05:47,REM,48,
2026-09-11,05:48,REM,49,
2026-09-11,05:49,REM,51,
2026-09-11,05:50,REM,52,
2026-09-11,05:51,REM,54,
2026-09-11,05:52,REM,49,
2026-09-11,05:53,REM,55,
2026-09-11,05:54,LIGHT,55,
2026-09-11,05:55,LIGHT,60,
2026-09-11,05:56,LIGHT,55,
2026-09-11,05:57,LIGHT,52,
2026-09-11,05:58,LIGHT,52,
2026-09-11,05:59,LIGHT,51,
2026-09-11,06:00,LIGHT,51,
2026-09-11,06:01,LIGHT,52,
2026-09-11,06:02,LIGHT,49,
2026-09-11,06:03,LIGHT,51,
2026-09-11,06:04,LIGHT,48,
2026-09-11,06:05,LIGHT,48,
2026-09-11,06:06,LIGHT,47,
2026-09-11,06:07,LIGHT,48,
2026-09-11,06:08,LIGHT,48,
2026-09-11,06:09,LIGHT,48,
2026-09-11,06:10,LIGHT,48,
2026-09-11,06:11,LIGHT,48,
2026-09-11,06:12,LIGHT,47,
2026-09-11,06:13,LIGHT,47,
2026-09-11,06:14,LIGHT,47,
2026-09-11,06:15,LIGHT,47,
2026-09-11,06:16,LIGHT,47,
2026-09-11,06:17,LIGHT,47,
2026-09-11,06:18,DEEP,47,
2026-09-11,06:19,DEEP,49,
2026-09-11,06:20,DEEP,54,
2026-09-11,06:21,DEEP,48,
2026-09-11,06:22,DEEP,47,
2026-09-11,06:23,DEEP,47,
2026-09-11,06:24,DEEP,47,
2026-09-11,06:25,DEEP,47,
2026-09-11,06:26,DEEP,47,
2026-09-11,06:27,DEEP,47,
2026-09-11,06:28,DEEP,48,
2026-09-11,06:29,DEEP,58,
2026-09-11,06:30,LIGHT,52,
2026-09-11,06:31,LIGHT,45,
2026-09-11,06:32,LIGHT,43,
2026-09-11,06:33,WAKE,42,
2026-09-11,06:34,WAKE,43,
2026-09-11,06:35,LIGHT,50,
2026-09-11,06:36,LIGHT,44,
2026-09-11,06:37,LIGHT,44,
2026-09-11,06:38,LIGHT,56,
2026-09-11,06:39,LIGHT,46,
2026-09-11,06:40,LIGHT,45,
2026-09-11,06:41,LIGHT,45,
2026-09-11,06:42,LIGHT,45,
2026-09-11,06:43,LIGHT,45,
2026-09-11,06:44,LIGHT,45,
2026-09-11,06:45,LIGHT,46,
2026-09-11,06:46,WAKE,46,
2026-09-11,06:47,LIGHT,46,
2026-09-11,06:48,LIGHT,53,
2026-09-11,06:49,LIGHT,49,
2026-09-11,06:50,LIGHT,48,
2026-09-11,06:51,LIGHT,47,
2026-09-11,06:52,LIGHT,47,
2026-09-11,06:53,REM,47,
2026-09-11,06:54,REM,49,
2026-09-11,06:55,REM,48,
2026-09-11,06:56,REM,52,
2026-09-11,06:57,REM,64,
2026-09-11,06:58,REM,69,
2026-09-11,06:59,REM,74,
2026-09-11,07:00,LIGHT,90,
2026-09-11,07:01,LIGHT,95,
2026-09-11,07:02,LIGHT,91,
2026-09-11,07:03,LIGHT,82,
2026-09-11,07:04,LIGHT,76,
2026-09-11,07:05,LIGHT,70,
2026-09-11,07:06,LIGHT,73,
2026-09-11,07:07,LIGHT,90,
2026-09-11,07:08,LIGHT,97,
2026-09-11,07:09,LIGHT,72,
2026-09-11,07:10,LIGHT,77,
2026-09-11,07:11,LIGHT,69,
2026-09-11,07:12,LIGHT,61,
2026-09-11,07:13,LIGHT,57,
2026-09-11,07:14,LIGHT,58,
2026-09-11,07:15,LIGHT,60,
2026-09-11,07:16,LIGHT,57,
2026-09-11,07:17,LIGHT,61,
2026-09-11,07:18,LIGHT,58,
2026-09-11,07:19,LIGHT,56,
2026-09-11,07:20,LIGHT,55,
2026-09-11,07:21,LIGHT,58,
2026-09-11,07:22,LIGHT,54,
2026-09-11,07:23,LIGHT,56,
2026-09-11,07:24,LIGHT,51,
2026-09-11,07:25,LIGHT,50,
2026-09-11,07:26,LIGHT,55,
2026-09-11,07:27,LIGHT,52,
2026-09-11,07:28,LIGHT,52,
2026-09-11,07:29,LIGHT,50,
2026-09-11,07:30,LIGHT,54,
2026-09-11,07:31,LIGHT,50,
2026-09-11,07:32,LIGHT,54,
2026-09-11,07:33,LIGHT,64,
2026-09-11,07:34,LIGHT,75,
2026-09-11,07:35,LIGHT,65,
2026-09-11,07:36,LIGHT,57,
2026-09-11,07:37,LIGHT,56,
2026-09-11,07:38,LIGHT,58,
2026-09-11,07:39,LIGHT,60,
2026-09-11,07:40,LIGHT,61,
2026-09-11,07:41,LIGHT,60,
2026-09-11,07:42,LIGHT,56,
2026-09-11,07:43,LIGHT,54,
2026-09-11,07:44,LIGHT,56,
2026-09-11,07:45,LIGHT,68,
2026-09-11,07:46,LIGHT,80,
2026-09-11,07:47,LIGHT,108,
2026-09-11,07:48,LIGHT,84,
2026-09-11,07:49,LIGHT,67,
2026-09-11,07:50,LIGHT,56,
2026-09-11,07:51,LIGHT,53,
2026-09-11,07:52,LIGHT,51,
2026-09-11,07:53,LIGHT,53,
2026-09-11,07:54,LIGHT,53,
2026-09-11,07:55,LIGHT,51,
2026-09-11,07:56,LIGHT,53,
2026-09-11,07:57,LIGHT,53,
2026-09-11,07:58,LIGHT,53,
2026-09-11,07:59,LIGHT,53,
2026-09-11,08:00,REM,53,
2026-09-11,08:01,REM,58,
2026-09-11,08:02,REM,55,
2026-09-11,08:03,REM,56,
2026-09-11,08:04,REM,58,
2026-09-11,08:05,REM,58,
2026-09-11,08:06,REM,57,
2026-09-11,08:07,REM,57,
2026-09-11,08:08,REM,59,
2026-09-11,08:09,REM,53,
2026-09-11,08:10,REM,53,
2026-09-11,08:11,REM,53,
2026-09-11,08:12,REM,56,
2026-09-11,08:13,REM,59,
2026-09-11,08:14,REM,59,
2026-09-11,08:15,REM,54,
2026-09-11,08:16,REM,56,
2026-09-11,08:17,REM,56,
2026-09-11,08:18,REM,55,
2026-09-11,08:19,REM,56,
2026-09-11,08:20,LIGHT,55,
2026-09-11,08:21,LIGHT,53,
2026-09-11,08:22,LIGHT,52,
2026-09-11,08:23,LIGHT,54,
2026-09-11,08:24,REM,51,
2026-09-11,08:25,REM,51,
2026-09-11,08:26,REM,53,
2026-09-11,08:27,REM,53,
2026-09-11,08:28,REM,53,
2026-09-11,08:29,REM,61,
2026-09-11,08:30,REM,72,
2026-09-11,08:31,REM,69,
2026-09-11,08:32,REM,71,
2026-09-11,08:33,REM,63,
2026-09-11,08:34,REM,63,
2026-09-11,08:35,REM,61,
2026-09-11,08:36,REM,63,
2026-09-11,08:37,REM,60,
2026-09-11,08:38,REM,60,
2026-09-11,08:39,REM,59,
2026-09-11,08:40,REM,56,
2026-09-11,08:41,LIGHT,54,
2026-09-11,08:42,LIGHT,58,
2026-09-11,08:43,LIGHT,60,
2026-09-11,08:44,LIGHT,56,
2026-09-11,08:45,LIGHT,53,
2026-09-11,08:46,LIGHT,55,
2026-09-11,08:47,LIGHT,53,
2026-09-11,08:48,LIGHT,51,
2026-09-11,08:49,LIGHT,53,
2026-09-11,08:50,LIGHT,53,
2026-09-11,08:51,LIGHT,50,
2026-09-11,08:52,LIGHT,51,
2026-09-11,08:53,LIGHT,49,
2026-09-11,08:54,LIGHT,50,
2026-09-11,08:55,LIGHT,49,
2026-09-11,08:56,LIGHT,52,
2026-09-11,08:57,LIGHT,54,
2026-09-11,08:58,LIGHT,52,
2026-09-11,08:59,LIGHT,54,
2026-09-11,09:00,LIGHT,52,
2026-09-11,09:01,LIGHT,49,
2026-09-11,09:02,LIGHT,47,
2026-09-11,09:03,LIGHT,47,
2026-09-11,09:04,DEEP,52,
2026-09-11,09:05,DEEP,58,
2026-09-11,09:06,DEEP,52,
2026-09-11,09:07,DEEP,49,
2026-09-11,09:08,DEEP,45,
2026-09-11,09:09,DEEP,45,
2026-09-11,09:10,DEEP,44,
2026-09-11,09:11,DEEP,44,
2026-09-11,09:12,DEEP,43,
2026-09-11,09:13,DEEP,48,
2026-09-11,09:14,DEEP,53,
2026-09-11,09:15,LIGHT,48,
2026-09-11,09:16,LIGHT,46,
2026-09-11,09:17,LIGHT,46,
2026-09-11,09:18,WAKE,46,
2026-09-11,09:19,WAKE,46,
2026-09-11,09:20,LIGHT,45,
2026-09-11,09:21,LIGHT,45,
2026-09-11,09:22,LIGHT,46,
2026-09-11,09:23,LIGHT,46,
2026-09-11,09:24,LIGHT,51,
2026-09-11,09:25,LIGHT,52,
2026-09-11,09:26,LIGHT,48,
2026-09-11,09:27,LIGHT,52,
2026-09-11,09:28,LIGHT,68,
2026-09-11,09:29,LIGHT,80,
2026-09-11,09:30,LIGHT,77,
2026-09-11,09:31,LIGHT,79,
2026-09-11,09:32,LIGHT,71,
2026-09-11,09:33,LIGHT,61,
2026-09-11,09:34,LIGHT,61,
2026-09-11,09:35,LIGHT,56,
2026-09-11,09:36,LIGHT,56,
2026-09-11,09:37,LIGHT,59,
2026-09-11,09:38,LIGHT,64,
2026-09-11,09:39,LIGHT,59,
2026-09-11,09:40,LIGHT,53,
2026-09-11,09:41,LIGHT,55,
2026-09-11,09:42,LIGHT,55,
2026-09-11,09:43,LIGHT,51,
2026-09-11,09:44,LIGHT,52,
2026-09-11,09:45,LIGHT,53,
2026-09-11,09:46,LIGHT,58,
2026-09-11,09:47,WAKE,57,
2026-09-11,09:48,LIGHT,69,
2026-09-11,09:49,LIGHT,78,
2026-09-11,09:50,LIGHT,74,
2026-09-11,09:51,LIGHT,73,
2026-09-11,09:52,LIGHT,73,
2026-09-11,09:53,LIGHT,66,
2026-09-11,09:54,LIGHT,60,
2026-09-11,09:55,LIGHT,59,
2026-09-11,09:56,LIGHT,59,
2026-09-11,09:57,LIGHT,60,
2026-09-11,09:58,LIGHT,63,
2026-09-11,09:59,LIGHT,65,
2026-09-11,10:00,LIGHT,67,
2026-09-11,10:01,LIGHT,63,
2026-09-11,10:02,LIGHT,58,
2026-09-11,10:03,LIGHT,58,
2026-09-11,10:04,LIGHT,69,
2026-09-11,10:05,LIGHT,81,
2026-09-11,10:06,LIGHT,83,
2026-09-11,10:07,LIGHT,85,
2026-09-11,10:08,LIGHT,88,
2026-09-11,10:09,LIGHT,80,
2026-09-11,10:10,LIGHT,94,
2026-09-11,10:11,LIGHT,90,
2026-09-11,10:12,LIGHT,60,
2026-09-11,10:13,LIGHT,58,
2026-09-11,10:14,LIGHT,54,
2026-09-11,10:15,LIGHT,57,
2026-09-11,10:16,LIGHT,55,
2026-09-11,10:17,LIGHT,49,
2026-09-11,10:18,LIGHT,51,
2026-09-11,10:19,LIGHT,49,
2026-09-11,10:20,LIGHT,51,
2026-09-11,10:21,LIGHT,51,
2026-09-11,10:22,LIGHT,51,
2026-09-11,10:23,LIGHT,50,
2026-09-11,10:24,LIGHT,51,
2026-09-11,10:25,LIGHT,51,
2026-09-11,10:26,LIGHT,50,
2026-09-11,10:27,LIGHT,51,
2026-09-11,10:28,LIGHT,50,
2026-09-11,10:29,LIGHT,52,
2026-09-11,10:30,LIGHT,51,
2026-09-11,10:31,LIGHT,51,
2026-09-11,10:32,REM,54,
2026-09-11,10:33,REM,56,
2026-09-11,10:34,REM,52,
2026-09-11,10:35,REM,50,
2026-09-11,10:36,REM,60,
2026-09-11,10:37,REM,69,
2026-09-11,10:38,REM,76,
2026-09-11,10:39,REM,67,
2026-09-11,10:40,LIGHT,59,
2026-09-11,10:41,LIGHT,53,
2026-09-11,10:42,LIGHT,54,
2026-09-11,10:43,WAKE,54,
2026-09-11,10:44,LIGHT,53,
2026-09-11,14:09,LIGHT,60,
2026-09-11,14:10,LIGHT,59,
2026-09-11,14:11,LIGHT,59,
2026-09-11,14:12,LIGHT,59,
2026-09-11,14:13,LIGHT,59,
2026-09-11,14:14,DEEP,61,
2026-09-11,14:15,DEEP,60,
2026-09-11,14:16,DEEP,60,
2026-09-11,14:17,DEEP,60,
2026-09-11,14:18,DEEP,62,
2026-09-11,14:19,DEEP,71,
2026-09-11,14:20,DEEP,67,
2026-09-11,14:21,DEEP,59,
2026-09-11,14:22,DEEP,56,
2026-09-11,14:23,DEEP,57,
2026-09-11,14:24,DEEP,58,
2026-09-11,14:25,DEEP,59,
2026-09-11,14:26,DEEP,60,
2026-09-11,14:27,DEEP,57,
2026-09-11,14:28,DEEP,57,
2026-09-11,14:29,DEEP,59,
2026-09-11,14:30,DEEP,64,
2026-09-11,14:31,DEEP,64,
2026-09-11,14:32,DEEP,66,
2026-09-11,14:33,DEEP,64,
2026-09-11,14:34,DEEP,59,
2026-09-11,14:35,DEEP,57,
2026-09-11,14:36,DEEP,57,
2026-09-11,14:37,DEEP,58,
2026-09-11,14:38,LIGHT,58,
2026-09-11,14:39,LIGHT,57,
2026-09-11,14:40,LIGHT,56,
2026-09-11,14:41,WAKE,55,
2026-09-11,14:42,WAKE,56,
2026-09-11,14:43,WAKE,58,
2026-09-11,14:44,LIGHT,57,
2026-09-11,14:45,LIGHT,57,
2026-09-11,14:46,LIGHT,59,
2026-09-12,02:47,LIGHT,55,
2026-09-12,02:48,LIGHT,48,
2026-09-12,02:49,LIGHT,47,
2026-09-12,02:50,LIGHT,46,
2026-09-12,02:51,LIGHT,56,
2026-09-12,02:52,LIGHT,51,
2026-09-12,02:53,LIGHT,46,
2026-09-12,02:54,LIGHT,44,
2026-09-12,02:55,LIGHT,42,
2026-09-12,02:56,LIGHT,43,
2026-09-12,02:57,DEEP,47,
2026-09-12,02:58,DEEP,48,
2026-09-12,02:59,DEEP,47,
2026-09-12,03:00,DEEP,45,
2026-09-12,03:01,DEEP,47,
2026-09-12,03:02,DEEP,49,
2026-09-12,03:03,DEEP,48,
2026-09-12,03:04,DEEP,51,
2026-09-12,03:05,DEEP,48,
2026-09-12,03:06,DEEP,46,
2026-09-12,03:07,DEEP,44,
2026-09-12,03:08,DEEP,40,
2026-09-12,03:09,DEEP,40,
2026-09-12,03:10,DEEP,40,
2026-09-12,03:11,DEEP,42,
2026-09-12,03:12,DEEP,42,
2026-09-12,03:13,DEEP,43,
2026-09-12,03:14,DEEP,42,
2026-09-12,03:15,LIGHT,42,
2026-09-12,03:16,LIGHT,42,
2026-09-12,03:17,LIGHT,42,
2026-09-12,03:18,LIGHT,41,
2026-09-12,03:19,LIGHT,41,
2026-09-12,03:20,LIGHT,41,
2026-09-12,03:21,LIGHT,42,
2026-09-12,03:22,LIGHT,43,
2026-09-12,03:23,LIGHT,44,
2026-09-12,03:24,DEEP,43,
2026-09-12,03:25,DEEP,46,
2026-09-12,03:26,DEEP,42,
2026-09-12,03:27,DEEP,42,
2026-09-12,03:28,DEEP,42,
2026-09-12,03:29,DEEP,41,
2026-09-12,03:30,DEEP,41,
2026-09-12,03:31,DEEP,41,
2026-09-12,03:32,DEEP,41,
2026-09-12,03:33,LIGHT,41,
2026-09-12,03:34,LIGHT,41,
2026-09-12,03:35,LIGHT,42,
2026-09-12,03:36,LIGHT,42,
2026-09-12,03:37,LIGHT,42,
2026-09-12,03:38,LIGHT,42,
2026-09-12,03:39,LIGHT,43,
2026-09-12,03:40,LIGHT,43,
2026-09-12,03:41,DEEP,43,
2026-09-12,03:42,DEEP,43,
2026-09-12,03:43,DEEP,43,
2026-09-12,03:44,DEEP,43,
2026-09-12,03:45,DEEP,43,
2026-09-12,03:46,DEEP,43,
2026-09-12,03:47,DEEP,43,
2026-09-12,03:48,DEEP,43,
2026-09-12,03:49,DEEP,43,
2026-09-12,03:50,DEEP,43,
2026-09-12,03:51,DEEP,43,
2026-09-12,03:52,DEEP,43,
2026-09-12,03:53,DEEP,43,
2026-09-12,03:54,DEEP,43,
2026-09-12,03:55,DEEP,43,
2026-09-12,03:56,DEEP,43,
2026-09-12,03:57,DEEP,43,
2026-09-12,03:58,DEEP,43,
2026-09-12,03:59,DEEP,43,
2026-09-12,04:00,DEEP,43,
2026-09-12,04:01,DEEP,43,
2026-09-12,04:02,DEEP,43,
2026-09-12,04:03,LIGHT,42,
2026-09-12,04:04,LIGHT,42,
2026-09-12,04:05,LIGHT,42,
2026-09-12,04:06,WAKE,42,
2026-09-12,04:07,LIGHT,42,
2026-09-12,04:08,LIGHT,41,
2026-09-12,04:09,LIGHT,41,
2026-09-12,04:10,REM,41,
2026-09-12,04:11,REM,41,
2026-09-12,04:12,REM,41,
2026-09-12,04:13,REM,41,
2026-09-12,04:14,REM,42,
2026-09-12,04:15,REM,42,
2026-09-12,04:16,REM,42,
2026-09-12,04:17,REM,42,
2026-09-12,04:18,REM,42,
2026-09-12,04:19,REM,42,
2026-09-12,04:20,REM,42,
2026-09-12,04:21,REM,42,
2026-09-12,04:22,REM,42,
2026-09-12,04:23,REM,42,
2026-09-12,04:24,REM,42,
2026-09-12,04:25,REM,42,
2026-09-12,04:26,REM,54,
2026-09-12,04:27,REM,57,
2026-09-12,04:28,REM,51,
2026-09-12,04:29,REM,54,
2026-09-12,04:30,REM,48,
2026-09-12,04:31,LIGHT,41,
2026-09-12,04:32,LIGHT,,
2026-09-12,04:33,LIGHT,,
2026-09-12,04:34,LIGHT,,
2026-09-12,04:35,LIGHT,,
2026-09-12,04:36,LIGHT,,
2026-09-12,04:37,LIGHT,,
2026-09-12,04:38,LIGHT,,
2026-09-12,04:39,LIGHT,,
2026-09-12,04:40,LIGHT,41,
2026-09-12,04:41,LIGHT,48,
2026-09-12,04:42,LIGHT,43,
2026-09-12,04:43,LIGHT,45,
2026-09-12,04:44,DEEP,41,
2026-09-12,04:45,DEEP,40,
2026-09-12,04:46,DEEP,40,
2026-09-12,04:47,DEEP,40,
2026-09-12,04:48,DEEP,40,
2026-09-12,04:49,DEEP,40,
2026-09-12,04:50,DEEP,40,
2026-09-12,04:51,DEEP,40,
2026-09-12,04:52,DEEP,43,
2026-09-12,04:53,DEEP,41,
2026-09-12,04:54,DEEP,,
2026-09-12,04:55,DEEP,,
2026-09-12,04:56,DEEP,,
2026-09-12,04:57,LIGHT,48,
2026-09-12,04:58,LIGHT,42,
2026-09-12,04:59,LIGHT,40,
2026-09-12,05:00,LIGHT,40,
2026-09-12,05:01,LIGHT,,
2026-09-12,05:02,LIGHT,,
2026-09-12,05:03,LIGHT,,
2026-09-12,05:04,LIGHT,,
2026-09-12,05:05,LIGHT,,
2026-09-12,05:06,LIGHT,,
2026-09-12,05:07,LIGHT,,
2026-09-12,05:08,LIGHT,,
2026-09-12,05:09,DEEP,40,
2026-09-12,05:10,DEEP,45,
2026-09-12,05:11,DEEP,40,
2026-09-12,05:12,DEEP,,
2026-09-12,05:13,LIGHT,,
2026-09-12,05:14,LIGHT,,
2026-09-12,05:15,LIGHT,40,
2026-09-12,05:16,LIGHT,40,
2026-09-12,05:17,LIGHT,40,
2026-09-12,05:18,LIGHT,41,
2026-09-12,05:19,LIGHT,56,
2026-09-12,05:20,LIGHT,51,
2026-09-12,05:21,LIGHT,61,
2026-09-12,05:22,LIGHT,67,
2026-09-12,05:23,LIGHT,64,
2026-09-12,05:24,WAKE,51,
2026-09-12,05:25,LIGHT,48,
2026-09-12,05:26,LIGHT,49,
2026-09-12,05:27,LIGHT,60,
2026-09-12,05:28,LIGHT,65,
2026-09-12,05:29,REM,67,
2026-09-12,05:30,REM,88,
2026-09-12,05:31,REM,80,
2026-09-12,05:32,REM,76,
2026-09-12,05:33,REM,76,
2026-09-12,05:34,REM,78,
2026-09-12,05:35,REM,74,
2026-09-12,05:36,REM,77,
2026-09-12,05:37,REM,81,
2026-09-12,05:38,REM,86,
2026-09-12,05:39,REM,88,
2026-09-12,05:40,REM,88,
2026-09-12,05:41,REM,88,
2026-09-12,05:42,REM,74,
2026-09-12,05:43,REM,68,
2026-09-12,05:44,REM,60,
2026-09-12,05:45,REM,60,
2026-09-12,05:46,REM,52,
2026-09-12,05:47,REM,47,
2026-09-12,05:48,REM,47,
2026-09-12,05:49,REM,47,
2026-09-12,05:50,REM,48,
2026-09-12,05:51,REM,50,
2026-09-12,05:52,REM,52,
2026-09-12,05:53,REM,49,
2026-09-12,05:54,REM,55,
2026-09-12,05:55,REM,60,
2026-09-12,05:56,REM,60,
2026-09-12,05:57,REM,55,
2026-09-12,05:58,REM,55,
2026-09-12,05:59,REM,62,
2026-09-12,06:00,REM,76,
2026-09-12,06:01,REM,73,
2026-09-12,06:02,REM,62,
2026-09-12,06:03,REM,59,
2026-09-12,06:04,LIGHT,59,
2026-09-12,06:05,LIGHT,56,
2026-09-12,06:06,LIGHT,53,
2026-09-12,06:07,LIGHT,58,
2026-09-12,06:08,LIGHT,55,
2026-09-12,06:09,LIGHT,59,
2026-09-12,06:10,LIGHT,71,
2026-09-12,06:11,LIGHT,73,
2026-09-12,06:12,LIGHT,73,
2026-09-12,06:13,LIGHT,67,
2026-09-12,06:14,LIGHT,61,
2026-09-12,06:15,LIGHT,57,
2026-09-12,06:16,LIGHT,57,
2026-09-12,06:17,LIGHT,52,
2026-09-12,06:18,LIGHT,49,
2026-09-12,06:19,LIGHT,50,
2026-09-12,06:20,LIGHT,52,
2026-09-12,06:21,LIGHT,50,
2026-09-12,06:22,LIGHT,55,
2026-09-12,06:23,LIGHT,53,
2026-09-12,06:24,LIGHT,50,
2026-09-12,06:25,LIGHT,50,
2026-09-12,06:26,LIGHT,52,
2026-09-12,06:27,LIGHT,54,
2026-09-12,06:28,LIGHT,56,
2026-09-12,06:29,LIGHT,55,
2026-09-12,06:30,LIGHT,55,
2026-09-12,06:31,LIGHT,52,
2026-09-12,06:32,LIGHT,55,
2026-09-12,06:33,LIGHT,53,
2026-09-12,06:34,LIGHT,51,
2026-09-12,06:35,LIGHT,59,
2026-09-12,06:36,LIGHT,65,
2026-09-12,06:37,LIGHT,65,
2026-09-12,06:38,LIGHT,68,
2026-09-12,06:39,LIGHT,78,
2026-09-12,06:40,LIGHT,72,
2026-09-12,06:41,LIGHT,57,
2026-09-12,06:42,LIGHT,54,
2026-09-12,06:43,LIGHT,51,
2026-09-12,06:44,LIGHT,51,
2026-09-12,06:45,LIGHT,50,
2026-09-12,06:46,LIGHT,50,
2026-09-12,06:47,LIGHT,55,
2026-09-12,06:48,LIGHT,59,
2026-09-12,06:49,LIGHT,53,
2026-09-12,06:50,LIGHT,60,
2026-09-12,06:51,LIGHT,69,
2026-09-12,06:52,LIGHT,69,
2026-09-12,06:53,LIGHT,61,
2026-09-12,06:54,LIGHT,52,
2026-09-12,06:55,LIGHT,54,
2026-09-12,06:56,LIGHT,48,
2026-09-12,06:57,LIGHT,47,
2026-09-12,17:35,LIGHT,49,
2026-09-12,17:36,LIGHT,49,
2026-09-12,17:37,LIGHT,49,
2026-09-12,17:38,LIGHT,48,
2026-09-12,17:39,LIGHT,48,
2026-09-12,17:40,LIGHT,46,
2026-09-12,17:41,LIGHT,48,
2026-09-12,17:42,LIGHT,54,
2026-09-12,17:43,LIGHT,56,
2026-09-12,17:44,LIGHT,58,
2026-09-12,17:45,LIGHT,67,
2026-09-12,17:46,LIGHT,67,
2026-09-12,17:47,LIGHT,60,
2026-09-12,17:48,LIGHT,66,
2026-09-12,17:49,LIGHT,73,
2026-09-12,17:50,DEEP,75,
2026-09-12,17:51,DEEP,92,
2026-09-12,17:52,DEEP,69,
2026-09-12,17:53,DEEP,58,
2026-09-12,17:54,DEEP,51,
2026-09-12,17:55,DEEP,61,
2026-09-12,17:56,DEEP,63,
2026-09-12,17:57,DEEP,60,
2026-09-12,17:58,DEEP,60,
2026-09-12,17:59,DEEP,59,
2026-09-12,18:00,DEEP,53,
2026-09-12,18:01,DEEP,54,
2026-09-12,18:02,DEEP,56,
2026-09-12,18:03,DEEP,56,
2026-09-12,18:04,DEEP,56,
2026-09-12,18:05,DEEP,58,
2026-09-12,18:06,DEEP,60,
2026-09-12,18:07,DEEP,62,
2026-09-12,18:08,DEEP,62,
2026-09-12,18:09,DEEP,65,
2026-09-12,18:10,DEEP,62,
2026-09-12,18:11,DEEP,58,
2026-09-12,18:12,DEEP,58,
2026-09-12,18:13,LIGHT,68,
2026-09-12,18:14,LIGHT,76,
2026-09-12,18:15,LIGHT,76,
2026-09-12,18:16,LIGHT,74,
2026-09-12,18:17,LIGHT,76,
2026-09-12,18:18,LIGHT,74,
2026-09-12,18:19,LIGHT,75,
2026-09-12,18:20,LIGHT,68,
2026-09-12,18:21,LIGHT,56,
2026-09-12,18:22,LIGHT,58,
2026-09-12,18:23,LIGHT,60,
2026-09-12,18:24,LIGHT,54,
2026-09-12,18:25,DEEP,61,
2026-09-12,18:26,DEEP,55,
2026-09-12,18:27,DEEP,49,
2026-09-12,18:28,DEEP,52,
2026-09-12,18:29,DEEP,57,
2026-09-12,18:30,DEEP,58,
2026-09-12,18:31,DEEP,63,
2026-09-12,18:32,DEEP,73,
2026-09-12,18:33,DEEP,78,
2026-09-12,18:34,LIGHT,78,
2026-09-12,18:35,LIGHT,80,
2026-09-12,18:36,REM,83,
2026-09-12,18:37,REM,81,
2026-09-12,18:38,REM,79,
2026-09-12,18:39,REM,83,
2026-09-12,18:40,REM,82,
2026-09-12,18:41,REM,82,
2026-09-12,18:42,REM,84,
2026-09-12,18:43,REM,83,
2026-09-12,18:44,REM,85,
2026-09-12,18:45,REM,85,
2026-09-12,18:46,REM,82,
2026-09-12,18:47,REM,78,
2026-09-12,18:48,REM,76,
2026-09-12,18:49,REM,70,
2026-09-12,18:50,REM,75,
2026-09-12,18:51,REM,75,
2026-09-12,18:52,REM,85,
2026-09-12,18:53,REM,97,
2026-09-12,18:54,REM,91,
2026-09-12,18:55,REM,93,
2026-09-12,18:56,REM,90,
2026-09-12,18:57,REM,95,
2026-09-12,18:58,REM,78,
2026-09-12,18:59,REM,67,
2026-09-12,19:00,REM,84,
2026-09-12,19:01,REM,97,
2026-09-12,19:02,REM,102,
2026-09-12,19:03,LIGHT,95,
2026-09-12,19:04,LIGHT,91,
2026-09-12,19:05,LIGHT,82,
2026-09-12,19:06,LIGHT,89,
2026-09-12,19:07,LIGHT,95,
2026-09-12,19:08,LIGHT,89,
2026-09-12,19:09,LIGHT,88,
2026-09-12,19:10,LIGHT,85,
2026-09-12,19:11,LIGHT,86,
2026-09-12,19:12,LIGHT,96,
2026-09-12,19:13,LIGHT,82,
2026-09-12,19:14,LIGHT,83,
2026-09-12,19:15,LIGHT,75,
2026-09-12,19:16,LIGHT,82,
2026-09-12,19:17,LIGHT,94,
2026-09-12,19:18,LIGHT,99,
2026-09-12,19:19,LIGHT,86,
2026-09-12,19:20,LIGHT,80,
2026-09-12,19:21,LIGHT,82,
2026-09-12,19:22,LIGHT,89,
2026-09-12,19:23,LIGHT,91,
2026-09-12,19:24,LIGHT,96,
2026-09-12,19:25,LIGHT,95,
2026-09-12,19:26,LIGHT,87,
2026-09-12,19:27,LIGHT,85,
2026-09-12,19:28,LIGHT,90,
2026-09-12,19:29,LIGHT,87,
2026-09-12,19:30,LIGHT,84,
2026-09-13,01:16,LIGHT,95,
2026-09-13,01:17,LIGHT,92,
2026-09-13,01:18,LIGHT,88,
2026-09-13,01:19,LIGHT,85,
2026-09-13,01:20,LIGHT,85,
2026-09-13,01:21,LIGHT,86,
2026-09-13,01:22,LIGHT,90,
2026-09-13,01:23,LIGHT,82,
2026-09-13,01:24,LIGHT,87,
2026-09-13,01:25,LIGHT,91,
2026-09-13,01:26,DEEP,90,
2026-09-13,01:27,DEEP,90,
2026-09-13,01:28,DEEP,90,
2026-09-13,01:29,DEEP,88,
2026-09-13,01:30,DEEP,87,
2026-09-13,01:31,DEEP,85,
2026-09-13,01:32,DEEP,71,
2026-09-13,01:33,DEEP,68,
2026-09-13,01:34,DEEP,67,
2026-09-13,01:35,DEEP,65,
2026-09-13,01:36,DEEP,66,
2026-09-13,01:37,DEEP,63,
2026-09-13,01:38,DEEP,65,
2026-09-13,01:39,DEEP,67,
2026-09-13,01:40,DEEP,66,
2026-09-13,01:41,DEEP,65,
2026-09-13,01:42,DEEP,62,
2026-09-13,01:43,DEEP,67,
2026-09-13,01:44,DEEP,71,
2026-09-13,01:45,DEEP,68,
2026-09-13,01:46,DEEP,63,
2026-09-13,01:47,DEEP,63,
2026-09-13,01:48,LIGHT,63,
2026-09-13,01:49,LIGHT,62,
2026-09-13,01:50,LIGHT,65,
2026-09-13,01:51,LIGHT,68,
2026-09-13,01:52,LIGHT,71,
2026-09-13,01:53,LIGHT,70,
2026-09-13,01:54,LIGHT,74,
2026-09-13,01:55,LIGHT,79,
2026-09-13,01:56,LIGHT,67,
2026-09-13,01:57,LIGHT,59,
2026-09-13,01:58,LIGHT,65,
2026-09-13,01:59,LIGHT,84,
2026-09-13,02:00,LIGHT,91,
2026-09-13,02:01,LIGHT,82,
2026-09-13,02:02,LIGHT,67,
2026-09-13,02:03,LIGHT,64,
2026-09-13,02:04,LIGHT,63,
2026-09-13,02:05,LIGHT,62,
2026-09-13,02:06,LIGHT,62,
2026-09-13,02:07,DEEP,60,
2026-09-13,02:08,DEEP,59,
2026-09-13,02:09,DEEP,61,
2026-09-13,02:10,DEEP,59,
2026-09-13,02:11,DEEP,59,
2026-09-13,02:12,DEEP,58,
2026-09-13,02:13,DEEP,59,
2026-09-13,02:14,LIGHT,57,
2026-09-13,02:15,LIGHT,57,
2026-09-13,02:16,LIGHT,72,
2026-09-13,02:17,LIGHT,82,
2026-09-13,02:18,LIGHT,76,
2026-09-13,02:19,LIGHT,88,
2026-09-13,02:20,LIGHT,72,
2026-09-13,02:21,LIGHT,61,
2026-09-13,02:22,LIGHT,65,
2026-09-13,02:23,LIGHT,69,
2026-09-13,02:24,LIGHT,63,
2026-09-13,02:25,LIGHT,57,
2026-09-13,02:26,LIGHT,62,
2026-09-13,02:27,LIGHT,57,
2026-09-13,02:28,LIGHT,62,
2026-09-13,02:29,LIGHT,56,
2026-09-13,02:30,LIGHT,53,
2026-09-13,02:31,LIGHT,54,
2026-09-13,02:32,LIGHT,51,
2026-09-13,02:33,LIGHT,53,
2026-09-13,02:34,LIGHT,51,
2026-09-13,02:35,LIGHT,54,
2026-09-13,02:36,DEEP,53,
2026-09-13,02:37,DEEP,52,
2026-09-13,02:38,DEEP,52,
2026-09-13,02:39,DEEP,52,
2026-09-13,02:40,LIGHT,52,
2026-09-13,02:41,LIGHT,54,
2026-09-13,02:42,LIGHT,52,
2026-09-13,02:43,LIGHT,54,
2026-09-13,02:44,LIGHT,52,
2026-09-13,02:45,LIGHT,51,
2026-09-13,02:46,LIGHT,51,
2026-09-13,02:47,REM,51,
2026-09-13,02:48,REM,51,
2026-09-13,02:49,LIGHT,51,
2026-09-13,02:50,LIGHT,51,
2026-09-13,02:51,LIGHT,51,
2026-09-13,02:52,WAKE,50,
2026-09-13,02:53,WAKE,50,
2026-09-13,02:54,LIGHT,50,
2026-09-13,02:55,LIGHT,50,
2026-09-13,02:56,LIGHT,50,
2026-09-13,02:57,REM,50,
2026-09-13,02:58,REM,51,
2026-09-13,02:59,REM,52,
2026-09-13,03:00,REM,52,
2026-09-13,03:01,REM,51,
2026-09-13,03:02,REM,51,
2026-09-13,03:03,REM,51,
2026-09-13,03:04,REM,51,
2026-09-13,03:05,REM,57,
2026-09-13,03:06,REM,63,
2026-09-13,03:07,REM,54,
2026-09-13,03:08,REM,52,
2026-09-13,03:09,REM,53,
2026-09-13,03:10,REM,55,
2026-09-13,03:11,REM,55,
2026-09-13,03:12,REM,53,
2026-09-13,03:13,REM,53,
2026-09-13,03:14,REM,53,
2026-09-13,03:15,REM,53,
2026-09-13,03:16,REM,53,
2026-09-13,03:17,REM,55,
2026-09-13,03:18,REM,54,
2026-09-13,03:19,REM,54,
2026-09-13,03:20,REM,54,
2026-09-13,03:21,REM,54,
2026-09-13,03:22,REM,56,
2026-09-13,03:23,REM,61,
2026-09-13,03:24,REM,53,
2026-09-13,03:25,REM,52,
2026-09-13,03:26,REM,51,
2026-09-13,03:27,REM,51,
2026-09-13,03:28,REM,51,
2026-09-13,03:29,LIGHT,52,
2026-09-13,03:30,LIGHT,52,
2026-09-13,03:31,LIGHT,53,
2026-09-13,03:32,LIGHT,53,
2026-09-13,03:33,LIGHT,54,
2026-09-13,03:34,LIGHT,54,
2026-09-13,03:35,LIGHT,54,
2026-09-13,03:36,LIGHT,53,
2026-09-13,03:37,LIGHT,53,
2026-09-13,03:38,LIGHT,53,
2026-09-13,03:39,LIGHT,54,
2026-09-13,03:40,LIGHT,54,
2026-09-13,03:41,LIGHT,54,
2026-09-13,03:42,LIGHT,61,
2026-09-13,03:43,LIGHT,55,
2026-09-13,03:44,LIGHT,52,
2026-09-13,03:45,LIGHT,52,
2026-09-13,03:46,LIGHT,55,
2026-09-13,03:47,LIGHT,55,
2026-09-13,03:48,LIGHT,54,
2026-09-13,03:49,LIGHT,58,
2026-09-13,03:50,LIGHT,52,
2026-09-13,03:51,LIGHT,54,
2026-09-13,03:52,DEEP,53,
2026-09-13,03:53,DEEP,70,
2026-09-13,03:54,DEEP,64,
2026-09-13,03:55,DEEP,55,
2026-09-13,03:56,DEEP,53,
2026-09-13,03:57,DEEP,53,
2026-09-13,03:58,DEEP,54,
2026-09-13,03:59,DEEP,54,
2026-09-13,04:00,DEEP,54,
2026-09-13,04:01,DEEP,54,
2026-09-13,04:02,DEEP,55,
2026-09-13,04:03,DEEP,55,
2026-09-13,04:04,DEEP,55,
2026-09-13,04:05,DEEP,56,
2026-09-13,04:06,DEEP,62,
2026-09-13,04:07,DEEP,58,
2026-09-13,04:08,DEEP,55,
2026-09-13,04:09,DEEP,52,
2026-09-13,04:10,DEEP,54,
2026-09-13,04:11,DEEP,51,
2026-09-13,04:12,DEEP,52,
2026-09-13,04:13,DEEP,56,
2026-09-13,04:14,DEEP,53,
2026-09-13,04:15,DEEP,62,
2026-09-13,04:16,DEEP,54,
2026-09-13,04:17,DEEP,54,
2026-09-13,04:18,DEEP,52,
2026-09-13,04:19,DEEP,52,
2026-09-13,04:20,DEEP,52,
2026-09-13,04:21,DEEP,54,
2026-09-13,04:22,DEEP,53,
2026-09-13,04:23,DEEP,55,
2026-09-13,04:24,LIGHT,53,
2026-09-13,04:25,LIGHT,53,
2026-09-13,04:26,LIGHT,52,
2026-09-13,04:27,WAKE,52,
2026-09-13,04:28,WAKE,52,
2026-09-13,04:29,WAKE,53,
2026-09-13,04:30,WAKE,53,
2026-09-13,04:31,WAKE,53,
2026-09-13,04:32,LIGHT,53,
2026-09-13,04:33,LIGHT,52,
2026-09-13,04:34,LIGHT,52,
2026-09-13,04:35,LIGHT,58,
2026-09-13,04:36,LIGHT,52,
2026-09-13,04:37,LIGHT,49,
2026-09-13,04:38,LIGHT,49,
2026-09-13,04:39,LIGHT,49,
2026-09-13,04:40,LIGHT,49,
2026-09-13,04:41,LIGHT,49,
2026-09-13,04:42,WAKE,50,
2026-09-13,04:43,WAKE,50,
2026-09-13,04:44,WAKE,51,
2026-09-13,04:45,WAKE,51,
2026-09-13,04:46,LIGHT,51,
2026-09-13,04:47,LIGHT,53,
2026-09-13,04:48,LIGHT,54,
2026-09-13,04:49,LIGHT,53,
2026-09-13,04:50,LIGHT,52,
2026-09-13,04:51,LIGHT,52,
2026-09-13,04:52,LIGHT,52,
2026-09-13,04:53,LIGHT,52,
2026-09-13,04:54,LIGHT,52,
2026-09-13,04:55,LIGHT,52,
2026-09-13,04:56,LIGHT,53,
2026-09-13,04:57,LIGHT,53,
2026-09-13,04:58,WAKE,52,
2026-09-13,04:59,LIGHT,52,
2026-09-13,05:00,LIGHT,53,
2026-09-13,05:01,LIGHT,53,
2026-09-13,05:02,LIGHT,53,
2026-09-13,05:03,LIGHT,53,
2026-09-13,05:04,LIGHT,53,
2026-09-13,05:05,LIGHT,53,
2026-09-13,05:06,LIGHT,58,
2026-09-13,05:07,LIGHT,50,
2026-09-13,05:08,LIGHT,48,
2026-09-13,05:09,LIGHT,50,
2026-09-13,05:10,LIGHT,57,
2026-09-13,05:11,LIGHT,47,
2026-09-13,05:12,LIGHT,45,
2026-09-13,05:13,LIGHT,45,
2026-09-13,05:14,LIGHT,62,
2026-09-13,05:15,LIGHT,69,
2026-09-13,05:16,LIGHT,64,
2026-09-13,05:17,LIGHT,63,
2026-09-13,05:18,LIGHT,60,
2026-09-13,05:19,LIGHT,55,
2026-09-13,07:15,LIGHT,85,
2026-09-13,07:16,LIGHT,87,
2026-09-13,07:17,LIGHT,92,
2026-09-13,07:18,LIGHT,91,
2026-09-13,07:19,LIGHT,92,
2026-09-13,07:20,LIGHT,90,
2026-09-13,07:21,LIGHT,74,
2026-09-13,07:22,LIGHT,76,
2026-09-13,07:23,LIGHT,87,
2026-09-13,07:24,LIGHT,95,
2026-09-13,07:25,LIGHT,95,
2026-09-13,07:26,DEEP,92,
2026-09-13,07:27,DEEP,96,
2026-09-13,07:28,DEEP,96,
2026-09-13,07:29,DEEP,90,
2026-09-13,07:30,DEEP,77,
2026-09-13,07:31,DEEP,79,
2026-09-13,07:32,DEEP,78,
2026-09-13,07:33,DEEP,72,
2026-09-13,07:34,DEEP,70,
2026-09-13,07:35,DEEP,71,
2026-09-13,07:36,DEEP,74,
2026-09-13,07:37,DEEP,72,
2026-09-13,07:38,DEEP,72,
2026-09-13,07:39,DEEP,71,
2026-09-13,07:40,LIGHT,65,
2026-09-13,07:41,LIGHT,60,
2026-09-13,07:42,LIGHT,65,
2026-09-13,07:43,LIGHT,67,
2026-09-13,07:44,LIGHT,64,
2026-09-13,07:45,LIGHT,62,
2026-09-13,07:46,LIGHT,67,
2026-09-13,07:47,LIGHT,65,
2026-09-13,16:06,LIGHT,50,
2026-09-13,16:07,LIGHT,50,
2026-09-13,16:08,LIGHT,50,
2026-09-13,16:09,LIGHT,50,
2026-09-13,16:10,LIGHT,51,
2026-09-13,16:11,LIGHT,51,
2026-09-13,16:12,LIGHT,52,
2026-09-13,16:13,LIGHT,54,
2026-09-13,16:14,LIGHT,54,
2026-09-13,16:15,DEEP,54,
2026-09-13,16:16,DEEP,54,
2026-09-13,16:17,DEEP,54,
2026-09-13,16:18,DEEP,54,
2026-09-13,16:19,DEEP,54,
2026-09-13,16:20,DEEP,53,
2026-09-13,16:21,DEEP,53,
2026-09-13,16:22,DEEP,53,
2026-09-13,16:23,DEEP,53,
2026-09-13,16:24,DEEP,53,
2026-09-13,16:25,DEEP,53,
2026-09-13,16:26,DEEP,53,
2026-09-13,16:27,DEEP,53,
2026-09-13,16:28,DEEP,53,
2026-09-13,16:29,LIGHT,53,
2026-09-13,16:30,LIGHT,54,
2026-09-13,16:31,LIGHT,54,
2026-09-13,16:32,LIGHT,54,
2026-09-13,16:33,LIGHT,54,
2026-09-13,16:34,LIGHT,54,
2026-09-13,16:35,LIGHT,54,
2026-09-13,16:36,LIGHT,54,
2026-09-13,16:37,LIGHT,66,
2026-09-13,16:38,LIGHT,63,
2026-09-13,16:39,LIGHT,52,
2026-09-13,16:40,LIGHT,49,
2026-09-13,16:41,LIGHT,49,
2026-09-13,16:42,LIGHT,49,
2026-09-13,16:43,LIGHT,50,
2026-09-13,16:44,LIGHT,50,
2026-09-13,16:45,LIGHT,51,
2026-09-13,16:46,LIGHT,53,
2026-09-13,16:47,LIGHT,56,
2026-09-13,16:48,LIGHT,52,
2026-09-13,16:49,DEEP,52,
2026-09-13,16:50,DEEP,53,
2026-09-13,16:51,DEEP,52,
2026-09-13,16:52,DEEP,52,
2026-09-13,16:53,DEEP,57,
2026-09-13,16:54,DEEP,50,
2026-09-13,16:55,LIGHT,51,
2026-09-13,16:56,LIGHT,53,
2026-09-13,16:57,LIGHT,53,
2026-09-13,16:58,LIGHT,51,
2026-09-13,16:59,LIGHT,53,
2026-09-13,17:00,LIGHT,60,
2026-09-13,17:01,REM,54,
2026-09-13,17:02,REM,51,
2026-09-13,17:03,REM,52,
2026-09-13,17:04,REM,50,
2026-09-13,17:05,REM,50,
2026-09-13,17:06,REM,52,
2026-09-13,17:07,REM,52,
2026-09-13,17:08,REM,50,
2026-09-13,17:09,REM,52,
2026-09-13,17:10,REM,49,
2026-09-13,17:11,REM,48,
2026-09-13,17:12,REM,48,
2026-09-13,17:13,REM,53,
2026-09-13,17:14,REM,50,
2026-09-13,17:15,REM,48,
2026-09-13,17:16,REM,49,
2026-09-13,17:17,REM,49,
2026-09-13,17:18,REM,54,
2026-09-13,17:19,REM,58,
2026-09-13,17:20,REM,52,
2026-09-13,17:21,REM,56,
2026-09-13,17:22,REM,64,
2026-09-13,17:23,LIGHT,72,
2026-09-13,17:24,LIGHT,72,
2026-09-13,17:25,LIGHT,75,
2026-09-13,17:26,LIGHT,67,
2026-09-13,17:27,LIGHT,69,
2026-09-13,17:28,LIGHT,74,
2026-09-13,17:29,LIGHT,74,
2026-09-13,17:30,LIGHT,80,
2026-09-13,17:31,LIGHT,82,
2026-09-13,17:32,LIGHT,79,
2026-09-13,17:33,LIGHT,75,
2026-09-13,17:34,LIGHT,75,
2026-09-13,17:35,LIGHT,67,
2026-09-13,17:36,LIGHT,65,
2026-09-13,17:37,LIGHT,68,
2026-09-13,17:38,LIGHT,70,
2026-09-13,17:39,LIGHT,62,
2026-09-13,17:40,LIGHT,57,
2026-09-13,17:41,LIGHT,57,
2026-09-13,17:42,LIGHT,57,
2026-09-13,17:43,LIGHT,61,
2026-09-13,17:44,LIGHT,57,
2026-09-13,17:45,LIGHT,67,
2026-09-14,02:39,LIGHT,51,
2026-09-14,02:40,LIGHT,52,
2026-09-14,02:41,LIGHT,52,
2026-09-14,02:42,LIGHT,48,
2026-09-14,02:43,LIGHT,50,
2026-09-14,02:44,LIGHT,53,
2026-09-14,02:45,LIGHT,53,
2026-09-14,02:46,LIGHT,52,
2026-09-14,02:47,LIGHT,50,
2026-09-14,02:48,LIGHT,51,
2026-09-14,02:49,LIGHT,53,
2026-09-14,02:50,LIGHT,51,
2026-09-14,02:51,LIGHT,54,
2026-09-14,02:52,LIGHT,54,
2026-09-14,02:53,DEEP,55,
2026-09-14,02:54,DEEP,50,
2026-09-14,02:55,DEEP,50,
2026-09-14,02:56,DEEP,55,
2026-09-14,02:57,DEEP,62,
2026-09-14,02:58,DEEP,59,
2026-09-14,02:59,DEEP,52,
2026-09-14,03:00,DEEP,48,
2026-09-14,03:01,DEEP,50,
2026-09-14,03:02,DEEP,48,
2026-09-14,03:03,DEEP,50,
2026-09-14,03:04,DEEP,48,
2026-09-14,03:05,DEEP,48,
2026-09-14,03:06,DEEP,50,
2026-09-14,03:07,LIGHT,48,
2026-09-14,03:08,LIGHT,48,
2026-09-14,03:09,LIGHT,48,
2026-09-14,03:10,LIGHT,48,
2026-09-14,03:11,DEEP,51,
2026-09-14,03:12,DEEP,61,
2026-09-14,03:13,DEEP,64,
2026-09-14,03:14,DEEP,64,
2026-09-14,03:15,DEEP,66,
2026-09-14,03:16,DEEP,66,
2026-09-14,03:17,DEEP,60,
2026-09-14,03:18,DEEP,49,
2026-09-14,03:19,DEEP,46,
2026-09-14,03:20,DEEP,45,
2026-09-14,03:21,DEEP,45,
2026-09-14,03:22,DEEP,45,
2026-09-14,03:23,DEEP,45,
2026-09-14,03:24,DEEP,45,
2026-09-14,03:25,DEEP,47,
2026-09-14,03:26,DEEP,46,
2026-09-14,03:27,DEEP,46,
2026-09-14,03:28,DEEP,46,
2026-09-14,03:29,DEEP,46,
2026-09-14,03:30,DEEP,47,
2026-09-14,03:31,DEEP,45,
2026-09-14,03:32,DEEP,45,
2026-09-14,03:33,DEEP,45,
2026-09-14,03:34,DEEP,45,
2026-09-14,03:35,DEEP,52,
2026-09-14,03:36,DEEP,48,
2026-09-14,03:37,DEEP,43,
2026-09-14,03:38,DEEP,43,
2026-09-14,03:39,DEEP,43,
2026-09-14,03:40,DEEP,44,
2026-09-14,03:41,DEEP,45,
2026-09-14,03:42,DEEP,42,
2026-09-14,03:43,DEEP,43,
2026-09-14,03:44,LIGHT,44,
2026-09-14,03:45,LIGHT,43,
2026-09-14,03:46,REM,43,
2026-09-14,03:47,REM,43,
2026-09-14,03:48,REM,43,
2026-09-14,03:49,REM,43,
2026-09-14,03:50,REM,43,
2026-09-14,03:51,REM,43,
2026-09-14,03:52,REM,42,
2026-09-14,03:53,REM,43,
2026-09-14,03:54,REM,43,
2026-09-14,03:55,REM,43,
2026-09-14,03:56,REM,43,
2026-09-14,03:57,REM,43,
2026-09-14,03:58,REM,43,
2026-09-14,03:59,REM,43,
2026-09-14,04:00,REM,43,
2026-09-14,04:01,REM,43,
2026-09-14,04:02,REM,44,
2026-09-14,04:03,REM,44,
2026-09-14,04:04,REM,43,
2026-09-14,04:05,REM,43,
2026-09-14,04:06,REM,43,
2026-09-14,04:07,REM,43,
2026-09-14,04:08,REM,43,
2026-09-14,04:09,REM,43,
2026-09-14,04:10,REM,43,
2026-09-14,04:11,REM,43,
2026-09-14,04:12,REM,44,
2026-09-14,04:13,REM,44,
2026-09-14,04:14,REM,44,
2026-09-14,04:15,REM,44,
2026-09-14,04:16,REM,44,
2026-09-14,04:17,REM,44,
2026-09-14,04:18,REM,44,
2026-09-14,04:19,REM,44,
2026-09-14,04:20,REM,44,
2026-09-14,04:21,REM,44,
2026-09-14,04:22,REM,45,
2026-09-14,04:23,REM,45,
2026-09-14,04:24,REM,45,
2026-09-14,04:25,REM,45,
2026-09-14,04:26,REM,45,
2026-09-14,04:27,REM,45,
2026-09-14,04:28,REM,45,
2026-09-14,04:29,REM,45,
2026-09-14,04:30,LIGHT,45,
2026-09-14,04:31,LIGHT,45,
2026-09-14,04:32,LIGHT,45,
2026-09-14,04:33,LIGHT,45,
2026-09-14,04:34,LIGHT,45,
2026-09-14,04:35,LIGHT,45,
2026-09-14,04:36,LIGHT,46,
2026-09-14,04:37,LIGHT,48,
2026-09-14,04:38,LIGHT,50,
2026-09-14,04:39,LIGHT,57,
2026-09-14,04:40,LIGHT,46,
2026-09-14,04:41,LIGHT,42,
2026-09-14,04:42,LIGHT,42,
2026-09-14,04:43,LIGHT,45,
2026-09-14,04:44,LIGHT,47,
2026-09-14,04:45,LIGHT,45,
2026-09-14,04:46,LIGHT,43,
2026-09-14,04:47,DEEP,44,
2026-09-14,04:48,DEEP,45,
2026-09-14,04:49,DEEP,45,
2026-09-14,04:50,DEEP,45,
2026-09-14,04:51,DEEP,50,
2026-09-14,04:52,DEEP,44,
2026-09-14,04:53,DEEP,42,
2026-09-14,04:54,DEEP,42,
2026-09-14,04:55,DEEP,43,
2026-09-14,04:56,DEEP,46,
2026-09-14,04:57,DEEP,43,
2026-09-14,04:58,DEEP,42,
2026-09-14,04:59,DEEP,44,
2026-09-14,05:00,DEEP,42,
2026-09-14,05:01,DEEP,44,
2026-09-14,05:02,DEEP,45,
2026-09-14,05:03,DEEP,43,
2026-09-14,05:04,DEEP,43,
2026-09-14,05:05,DEEP,43,
2026-09-14,05:06,DEEP,43,
2026-09-14,05:07,LIGHT,42,
2026-09-14,05:08,LIGHT,42,
2026-09-14,05:09,LIGHT,43,
2026-09-14,05:10,LIGHT,43,
2026-09-14,05:11,LIGHT,53,
2026-09-14,05:12,LIGHT,44,
2026-09-14,05:13,LIGHT,41,
2026-09-14,05:14,LIGHT,45,
2026-09-14,05:15,WAKE,47,
2026-09-14,05:16,WAKE,46,
2026-09-14,05:17,WAKE,43,
2026-09-14,05:18,WAKE,41,
2026-09-14,05:19,WAKE,41,
2026-09-14,05:20,LIGHT,42,
2026-09-14,05:21,LIGHT,42,
2026-09-14,05:22,LIGHT,42,
2026-09-14,05:23,LIGHT,42,
2026-09-14,05:24,LIGHT,43,
2026-09-14,05:25,LIGHT,44,
2026-09-14,05:26,LIGHT,42,
2026-09-14,05:27,LIGHT,44,
2026-09-14,05:28,LIGHT,43,
2026-09-14,05:29,LIGHT,43,
2026-09-14,05:30,LIGHT,42,
2026-09-14,05:31,LIGHT,42,
2026-09-14,05:32,LIGHT,43,
2026-09-14,05:33,LIGHT,43,
2026-09-14,05:34,LIGHT,43,
2026-09-14,05:35,LIGHT,43,
2026-09-14,05:36,LIGHT,42,
2026-09-14,05:37,LIGHT,44,
2026-09-14,05:38,LIGHT,44,
2026-09-14,05:39,LIGHT,44,
2026-09-14,05:40,LIGHT,43,
2026-09-14,05:41,LIGHT,43,
2026-09-14,05:42,LIGHT,43,
2026-09-14,05:43,WAKE,43,
2026-09-14,05:44,LIGHT,42,
2026-09-14,05:45,LIGHT,42,
2026-09-14,05:46,LIGHT,42,
2026-09-14,05:47,LIGHT,42,
2026-09-14,05:48,LIGHT,42,
2026-09-14,05:49,LIGHT,42,
2026-09-14,05:50,LIGHT,42,
2026-09-14,05:51,LIGHT,44,
2026-09-14,05:52,LIGHT,42,
2026-09-14,05:53,LIGHT,42,
2026-09-14,05:54,LIGHT,42,
2026-09-14,05:55,LIGHT,42,
2026-09-14,05:56,LIGHT,47,
2026-09-14,05:57,LIGHT,42,
2026-09-14,05:58,LIGHT,40,
2026-09-14,05:59,LIGHT,40,
2026-09-14,06:00,LIGHT,,
2026-09-14,06:01,LIGHT,,
2026-09-14,06:02,LIGHT,,
2026-09-14,06:03,LIGHT,,
2026-09-14,06:04,LIGHT,40,
2026-09-14,06:05,LIGHT,40,
2026-09-14,06:06,LIGHT,41,
2026-09-14,06:07,LIGHT,41,
2026-09-14,06:08,LIGHT,48,
2026-09-14,06:09,LIGHT,47,
2026-09-14,06:10,LIGHT,,
2026-09-14,06:11,LIGHT,,
2026-09-14,06:12,LIGHT,,
2026-09-14,06:13,LIGHT,44,
2026-09-14,06:14,LIGHT,44,
2026-09-14,06:15,LIGHT,,
2026-09-14,06:16,LIGHT,,
2026-09-14,06:17,LIGHT,,
2026-09-14,06:18,LIGHT,,
2026-09-14,06:19,LIGHT,,
2026-09-14,06:20,LIGHT,40,
2026-09-14,06:21,LIGHT,40,
2026-09-14,06:22,LIGHT,40,
2026-09-14,06:23,REM,40,
2026-09-14,06:24,REM,41,
2026-09-14,06:25,REM,41,
2026-09-14,06:26,REM,42,
2026-09-14,06:27,REM,44,
2026-09-14,06:28,REM,44,
2026-09-14,06:29,REM,43,
2026-09-14,06:30,REM,43,
2026-09-14,06:31,REM,43,
2026-09-14,06:32,REM,43,
2026-09-14,06:33,REM,43,
2026-09-14,06:34,REM,43,
2026-09-14,06:35,REM,43,
2026-09-14,06:36,REM,43,
2026-09-14,06:37,REM,43,
2026-09-14,06:38,REM,43,
2026-09-14,06:39,REM,43,
2026-09-14,06:40,REM,43,
2026-09-14,06:41,LIGHT,43,
2026-09-14,06:42,LIGHT,43,
2026-09-14,06:43,LIGHT,43,
2026-09-14,06:44,LIGHT,44,
2026-09-14,06:45,LIGHT,44,
2026-09-14,15:35,LIGHT,55,
2026-09-14,15:36,LIGHT,59,
2026-09-14,15:37,LIGHT,64,
2026-09-14,15:38,LIGHT,61,
2026-09-14,15:39,LIGHT,58,
2026-09-14,15:40,LIGHT,59,
2026-09-14,15:41,LIGHT,56,
2026-09-14,15:42,LIGHT,58,
2026-09-14,15:43,LIGHT,58,
2026-09-14,15:44,LIGHT,57,
2026-09-14,15:45,LIGHT,55,
2026-09-14,15:46,LIGHT,57,
2026-09-14,15:47,LIGHT,57,
2026-09-14,15:48,DEEP,54,
2026-09-14,15:49,DEEP,53,
2026-09-14,15:50,DEEP,54,
2026-09-14,15:51,DEEP,54,
2026-09-14,15:52,DEEP,53,
2026-09-14,15:53,DEEP,54,
2026-09-14,15:54,LIGHT,55,
2026-09-14,15:55,LIGHT,54,
2026-09-14,15:56,LIGHT,54,
2026-09-14,15:57,LIGHT,54,
2026-09-14,15:58,LIGHT,54,
2026-09-14,15:59,LIGHT,56,
2026-09-14,16:00,LIGHT,62,
2026-09-14,16:01,LIGHT,56,
2026-09-14,16:02,LIGHT,53,
2026-09-14,16:03,LIGHT,53,
2026-09-14,16:04,LIGHT,52,
2026-09-14,16:05,LIGHT,52,
2026-09-14,16:06,LIGHT,52,
2026-09-14,16:07,LIGHT,52,
2026-09-14,16:08,LIGHT,52,
2026-09-14,16:09,LIGHT,54,
2026-09-14,16:10,LIGHT,56,
2026-09-14,16:11,LIGHT,53,
2026-09-14,16:12,LIGHT,52,
2026-09-14,16:13,DEEP,52,
2026-09-14,16:14,DEEP,52,
2026-09-14,16:15,DEEP,52,
2026-09-14,16:16,DEEP,52,
2026-09-14,16:17,DEEP,52,
2026-09-14,16:18,DEEP,52,
2026-09-14,16:19,DEEP,52,
2026-09-14,16:20,DEEP,52,
2026-09-14,16:21,DEEP,52,
2026-09-14,16:22,DEEP,52,
2026-09-14,16:23,DEEP,53,
2026-09-14,16:24,DEEP,53,
2026-09-14,16:25,DEEP,52,
2026-09-14,16:26,DEEP,52,
2026-09-14,16:27,DEEP,52,
2026-09-14,16:28,DEEP,52,
2026-09-14,16:29,DEEP,52,
2026-09-14,16:30,DEEP,52,
2026-09-14,16:31,DEEP,52,
2026-09-14,16:32,DEEP,52,
2026-09-14,16:33,DEEP,51,
2026-09-14,16:34,DEEP,51,
2026-09-14,16:35,DEEP,51,
2026-09-14,16:36,DEEP,51,
2026-09-14,16:37,DEEP,51,
2026-09-14,16:38,LIGHT,51,
2026-09-14,16:39,LIGHT,52,
2026-09-14,16:40,LIGHT,51,
2026-09-14,16:41,LIGHT,51,
2026-09-14,16:42,LIGHT,51,
2026-09-14,16:43,LIGHT,51,
2026-09-14,16:44,LIGHT,50,
2026-09-14,16:45,LIGHT,50,
2026-09-14,16:46,LIGHT,50,
2026-09-14,16:47,LIGHT,50,
2026-09-14,16:48,LIGHT,50,
2026-09-14,16:49,LIGHT,51,
2026-09-14,16:50,REM,51,
2026-09-14,16:51,REM,51,
2026-09-14,16:52,REM,51,
2026-09-14,16:53,REM,51,
2026-09-14,16:54,REM,51,
2026-09-14,16:55,REM,52,
2026-09-14,16:56,REM,51,
2026-09-14,16:57,REM,51,
2026-09-14,16:58,REM,66,
2026-09-14,16:59,REM,57,
2026-09-14,17:00,REM,51,
2026-09-14,17:01,REM,49,
2026-09-14,17:02,REM,49,
2026-09-14,17:03,REM,49,
2026-09-14,17:04,REM,49,
2026-09-14,17:05,REM,50,
2026-09-14,17:06,REM,50,
2026-09-14,17:07,REM,49,
2026-09-14,17:08,REM,50,
2026-09-14,17:09,REM,51,
2026-09-14,17:10,LIGHT,54,
2026-09-14,17:11,LIGHT,55,
2026-09-14,17:12,LIGHT,52,
2026-09-14,17:13,LIGHT,51,
2026-09-14,17:14,LIGHT,51,
2026-09-14,17:15,LIGHT,51,
2026-09-14,17:16,LIGHT,51,
2026-09-14,17:17,LIGHT,51,
2026-09-14,17:18,LIGHT,53,
2026-09-14,17:19,LIGHT,53,
2026-09-14,17:20,LIGHT,65,
2026-09-14,17:21,LIGHT,65,
2026-09-15,03:43,LIGHT,46,
2026-09-15,03:44,LIGHT,46,
2026-09-15,03:45,LIGHT,46,
2026-09-15,03:46,LIGHT,48,
2026-09-15,03:47,LIGHT,48,
2026-09-15,03:48,LIGHT,46,
2026-09-15,03:49,LIGHT,46,
2026-09-15,03:50,LIGHT,51,
2026-09-15,03:51,LIGHT,47,
2026-09-15,03:52,LIGHT,45,
2026-09-15,03:53,LIGHT,45,
2026-09-15,03:54,LIGHT,45,
2026-09-15,03:55,LIGHT,45,
2026-09-15,03:56,LIGHT,44,
2026-09-15,03:57,LIGHT,46,
2026-09-15,03:58,LIGHT,46,
2026-09-15,03:59,LIGHT,47,
2026-09-15,04:00,LIGHT,47,
2026-09-15,04:01,LIGHT,47,
2026-09-15,04:02,LIGHT,44,
2026-09-15,04:03,DEEP,48,
2026-09-15,04:04,DEEP,46,
2026-09-15,04:05,DEEP,47,
2026-09-15,04:06,DEEP,47,
2026-09-15,04:07,DEEP,49,
2026-09-15,04:08,DEEP,50,
2026-09-15,04:09,DEEP,48,
2026-09-15,04:10,DEEP,47,
2026-09-15,04:11,DEEP,47,
2026-09-15,04:12,DEEP,47,
2026-09-15,04:13,DEEP,52,
2026-09-15,04:14,DEEP,49,
2026-09-15,04:15,DEEP,46,
2026-09-15,04:16,DEEP,43,
2026-09-15,04:17,DEEP,44,
2026-09-15,04:18,DEEP,51,
2026-09-15,04:19,DEEP,46,
2026-09-15,04:20,DEEP,43,
2026-09-15,04:21,DEEP,44,
2026-09-15,04:22,DEEP,45,
2026-09-15,04:23,DEEP,47,
2026-09-15,04:24,DEEP,44,
2026-09-15,04:25,DEEP,43,
2026-09-15,04:26,DEEP,43,
2026-09-15,04:27,DEEP,44,
2026-09-15,04:28,DEEP,44,
2026-09-15,04:29,DEEP,43,
2026-09-15,04:30,DEEP,44,
2026-09-15,04:31,DEEP,44,
2026-09-15,04:32,DEEP,42,
2026-09-15,04:33,DEEP,42,
2026-09-15,04:34,DEEP,44,
2026-09-15,04:35,DEEP,44,
2026-09-15,04:36,DEEP,46,
2026-09-15,04:37,LIGHT,45,
2026-09-15,04:38,LIGHT,46,
2026-09-15,04:39,LIGHT,44,
2026-09-15,04:40,WAKE,45,
2026-09-15,04:41,LIGHT,44,
2026-09-15,04:42,LIGHT,43,
2026-09-15,04:43,LIGHT,44,
2026-09-15,04:44,LIGHT,46,
2026-09-15,04:45,REM,47,
2026-09-15,04:46,REM,49,
2026-09-15,04:47,REM,50,
2026-09-15,04:48,REM,49,
2026-09-15,04:49,REM,46,
2026-09-15,04:50,REM,46,
2026-09-15,04:51,REM,45,
2026-09-15,04:52,REM,45,
2026-09-15,04:53,REM,49,
2026-09-15,04:54,REM,46,
2026-09-15,04:55,REM,46,
2026-09-15,04:56,REM,48,
2026-09-15,04:57,REM,48,
2026-09-15,04:58,REM,48,
2026-09-15,04:59,REM,48,
2026-09-15,05:00,REM,48,
2026-09-15,05:01,REM,48,
2026-09-15,05:02,REM,48,
2026-09-15,05:03,REM,48,
2026-09-15,05:04,REM,48,
2026-09-15,05:05,REM,48,
2026-09-15,05:06,REM,48,
2026-09-15,05:07,REM,48,
2026-09-15,05:08,REM,48,
2026-09-15,05:09,LIGHT,49,
2026-09-15,05:10,LIGHT,49,
2026-09-15,05:11,LIGHT,49,
2026-09-15,05:12,WAKE,49,
2026-09-15,05:13,LIGHT,49,
2026-09-15,05:14,LIGHT,50,
2026-09-15,05:15,WAKE,50,
2026-09-15,05:16,WAKE,50,
2026-09-15,05:17,LIGHT,50,
2026-09-15,05:18,LIGHT,50,
2026-09-15,05:19,LIGHT,50,
2026-09-15,05:20,LIGHT,50,
2026-09-15,05:21,LIGHT,50,
2026-09-15,05:22,LIGHT,50,
2026-09-15,05:23,LIGHT,52,
2026-09-15,05:24,LIGHT,59,
2026-09-15,05:25,LIGHT,48,
2026-09-15,05:26,LIGHT,45,
2026-09-15,05:27,LIGHT,45,
2026-09-15,05:28,LIGHT,44,
2026-09-15,05:29,LIGHT,43,
2026-09-15,05:30,LIGHT,43,
2026-09-15,05:31,LIGHT,43,
2026-09-15,05:32,LIGHT,43,
2026-09-15,05:33,LIGHT,43,
2026-09-15,05:34,LIGHT,45,
2026-09-15,05:35,LIGHT,45,
2026-09-15,05:36,LIGHT,45,
2026-09-15,05:37,LIGHT,44,
2026-09-15,05:38,LIGHT,44,
2026-09-15,05:39,LIGHT,44,
2026-09-15,05:40,LIGHT,44,
2026-09-15,05:41,LIGHT,44,
2026-09-15,05:42,LIGHT,44,
2026-09-15,05:43,LIGHT,45,
2026-09-15,05:44,LIGHT,45,
2026-09-15,05:45,LIGHT,45,
2026-09-15,05:46,LIGHT,45,
2026-09-15,05:47,LIGHT,44,
2026-09-15,05:48,LIGHT,44,
2026-09-15,05:49,LIGHT,44,
2026-09-15,05:50,LIGHT,44,
2026-09-15,05:51,LIGHT,44,
2026-09-15,05:52,LIGHT,44,
2026-09-15,05:53,LIGHT,44,
2026-09-15,05:54,LIGHT,44,
2026-09-15,05:55,LIGHT,44,
2026-09-15,05:56,LIGHT,44,
2026-09-15,05:57,LIGHT,44,
2026-09-15,05:58,LIGHT,44,
2026-09-15,05:59,LIGHT,44,
2026-09-15,06:00,LIGHT,44,
2026-09-15,06:01,LIGHT,44,
2026-09-15,06:02,LIGHT,44,
2026-09-15,06:03,LIGHT,44,
2026-09-15,06:04,LIGHT,44,
2026-09-15,06:05,LIGHT,44,
2026-09-15,06:06,LIGHT,43,
2026-09-15,06:07,LIGHT,43,
2026-09-15,06:08,LIGHT,43,
2026-09-15,06:09,LIGHT,48,
2026-09-15,06:10,LIGHT,42,
2026-09-15,06:11,LIGHT,53,
2026-09-15,06:12,LIGHT,54,
2026-09-15,06:13,LIGHT,48,
2026-09-15,06:14,LIGHT,43,
2026-09-15,06:15,WAKE,43,
2026-09-15,06:16,LIGHT,40,
2026-09-15,06:17,LIGHT,42,
2026-09-15,06:18,LIGHT,44,
2026-09-15,06:19,LIGHT,45,
2026-09-15,06:20,LIGHT,45,
2026-09-15,06:21,LIGHT,45,
2026-09-15,06:22,LIGHT,42,
2026-09-15,06:23,LIGHT,43,
2026-09-15,06:24,LIGHT,45,
2026-09-15,06:25,LIGHT,47,
2026-09-15,06:26,LIGHT,47,
2026-09-15,06:27,LIGHT,47,
2026-09-15,06:28,LIGHT,45,
2026-09-15,06:29,LIGHT,45,
2026-09-15,06:30,LIGHT,44,
2026-09-15,06:31,LIGHT,45,
2026-09-15,06:32,LIGHT,47,
2026-09-15,06:33,DEEP,45,
2026-09-15,06:34,DEEP,45,
2026-09-15,06:35,DEEP,46,
2026-09-15,06:36,DEEP,46,
2026-09-15,06:37,DEEP,46,
2026-09-15,06:38,DEEP,47,
2026-09-15,06:39,DEEP,47,
2026-09-15,06:40,DEEP,47,
2026-09-15,06:41,DEEP,47,
2026-09-15,06:42,DEEP,46,
2026-09-15,06:43,DEEP,46,
2026-09-15,06:44,DEEP,46,
2026-09-15,06:45,DEEP,46,
2026-09-15,06:46,DEEP,46,
2026-09-15,06:47,DEEP,46,
2026-09-15,06:48,DEEP,46,
2026-09-15,06:49,DEEP,46,
2026-09-15,06:50,DEEP,47,
2026-09-15,06:51,DEEP,54,
2026-09-15,06:52,DEEP,44,
2026-09-15,06:53,DEEP,46,
2026-09-15,06:54,DEEP,40,
2026-09-15,06:55,DEEP,,
2026-09-15,06:56,DEEP,,
2026-09-15,06:57,DEEP,,
2026-09-15,06:58,DEEP,40,
2026-09-15,06:59,DEEP,,
2026-09-15,07:00,DEEP,50,
2026-09-15,07:01,LIGHT,55,
2026-09-15,07:02,LIGHT,45,
2026-09-15,07:03,LIGHT,41,
2026-09-15,07:04,WAKE,40,
2026-09-15,07:05,LIGHT,,
2026-09-15,07:06,LIGHT,51,
2026-09-15,07:07,LIGHT,48,
2026-09-15,07:08,LIGHT,42,
2026-09-15,07:09,LIGHT,,
2026-09-15,07:10,LIGHT,42,
2026-09-15,07:11,REM,58,
2026-09-15,07:12,REM,52,
2026-09-15,07:13,REM,44,
2026-09-15,07:14,REM,42,
2026-09-15,07:15,REM,41,
2026-09-15,07:16,REM,41,
2026-09-15,07:17,REM,41,
2026-09-15,07:18,REM,,
2026-09-15,07:19,REM,40,
2026-09-15,07:20,REM,43,
2026-09-15,07:21,REM,43,
2026-09-15,07:22,REM,43,
2026-09-15,07:23,REM,43,
2026-09-15,07:24,REM,43,
2026-09-15,07:25,REM,44,
2026-09-15,07:26,REM,42,
2026-09-15,07:27,REM,42,
2026-09-15,07:28,REM,43,
2026-09-15,07:29,REM,45,
2026-09-15,07:30,REM,42,
2026-09-15,07:31,REM,42,
2026-09-15,07:32,REM,42,
2026-09-15,07:33,REM,43,
2026-09-15,07:34,REM,43,
2026-09-15,07:35,REM,44,
2026-09-15,07:36,REM,45,
2026-09-15,07:37,REM,45,
2026-09-15,07:38,REM,45,
2026-09-15,07:39,REM,45,
2026-09-15,07:40,REM,45,
2026-09-15,07:41,REM,45,
2026-09-15,07:42,REM,45,
2026-09-15,07:43,REM,46,
2026-09-15,07:44,REM,46,
2026-09-15,07:45,REM,46,
2026-09-15,07:46,REM,46,
2026-09-15,07:47,LIGHT,46,
2026-09-15,07:48,LIGHT,46,
2026-09-15,07:49,LIGHT,46,
2026-09-15,07:50,LIGHT,46,
2026-09-15,07:51,LIGHT,46,
2026-09-15,07:52,LIGHT,46,
2026-09-15,07:53,LIGHT,47,
2026-09-15,07:54,LIGHT,48,
2026-09-15,07:55,WAKE,53,
2026-09-15,07:56,LIGHT,46,
2026-09-15,07:57,LIGHT,43,
2026-09-15,07:58,LIGHT,43,
2026-09-15,07:59,LIGHT,42,
2026-09-15,08:00,LIGHT,42,
2026-09-15,08:01,LIGHT,43,
2026-09-15,08:02,LIGHT,43,
2026-09-15,08:03,LIGHT,43,
2026-09-15,08:04,LIGHT,44,
2026-09-15,08:05,LIGHT,46,
2026-09-15,08:06,LIGHT,45,
2026-09-15,08:07,LIGHT,45,
2026-09-15,08:08,LIGHT,45,
2026-09-15,08:09,LIGHT,44,
2026-09-15,08:10,LIGHT,44,
2026-09-15,08:11,LIGHT,49,
2026-09-15,08:12,LIGHT,52,
2026-09-15,08:13,LIGHT,47,
2026-09-15,08:14,LIGHT,44,
2026-09-15,08:15,LIGHT,46,
2026-09-15,08:16,LIGHT,43,
2026-09-15,08:17,LIGHT,43,
2026-09-15,08:18,LIGHT,48,
2026-09-15,08:19,LIGHT,44,
2026-09-15,08:20,LIGHT,44,
2026-09-15,08:21,LIGHT,44,
2026-09-15,08:22,LIGHT,44,
2026-09-15,08:23,LIGHT,44,
2026-09-15,08:24,LIGHT,44,
2026-09-15,08:25,LIGHT,44,
2026-09-15,08:26,LIGHT,51,
2026-09-15,08:27,LIGHT,46,
2026-09-15,08:28,LIGHT,45,
2026-09-15,08:29,LIGHT,46,
2026-09-15,08:30,LIGHT,44,
2026-09-15,08:31,LIGHT,46,
2026-09-15,08:32,LIGHT,43,
2026-09-15,08:33,LIGHT,47,
2026-09-15,08:34,LIGHT,49,
2026-09-15,08:35,LIGHT,47,
2026-09-15,08:36,LIGHT,46,
2026-09-15,08:37,LIGHT,46,
2026-09-15,08:38,LIGHT,46,
2026-09-15,08:39,LIGHT,50,
2026-09-15,08:40,DEEP,50,
2026-09-15,08:41,DEEP,47,
2026-09-15,08:42,DEEP,47,
2026-09-15,08:43,DEEP,46,
2026-09-15,08:44,DEEP,46,
2026-09-15,08:45,DEEP,45,
2026-09-15,08:46,DEEP,45,
2026-09-15,08:47,DEEP,45,
2026-09-15,08:48,DEEP,49,
2026-09-15,08:49,DEEP,46,
2026-09-15,08:50,DEEP,45,
2026-09-15,08:51,DEEP,44,
2026-09-15,08:52,DEEP,44,
2026-09-15,08:53,LIGHT,44,
2026-09-15,08:54,LIGHT,43,
2026-09-15,08:55,LIGHT,43,
2026-09-15,08:56,LIGHT,43,
2026-09-15,08:57,LIGHT,43,
2026-09-15,08:58,LIGHT,44,
2026-09-15,08:59,LIGHT,46,
2026-09-15,09:00,LIGHT,44,
2026-09-15,09:01,LIGHT,44,
2026-09-15,09:02,LIGHT,44,
2026-09-15,09:03,REM,45,
2026-09-15,09:04,REM,45,
2026-09-15,09:05,REM,44,
2026-09-15,09:06,REM,46,
2026-09-15,09:07,REM,46,
2026-09-15,09:08,REM,46,
2026-09-15,09:09,REM,46,
2026-09-15,09:10,REM,46,
2026-09-15,09:11,REM,46,
2026-09-15,09:12,REM,46,
2026-09-15,09:13,REM,46,
2026-09-15,09:14,REM,46,
2026-09-15,09:15,REM,47,
2026-09-15,09:16,REM,47,
2026-09-15,09:17,REM,47,
2026-09-15,09:18,REM,55,
2026-09-15,09:19,REM,49,
2026-09-15,09:20,REM,46,
2026-09-15,09:21,REM,48,
2026-09-15,09:22,REM,47,
2026-09-15,09:23,REM,44,
2026-09-15,09:24,REM,44,
2026-09-15,09:25,REM,44,
2026-09-15,09:26,REM,44,
2026-09-15,09:27,REM,44,
2026-09-15,09:28,REM,44,
2026-09-15,09:29,REM,48,
2026-09-15,09:30,REM,45,
2026-09-15,09:31,REM,45,
2026-09-15,09:32,REM,45,
2026-09-15,09:33,REM,45,
2026-09-15,09:34,REM,45,
2026-09-15,09:35,REM,45,
2026-09-15,09:36,REM,45,
2026-09-15,09:37,LIGHT,45,
2026-09-15,09:38,LIGHT,45,
2026-09-15,09:39,LIGHT,45,
2026-09-15,09:40,LIGHT,45,
2026-09-15,09:41,LIGHT,45,
2026-09-15,09:42,LIGHT,45,
2026-09-15,09:43,LIGHT,45,
2026-09-15,09:44,LIGHT,45,
2026-09-15,09:45,LIGHT,45,
2026-09-15,09:46,LIGHT,45,
2026-09-15,09:47,LIGHT,47,
2026-09-15,09:48,LIGHT,49,
2026-09-15,09:49,LIGHT,56,
2026-09-15,09:50,LIGHT,52,
2026-09-15,09:51,LIGHT,47,
2026-09-15,09:52,LIGHT,45,
2026-09-15,09:53,LIGHT,42,
2026-09-15,09:54,LIGHT,44,
2026-09-15,09:55,LIGHT,54,
2026-09-15,09:56,LIGHT,54,
2026-09-15,09:57,LIGHT,60,
2026-09-15,09:58,LIGHT,57,
2026-09-15,09:59,LIGHT,55,
2026-09-15,10:00,LIGHT,62,
2026-09-15,10:01,LIGHT,60,
2026-09-15,10:02,LIGHT,57,
2026-09-15,10:03,LIGHT,55,
2026-09-15,10:04,LIGHT,61,
2026-09-15,10:05,LIGHT,58,
2026-09-15,10:06,LIGHT,56,
2026-09-15,10:07,LIGHT,68,
2026-09-15,10:08,LIGHT,60,
2026-09-15,10:09,LIGHT,55,
2026-09-15,10:10,LIGHT,52,
2026-09-15,10:11,LIGHT,52,
2026-09-15,10:12,LIGHT,56,
2026-09-15,10:13,LIGHT,58,
2026-09-15,10:14,LIGHT,51,
2026-09-15,10:15,LIGHT,50,
2026-09-15,10:16,LIGHT,51,
2026-09-15,10:17,LIGHT,52,
2026-09-15,10:18,LIGHT,54,
2026-09-15,10:19,LIGHT,57,
2026-09-15,10:20,LIGHT,56,
2026-09-15,10:21,LIGHT,58,
2026-09-15,10:22,LIGHT,55,
2026-09-15,10:23,LIGHT,48,
2026-09-15,10:24,LIGHT,51,
2026-09-15,10:25,LIGHT,51,
2026-09-15,10:26,LIGHT,51,
2026-09-15,10:27,LIGHT,50,
2026-09-15,10:28,LIGHT,53,
2026-09-15,10:29,LIGHT,55,
2026-09-15,10:30,LIGHT,55,
2026-09-15,10:31,LIGHT,63,
2026-09-15,10:32,LIGHT,80,
2026-09-15,10:33,LIGHT,72,
2026-09-15,10:34,LIGHT,54,
2026-09-15,10:35,LIGHT,50,
2026-09-15,10:36,LIGHT,45,
2026-09-15,10:37,LIGHT,50,
2026-09-15,10:38,LIGHT,50,
2026-09-15,10:39,LIGHT,51,
2026-09-15,10:40,LIGHT,48,
2026-09-15,10:41,LIGHT,47,
2026-09-15,10:42,LIGHT,49,
2026-09-15,10:43,WAKE,50,
2026-09-15,10:44,LIGHT,52,
2026-09-15,10:45,LIGHT,62,
2026-09-15,10:46,LIGHT,55,
2026-09-15,10:47,LIGHT,52,
2026-09-15,10:48,LIGHT,52,
2026-09-15,10:49,LIGHT,50,
2026-09-15,10:50,LIGHT,58,
2026-09-15,10:51,LIGHT,55,
2026-09-15,10:52,WAKE,50,
2026-09-15,10:53,LIGHT,57,
2026-09-15,16:05,LIGHT,69,
2026-09-15,16:06,LIGHT,74,
2026-09-15,16:07,LIGHT,83,
2026-09-15,16:08,LIGHT,90,
2026-09-15,16:09,LIGHT,92,
2026-09-15,16:10,LIGHT,82,
2026-09-15,16:11,LIGHT,83,
2026-09-15,16:12,LIGHT,80,
2026-09-15,16:13,LIGHT,74,
2026-09-15,16:14,LIGHT,74,
2026-09-15,16:15,LIGHT,70,
2026-09-15,16:16,LIGHT,64,
2026-09-15,16:17,LIGHT,,
2026-09-15,16:18,LIGHT,,
2026-09-15,16:19,LIGHT,,
2026-09-15,16:20,LIGHT,,
2026-09-15,16:21,DEEP,72,
2026-09-15,16:22,DEEP,66,
2026-09-15,16:23,DEEP,63,
2026-09-15,16:24,DEEP,61,
2026-09-15,16:25,DEEP,60,
2026-09-15,16:26,DEEP,59,
2026-09-15,16:27,DEEP,60,
2026-09-15,16:28,DEEP,56,
2026-09-15,16:29,DEEP,58,
2026-09-15,16:30,DEEP,59,
2026-09-15,16:31,DEEP,59,
2026-09-15,16:32,DEEP,60,
2026-09-15,16:33,DEEP,60,
2026-09-15,16:34,DEEP,65,
2026-09-15,16:35,DEEP,62,
2026-09-15,16:36,DEEP,59,
2026-09-15,16:37,DEEP,57,
2026-09-15,16:38,DEEP,62,
2026-09-15,16:39,DEEP,62,
2026-09-15,16:40,DEEP,62,
2026-09-15,16:41,DEEP,74,
2026-09-15,16:42,DEEP,74,
2026-09-15,16:43,DEEP,79,
2026-09-15,16:44,DEEP,78,
2026-09-15,16:45,DEEP,70,
2026-09-15,16:46,DEEP,72,
2026-09-15,16:47,DEEP,69,
2026-09-15,16:48,DEEP,62,
2026-09-15,16:49,DEEP,,
2026-09-15,16:50,DEEP,,
2026-09-15,16:51,DEEP,,
2026-09-15,16:52,DEEP,,
2026-09-15,16:53,DEEP,,
2026-09-15,16:54,DEEP,,
2026-09-15,16:55,DEEP,,
2026-09-15,16:56,DEEP,,
2026-09-15,16:57,DEEP,,
2026-09-15,16:58,LIGHT,,
2026-09-15,16:59,LIGHT,,
2026-09-15,17:00,LIGHT,,
2026-09-15,17:01,LIGHT,,
2026-09-15,17:02,LIGHT,,
2026-09-15,17:03,LIGHT,,
2026-09-15,17:04,LIGHT,,
2026-09-15,17:05,LIGHT,,
2026-09-15,17:06,LIGHT,,
2026-09-15,17:07,LIGHT,,
2026-09-15,17:08,REM,,
2026-09-15,17:09,REM,,
2026-09-15,17:10,REM,,
2026-09-15,17:11,REM,,
2026-09-15,17:12,REM,,
2026-09-15,17:13,REM,,
2026-09-15,17:14,LIGHT,69,
2026-09-15,17:15,LIGHT,98,
2026-09-15,17:16,LIGHT,99,
2026-09-15,17:17,LIGHT,102,
2026-09-15,17:18,LIGHT,98,
2026-09-15,17:19,LIGHT,95,
2026-09-15,17:20,LIGHT,93,
2026-09-16,03:10,LIGHT,52,
2026-09-16,03:11,LIGHT,52,
2026-09-16,03:12,LIGHT,52,
2026-09-16,03:13,LIGHT,52,
2026-09-16,03:14,LIGHT,53,
2026-09-16,03:15,LIGHT,53,
2026-09-16,03:16,LIGHT,53,
2026-09-16,03:17,LIGHT,53,
2026-09-16,03:18,LIGHT,58,
2026-09-16,03:19,LIGHT,63,
2026-09-16,03:20,LIGHT,59,
2026-09-16,03:21,LIGHT,53,
2026-09-16,03:22,LIGHT,51,
2026-09-16,03:23,DEEP,51,
2026-09-16,03:24,DEEP,51,
2026-09-16,03:25,DEEP,51,
2026-09-16,03:26,DEEP,51,
2026-09-16,03:27,DEEP,53,
2026-09-16,03:28,DEEP,50,
2026-09-16,03:29,DEEP,50,
2026-09-16,03:30,DEEP,49,
2026-09-16,03:31,DEEP,49,
2026-09-16,03:32,DEEP,50,
2026-09-16,03:33,DEEP,50,
2026-09-16,03:34,DEEP,50,
2026-09-16,03:35,DEEP,50,
2026-09-16,03:36,DEEP,50,
2026-09-16,03:37,DEEP,58,
2026-09-16,03:38,LIGHT,54,
2026-09-16,03:39,LIGHT,52,
2026-09-16,03:40,LIGHT,52,
2026-09-16,03:41,LIGHT,52,
2026-09-16,03:42,DEEP,52,
2026-09-16,03:43,DEEP,53,
2026-09-16,03:44,DEEP,53,
2026-09-16,03:45,DEEP,53,
2026-09-16,03:46,DEEP,53,
2026-09-16,03:47,DEEP,52,
2026-09-16,03:48,DEEP,54,
2026-09-16,03:49,DEEP,56,
2026-09-16,03:50,DEEP,58,
2026-09-16,03:51,LIGHT,61,
2026-09-16,03:52,LIGHT,53,
2026-09-16,03:53,LIGHT,52,
2026-09-16,03:54,LIGHT,51,
2026-09-16,03:55,LIGHT,47,
2026-09-16,03:56,LIGHT,49,
2026-09-16,03:57,LIGHT,51,
2026-09-16,03:58,LIGHT,51,
2026-09-16,03:59,LIGHT,54,
2026-09-16,04:00,LIGHT,51,
2026-09-16,04:01,LIGHT,49,
2026-09-16,04:02,LIGHT,49,
2026-09-16,04:03,LIGHT,49,
2026-09-16,04:04,LIGHT,49,
2026-09-16,04:05,REM,49,
2026-09-16,04:06,REM,49,
2026-09-16,04:07,REM,49,
2026-09-16,04:08,REM,49,
2026-09-16,04:09,REM,49,
2026-09-16,04:10,REM,49,
2026-09-16,04:11,REM,49,
2026-09-16,04:12,REM,49,
2026-09-16,04:13,REM,49,
2026-09-16,04:14,REM,49,
2026-09-16,04:15,REM,49,
2026-09-16,04:16,REM,49,
2026-09-16,04:17,REM,49,
2026-09-16,04:18,REM,50,
2026-09-16,04:19,REM,52,
2026-09-16,04:20,REM,51,
2026-09-16,04:21,REM,48,
2026-09-16,04:22,REM,48,
2026-09-16,04:23,REM,48,
2026-09-16,04:24,REM,48,
2026-09-16,04:25,REM,48,
2026-09-16,04:26,REM,49,
2026-09-16,04:27,REM,49,
2026-09-16,04:28,REM,49,
2026-09-16,04:29,REM,49,
2026-09-16,04:30,REM,60,
2026-09-16,04:31,REM,70,
2026-09-16,04:32,REM,72,
2026-09-16,04:33,REM,77,
2026-09-16,04:34,REM,77,
2026-09-16,04:35,REM,77,
2026-09-16,04:36,REM,78,
2026-09-16,04:37,REM,85,
2026-09-16,04:38,REM,89,
2026-09-16,04:39,REM,93,
2026-09-16,04:40,REM,84,
2026-09-16,04:41,REM,79,
2026-09-16,04:42,REM,77,
2026-09-16,04:43,REM,79,
2026-09-16,04:44,REM,81,
2026-09-16,04:45,REM,84,
2026-09-16,04:46,REM,89,
2026-09-16,04:47,REM,94,
2026-09-16,04:48,REM,95,
2026-09-16,04:49,REM,96,
2026-09-16,04:50,REM,80,
2026-09-16,04:51,REM,63,
2026-09-16,04:52,LIGHT,59,
2026-09-16,04:53,LIGHT,52,
2026-09-16,04:54,LIGHT,49,
2026-09-16,04:55,WAKE,49,
2026-09-16,04:56,LIGHT,49,
2026-09-16,04:57,LIGHT,49,
2026-09-16,04:58,LIGHT,49,
2026-09-16,04:59,LIGHT,49,
2026-09-16,05:00,LIGHT,49,
2026-09-16,05:01,LIGHT,49,
2026-09-16,05:02,LIGHT,49,
2026-09-16,05:03,LIGHT,49,
2026-09-16,05:04,LIGHT,49,
2026-09-16,05:05,LIGHT,50,
2026-09-16,05:06,LIGHT,49,
2026-09-16,05:07,LIGHT,49,
2026-09-16,05:08,LIGHT,49,
2026-09-16,05:09,LIGHT,49,
2026-09-16,05:10,LIGHT,49,
2026-09-16,05:11,LIGHT,49,
2026-09-16,05:12,LIGHT,54,
2026-09-16,05:13,LIGHT,58,
2026-09-16,05:14,DEEP,52,
2026-09-16,05:15,DEEP,49,
2026-09-16,05:16,DEEP,49,
2026-09-16,05:17,DEEP,48,
2026-09-16,05:18,DEEP,48,
2026-09-16,05:19,DEEP,53,
2026-09-16,05:20,DEEP,55,
2026-09-16,05:21,DEEP,50,
2026-09-16,05:22,DEEP,47,
2026-09-16,05:23,DEEP,50,
2026-09-16,05:24,DEEP,50,
2026-09-16,05:25,LIGHT,56,
2026-09-16,05:26,LIGHT,47,
2026-09-16,05:27,LIGHT,44,
2026-09-16,05:28,LIGHT,44,
2026-09-16,05:29,LIGHT,50,
2026-09-16,05:30,LIGHT,44,
2026-09-16,05:31,LIGHT,45,
2026-09-16,05:32,LIGHT,45,
2026-09-16,05:33,LIGHT,46,
2026-09-16,05:34,LIGHT,47,
2026-09-16,05:35,LIGHT,44,
2026-09-16,05:36,DEEP,49,
2026-09-16,05:37,DEEP,55,
2026-09-16,05:38,DEEP,57,
2026-09-16,05:39,DEEP,47,
2026-09-16,05:40,DEEP,44,
2026-09-16,05:41,DEEP,44,
2026-09-16,05:42,DEEP,44,
2026-09-16,05:43,DEEP,44,
2026-09-16,05:44,DEEP,44,
2026-09-16,05:45,DEEP,44,
2026-09-16,05:46,DEEP,44,
2026-09-16,05:47,DEEP,44,
2026-09-16,05:48,DEEP,44,
2026-09-16,05:49,DEEP,44,
2026-09-16,05:50,DEEP,45,
2026-09-16,05:51,DEEP,45,
2026-09-16,05:52,DEEP,46,
2026-09-16,05:53,DEEP,47,
2026-09-16,05:54,DEEP,47,
2026-09-16,05:55,DEEP,47,
2026-09-16,05:56,DEEP,47,
2026-09-16,05:57,DEEP,47,
2026-09-16,05:58,DEEP,47,
2026-09-16,05:59,DEEP,47,
2026-09-16,06:00,DEEP,47,
2026-09-16,06:01,DEEP,47,
2026-09-16,06:02,DEEP,47,
2026-09-16,06:03,DEEP,47,
2026-09-16,06:04,DEEP,47,
2026-09-16,06:05,DEEP,47,
2026-09-16,06:06,DEEP,47,
2026-09-16,06:07,DEEP,47,
2026-09-16,06:08,DEEP,47,
2026-09-16,06:09,LIGHT,47,
2026-09-16,06:10,LIGHT,47,
2026-09-16,06:11,LIGHT,48,
2026-09-16,06:12,WAKE,62,
2026-09-16,06:13,WAKE,57,
2026-09-16,06:14,LIGHT,48,
2026-09-16,06:15,LIGHT,46,
2026-09-16,06:16,LIGHT,45,
2026-09-16,06:17,LIGHT,45,
2026-09-16,06:18,LIGHT,46,
2026-09-16,06:19,REM,46,
2026-09-16,06:20,REM,48,
2026-09-16,06:21,REM,45,
2026-09-16,06:22,REM,44,
2026-09-16,06:23,REM,44,
2026-09-16,06:24,REM,46,
2026-09-16,06:25,REM,45,
2026-09-16,06:26,REM,45,
2026-09-16,06:27,REM,45,
2026-09-16,06:28,REM,45,
2026-09-16,06:29,REM,45,
2026-09-16,06:30,REM,45,
2026-09-16,06:31,REM,45,
2026-09-16,06:32,REM,46,
2026-09-16,06:33,REM,45,
2026-09-16,06:34,REM,45,
2026-09-16,06:35,REM,55,
2026-09-16,06:36,REM,51,
2026-09-16,06:37,REM,48,
2026-09-16,06:38,REM,46,
2026-09-16,06:39,REM,45,
2026-09-16,06:40,REM,45,
2026-09-16,06:41,REM,47,
2026-09-16,06:42,LIGHT,52,
2026-09-16,06:43,LIGHT,46,
2026-09-16,06:44,LIGHT,46,
2026-09-16,06:45,LIGHT,48,
2026-09-16,06:46,LIGHT,46,
2026-09-16,06:47,LIGHT,46,
2026-09-16,06:48,LIGHT,49,
2026-09-16,06:49,LIGHT,46,
2026-09-16,06:50,LIGHT,45,
2026-09-16,06:51,LIGHT,47,
2026-09-16,06:52,WAKE,47,
2026-09-16,06:53,LIGHT,54,
2026-09-16,06:54,LIGHT,48,
2026-09-16,06:55,LIGHT,48,
2026-09-16,06:56,LIGHT,48,
2026-09-16,06:57,LIGHT,45,
2026-09-16,06:58,LIGHT,48,
2026-09-16,06:59,LIGHT,43,
2026-09-16,07:00,LIGHT,50,
2026-09-16,07:01,LIGHT,44,
2026-09-16,07:02,WAKE,44,
2026-09-16,07:03,LIGHT,44,
2026-09-16,07:04,LIGHT,43,
2026-09-16,07:05,LIGHT,43,
2026-09-16,07:06,LIGHT,51,
2026-09-16,07:07,WAKE,44,
2026-09-16,07:08,WAKE,42,
2026-09-16,07:09,LIGHT,41,
2026-09-16,07:10,LIGHT,48,
2026-09-16,07:11,LIGHT,45,
2026-09-16,07:12,WAKE,43,
2026-09-16,07:13,LIGHT,44,
2026-09-16,07:14,LIGHT,42,
2026-09-16,07:15,LIGHT,45,
2026-09-16,07:16,LIGHT,50,
2026-09-16,07:17,LIGHT,44,
2026-09-16,07:18,LIGHT,44,
2026-09-16,07:19,LIGHT,41,
2026-09-16,07:20,LIGHT,40,
2026-09-16,07:21,LIGHT,42,
2026-09-16,07:22,LIGHT,42,
2026-09-16,07:23,LIGHT,42,
2026-09-16,07:24,LIGHT,45,
2026-09-16,07:25,LIGHT,44,
2026-09-16,07:26,LIGHT,44,
2026-09-16,07:27,LIGHT,43,
2026-09-16,07:28,LIGHT,46,
2026-09-16,07:29,LIGHT,43,
2026-09-16,07:30,LIGHT,42,
2026-09-16,07:31,LIGHT,42,
2026-09-16,07:32,LIGHT,42,
2026-09-16,07:33,LIGHT,44,
2026-09-16,07:34,LIGHT,46,
2026-09-16,07:35,LIGHT,43,
2026-09-16,07:36,LIGHT,41,
2026-09-16,07:37,LIGHT,43,
2026-09-16,07:38,LIGHT,41,
2026-09-16,07:39,LIGHT,41,
2026-09-16,07:40,LIGHT,42,
2026-09-16,07:41,LIGHT,42,
2026-09-16,07:42,LIGHT,42,
2026-09-16,07:43,LIGHT,47,
2026-09-16,07:44,LIGHT,46,
2026-09-16,07:45,LIGHT,45,
2026-09-16,07:46,LIGHT,45,
2026-09-16,07:47,LIGHT,44,
2026-09-16,07:48,DEEP,41,
2026-09-16,07:49,DEEP,42,
2026-09-16,07:50,DEEP,47,
2026-09-16,07:51,DEEP,43,
2026-09-16,07:52,DEEP,43,
2026-09-16,07:53,DEEP,41,
2026-09-16,07:54,DEEP,41,
2026-09-16,07:55,DEEP,42,
2026-09-16,07:56,LIGHT,42,
2026-09-16,07:57,LIGHT,44,
2026-09-16,07:58,LIGHT,44,
2026-09-16,07:59,LIGHT,44,
2026-09-16,08:00,LIGHT,44,
2026-09-16,08:01,LIGHT,45,
2026-09-16,08:02,LIGHT,45,
2026-09-16,08:03,LIGHT,45,
2026-09-16,08:04,DEEP,42,
2026-09-16,08:05,DEEP,44,
2026-09-16,08:06,LIGHT,46,
2026-09-16,08:07,LIGHT,45,
2026-09-16,08:08,LIGHT,46,
2026-09-16,08:09,LIGHT,46,
2026-09-16,08:10,LIGHT,46,
2026-09-16,08:11,LIGHT,45,
2026-09-16,08:12,LIGHT,46,
2026-09-16,08:13,LIGHT,51,
2026-09-16,08:14,LIGHT,48,
2026-09-16,08:15,LIGHT,53,
2026-09-16,08:16,LIGHT,50,
2026-09-16,08:17,LIGHT,53,
2026-09-16,08:18,LIGHT,49,
2026-09-16,08:19,LIGHT,54,
2026-09-16,08:20,LIGHT,61,
2026-09-16,08:21,LIGHT,69,
2026-09-16,08:22,LIGHT,60,
2026-09-16,08:23,REM,67,
2026-09-16,08:24,REM,65,
2026-09-16,08:25,REM,69,
2026-09-16,08:26,REM,74,
2026-09-16,08:27,REM,81,
2026-09-16,08:28,REM,85,
2026-09-16,08:29,REM,85,
2026-09-16,08:30,REM,82,
2026-09-16,08:31,REM,91,
2026-09-16,08:32,REM,98,
2026-09-16,08:33,REM,95,
2026-09-16,08:34,REM,85,
2026-09-16,08:35,REM,76,
2026-09-16,08:36,REM,61,
2026-09-16,08:37,REM,61,
2026-09-16,08:38,REM,56,
2026-09-16,08:39,REM,54,
2026-09-16,08:40,REM,55,
2026-09-16,08:41,REM,52,
2026-09-16,08:42,REM,53,
2026-09-16,08:43,LIGHT,56,
2026-09-16,08:44,LIGHT,55,
2026-09-16,08:45,LIGHT,55,
2026-09-16,08:46,LIGHT,55,
2026-09-16,08:47,LIGHT,55,
2026-09-16,08:48,LIGHT,53,
2026-09-16,08:49,LIGHT,53,
2026-09-16,08:50,LIGHT,55,
2026-09-16,08:51,LIGHT,54,
2026-09-16,08:52,LIGHT,54,
2026-09-16,08:53,LIGHT,57,
2026-09-16,08:54,LIGHT,59,
2026-09-16,08:55,LIGHT,65,
2026-09-16,08:56,LIGHT,77,
2026-09-16,08:57,LIGHT,92,
2026-09-16,08:58,LIGHT,87,
2026-09-16,08:59,LIGHT,65,
2026-09-16,09:00,LIGHT,65,
2026-09-16,09:01,LIGHT,52,
2026-09-16,09:02,LIGHT,49,
2026-09-16,09:03,LIGHT,51,
2026-09-16,09:04,LIGHT,49,
2026-09-16,09:05,LIGHT,57,
2026-09-16,09:06,LIGHT,61,
2026-09-16,09:07,LIGHT,55,
2026-09-16,09:08,LIGHT,52,
2026-09-16,09:09,LIGHT,53,
2026-09-16,09:10,LIGHT,56,
2026-09-16,09:11,LIGHT,54,
2026-09-16,09:12,LIGHT,58,
2026-09-16,09:13,LIGHT,53,
2026-09-16,09:14,LIGHT,56,
2026-09-16,09:15,LIGHT,51,
2026-09-16,09:16,LIGHT,49,
2026-09-16,09:17,LIGHT,53,
2026-09-16,09:18,LIGHT,58,
2026-09-16,09:19,LIGHT,60,
2026-09-16,09:20,LIGHT,54,
2026-09-16,09:21,LIGHT,57,
2026-09-16,09:22,LIGHT,53,
2026-09-16,09:23,LIGHT,51,
2026-09-16,09:24,LIGHT,52,
2026-09-16,09:25,LIGHT,53,
2026-09-16,09:26,LIGHT,55,
2026-09-16,09:27,LIGHT,56,
2026-09-16,09:28,LIGHT,56,
2026-09-16,09:29,LIGHT,55,
2026-09-16,09:30,LIGHT,54,
2026-09-16,09:31,LIGHT,59,
2026-09-16,09:32,LIGHT,70,
2026-09-16,09:33,LIGHT,73,
2026-09-16,09:34,LIGHT,72,
2026-09-16,09:35,LIGHT,70,
2026-09-16,09:36,LIGHT,67,
2026-09-16,09:37,LIGHT,62,
2026-09-16,09:38,LIGHT,63,
2026-09-16,09:39,LIGHT,63,
2026-09-16,09:40,REM,65,
2026-09-16,09:41,REM,75,
2026-09-16,09:42,REM,64,
2026-09-16,09:43,REM,66,
2026-09-16,09:44,REM,72,
2026-09-16,09:45,REM,62,
2026-09-16,09:46,REM,54,
2026-09-16,09:47,LIGHT,55,
2026-09-16,09:48,LIGHT,54,
2026-09-16,09:49,LIGHT,56,
2026-09-16,09:50,WAKE,54,
2026-09-16,09:51,WAKE,56,
2026-09-16,09:52,LIGHT,65,
2026-09-16,09:53,LIGHT,69,
2026-09-16,09:54,LIGHT,75,
2026-09-16,09:55,LIGHT,80,
2026-09-17,01:29,LIGHT,44,
2026-09-17,01:30,LIGHT,44,
2026-09-17,01:31,LIGHT,44,
2026-09-17,01:32,LIGHT,44,
2026-09-17,01:33,LIGHT,44,
2026-09-17,01:34,LIGHT,44,
2026-09-17,01:35,LIGHT,44,
2026-09-17,01:36,DEEP,44,
2026-09-17,01:37,DEEP,44,
2026-09-17,01:38,DEEP,44,
2026-09-17,01:39,DEEP,45,
2026-09-17,01:40,DEEP,45,
2026-09-17,01:41,DEEP,46,
2026-09-17,01:42,DEEP,50,
2026-09-17,01:43,DEEP,54,
2026-09-17,01:44,DEEP,54,
2026-09-17,01:45,DEEP,46,
2026-09-17,01:46,DEEP,41,
2026-09-17,01:47,DEEP,41,
2026-09-17,01:48,DEEP,41,
2026-09-17,01:49,DEEP,41,
2026-09-17,01:50,DEEP,41,
2026-09-17,01:51,DEEP,41,
2026-09-17,01:52,DEEP,41,
2026-09-17,01:53,DEEP,41,
2026-09-17,01:54,DEEP,42,
2026-09-17,01:55,DEEP,43,
2026-09-17,01:56,DEEP,44,
2026-09-17,01:57,DEEP,43,
2026-09-17,01:58,LIGHT,46,
2026-09-17,01:59,LIGHT,44,
2026-09-17,02:00,LIGHT,44,
2026-09-17,02:01,LIGHT,44,
2026-09-17,02:02,LIGHT,48,
2026-09-17,02:03,LIGHT,44,
2026-09-17,02:04,LIGHT,44,
2026-09-17,02:05,LIGHT,43,
2026-09-17,02:06,LIGHT,44,
2026-09-17,02:07,LIGHT,48,
2026-09-17,02:08,LIGHT,47,
2026-09-17,02:09,LIGHT,44,
2026-09-17,02:10,LIGHT,45,
2026-09-17,02:11,LIGHT,45,
2026-09-17,02:12,WAKE,44,
2026-09-17,02:13,WAKE,45,
2026-09-17,02:14,LIGHT,45,
2026-09-17,02:15,LIGHT,42,
2026-09-17,02:16,LIGHT,40,
2026-09-17,02:17,REM,40,
2026-09-17,02:18,REM,40,
2026-09-17,02:19,LIGHT,40,
2026-09-17,02:20,LIGHT,40,
2026-09-17,02:21,LIGHT,40,
2026-09-17,02:22,LIGHT,40,
2026-09-17,02:23,LIGHT,40,
2026-09-17,02:24,LIGHT,40,
2026-09-17,02:25,LIGHT,40,
2026-09-17,02:26,LIGHT,43,
2026-09-17,02:27,LIGHT,42,
2026-09-17,02:28,LIGHT,42,
2026-09-17,02:29,LIGHT,51,
2026-09-17,02:30,LIGHT,43,
2026-09-17,02:31,LIGHT,40,
2026-09-17,02:32,LIGHT,40,
2026-09-17,02:33,LIGHT,40,
2026-09-17,02:34,LIGHT,40,
2026-09-17,02:35,LIGHT,41,
2026-09-17,02:36,LIGHT,41,
2026-09-17,02:37,LIGHT,41,
2026-09-17,02:38,LIGHT,42,
2026-09-17,02:39,LIGHT,42,
2026-09-17,02:40,DEEP,42,
2026-09-17,02:41,DEEP,42,
2026-09-17,02:42,DEEP,43,
2026-09-17,02:43,DEEP,43,
2026-09-17,02:44,DEEP,43,
2026-09-17,02:45,DEEP,43,
2026-09-17,02:46,DEEP,43,
2026-09-17,02:47,DEEP,44,
2026-09-17,02:48,DEEP,44,
2026-09-17,02:49,DEEP,44,
2026-09-17,02:50,DEEP,43,
2026-09-17,02:51,DEEP,43,
2026-09-17,02:52,DEEP,42,
2026-09-17,02:53,DEEP,42,
2026-09-17,02:54,DEEP,42,
2026-09-17,02:55,DEEP,47,
2026-09-17,02:56,DEEP,52,
2026-09-17,02:57,DEEP,43,
2026-09-17,02:58,DEEP,45,
2026-09-17,02:59,DEEP,41,
2026-09-17,03:00,LIGHT,40,
2026-09-17,03:01,LIGHT,40,
2026-09-17,03:02,LIGHT,40,
2026-09-17,03:03,LIGHT,41,
2026-09-17,03:04,LIGHT,41,
2026-09-17,03:05,LIGHT,41,
2026-09-17,03:06,WAKE,42,
2026-09-17,03:07,WAKE,42,
2026-09-17,03:08,LIGHT,47,
2026-09-17,03:09,LIGHT,52,
2026-09-17,03:10,LIGHT,54,
2026-09-17,03:11,LIGHT,45,
2026-09-17,03:12,LIGHT,42,
2026-09-17,03:13,LIGHT,41,
2026-09-17,03:14,LIGHT,42,
2026-09-17,03:15,REM,43,
2026-09-17,03:16,REM,42,
2026-09-17,03:17,REM,42,
2026-09-17,03:18,REM,42,
2026-09-17,03:19,REM,42,
2026-09-17,03:20,REM,42,
2026-09-17,03:21,REM,42,
2026-09-17,03:22,REM,42,
2026-09-17,03:23,REM,43,
2026-09-17,03:24,REM,43,
2026-09-17,03:25,REM,43,
2026-09-17,03:26,REM,42,
2026-09-17,03:27,REM,42,
2026-09-17,03:28,REM,41,
2026-09-17,03:29,REM,41,
2026-09-17,03:30,REM,41,
2026-09-17,03:31,REM,41,
2026-09-17,03:32,REM,41,
2026-09-17,03:33,REM,41,
2026-09-17,03:34,REM,42,
2026-09-17,03:35,REM,41,
2026-09-17,03:36,REM,41,
2026-09-17,03:37,REM,42,
2026-09-17,03:38,REM,42,
2026-09-17,03:39,REM,42,
2026-09-17,03:40,REM,42,
2026-09-17,03:41,REM,42,
2026-09-17,03:42,REM,42,
2026-09-17,03:43,REM,42,
2026-09-17,03:44,REM,42,
2026-09-17,03:45,REM,42,
2026-09-17,03:46,REM,42,
2026-09-17,03:47,REM,41,
2026-09-17,03:48,REM,41,
2026-09-17,03:49,REM,41,
2026-09-17,03:50,REM,50,
2026-09-17,03:51,REM,55,
2026-09-17,03:52,REM,60,
2026-09-17,03:53,REM,62,
2026-09-17,03:54,REM,59,
2026-09-17,03:55,REM,52,
2026-09-17,03:56,REM,44,
2026-09-17,03:57,REM,41,
2026-09-17,03:58,REM,44,
2026-09-17,03:59,REM,,
2026-09-17,04:00,LIGHT,,
2026-09-17,04:01,LIGHT,,
2026-09-17,04:02,LIGHT,,
2026-09-17,04:03,LIGHT,45,
2026-09-17,04:04,LIGHT,41,
2026-09-17,04:05,LIGHT,41,
2026-09-17,04:06,LIGHT,41,
2026-09-17,04:07,LIGHT,42,
2026-09-17,04:08,LIGHT,42,
2026-09-17,04:09,LIGHT,45,
2026-09-17,04:10,LIGHT,42,
2026-09-17,04:11,LIGHT,41,
2026-09-17,04:12,LIGHT,42,
2026-09-17,04:13,LIGHT,40,
2026-09-17,04:14,LIGHT,,
2026-09-17,04:15,LIGHT,,
2026-09-17,04:16,LIGHT,,
2026-09-17,04:17,LIGHT,40,
2026-09-17,04:18,LIGHT,40,
2026-09-17,04:19,LIGHT,40,
2026-09-17,04:20,LIGHT,40,
2026-09-17,04:21,LIGHT,40,
2026-09-17,04:22,LIGHT,40,
2026-09-17,04:23,LIGHT,40,
2026-09-17,04:24,LIGHT,40,
2026-09-17,04:25,LIGHT,40,
2026-09-17,04:26,LIGHT,45,
2026-09-17,04:27,LIGHT,48,
2026-09-17,04:28,LIGHT,45,
2026-09-17,04:29,DEEP,43,
2026-09-17,04:30,DEEP,43,
2026-09-17,04:31,DEEP,42,
2026-09-17,04:32,DEEP,42,
2026-09-17,04:33,DEEP,42,
2026-09-17,04:34,DEEP,42,
2026-09-17,04:35,DEEP,42,
2026-09-17,04:36,DEEP,42,
2026-09-17,04:37,DEEP,42,
2026-09-17,04:38,DEEP,42,
2026-09-17,04:39,DEEP,42,
2026-09-17,04:40,DEEP,42,
2026-09-17,04:41,DEEP,43,
2026-09-17,04:42,DEEP,43,
2026-09-17,04:43,DEEP,43,
2026-09-17,04:44,DEEP,43,
2026-09-17,04:45,DEEP,42,
2026-09-17,04:46,DEEP,42,
2026-09-17,04:47,DEEP,42,
2026-09-17,04:48,DEEP,42,
2026-09-17,04:49,DEEP,42,
2026-09-17,04:50,DEEP,42,
2026-09-17,04:51,DEEP,42,
2026-09-17,04:52,DEEP,42,
2026-09-17,04:53,DEEP,42,
2026-09-17,04:54,DEEP,42,
2026-09-17,04:55,DEEP,42,
2026-09-17,04:56,DEEP,42,
2026-09-17,04:57,DEEP,42,
2026-09-17,04:58,DEEP,42,
2026-09-17,04:59,DEEP,42,
2026-09-17,05:00,DEEP,42,
2026-09-17,05:01,DEEP,42,
2026-09-17,05:02,DEEP,42,
2026-09-17,05:03,DEEP,42,
2026-09-17,05:04,DEEP,42,
2026-09-17,05:05,DEEP,42,
2026-09-17,05:06,DEEP,42,
2026-09-17,05:07,DEEP,43,
2026-09-17,05:08,DEEP,54,
2026-09-17,05:09,DEEP,43,
2026-09-17,05:10,DEEP,,
2026-09-17,05:11,DEEP,,
2026-09-17,05:12,DEEP,,
2026-09-17,05:13,DEEP,,
2026-09-17,05:14,LIGHT,,
2026-09-17,05:15,LIGHT,,
2026-09-17,05:16,LIGHT,,
2026-09-17,05:17,LIGHT,,
2026-09-17,05:18,REM,,
2026-09-17,05:19,REM,,
2026-09-17,05:20,REM,,
2026-09-17,05:21,REM,,
2026-09-17,05:22,REM,,
2026-09-17,05:23,LIGHT,40,
2026-09-17,05:24,LIGHT,40,
2026-09-17,05:25,LIGHT,40,
2026-09-17,05:26,WAKE,41,
2026-09-17,05:27,LIGHT,41,
2026-09-17,05:28,LIGHT,41,
2026-09-17,05:29,LIGHT,41,
2026-09-17,05:30,LIGHT,41,
2026-09-17,05:31,LIGHT,41,
2026-09-17,05:32,LIGHT,41,
2026-09-17,05:33,LIGHT,41,
2026-09-17,05:34,LIGHT,41,
2026-09-17,05:35,LIGHT,42,
2026-09-17,05:36,LIGHT,42,
2026-09-17,05:37,LIGHT,42,
2026-09-17,05:38,WAKE,43,
2026-09-17,05:39,WAKE,43,
2026-09-17,05:40,LIGHT,43,
2026-09-17,05:41,LIGHT,43,
2026-09-17,05:42,LIGHT,43,
2026-09-17,05:43,LIGHT,43,
2026-09-17,05:44,LIGHT,43,
2026-09-17,05:45,LIGHT,43,
2026-09-17,05:46,LIGHT,45,
2026-09-17,05:47,LIGHT,44,
2026-09-17,05:48,LIGHT,52,
2026-09-17,05:49,LIGHT,46,
2026-09-17,05:50,LIGHT,43,
2026-09-17,05:51,LIGHT,43,
2026-09-17,05:52,LIGHT,45,
2026-09-17,05:53,LIGHT,50,
2026-09-17,05:54,LIGHT,47,
2026-09-17,05:55,LIGHT,44,
2026-09-17,05:56,LIGHT,43,
2026-09-17,05:57,LIGHT,45,
2026-09-17,05:58,LIGHT,45,
2026-09-17,05:59,LIGHT,45,
2026-09-17,06:00,LIGHT,46,
2026-09-17,06:01,LIGHT,45,
2026-09-17,06:02,LIGHT,47,
2026-09-17,06:03,LIGHT,49,
2026-09-17,06:04,LIGHT,51,
2026-09-17,06:05,LIGHT,53,
2026-09-17,06:06,LIGHT,53,
2026-09-17,06:07,DEEP,45,
2026-09-17,06:08,DEEP,43,
2026-09-17,06:09,DEEP,43,
2026-09-17,06:10,LIGHT,43,
2026-09-17,06:11,LIGHT,42,
2026-09-17,06:12,LIGHT,43,
2026-09-17,06:13,WAKE,43,
2026-09-17,06:14,LIGHT,43,
2026-09-17,06:15,LIGHT,43,
2026-09-17,06:16,LIGHT,43,
2026-09-17,06:17,LIGHT,43,
2026-09-17,06:18,LIGHT,43,
2026-09-17,06:19,LIGHT,43,
2026-09-17,06:20,LIGHT,44,
2026-09-17,06:21,LIGHT,43,
2026-09-17,06:22,REM,43,
2026-09-17,06:23,REM,43,
2026-09-17,06:24,REM,43,
2026-09-17,06:25,REM,42,
2026-09-17,06:26,REM,47,
2026-09-17,06:27,REM,44,
2026-09-17,06:28,REM,41,
2026-09-17,06:29,REM,,
2026-09-17,06:30,REM,46,
2026-09-17,06:31,REM,47,
2026-09-17,06:32,REM,41,
2026-09-17,06:33,LIGHT,41,
2026-09-17,06:34,LIGHT,40,
2026-09-17,06:35,LIGHT,40,
2026-09-17,06:36,WAKE,,
2026-09-17,06:37,LIGHT,,
2026-09-17,06:38,LIGHT,,
2026-09-17,06:39,LIGHT,,
2026-09-17,06:40,LIGHT,,
2026-09-17,06:41,LIGHT,,
2026-09-17,06:42,LIGHT,,
2026-09-17,06:43,WAKE,,
2026-09-17,06:44,LIGHT,,
2026-09-17,06:45,LIGHT,46,
2026-09-17,06:46,WAKE,54,
2026-09-17,06:47,LIGHT,46,
2026-09-17,06:48,LIGHT,41,
2026-09-17,06:49,LIGHT,42,
2026-09-17,06:50,LIGHT,,
2026-09-17,06:51,REM,,
2026-09-17,06:52,REM,,
2026-09-17,06:53,REM,,
2026-09-17,06:54,REM,,
2026-09-17,06:55,REM,41,
2026-09-17,06:56,LIGHT,53,
2026-09-17,06:57,LIGHT,53,
2026-09-17,06:58,LIGHT,53,
2026-09-17,06:59,LIGHT,53,
2026-09-17,07:00,LIGHT,58,
2026-09-17,07:01,WAKE,62,
2026-09-17,07:02,LIGHT,62,
2026-09-17,07:03,LIGHT,65,
2026-09-17,07:04,LIGHT,79,
2026-09-17,07:05,LIGHT,74,
2026-09-17,07:06,LIGHT,73,
2026-09-17,07:07,WAKE,78,
2026-09-17,07:08,LIGHT,84,
2026-09-17,07:09,LIGHT,81,
2026-09-17,07:10,LIGHT,70,
2026-09-17,07:11,WAKE,69,
2026-09-17,07:12,LIGHT,61,
2026-09-17,07:13,LIGHT,61,
2026-09-17,07:14,LIGHT,63,
2026-09-17,07:15,LIGHT,75,
2026-09-17,07:16,LIGHT,84,
2026-09-17,07:17,LIGHT,89,
2026-09-17,07:18,LIGHT,62,
2026-09-17,07:19,LIGHT,49,
2026-09-17,07:20,LIGHT,45,
2026-09-17,07:21,LIGHT,46,
2026-09-17,07:22,LIGHT,44,
2026-09-17,07:23,LIGHT,46,
2026-09-17,07:24,LIGHT,44,
2026-09-17,07:25,LIGHT,45,
2026-09-17,07:26,LIGHT,45,
2026-09-17,07:27,LIGHT,43,
2026-09-17,07:28,LIGHT,43,
2026-09-17,07:29,LIGHT,44,
2026-09-17,07:30,LIGHT,43,
2026-09-17,07:31,LIGHT,43,
2026-09-17,07:32,LIGHT,48,
2026-09-17,07:33,LIGHT,45,
2026-09-17,07:34,LIGHT,45,
2026-09-17,07:35,LIGHT,52,
2026-09-17,07:36,LIGHT,64,
2026-09-17,07:37,LIGHT,70,
2026-09-17,07:38,LIGHT,64,
2026-09-17,07:39,LIGHT,53,
2026-09-17,07:40,LIGHT,47,
2026-09-17,07:41,LIGHT,49,
2026-09-17,07:42,LIGHT,49,
2026-09-17,07:43,LIGHT,50,
2026-09-17,07:44,LIGHT,60,
2026-09-17,07:45,LIGHT,82,
2026-09-17,07:46,LIGHT,108,
2026-09-17,07:47,LIGHT,92,
2026-09-17,07:48,LIGHT,70,
2026-09-17,07:49,LIGHT,53,
2026-09-17,07:50,LIGHT,56,
2026-09-17,07:51,LIGHT,52,
2026-09-17,07:52,LIGHT,54,
2026-09-17,07:53,LIGHT,54,
2026-09-17,07:54,LIGHT,55,
2026-09-17,07:55,LIGHT,50,
2026-09-17,07:56,LIGHT,52,
2026-09-17,07:57,LIGHT,52,
2026-09-17,07:58,LIGHT,52,
2026-09-17,07:59,LIGHT,52,
2026-09-17,08:00,LIGHT,49,
2026-09-17,08:01,LIGHT,50,
2026-09-17,08:02,LIGHT,58,
2026-09-17,08:03,LIGHT,54,
2026-09-17,08:04,LIGHT,53,
2026-09-17,08:05,LIGHT,50,
2026-09-17,08:06,LIGHT,54,
2026-09-17,08:07,LIGHT,56,
2026-09-17,08:08,LIGHT,53,
2026-09-17,08:09,LIGHT,50,
2026-09-17,08:10,LIGHT,52,
2026-09-17,08:11,LIGHT,53,
2026-09-17,08:12,LIGHT,52,
2026-09-17,08:13,LIGHT,54,
2026-09-17,08:14,LIGHT,52,
2026-09-17,11:22,LIGHT,56,
2026-09-17,11:23,LIGHT,52,
2026-09-17,11:24,LIGHT,54,
2026-09-17,11:25,LIGHT,53,
2026-09-17,11:26,LIGHT,51,
2026-09-17,11:27,LIGHT,55,
2026-09-17,11:28,LIGHT,64,
2026-09-17,11:29,LIGHT,64,
2026-09-17,11:30,LIGHT,66,
2026-09-17,11:31,LIGHT,70,
2026-09-17,11:32,LIGHT,70,
2026-09-17,11:33,LIGHT,67,
2026-09-17,11:34,LIGHT,61,
2026-09-17,11:35,LIGHT,58,
2026-09-17,11:36,LIGHT,55,
2026-09-17,11:37,LIGHT,52,
2026-09-17,11:38,LIGHT,52,
2026-09-17,11:39,LIGHT,50,
2026-09-17,11:40,LIGHT,55,
2026-09-17,11:41,LIGHT,74,
2026-09-17,11:42,LIGHT,77,
2026-09-17,11:43,LIGHT,74,
2026-09-17,11:44,LIGHT,64,
2026-09-17,11:45,LIGHT,63,
2026-09-17,11:46,LIGHT,62,
2026-09-17,11:47,LIGHT,62,
2026-09-17,11:48,LIGHT,62,
2026-09-17,11:49,LIGHT,59,
2026-09-17,16:51,LIGHT,57,
2026-09-17,16:52,LIGHT,51,
2026-09-17,16:53,LIGHT,49,
2026-09-17,16:54,LIGHT,56,
2026-09-17,16:55,LIGHT,52,
2026-09-17,16:56,LIGHT,49,
2026-09-17,16:57,LIGHT,51,
2026-09-17,16:58,LIGHT,48,
2026-09-17,16:59,LIGHT,48,
2026-09-17,17:00,LIGHT,53,
2026-09-17,17:01,LIGHT,49,
2026-09-17,17:02,LIGHT,48,
2026-09-17,17:03,LIGHT,47,
2026-09-17,17:04,LIGHT,48,
2026-09-17,17:05,LIGHT,48,
2026-09-17,17:06,LIGHT,48,
2026-09-17,17:07,LIGHT,48,
2026-09-17,17:08,LIGHT,48,
2026-09-17,17:09,LIGHT,48,
2026-09-17,17:10,LIGHT,48,
2026-09-17,17:11,LIGHT,48,
2026-09-17,17:12,LIGHT,48,
2026-09-17,17:13,LIGHT,48,
2026-09-17,17:14,LIGHT,47,
2026-09-17,17:15,LIGHT,47,
2026-09-17,17:16,LIGHT,52,
2026-09-17,17:17,LIGHT,60,
2026-09-17,17:18,WAKE,60,
2026-09-17,17:19,LIGHT,60,
2026-09-17,17:20,LIGHT,53,
2026-09-17,17:21,LIGHT,53,
2026-09-17,17:22,LIGHT,58,
2026-09-17,17:23,LIGHT,60,
2026-09-17,17:24,LIGHT,58,
2026-09-17,17:25,LIGHT,60,
2026-09-17,17:26,LIGHT,52,
2026-09-17,17:27,LIGHT,56,
2026-09-17,17:28,LIGHT,55,
2026-09-17,17:29,LIGHT,62,
2026-09-17,17:30,LIGHT,67,
2026-09-17,17:31,LIGHT,61,
2026-09-17,17:32,LIGHT,71,
2026-09-17,17:33,LIGHT,63,
2026-09-17,19:24,LIGHT,108,
2026-09-17,19:25,LIGHT,108,
2026-09-17,19:26,LIGHT,106,
2026-09-17,19:27,LIGHT,106,
2026-09-17,19:28,LIGHT,103,
2026-09-17,19:29,LIGHT,108,
2026-09-17,19:30,LIGHT,113,
2026-09-17,19:31,LIGHT,109,
2026-09-17,19:32,LIGHT,115,
2026-09-17,19:33,LIGHT,110,
2026-09-17,19:34,LIGHT,110,
2026-09-17,19:35,LIGHT,121,
2026-09-17,19:36,LIGHT,96,
2026-09-17,19:37,LIGHT,95,
2026-09-17,19:38,LIGHT,101,
2026-09-17,19:39,LIGHT,96,
2026-09-17,19:40,LIGHT,90,
2026-09-17,19:41,LIGHT,93,
2026-09-17,19:42,LIGHT,96,
2026-09-17,19:43,LIGHT,95,
2026-09-17,19:44,LIGHT,87,
2026-09-17,19:45,LIGHT,83,
2026-09-17,19:46,LIGHT,86,
2026-09-17,19:47,LIGHT,81,
2026-09-17,19:48,LIGHT,74,
2026-09-17,19:49,LIGHT,72,
2026-09-17,19:50,LIGHT,69,
2026-09-17,19:51,LIGHT,70,
2026-09-18,01:06,LIGHT,50,
2026-09-18,01:07,LIGHT,49,
2026-09-18,01:08,LIGHT,49,
2026-09-18,01:09,LIGHT,49,
2026-09-18,01:10,LIGHT,49,
2026-09-18,01:11,LIGHT,49,
2026-09-18,01:12,LIGHT,50,
2026-09-18,01:13,LIGHT,50,
2026-09-18,01:14,LIGHT,50,
2026-09-18,01:15,LIGHT,50,
2026-09-18,01:16,LIGHT,49,
2026-09-18,01:17,DEEP,50,
2026-09-18,01:18,DEEP,51,
2026-09-18,01:19,DEEP,50,
2026-09-18,01:20,DEEP,50,
2026-09-18,01:21,DEEP,50,
2026-09-18,01:22,DEEP,51,
2026-09-18,01:23,DEEP,51,
2026-09-18,01:24,DEEP,50,
2026-09-18,01:25,DEEP,51,
2026-09-18,01:26,DEEP,51,
2026-09-18,01:27,DEEP,51,
2026-09-18,01:28,DEEP,50,
2026-09-18,01:29,DEEP,50,
2026-09-18,01:30,DEEP,50,
2026-09-18,01:31,DEEP,52,
2026-09-18,01:32,DEEP,52,
2026-09-18,01:33,DEEP,49,
2026-09-18,01:34,DEEP,50,
2026-09-18,01:35,DEEP,50,
2026-09-18,01:36,DEEP,51,
2026-09-18,01:37,DEEP,50,
2026-09-18,01:38,DEEP,50,
2026-09-18,01:39,DEEP,53,
2026-09-18,01:40,DEEP,54,
2026-09-18,01:41,DEEP,52,
2026-09-18,01:42,LIGHT,52,
2026-09-18,01:43,LIGHT,52,
2026-09-18,01:44,LIGHT,49,
2026-09-18,01:45,WAKE,50,
2026-09-18,01:46,LIGHT,49,
2026-09-18,01:47,LIGHT,49,
2026-09-18,01:48,LIGHT,49,
2026-09-18,01:49,LIGHT,51,
2026-09-18,01:50,LIGHT,51,
2026-09-18,01:51,LIGHT,50,
2026-09-18,01:52,LIGHT,53,
2026-09-18,01:53,LIGHT,53,
2026-09-18,01:54,LIGHT,53,
2026-09-18,01:55,LIGHT,50,
2026-09-18,01:56,LIGHT,51,
2026-09-18,01:57,LIGHT,51,
2026-09-18,01:58,LIGHT,55,
2026-09-18,01:59,WAKE,51,
2026-09-18,02:00,LIGHT,57,
2026-09-18,02:01,LIGHT,66,
2026-09-18,02:02,LIGHT,77,
2026-09-18,02:03,LIGHT,82,
2026-09-18,02:04,LIGHT,79,
2026-09-18,02:05,LIGHT,78,
2026-09-18,02:06,LIGHT,,
2026-09-18,02:07,REM,,
2026-09-18,02:08,REM,,
2026-09-18,02:09,REM,,
2026-09-18,02:10,REM,,
2026-09-18,02:11,REM,,
2026-09-18,02:12,REM,,
2026-09-18,02:13,REM,,
2026-09-18,02:14,REM,,
2026-09-18,02:15,LIGHT,,
2026-09-18,02:16,LIGHT,,
2026-09-18,02:17,LIGHT,,
2026-09-18,02:18,LIGHT,,
2026-09-18,02:19,LIGHT,,
2026-09-18,02:20,LIGHT,,
2026-09-18,02:21,LIGHT,,
2026-09-18,02:22,LIGHT,,
2026-09-18,02:23,LIGHT,,
2026-09-18,02:24,LIGHT,,
2026-09-18,02:25,LIGHT,,
2026-09-18,02:26,LIGHT,,
2026-09-18,02:27,LIGHT,,
2026-09-18,02:28,LIGHT,,
2026-09-18,02:29,LIGHT,,
2026-09-18,02:30,LIGHT,86,
2026-09-18,02:31,LIGHT,69,
2026-09-18,02:32,LIGHT,62,
2026-09-18,02:33,LIGHT,62,
2026-09-18,02:34,LIGHT,59,
2026-09-18,02:35,LIGHT,51,
2026-09-18,02:36,LIGHT,49,
2026-09-18,02:37,LIGHT,48,
2026-09-18,02:38,LIGHT,48,
2026-09-18,02:39,LIGHT,55,
2026-09-18,02:40,LIGHT,57,
2026-09-18,02:41,LIGHT,54,
2026-09-18,02:42,LIGHT,49,
2026-09-18,02:43,LIGHT,48,
2026-09-18,02:44,LIGHT,48,
2026-09-18,02:45,LIGHT,48,
2026-09-18,02:46,LIGHT,48,
2026-09-18,02:47,LIGHT,48,
2026-09-18,02:48,LIGHT,49,
2026-09-18,02:49,LIGHT,49,
2026-09-18,02:50,LIGHT,49,
2026-09-18,02:51,LIGHT,49,
2026-09-18,02:52,LIGHT,48,
2026-09-18,02:53,LIGHT,48,
2026-09-18,02:54,LIGHT,48,
2026-09-18,02:55,LIGHT,48,
2026-09-18,02:56,LIGHT,48,
2026-09-18,02:57,WAKE,48,
2026-09-18,02:58,LIGHT,50,
2026-09-18,02:59,LIGHT,47,
2026-09-18,03:00,LIGHT,47,
2026-09-18,03:01,LIGHT,46,
2026-09-18,03:02,LIGHT,45,
2026-09-18,03:03,LIGHT,45,
2026-09-18,03:04,LIGHT,45,
2026-09-18,03:05,LIGHT,44,
2026-09-18,03:06,LIGHT,44,
2026-09-18,03:07,LIGHT,44,
2026-09-18,03:08,LIGHT,45,
2026-09-18,03:09,LIGHT,45,
2026-09-18,03:10,WAKE,44,
2026-09-18,03:11,WAKE,43,
2026-09-18,03:12,LIGHT,43,
2026-09-18,03:13,LIGHT,43,
2026-09-18,03:14,LIGHT,43,
2026-09-18,03:15,LIGHT,43,
2026-09-18,03:16,LIGHT,43,
2026-09-18,03:17,LIGHT,43,
2026-09-18,03:18,LIGHT,43,
2026-09-18,03:19,LIGHT,43,
2026-09-18,03:20,LIGHT,43,
2026-09-18,03:21,LIGHT,43,
2026-09-18,03:22,LIGHT,43,
2026-09-18,03:23,LIGHT,44,
2026-09-18,03:24,LIGHT,44,
2026-09-18,03:25,LIGHT,44,
2026-09-18,03:26,LIGHT,43,
2026-09-18,03:27,LIGHT,43,
2026-09-18,03:28,LIGHT,43,
2026-09-18,03:29,LIGHT,43,
2026-09-18,03:30,LIGHT,44,
2026-09-18,03:31,DEEP,44,
2026-09-18,03:32,DEEP,44,
2026-09-18,03:33,DEEP,44,
2026-09-18,03:34,DEEP,44,
2026-09-18,03:35,DEEP,44,
2026-09-18,03:36,DEEP,45,
2026-09-18,03:37,DEEP,45,
2026-09-18,03:38,DEEP,47,
2026-09-18,03:39,DEEP,47,
2026-09-18,03:40,DEEP,49,
2026-09-18,03:41,DEEP,50,
2026-09-18,03:42,DEEP,50,
2026-09-18,03:43,DEEP,49,
2026-09-18,03:44,DEEP,49,
2026-09-18,03:45,DEEP,49,
2026-09-18,03:46,DEEP,49,
2026-09-18,03:47,DEEP,49,
2026-09-18,03:48,DEEP,53,
2026-09-18,03:49,LIGHT,58,
2026-09-18,03:50,LIGHT,54,
2026-09-18,03:51,LIGHT,46,
2026-09-18,03:52,WAKE,46,
2026-09-18,03:53,WAKE,46,
2026-09-18,03:54,WAKE,47,
2026-09-18,03:55,WAKE,47,
2026-09-18,03:56,WAKE,47,
2026-09-18,03:57,WAKE,47,
2026-09-18,03:58,WAKE,46,
2026-09-18,03:59,WAKE,46,
2026-09-18,04:00,WAKE,51,
2026-09-18,04:01,WAKE,53,
2026-09-18,04:02,LIGHT,49,
2026-09-18,04:03,WAKE,48,
2026-09-18,04:04,LIGHT,46,
2026-09-18,04:05,LIGHT,46,
2026-09-18,04:06,LIGHT,47,
2026-09-18,04:07,REM,47,
2026-09-18,04:08,REM,47,
2026-09-18,04:09,REM,47,
2026-09-18,04:10,REM,45,
2026-09-18,04:11,REM,44,
2026-09-18,04:12,REM,44,
2026-09-18,04:13,REM,44,
2026-09-18,04:14,REM,45,
2026-09-18,04:15,REM,45,
2026-09-18,04:16,REM,45,
2026-09-18,04:17,REM,45,
2026-09-18,04:18,REM,44,
2026-09-18,04:19,REM,44,
2026-09-18,04:20,REM,44,
2026-09-18,04:21,LIGHT,44,
2026-09-18,04:22,LIGHT,44,
2026-09-18,04:23,LIGHT,45,
2026-09-18,04:24,LIGHT,58,
2026-09-18,04:25,LIGHT,60,
2026-09-18,04:26,LIGHT,47,
2026-09-18,04:27,LIGHT,43,
2026-09-18,04:28,WAKE,43,
2026-09-18,04:29,LIGHT,42,
2026-09-18,04:30,LIGHT,42,
2026-09-18,04:31,LIGHT,42,
2026-09-18,04:32,LIGHT,42,
2026-09-18,04:33,LIGHT,43,
2026-09-18,04:34,LIGHT,42,
2026-09-18,04:35,LIGHT,42,
2026-09-18,04:36,LIGHT,51,
2026-09-18,04:37,LIGHT,56,
2026-09-18,04:38,LIGHT,51,
2026-09-18,04:39,LIGHT,49,
2026-09-18,04:40,LIGHT,45,
2026-09-18,04:41,LIGHT,42,
2026-09-18,04:42,LIGHT,41,
2026-09-18,04:43,LIGHT,41,
2026-09-18,04:44,LIGHT,41,
2026-09-18,04:45,LIGHT,41,
2026-09-18,04:46,DEEP,47,
2026-09-18,04:47,DEEP,47,
2026-09-18,04:48,DEEP,47,
2026-09-18,04:49,DEEP,49,
2026-09-18,04:50,DEEP,51,
2026-09-18,04:51,DEEP,52,
2026-09-18,04:52,DEEP,53,
2026-09-18,04:53,DEEP,55,
2026-09-18,04:54,DEEP,49,
2026-09-18,04:55,DEEP,47,
2026-09-18,04:56,DEEP,53,
2026-09-18,04:57,DEEP,50,
2026-09-18,04:58,DEEP,55,
2026-09-18,04:59,DEEP,47,
2026-09-18,05:00,DEEP,46,
2026-09-18,05:01,DEEP,57,
2026-09-18,05:02,DEEP,50,
2026-09-18,05:03,DEEP,57,
2026-09-18,05:04,DEEP,59,
2026-09-18,05:05,DEEP,51,
2026-09-18,05:06,LIGHT,53,
2026-09-18,05:07,LIGHT,50,
2026-09-18,05:08,LIGHT,55,
2026-09-18,05:09,WAKE,57,
2026-09-18,05:10,LIGHT,58,
2026-09-18,05:11,LIGHT,58,
2026-09-18,05:12,LIGHT,53,
2026-09-18,05:13,LIGHT,54,
2026-09-18,05:14,LIGHT,54,
2026-09-18,05:15,LIGHT,55,
2026-09-18,05:16,LIGHT,55,
2026-09-18,05:17,LIGHT,54,
2026-09-18,05:18,LIGHT,63,
2026-09-18,05:19,LIGHT,60,
2026-09-18,05:20,LIGHT,57,
2026-09-18,05:21,LIGHT,53,
2026-09-18,05:22,LIGHT,46,
2026-09-18,05:23,DEEP,48,
2026-09-18,05:24,DEEP,55,
2026-09-18,05:25,DEEP,47,
2026-09-18,05:26,DEEP,44,
2026-09-18,05:27,DEEP,43,
2026-09-18,05:28,DEEP,43,
2026-09-18,05:29,DEEP,43,
2026-09-18,05:30,DEEP,42,
2026-09-18,05:31,DEEP,42,
2026-09-18,05:32,LIGHT,42,
2026-09-18,05:33,LIGHT,42,
2026-09-18,05:34,LIGHT,42,
2026-09-18,05:35,LIGHT,42,
2026-09-18,05:36,LIGHT,43,
2026-09-18,05:37,LIGHT,42,
2026-09-18,05:38,LIGHT,42,
2026-09-18,05:39,LIGHT,42,
2026-09-18,05:40,LIGHT,49,
2026-09-18,05:41,LIGHT,49,
2026-09-18,05:42,LIGHT,43,
2026-09-18,05:43,DEEP,41,
2026-09-18,05:44,DEEP,44,
2026-09-18,05:45,DEEP,44,
2026-09-18,05:46,REM,41,
2026-09-18,05:47,REM,41,
2026-09-18,05:48,REM,41,
2026-09-18,05:49,REM,40,
2026-09-18,05:50,REM,40,
2026-09-18,05:51,REM,42,
2026-09-18,05:52,REM,42,
2026-09-18,05:53,REM,40,
2026-09-18,05:54,REM,,
2026-09-18,05:55,REM,40,
2026-09-18,05:56,REM,43,
2026-09-18,05:57,REM,48,
2026-09-18,05:58,REM,52,
2026-09-18,05:59,REM,54,
2026-09-18,06:00,REM,54,
2026-09-18,06:01,REM,55,
2026-09-18,06:02,REM,56,
2026-09-18,06:03,REM,58,
2026-09-18,06:04,REM,60,
2026-09-18,06:05,REM,49,
2026-09-18,06:06,REM,43,
2026-09-18,06:07,REM,42,
2026-09-18,06:08,REM,42,
2026-09-18,06:09,REM,42,
2026-09-18,06:10,REM,42,
2026-09-18,06:11,REM,47,
2026-09-18,06:12,REM,43,
2026-09-18,06:13,REM,44,
2026-09-18,06:14,REM,42,
2026-09-18,06:15,REM,42,
2026-09-18,06:16,REM,42,
2026-09-18,06:17,REM,42,
2026-09-18,06:18,REM,43,
2026-09-18,06:19,REM,43,
2026-09-18,06:20,REM,44,
2026-09-18,06:21,REM,44,
2026-09-18,06:22,REM,44,
2026-09-18,06:23,REM,44,
2026-09-18,06:24,REM,44,
2026-09-18,06:25,REM,44,
2026-09-18,06:26,REM,44,
2026-09-18,06:27,REM,44,
2026-09-18,06:28,LIGHT,44,
2026-09-18,06:29,LIGHT,45,
2026-09-18,06:30,LIGHT,45,
2026-09-18,06:31,LIGHT,45,
2026-09-18,06:32,WAKE,46,
2026-09-18,06:33,LIGHT,46,
2026-09-18,06:34,LIGHT,46,
2026-09-18,06:35,LIGHT,46,
2026-09-18,06:36,LIGHT,46,
2026-09-18,06:37,LIGHT,46,
2026-09-18,06:38,LIGHT,46,
2026-09-18,06:39,LIGHT,46,
2026-09-18,06:40,LIGHT,46,
2026-09-18,06:41,LIGHT,46,
2026-09-18,06:42,LIGHT,45,
2026-09-18,06:43,LIGHT,45,
2026-09-18,06:44,LIGHT,45,
2026-09-18,06:45,LIGHT,45,
2026-09-18,06:46,LIGHT,45,
2026-09-18,06:47,WAKE,45,
2026-09-18,06:48,LIGHT,45,
2026-09-18,06:49,LIGHT,45,
2026-09-18,06:50,LIGHT,45,
2026-09-18,06:51,LIGHT,45,
2026-09-18,06:52,LIGHT,45,
2026-09-18,06:53,LIGHT,45,
2026-09-18,06:54,LIGHT,46,
2026-09-18,06:55,LIGHT,46,
2026-09-18,06:56,LIGHT,54,
2026-09-18,15:43,LIGHT,47,
2026-09-18,15:44,LIGHT,48,
2026-09-18,15:45,LIGHT,47,
2026-09-18,15:46,LIGHT,49,
2026-09-18,15:47,LIGHT,51,
2026-09-18,15:48,LIGHT,49,
2026-09-18,15:49,LIGHT,47,
2026-09-18,15:50,LIGHT,50,
2026-09-18,15:51,LIGHT,65,
2026-09-18,15:52,LIGHT,69,
2026-09-18,15:53,LIGHT,72,
2026-09-18,15:54,LIGHT,69,
2026-09-18,15:55,LIGHT,69,
2026-09-18,15:56,LIGHT,66,
2026-09-18,15:57,LIGHT,62,
2026-09-18,15:58,DEEP,63,
2026-09-18,15:59,DEEP,64,
2026-09-18,16:00,DEEP,72,
2026-09-18,16:01,DEEP,84,
2026-09-18,16:02,DEEP,72,
2026-09-18,16:03,DEEP,70,
2026-09-18,16:04,DEEP,70,
2026-09-18,16:05,DEEP,69,
2026-09-18,16:06,DEEP,71,
2026-09-18,16:07,DEEP,78,
2026-09-18,16:08,DEEP,67,
2026-09-18,16:09,DEEP,66,
2026-09-18,16:10,DEEP,63,
2026-09-18,16:11,DEEP,63,
2026-09-18,16:12,DEEP,57,
2026-09-18,16:13,DEEP,59,
2026-09-18,16:14,DEEP,57,
2026-09-18,16:15,DEEP,55,
2026-09-18,16:16,DEEP,52,
2026-09-18,16:17,DEEP,49,
2026-09-18,16:18,DEEP,48,
2026-09-18,16:19,DEEP,49,
2026-09-18,16:20,DEEP,54,
2026-09-18,16:21,DEEP,59,
2026-09-18,16:22,DEEP,56,
2026-09-18,16:23,DEEP,57,
2026-09-18,16:24,DEEP,60,
2026-09-18,16:25,DEEP,55,
2026-09-18,16:26,DEEP,52,
2026-09-18,16:27,DEEP,53,
2026-09-18,16:28,DEEP,52,
2026-09-18,16:29,DEEP,63,
2026-09-18,16:30,LIGHT,70,
2026-09-18,16:31,LIGHT,70,
2026-09-18,16:32,LIGHT,73,
2026-09-18,16:33,LIGHT,66,
2026-09-18,16:34,LIGHT,60,
2026-09-18,16:35,LIGHT,67,
2026-09-18,16:36,LIGHT,69,
2026-09-18,16:37,LIGHT,72,
2026-09-18,16:38,LIGHT,69,
2026-09-18,16:39,REM,71,
2026-09-18,16:40,REM,64,
2026-09-18,16:41,REM,53,
2026-09-18,16:42,REM,49,
2026-09-18,16:43,REM,48,
2026-09-18,16:44,REM,59,
2026-09-18,16:45,REM,57,
2026-09-18,16:46,REM,54,
2026-09-18,16:47,REM,62,
2026-09-18,16:48,REM,62,
2026-09-18,16:49,LIGHT,62,
2026-09-18,16:50,LIGHT,69,
2026-09-18,16:51,LIGHT,65,
2026-09-18,16:52,WAKE,64,
2026-09-18,16:53,WAKE,65,
2026-09-18,16:54,WAKE,70,
2026-09-18,16:55,WAKE,67,
2026-09-18,16:56,WAKE,74,
2026-09-18,16:57,WAKE,67,
2026-09-18,16:58,WAKE,69,
2026-09-18,16:59,WAKE,68,
2026-09-18,17:00,WAKE,70,
2026-09-18,17:01,WAKE,67,
2026-09-18,17:02,WAKE,61,
2026-09-18,17:03,LIGHT,61,
2026-09-18,17:04,LIGHT,61,
2026-09-18,17:05,LIGHT,64,
2026-09-18,17:06,LIGHT,63,
2026-09-18,17:07,LIGHT,64,
2026-09-18,17:08,LIGHT,58,
2026-09-18,17:09,LIGHT,59,
2026-09-18,17:10,LIGHT,56,
2026-09-18,17:11,LIGHT,53,
2026-09-18,17:12,LIGHT,55,
2026-09-18,17:13,LIGHT,62,
2026-09-18,17:14,LIGHT,60,
2026-09-19,02:44,LIGHT,44,
2026-09-19,02:45,LIGHT,44,
2026-09-19,02:46,LIGHT,45,
2026-09-19,02:47,LIGHT,47,
2026-09-19,02:48,LIGHT,45,
2026-09-19,02:49,LIGHT,45,
2026-09-19,02:50,LIGHT,45,
2026-09-19,02:51,LIGHT,45,
2026-09-19,02:52,LIGHT,45,
2026-09-19,02:53,LIGHT,45,
2026-09-19,02:54,LIGHT,45,
2026-09-19,02:55,LIGHT,45,
2026-09-19,02:56,LIGHT,45,
2026-09-19,02:57,LIGHT,44,
2026-09-19,02:58,LIGHT,44,
2026-09-19,02:59,LIGHT,45,
2026-09-19,03:00,LIGHT,45,
2026-09-19,03:01,LIGHT,45,
2026-09-19,03:02,LIGHT,45,
2026-09-19,03:03,LIGHT,45,
2026-09-19,03:04,LIGHT,45,
2026-09-19,03:05,DEEP,45,
2026-09-19,03:06,DEEP,45,
2026-09-19,03:07,DEEP,45,
2026-09-19,03:08,DEEP,45,
2026-09-19,03:09,DEEP,45,
2026-09-19,03:10,DEEP,45,
2026-09-19,03:11,DEEP,45,
2026-09-19,03:12,DEEP,49,
2026-09-19,03:13,DEEP,61,
2026-09-19,03:14,DEEP,66,
2026-09-19,03:15,DEEP,56,
2026-09-19,03:16,DEEP,47,
2026-09-19,03:17,DEEP,44,
2026-09-19,03:18,DEEP,44,
2026-09-19,03:19,DEEP,43,
2026-09-19,03:20,DEEP,43,
2026-09-19,03:21,DEEP,43,
2026-09-19,03:22,DEEP,43,
2026-09-19,03:23,DEEP,43,
2026-09-19,03:24,DEEP,43,
2026-09-19,03:25,DEEP,44,
2026-09-19,03:26,DEEP,44,
2026-09-19,03:27,DEEP,44,
2026-09-19,03:28,DEEP,44,
2026-09-19,03:29,DEEP,51,
2026-09-19,03:30,DEEP,56,
2026-09-19,03:31,DEEP,55,
2026-09-19,03:32,DEEP,55,
2026-09-19,03:33,DEEP,56,
2026-09-19,03:34,DEEP,46,
2026-09-19,03:35,DEEP,43,
2026-09-19,03:36,DEEP,43,
2026-09-19,03:37,DEEP,45,
2026-09-19,03:38,DEEP,48,
2026-09-19,03:39,DEEP,45,
2026-09-19,03:40,DEEP,43,
2026-09-19,03:41,DEEP,43,
2026-09-19,03:42,DEEP,42,
2026-09-19,03:43,DEEP,42,
2026-09-19,03:44,DEEP,43,
2026-09-19,03:45,DEEP,44,
2026-09-19,03:46,DEEP,44,
2026-09-19,03:47,LIGHT,43,
2026-09-19,03:48,LIGHT,44,
2026-09-19,03:49,LIGHT,44,
2026-09-19,03:50,WAKE,44,
2026-09-19,03:51,WAKE,44,
2026-09-19,03:52,LIGHT,46,
2026-09-19,03:53,LIGHT,46,
2026-09-19,03:54,LIGHT,45,
2026-09-19,03:55,LIGHT,45,
2026-09-19,03:56,LIGHT,44,
2026-09-19,03:57,LIGHT,44,
2026-09-19,03:58,REM,44,
2026-09-19,03:59,REM,44,
2026-09-19,04:00,REM,44,
2026-09-19,04:01,REM,51,
2026-09-19,04:02,REM,45,
2026-09-19,04:03,REM,45,
2026-09-19,04:04,REM,45,
2026-09-19,04:05,REM,45,
2026-09-19,04:06,REM,45,
2026-09-19,04:07,REM,45,
2026-09-19,04:08,REM,45,
2026-09-19,04:09,REM,45,
2026-09-19,04:10,REM,46,
2026-09-19,04:11,REM,46,
2026-09-19,04:12,REM,46,
2026-09-19,04:13,REM,46,
2026-09-19,04:14,REM,46,
2026-09-19,04:15,REM,46,
2026-09-19,04:16,REM,46,
2026-09-19,04:17,REM,46,
2026-09-19,04:18,REM,47,
2026-09-19,04:19,LIGHT,47,
2026-09-19,04:20,LIGHT,47,
2026-09-19,04:21,LIGHT,47,
2026-09-19,04:22,LIGHT,47,
2026-09-19,04:23,LIGHT,47,
2026-09-19,04:24,LIGHT,47,
2026-09-19,04:25,WAKE,47,
2026-09-19,04:26,WAKE,47,
2026-09-19,04:27,LIGHT,47,
2026-09-19,04:28,LIGHT,47,
2026-09-19,04:29,LIGHT,47,
2026-09-19,04:30,LIGHT,48,
2026-09-19,04:31,LIGHT,48,
2026-09-19,04:32,LIGHT,48,
2026-09-19,04:33,LIGHT,48,
2026-09-19,04:34,LIGHT,48,
2026-09-19,04:35,LIGHT,48,
2026-09-19,04:36,LIGHT,48,
2026-09-19,04:37,WAKE,48,
2026-09-19,04:38,WAKE,48,
2026-09-19,04:39,LIGHT,49,
2026-09-19,04:40,LIGHT,49,
2026-09-19,04:41,LIGHT,49,
2026-09-19,04:42,LIGHT,49,
2026-09-19,04:43,LIGHT,49,
2026-09-19,04:44,LIGHT,48,
2026-09-19,04:45,LIGHT,48,
2026-09-19,04:46,LIGHT,48,
2026-09-19,04:47,LIGHT,48,
2026-09-19,04:48,LIGHT,54,
2026-09-19,04:49,LIGHT,56,
2026-09-19,04:50,LIGHT,45,
2026-09-19,04:51,LIGHT,43,
2026-09-19,04:52,LIGHT,43,
2026-09-19,04:53,LIGHT,43,
2026-09-19,04:54,LIGHT,43,
2026-09-19,04:55,LIGHT,43,
2026-09-19,04:56,REM,43,
2026-09-19,04:57,REM,43,
2026-09-19,04:58,REM,51,
2026-09-19,04:59,REM,48,
2026-09-19,05:00,REM,48,
2026-09-19,05:01,REM,50,
2026-09-19,05:02,REM,44,
2026-09-19,05:03,REM,44,
2026-09-19,05:04,REM,46,
2026-09-19,05:05,REM,46,
2026-09-19,05:06,REM,43,
2026-09-19,05:07,REM,42,
2026-09-19,05:08,REM,44,
2026-09-19,05:09,REM,44,
2026-09-19,05:10,REM,44,
2026-09-19,05:11,REM,45,
2026-09-19,05:12,REM,46,
2026-09-19,05:13,REM,46,
2026-09-19,05:14,REM,46,
2026-09-19,05:15,REM,46,
2026-09-19,05:16,LIGHT,43,
2026-09-19,05:17,LIGHT,48,
2026-09-19,05:18,LIGHT,50,
2026-09-19,05:19,WAKE,53,
2026-09-19,05:20,WAKE,47,
2026-09-19,05:21,LIGHT,46,
2026-09-19,05:22,LIGHT,46,
2026-09-19,05:23,LIGHT,46,
2026-09-19,05:24,LIGHT,46,
2026-09-19,05:25,WAKE,46,
2026-09-19,05:26,LIGHT,46,
2026-09-19,05:27,LIGHT,50,
2026-09-19,05:28,LIGHT,48,
2026-09-19,05:29,LIGHT,47,
2026-09-19,05:30,LIGHT,47,
2026-09-19,05:31,LIGHT,49,
2026-09-19,05:32,LIGHT,50,
2026-09-19,05:33,LIGHT,54,
2026-09-19,05:34,LIGHT,50,
2026-09-19,05:35,LIGHT,50,
2026-09-19,05:36,LIGHT,50,
2026-09-19,05:37,LIGHT,50,
2026-09-19,05:38,LIGHT,48,
2026-09-19,05:39,LIGHT,49,
2026-09-19,05:40,LIGHT,49,
2026-09-19,05:41,LIGHT,49,
2026-09-19,05:42,LIGHT,49,
2026-09-19,05:43,LIGHT,49,
2026-09-19,05:44,LIGHT,49,
2026-09-19,05:45,LIGHT,51,
2026-09-19,05:46,LIGHT,50,
2026-09-19,05:47,LIGHT,49,
2026-09-19,05:48,LIGHT,49,
2026-09-19,05:49,LIGHT,48,
2026-09-19,05:50,REM,48,
2026-09-19,05:51,REM,49,
2026-09-19,05:52,REM,49,
2026-09-19,05:53,REM,49,
2026-09-19,05:54,REM,49,
2026-09-19,05:55,REM,49,
2026-09-19,05:56,REM,49,
2026-09-19,05:57,REM,59,
2026-09-19,05:58,REM,58,
2026-09-19,05:59,REM,48,
2026-09-19,06:00,REM,45,
2026-09-19,06:01,REM,44,
2026-09-19,06:02,LIGHT,44,
2026-09-19,06:03,LIGHT,44,
2026-09-19,06:04,LIGHT,44,
2026-09-19,06:05,WAKE,44,
2026-09-19,06:06,WAKE,45,
2026-09-19,06:07,LIGHT,46,
2026-09-19,06:08,LIGHT,46,
2026-09-19,06:09,LIGHT,45,
2026-09-19,06:10,LIGHT,45,
2026-09-19,06:11,LIGHT,45,
2026-09-19,06:12,LIGHT,45,
2026-09-19,06:13,LIGHT,45,
2026-09-19,06:14,LIGHT,45,
2026-09-19,06:15,LIGHT,45,
2026-09-19,06:16,LIGHT,45,
2026-09-19,06:17,LIGHT,46,
2026-09-19,06:18,LIGHT,46,
2026-09-19,06:19,LIGHT,46,
2026-09-19,06:20,LIGHT,46,
2026-09-19,06:21,LIGHT,46,
2026-09-19,06:22,LIGHT,46,
2026-09-19,06:23,LIGHT,46,
2026-09-19,06:24,LIGHT,46,
2026-09-19,06:25,LIGHT,46,
2026-09-19,06:26,LIGHT,48,
2026-09-19,06:27,LIGHT,46,
2026-09-19,06:28,LIGHT,46,
2026-09-19,06:29,LIGHT,46,
2026-09-19,06:30,LIGHT,46,
2026-09-19,06:31,LIGHT,49,
2026-09-19,06:32,LIGHT,48,
2026-09-19,06:33,LIGHT,46,
2026-09-19,06:34,DEEP,46,
2026-09-19,06:35,DEEP,46,
2026-09-19,06:36,DEEP,46,
2026-09-19,06:37,DEEP,46,
2026-09-19,06:38,DEEP,46,
2026-09-19,06:39,DEEP,46,
2026-09-19,06:40,DEEP,45,
2026-09-19,06:41,DEEP,45,
2026-09-19,06:42,DEEP,47,
2026-09-19,06:43,DEEP,51,
2026-09-19,06:44,DEEP,51,
2026-09-19,06:45,DEEP,48,
2026-09-19,06:46,DEEP,48,
2026-09-19,06:47,DEEP,53,
2026-09-19,06:48,DEEP,45,
2026-09-19,06:49,DEEP,44,
2026-09-19,06:50,DEEP,43,
2026-09-19,06:51,DEEP,44,
2026-09-19,06:52,DEEP,43,
2026-09-19,06:53,DEEP,43,
2026-09-19,06:54,LIGHT,48,
2026-09-19,06:55,LIGHT,45,
2026-09-19,06:56,LIGHT,43,
2026-09-19,06:57,WAKE,45,
2026-09-19,06:58,WAKE,43,
2026-09-19,06:59,WAKE,43,
2026-09-19,07:00,LIGHT,43,
2026-09-19,07:01,LIGHT,46,
2026-09-19,07:02,LIGHT,46,
2026-09-19,07:03,LIGHT,44,
2026-09-19,07:04,LIGHT,42,
2026-09-19,07:05,LIGHT,47,
2026-09-19,07:06,LIGHT,47,
2026-09-19,07:07,LIGHT,47,
2026-09-19,07:08,LIGHT,46,
2026-09-19,07:09,LIGHT,49,
2026-09-19,07:10,LIGHT,45,
2026-09-19,07:11,REM,46,
2026-09-19,07:12,REM,44,
2026-09-19,07:13,REM,44,
2026-09-19,07:14,REM,46,
2026-09-19,07:15,REM,46,
2026-09-19,07:16,REM,45,
2026-09-19,07:17,REM,45,
2026-09-19,07:18,REM,45,
2026-09-19,07:19,REM,45,
2026-09-19,07:20,REM,45,
2026-09-19,07:21,REM,45,
2026-09-19,07:22,REM,45,
2026-09-19,07:23,REM,46,
2026-09-19,07:24,REM,46,
2026-09-19,07:25,REM,46,
2026-09-19,07:26,REM,46,
2026-09-19,07:27,REM,48,
2026-09-19,07:28,REM,48,
2026-09-19,07:29,REM,48,
2026-09-19,07:30,REM,48,
2026-09-19,07:31,REM,48,
2026-09-19,07:32,REM,48,
2026-09-19,07:33,REM,48,
2026-09-19,07:34,REM,48,
2026-09-19,07:35,REM,49,
2026-09-19,07:36,REM,49,
2026-09-19,07:37,REM,48,
2026-09-19,07:38,REM,48,
2026-09-19,07:39,REM,48,
2026-09-19,07:40,REM,48,
2026-09-19,07:41,REM,48,
2026-09-19,07:42,REM,48,
2026-09-19,07:43,REM,57,
2026-09-19,07:44,REM,49,
2026-09-19,07:45,REM,46,
2026-09-19,07:46,REM,46,
2026-09-19,07:47,REM,48,
2026-09-19,07:48,REM,48,
2026-09-19,07:49,REM,45,
2026-09-19,07:50,REM,44,
2026-09-19,07:51,REM,50,
2026-09-19,07:52,REM,44,
2026-09-19,07:53,REM,43,
2026-09-19,07:54,REM,43,
2026-09-19,07:55,REM,43,
2026-09-19,07:56,REM,43,
2026-09-19,07:57,REM,44,
2026-09-19,07:58,REM,44,
2026-09-19,07:59,REM,45,
2026-09-19,08:00,REM,45,
2026-09-19,08:01,REM,45,
2026-09-19,08:02,REM,50,
2026-09-19,08:03,REM,47,
2026-09-19,08:04,LIGHT,44,
2026-09-19,08:05,LIGHT,43,
2026-09-19,08:06,LIGHT,44,
2026-09-19,08:07,LIGHT,44,
2026-09-19,08:08,LIGHT,44,
2026-09-19,08:09,LIGHT,44,
2026-09-19,08:10,LIGHT,48,
2026-09-19,08:11,LIGHT,47,
2026-09-19,08:12,LIGHT,44,
2026-09-19,08:13,LIGHT,43,
2026-09-19,08:14,LIGHT,45,
2026-09-19,08:15,LIGHT,48,
2026-09-19,08:16,LIGHT,45,
2026-09-19,08:17,LIGHT,44,
2026-09-19,08:18,LIGHT,44,
2026-09-19,08:19,LIGHT,45,
2026-09-19,08:20,LIGHT,45,
2026-09-19,08:21,LIGHT,43,
2026-09-19,08:22,LIGHT,43,
2026-09-19,08:23,LIGHT,43,
2026-09-19,08:24,LIGHT,50,
2026-09-19,08:25,LIGHT,44,
2026-09-19,08:26,LIGHT,43,
2026-09-19,08:27,LIGHT,46,
2026-09-19,08:28,LIGHT,45,
2026-09-19,08:29,LIGHT,45,
2026-09-19,08:30,LIGHT,55,
2026-09-19,08:31,DEEP,47,
2026-09-19,08:32,DEEP,47,
2026-09-19,08:33,DEEP,47,
2026-09-19,08:34,DEEP,48,
2026-09-19,08:35,DEEP,45,
2026-09-19,08:36,DEEP,45,
2026-09-19,08:37,DEEP,44,
2026-09-19,08:38,DEEP,44,
2026-09-19,08:39,DEEP,49,
2026-09-19,08:40,DEEP,49,
2026-09-19,08:41,DEEP,48,
2026-09-19,08:42,DEEP,47,
2026-09-19,08:43,DEEP,52,
2026-09-19,08:44,DEEP,46,
2026-09-19,08:45,DEEP,46,
2026-09-19,08:46,DEEP,46,
2026-09-19,08:47,DEEP,43,
2026-09-19,08:48,DEEP,45,
2026-09-19,08:49,DEEP,44,
2026-09-19,08:50,DEEP,44,
2026-09-19,08:51,DEEP,44,
2026-09-19,08:52,DEEP,44,
2026-09-19,08:53,DEEP,44,
2026-09-19,08:54,DEEP,44,
2026-09-19,08:55,DEEP,46,
2026-09-19,08:56,LIGHT,48,
2026-09-19,08:57,LIGHT,46,
2026-09-19,08:58,LIGHT,45,
2026-09-19,08:59,WAKE,45,
2026-09-19,09:00,LIGHT,47,
2026-09-19,09:01,LIGHT,44,
2026-09-19,09:02,LIGHT,45,
2026-09-19,09:03,LIGHT,46,
2026-09-19,09:04,LIGHT,46,
2026-09-19,09:05,LIGHT,46,
2026-09-19,09:06,LIGHT,46,
2026-09-19,09:07,LIGHT,46,
2026-09-19,09:08,LIGHT,46,
2026-09-19,09:09,LIGHT,47,
2026-09-19,09:10,LIGHT,47,
2026-09-19,09:11,LIGHT,48,
2026-09-19,09:12,LIGHT,47,
2026-09-19,09:13,LIGHT,47,
2026-09-19,09:14,LIGHT,54,
2026-09-19,09:15,WAKE,51,
2026-09-19,09:16,WAKE,46,
2026-09-19,09:17,WAKE,46,
2026-09-19,09:18,LIGHT,49,
2026-09-19,09:19,LIGHT,48,
2026-09-19,09:20,LIGHT,44,
2026-09-19,09:21,LIGHT,44,
2026-09-19,09:22,LIGHT,44,
2026-09-19,09:23,LIGHT,44,
2026-09-19,09:24,LIGHT,45,
2026-09-19,09:25,LIGHT,52,
2026-09-19,09:26,LIGHT,55,
2026-09-19,09:27,LIGHT,49,
2026-09-19,09:28,LIGHT,54,
2026-09-19,09:29,LIGHT,48,
2026-09-19,09:30,LIGHT,53,
2026-09-19,09:31,LIGHT,47,
2026-09-19,09:32,LIGHT,44,
2026-09-19,09:33,LIGHT,44,
2026-09-19,09:34,LIGHT,44,
2026-09-19,09:35,LIGHT,44,
2026-09-19,09:36,LIGHT,44,
2026-09-19,09:37,LIGHT,44,
2026-09-19,09:38,LIGHT,45,
2026-09-19,09:39,LIGHT,50,
2026-09-19,09:40,LIGHT,49,
2026-09-19,09:41,LIGHT,42,
2026-09-19,09:42,LIGHT,44,
2026-09-19,09:43,LIGHT,44,
2026-09-19,09:44,LIGHT,44,
2026-09-19,09:45,LIGHT,46,
2026-09-19,09:46,LIGHT,46,
2026-09-19,09:47,LIGHT,46,
2026-09-19,09:48,LIGHT,48,
2026-09-19,09:49,LIGHT,48,
2026-09-20,01:35,LIGHT,51,
2026-09-20,01:36,LIGHT,51,
2026-09-20,01:37,LIGHT,51,
2026-09-20,01:38,LIGHT,53,
2026-09-20,01:39,LIGHT,52,
2026-09-20,01:40,LIGHT,51,
2026-09-20,01:41,LIGHT,51,
2026-09-20,01:42,LIGHT,52,
2026-09-20,01:43,LIGHT,53,
2026-09-20,01:44,LIGHT,53,
2026-09-20,01:45,LIGHT,56,
2026-09-20,01:46,LIGHT,57,
2026-09-20,01:47,LIGHT,58,
2026-09-20,01:48,LIGHT,58,
2026-09-20,01:49,LIGHT,56,
2026-09-20,01:50,LIGHT,57,
2026-09-20,01:51,LIGHT,59,
2026-09-20,01:52,DEEP,64,
2026-09-20,01:53,DEEP,74,
2026-09-20,01:54,DEEP,65,
2026-09-20,01:55,DEEP,59,
2026-09-20,01:56,DEEP,70,
2026-09-20,01:57,DEEP,67,
2026-09-20,01:58,DEEP,72,
2026-09-20,01:59,DEEP,71,
2026-09-20,02:00,DEEP,72,
2026-09-20,02:01,DEEP,68,
2026-09-20,02:02,DEEP,68,
2026-09-20,02:03,DEEP,69,
2026-09-20,02:04,DEEP,61,
2026-09-20,02:05,LIGHT,57,
2026-09-20,02:06,LIGHT,68,
2026-09-20,02:07,LIGHT,73,
2026-09-20,02:08,LIGHT,67,
2026-09-20,02:09,LIGHT,56,
2026-09-20,02:10,LIGHT,52,
2026-09-20,02:11,DEEP,52,
2026-09-20,02:12,DEEP,51,
2026-09-20,02:13,DEEP,53,
2026-09-20,02:14,DEEP,55,
2026-09-20,02:15,DEEP,55,
2026-09-20,02:16,DEEP,56,
2026-09-20,02:17,DEEP,66,
2026-09-20,02:18,DEEP,76,
2026-09-20,02:19,DEEP,79,
2026-09-20,02:20,DEEP,76,
2026-09-20,02:21,LIGHT,75,
2026-09-20,02:22,LIGHT,77,
2026-09-20,02:23,LIGHT,86,
2026-09-20,02:24,LIGHT,79,
2026-09-20,02:25,LIGHT,68,
2026-09-20,02:26,LIGHT,59,
2026-09-20,02:27,LIGHT,55,
2026-09-20,02:28,REM,55,
2026-09-20,02:29,REM,51,
2026-09-20,02:30,REM,50,
2026-09-20,02:31,REM,50,
2026-09-20,02:32,REM,55,
2026-09-20,02:33,REM,53,
2026-09-20,02:34,REM,58,
2026-09-20,02:35,REM,61,
2026-09-20,02:36,REM,58,
2026-09-20,02:37,REM,52,
2026-09-20,02:38,REM,50,
2026-09-20,02:39,REM,49,
2026-09-20,02:40,REM,51,
2026-09-20,02:41,REM,52,
2026-09-20,02:42,REM,50,
2026-09-20,02:43,REM,52,
2026-09-20,02:44,REM,52,
2026-09-20,02:45,REM,52,
2026-09-20,02:46,REM,51,
2026-09-20,02:47,REM,50,
2026-09-20,02:48,REM,51,
2026-09-20,02:49,LIGHT,53,
2026-09-20,02:50,LIGHT,52,
2026-09-20,02:51,LIGHT,52,
2026-09-20,02:52,LIGHT,52,
2026-09-20,02:53,LIGHT,54,
2026-09-20,02:54,LIGHT,55,
2026-09-20,02:55,LIGHT,55,
2026-09-20,02:56,LIGHT,56,
2026-09-20,02:57,LIGHT,58,
2026-09-20,02:58,LIGHT,54,
2026-09-20,02:59,LIGHT,53,
2026-09-20,03:00,LIGHT,53,
2026-09-20,03:01,LIGHT,61,
2026-09-20,03:02,LIGHT,53,
2026-09-20,03:03,LIGHT,50,
2026-09-20,03:04,LIGHT,52,
2026-09-20,03:05,LIGHT,49,
2026-09-20,03:06,LIGHT,46,
2026-09-20,03:07,LIGHT,47,
2026-09-20,03:08,LIGHT,58,
2026-09-20,03:09,LIGHT,54,
2026-09-20,03:10,LIGHT,55,
2026-09-20,03:11,LIGHT,52,
2026-09-20,03:12,LIGHT,50,
2026-09-20,03:13,LIGHT,48,
2026-09-20,03:14,WAKE,50,
2026-09-20,03:15,WAKE,47,
2026-09-20,03:16,WAKE,48,
2026-09-20,03:17,LIGHT,48,
2026-09-20,03:18,LIGHT,49,
2026-09-20,03:19,LIGHT,48,
2026-09-20,03:20,LIGHT,48,
2026-09-20,03:21,LIGHT,48,
2026-09-20,03:22,LIGHT,48,
2026-09-20,03:23,LIGHT,47,
2026-09-20,03:24,LIGHT,47,
2026-09-20,03:25,REM,47,
2026-09-20,03:26,REM,47,
2026-09-20,03:27,REM,47,
2026-09-20,03:28,LIGHT,47,
2026-09-20,03:29,LIGHT,47,
2026-09-20,03:30,LIGHT,48,
2026-09-20,03:31,WAKE,48,
2026-09-20,03:32,WAKE,48,
2026-09-20,03:33,WAKE,47,
2026-09-20,03:34,WAKE,49,
2026-09-20,03:35,LIGHT,49,
2026-09-20,03:36,LIGHT,49,
2026-09-20,03:37,LIGHT,49,
2026-09-20,03:38,REM,49,
2026-09-20,03:39,REM,49,
2026-09-20,03:40,REM,49,
2026-09-20,03:41,REM,49,
2026-09-20,03:42,REM,49,
2026-09-20,03:43,REM,49,
2026-09-20,03:44,REM,50,
2026-09-20,03:45,REM,50,
2026-09-20,03:46,REM,50,
2026-09-20,03:47,REM,50,
2026-09-20,03:48,REM,50,
2026-09-20,03:49,REM,50,
2026-09-20,03:50,REM,50,
2026-09-20,03:51,REM,50,
2026-09-20,03:52,REM,50,
2026-09-20,03:53,REM,50,
2026-09-20,03:54,REM,50,
2026-09-20,03:55,REM,50,
2026-09-20,03:56,REM,50,
2026-09-20,03:57,REM,50,
2026-09-20,03:58,REM,50,
2026-09-20,03:59,REM,50,
2026-09-20,04:00,REM,50,
2026-09-20,04:01,REM,50,
2026-09-20,04:02,REM,50,
2026-09-20,04:03,LIGHT,50,
2026-09-20,04:04,LIGHT,50,
2026-09-20,04:05,LIGHT,50,
2026-09-20,04:06,LIGHT,51,
2026-09-20,04:07,LIGHT,63,
2026-09-20,04:08,LIGHT,55,
2026-09-20,04:09,LIGHT,57,
2026-09-20,04:10,LIGHT,55,
2026-09-20,04:11,LIGHT,48,
2026-09-20,04:12,LIGHT,47,
2026-09-20,04:13,LIGHT,48,
2026-09-20,04:14,LIGHT,50,
2026-09-20,04:15,LIGHT,50,
2026-09-20,04:16,LIGHT,52,
2026-09-20,04:17,LIGHT,51,
2026-09-20,04:18,LIGHT,53,
2026-09-20,04:19,LIGHT,53,
2026-09-20,04:20,LIGHT,54,
2026-09-20,04:21,LIGHT,52,
2026-09-20,04:22,LIGHT,52,
2026-09-20,04:23,LIGHT,52,
2026-09-20,04:24,LIGHT,51,
2026-09-20,04:25,LIGHT,51,
2026-09-20,04:26,LIGHT,51,
2026-09-20,04:27,LIGHT,51,
2026-09-20,04:28,DEEP,50,
2026-09-20,04:29,DEEP,50,
2026-09-20,04:30,DEEP,49,
2026-09-20,04:31,DEEP,49,
2026-09-20,04:32,DEEP,49,
2026-09-20,04:33,DEEP,48,
2026-09-20,04:34,DEEP,48,
2026-09-20,04:35,DEEP,48,
2026-09-20,04:36,DEEP,48,
2026-09-20,04:37,DEEP,49,
2026-09-20,04:38,DEEP,46,
2026-09-20,04:39,DEEP,46,
2026-09-20,04:40,DEEP,45,
2026-09-20,04:41,DEEP,45,
2026-09-20,04:42,DEEP,45,
2026-09-20,04:43,DEEP,45,
2026-09-20,04:44,DEEP,45,
2026-09-20,04:45,DEEP,45,
2026-09-20,04:46,DEEP,45,
2026-09-20,04:47,DEEP,45,
2026-09-20,04:48,DEEP,45,
2026-09-20,04:49,DEEP,46,
2026-09-20,04:50,LIGHT,46,
2026-09-20,04:51,LIGHT,46,
2026-09-20,04:52,LIGHT,46,
2026-09-20,04:53,LIGHT,46,
2026-09-20,04:54,LIGHT,46,
2026-09-20,04:55,LIGHT,48,
2026-09-20,04:56,LIGHT,53,
2026-09-20,04:57,LIGHT,46,
2026-09-20,04:58,LIGHT,46,
2026-09-20,04:59,LIGHT,46,
2026-09-20,05:00,LIGHT,53,
2026-09-20,05:01,LIGHT,47,
2026-09-20,05:02,WAKE,44,
2026-09-20,05:03,LIGHT,44,
2026-09-20,05:04,LIGHT,44,
2026-09-20,05:05,LIGHT,44,
2026-09-20,05:06,LIGHT,44,
2026-09-20,05:07,LIGHT,44,
2026-09-20,05:08,LIGHT,44,
2026-09-20,05:09,LIGHT,44,
2026-09-20,05:10,LIGHT,44,
2026-09-20,05:11,REM,44,
2026-09-20,05:12,REM,44,
2026-09-20,05:13,REM,44,
2026-09-20,05:14,REM,44,
2026-09-20,05:15,REM,45,
2026-09-20,05:16,REM,45,
2026-09-20,05:17,REM,45,
2026-09-20,05:18,REM,45,
2026-09-20,05:19,REM,45,
2026-09-20,05:20,REM,45,
2026-09-20,05:21,REM,45,
2026-09-20,05:22,REM,45,
2026-09-20,05:23,REM,45,
2026-09-20,05:24,REM,45,
2026-09-20,05:25,REM,46,
2026-09-20,05:26,REM,46,
2026-09-20,05:27,REM,46,
2026-09-20,05:28,REM,46,
2026-09-20,05:29,REM,47,
2026-09-20,05:30,REM,47,
2026-09-20,05:31,REM,47,
2026-09-20,05:32,REM,46,
2026-09-20,05:33,REM,46,
2026-09-20,05:34,REM,46,
2026-09-20,05:35,REM,46,
2026-09-20,05:36,REM,46,
2026-09-20,05:37,REM,46,
2026-09-20,05:38,REM,45,
2026-09-20,05:39,REM,45,
2026-09-20,05:40,REM,45,
2026-09-20,05:41,REM,45,
2026-09-20,05:42,REM,45,
2026-09-20,05:43,REM,45,
2026-09-20,05:44,REM,55,
2026-09-20,05:45,REM,67,
2026-09-20,05:46,REM,54,
2026-09-20,05:47,REM,46,
2026-09-20,05:48,REM,46,
2026-09-20,05:49,REM,43,
2026-09-20,05:50,REM,45,
2026-09-20,05:51,REM,46,
2026-09-20,05:52,REM,48,
2026-09-20,05:53,REM,46,
2026-09-20,05:54,REM,48,
2026-09-20,05:55,LIGHT,51,
2026-09-20,05:56,LIGHT,52,
2026-09-20,05:57,LIGHT,49,
2026-09-20,05:58,WAKE,49,
2026-09-20,05:59,WAKE,46,
2026-09-20,06:00,LIGHT,46,
2026-09-20,06:01,LIGHT,46,
2026-09-20,06:02,LIGHT,46,
2026-09-20,06:03,LIGHT,46,
2026-09-20,06:04,LIGHT,46,
2026-09-20,06:05,LIGHT,49,
2026-09-20,06:06,LIGHT,48,
2026-09-20,06:07,LIGHT,44,
2026-09-20,06:08,LIGHT,45,
2026-09-20,06:09,LIGHT,45,
2026-09-20,06:10,LIGHT,47,
2026-09-20,06:11,LIGHT,47,
2026-09-20,06:12,LIGHT,49,
2026-09-20,06:13,LIGHT,45,
2026-09-20,06:14,LIGHT,44,
2026-09-20,06:15,LIGHT,44,
2026-09-20,06:16,LIGHT,46,
2026-09-20,06:17,LIGHT,45,
2026-09-20,06:18,LIGHT,47,
2026-09-20,06:19,LIGHT,45,
2026-09-20,06:20,LIGHT,47,
2026-09-20,06:21,LIGHT,46,
2026-09-20,06:22,LIGHT,46,
2026-09-20,06:23,LIGHT,46,
2026-09-20,06:24,LIGHT,48,
2026-09-20,06:25,LIGHT,48,
2026-09-20,06:26,LIGHT,42,
2026-09-20,06:27,LIGHT,41,
2026-09-20,06:28,LIGHT,41,
2026-09-20,06:29,LIGHT,41,
2026-09-20,06:30,LIGHT,41,
2026-09-20,06:31,LIGHT,41,
2026-09-20,06:32,LIGHT,41,
2026-09-20,06:33,LIGHT,41,
2026-09-20,06:34,LIGHT,41,
2026-09-20,06:35,LIGHT,41,
2026-09-20,06:36,LIGHT,41,
2026-09-20,06:37,LIGHT,41,
2026-09-20,06:38,LIGHT,42,
2026-09-20,06:39,LIGHT,42,
2026-09-20,06:40,LIGHT,42,
2026-09-20,06:41,LIGHT,42,
2026-09-20,06:42,LIGHT,43,
2026-09-20,06:43,LIGHT,43,
2026-09-20,06:44,LIGHT,43,
2026-09-20,06:45,LIGHT,43,
2026-09-20,06:46,LIGHT,43,
2026-09-20,06:47,LIGHT,43,
2026-09-20,06:48,LIGHT,43,
2026-09-20,06:49,LIGHT,45,
2026-09-20,06:50,LIGHT,56,
2026-09-20,06:51,LIGHT,48,
2026-09-20,06:52,LIGHT,45,
2026-09-20,06:53,LIGHT,45,
2026-09-20,06:54,REM,45,
2026-09-20,06:55,REM,45,
2026-09-20,06:56,REM,45,
2026-09-20,06:57,REM,45,
2026-09-20,06:58,REM,46,
2026-09-20,06:59,REM,46,
2026-09-20,07:00,REM,46,
2026-09-20,07:01,REM,48,
2026-09-20,07:02,REM,46,
2026-09-20,07:03,REM,46,
2026-09-20,07:04,REM,45,
2026-09-20,07:05,REM,50,
2026-09-20,07:06,REM,51,
2026-09-20,07:07,LIGHT,45,
2026-09-20,07:08,LIGHT,47,
2026-09-20,07:09,LIGHT,44,
2026-09-20,07:10,WAKE,41,
2026-09-20,07:11,WAKE,42,
2026-09-20,07:12,WAKE,49,
2026-09-20,07:13,LIGHT,43,
2026-09-20,07:14,LIGHT,40,
2026-09-20,07:15,LIGHT,40,
2026-09-20,07:16,LIGHT,40,
2026-09-20,07:17,LIGHT,40,
2026-09-20,07:18,LIGHT,40,
2026-09-20,07:19,LIGHT,40,
2026-09-20,07:20,LIGHT,40,
2026-09-20,07:21,LIGHT,40,
2026-09-20,07:22,LIGHT,40,
2026-09-20,07:23,LIGHT,40,
2026-09-20,07:24,LIGHT,41,
2026-09-20,07:25,LIGHT,41,
2026-09-20,07:26,LIGHT,41,
2026-09-20,07:27,LIGHT,42,
2026-09-20,07:28,LIGHT,42,
2026-09-20,07:29,LIGHT,42,
2026-09-20,07:30,LIGHT,42,
2026-09-20,07:31,LIGHT,42,
2026-09-20,07:32,LIGHT,43,
2026-09-20,07:33,LIGHT,43,
2026-09-20,07:34,LIGHT,43,
2026-09-20,07:35,LIGHT,43,
2026-09-20,07:36,LIGHT,43,
2026-09-20,07:37,LIGHT,48,
2026-09-20,07:38,LIGHT,42,
2026-09-20,07:39,LIGHT,42,
2026-09-20,07:40,LIGHT,42,
2026-09-20,07:41,LIGHT,42,
2026-09-20,07:42,LIGHT,44,
2026-09-20,07:43,LIGHT,44,
2026-09-20,07:44,WAKE,44,
2026-09-20,07:45,LIGHT,46,
2026-09-20,07:46,LIGHT,46,
2026-09-20,07:47,LIGHT,48,
2026-09-20,07:48,LIGHT,55,
2026-09-20,07:49,LIGHT,47,
2026-09-20,07:50,LIGHT,47,
2026-09-20,07:51,LIGHT,46,
2026-09-20,07:52,LIGHT,53,
2026-09-20,07:53,LIGHT,47,
2026-09-20,07:54,LIGHT,44,
2026-09-20,07:55,LIGHT,43,
2026-09-20,07:56,LIGHT,41,
2026-09-20,07:57,LIGHT,44,
2026-09-20,07:58,LIGHT,41,
2026-09-20,07:59,LIGHT,41,
2026-09-20,08:00,LIGHT,47,
2026-09-20,08:01,LIGHT,46,
2026-09-20,08:02,LIGHT,44,
2026-09-20,08:03,LIGHT,43,
2026-09-20,08:04,LIGHT,42,
2026-09-20,08:05,LIGHT,45,
2026-09-20,08:06,LIGHT,45,
2026-09-20,08:07,LIGHT,45,
2026-09-20,08:08,LIGHT,45,
2026-09-20,08:09,LIGHT,45,
2026-09-20,08:10,LIGHT,47,
2026-09-20,08:11,LIGHT,46,
2026-09-20,08:12,LIGHT,46,
2026-09-20,08:13,LIGHT,45,
2026-09-20,08:14,LIGHT,44,
2026-09-20,08:15,LIGHT,45,
2026-09-20,08:16,WAKE,44,
2026-09-20,08:17,LIGHT,44,
2026-09-20,08:18,LIGHT,46,
2026-09-20,08:19,LIGHT,43,
2026-09-20,08:20,LIGHT,45,
2026-09-20,08:21,LIGHT,44,
2026-09-20,08:22,LIGHT,44,
2026-09-20,08:23,LIGHT,44,
2026-09-20,08:24,LIGHT,45,
2026-09-20,08:25,WAKE,48,
2026-09-20,08:26,LIGHT,45,
2026-09-20,08:27,LIGHT,41,
2026-09-20,08:28,LIGHT,,
2026-09-20,08:29,LIGHT,,
2026-09-20,08:30,LIGHT,40,
2026-09-20,08:31,WAKE,41,
2026-09-20,08:32,LIGHT,40,
2026-09-20,08:33,WAKE,41,
2026-09-20,08:34,LIGHT,41,
2026-09-20,08:35,LIGHT,42,
2026-09-20,08:36,LIGHT,41,
2026-09-20,08:37,WAKE,41,
2026-09-20,08:38,LIGHT,43,
2026-09-20,08:39,LIGHT,43,
2026-09-20,08:40,WAKE,42,
2026-09-20,08:41,WAKE,42,
2026-09-20,08:42,WAKE,42,
2026-09-20,08:43,WAKE,42,
2026-09-20,08:44,WAKE,42,
2026-09-20,08:45,LIGHT,42,
2026-09-20,08:46,LIGHT,42,
2026-09-20,08:47,LIGHT,42,
2026-09-20,08:48,LIGHT,43,
2026-09-20,08:49,LIGHT,41,
2026-09-20,08:50,LIGHT,41,
2026-09-20,08:51,LIGHT,41,
2026-09-20,08:52,LIGHT,41,
2026-09-20,08:53,LIGHT,41,
2026-09-20,08:54,LIGHT,41,
2026-09-20,08:55,LIGHT,41,
2026-09-20,08:56,LIGHT,41,
2026-09-20,08:57,LIGHT,41,
2026-09-20,08:58,LIGHT,42,
2026-09-20,08:59,LIGHT,41,
2026-09-20,09:00,LIGHT,41,
2026-09-20,09:01,LIGHT,42,
2026-09-20,09:02,LIGHT,43,
2026-09-20,09:03,LIGHT,43,
2026-09-20,09:04,LIGHT,42,
2026-09-20,09:05,LIGHT,42,
2026-09-20,09:06,LIGHT,42,
2026-09-20,09:07,LIGHT,42,
2026-09-20,09:08,LIGHT,42,
2026-09-20,09:09,LIGHT,42,
2026-09-20,09:10,LIGHT,43,
2026-09-20,09:11,LIGHT,43,
2026-09-20,09:12,LIGHT,43,
2026-09-20,09:13,LIGHT,43,
2026-09-20,09:14,LIGHT,43,
2026-09-20,09:15,LIGHT,43,
2026-09-20,09:16,LIGHT,53,
2026-09-20,09:17,LIGHT,62,
2026-09-20,09:18,LIGHT,51,
2026-09-20,09:19,LIGHT,45,
2026-09-20,09:20,LIGHT,44,
2026-09-20,09:21,LIGHT,44,
2026-09-20,09:22,LIGHT,42,
2026-09-20,09:23,LIGHT,42,
2026-09-20,09:24,LIGHT,40,
2026-09-20,09:25,LIGHT,40,
2026-09-20,09:26,LIGHT,40,
2026-09-20,09:27,WAKE,50,
2026-09-20,09:28,LIGHT,44,
2026-09-20,09:29,WAKE,42,
2026-09-20,09:30,WAKE,44,
2026-09-20,09:31,WAKE,48,
2026-09-20,09:32,LIGHT,52,
2026-09-20,09:33,LIGHT,44,
2026-09-20,09:34,LIGHT,40,
2026-09-20,09:35,LIGHT,,
2026-09-20,09:36,LIGHT,,
2026-09-20,09:37,LIGHT,40,
2026-09-20,09:38,LIGHT,42,
2026-09-20,09:39,LIGHT,43,
2026-09-20,09:40,LIGHT,45,
2026-09-20,09:41,LIGHT,53,
2026-09-20,09:42,LIGHT,45,
2026-09-20,09:43,LIGHT,45,
2026-09-20,09:44,LIGHT,40,
2026-09-20,09:45,LIGHT,40,
2026-09-20,09:46,REM,40,
2026-09-20,09:47,REM,43,
2026-09-20,09:48,REM,40,
2026-09-20,09:49,REM,40,
2026-09-20,09:50,REM,40,
2026-09-20,09:51,REM,40,
2026-09-20,09:52,LIGHT,42,
2026-09-20,09:53,LIGHT,42,
2026-09-20,09:54,LIGHT,47,
2026-09-20,09:55,WAKE,42,
2026-09-20,09:56,LIGHT,44,
2026-09-20,09:57,LIGHT,41,
2026-09-20,09:58,LIGHT,42,
2026-09-20,09:59,LIGHT,44,
2026-09-20,10:00,LIGHT,44,
2026-09-20,10:01,LIGHT,44,
2026-09-20,10:02,LIGHT,48,
2026-09-20,10:03,LIGHT,44,
2026-09-20,10:04,LIGHT,42,
2026-09-20,10:05,LIGHT,42,
2026-09-20,10:06,LIGHT,42,
2026-09-20,10:07,LIGHT,42,
2026-09-20,10:08,LIGHT,43,
2026-09-20,10:09,LIGHT,45,
2026-09-20,10:10,LIGHT,43,
2026-09-20,10:11,LIGHT,42,
2026-09-20,10:12,LIGHT,42,
2026-09-20,10:13,LIGHT,42,
2026-09-20,10:14,LIGHT,42,
2026-09-20,10:15,LIGHT,42,
2026-09-20,10:16,LIGHT,42,
2026-09-20,10:17,LIGHT,42,
2026-09-20,10:18,LIGHT,42,
2026-09-20,10:19,LIGHT,42,
2026-09-20,10:20,LIGHT,42,
2026-09-20,10:21,LIGHT,43,
2026-09-20,10:22,LIGHT,43,
2026-09-20,10:23,LIGHT,43,
2026-09-20,10:24,LIGHT,43,
2026-09-20,10:25,LIGHT,43,
2026-09-20,10:26,LIGHT,44,
2026-09-20,10:27,LIGHT,45,
2026-09-20,10:28,LIGHT,44,
2026-09-20,10:29,LIGHT,44,
2026-09-20,10:30,LIGHT,43,
2026-09-20,10:31,LIGHT,48,
2026-09-20,10:32,LIGHT,42,
2026-09-20,10:33,LIGHT,41,
2026-09-20,10:34,LIGHT,41,
2026-09-20,10:35,LIGHT,42,
2026-09-20,10:36,LIGHT,43,
2026-09-20,10:37,LIGHT,42,
2026-09-20,10:38,LIGHT,42,
2026-09-20,10:39,LIGHT,49,
2026-09-20,10:40,LIGHT,42,
2026-09-20,10:41,LIGHT,,
2026-09-20,10:42,LIGHT,40,
2026-09-20,10:43,LIGHT,41,
2026-09-20,10:44,LIGHT,43,
2026-09-20,10:45,LIGHT,43,
2026-09-20,10:46,LIGHT,48,
2026-09-20,10:47,LIGHT,42,
2026-09-20,10:48,LIGHT,42,
2026-09-20,10:49,LIGHT,42,
2026-09-20,10:50,LIGHT,43,
2026-09-20,10:51,LIGHT,48,
2026-09-20,10:52,LIGHT,44,
2026-09-20,10:53,LIGHT,44,
2026-09-20,10:54,LIGHT,43,
2026-09-20,10:55,LIGHT,43,
2026-09-20,10:56,LIGHT,48,
2026-09-20,10:57,LIGHT,46,
2026-09-20,10:58,LIGHT,47,
2026-09-20,10:59,LIGHT,42,
2026-09-20,11:00,LIGHT,42,
2026-09-20,11:01,LIGHT,42,
2026-09-20,11:02,LIGHT,42,
2026-09-20,11:03,LIGHT,42,
2026-09-20,11:04,LIGHT,44,
2026-09-20,11:05,LIGHT,42,
2026-09-20,11:06,LIGHT,42,
2026-09-20,11:07,LIGHT,41,
2026-09-20,11:08,LIGHT,41,
2026-09-20,11:09,LIGHT,42,
2026-09-20,11:10,LIGHT,48,
2026-09-20,11:11,LIGHT,42,
2026-09-20,11:12,LIGHT,43,
2026-09-20,11:13,LIGHT,40,
2026-09-20,11:14,LIGHT,41,
2026-09-20,11:15,LIGHT,43,
2026-09-20,11:16,LIGHT,48,
2026-09-20,11:17,LIGHT,42,
2026-09-20,11:18,LIGHT,44,
2026-09-20,11:19,LIGHT,44,
2026-09-20,11:20,LIGHT,42,
2026-09-20,11:21,LIGHT,42,
2026-09-20,11:22,LIGHT,43,
2026-09-20,11:23,LIGHT,50,
2026-09-20,11:24,LIGHT,44,
2026-09-20,11:25,LIGHT,48,
2026-09-20,11:26,LIGHT,43,
2026-09-20,11:27,LIGHT,43,
2026-09-20,11:28,LIGHT,44,
2026-09-20,11:29,LIGHT,44,
2026-09-20,11:30,LIGHT,44,
2026-09-20,11:31,LIGHT,44,
2026-09-20,11:32,LIGHT,44,
2026-09-20,11:33,LIGHT,43,
2026-09-20,11:34,LIGHT,44,
2026-09-20,11:35,LIGHT,44,
2026-09-20,11:36,LIGHT,44,
2026-09-20,11:37,LIGHT,44,
2026-09-20,11:38,LIGHT,46,
2026-09-20,11:39,LIGHT,42,
2026-09-20,11:40,LIGHT,41,
2026-09-20,11:41,LIGHT,41,
2026-09-20,11:42,LIGHT,48,
2026-09-20,11:43,LIGHT,42,
2026-09-20,11:44,LIGHT,42,
2026-09-20,11:45,LIGHT,42,
2026-09-20,11:46,LIGHT,42,
2026-09-20,11:47,LIGHT,42,
2026-09-20,11:48,LIGHT,42,
2026-09-20,11:49,LIGHT,43,
2026-09-20,11:50,LIGHT,43,
2026-09-20,11:51,LIGHT,43,
2026-09-20,11:52,LIGHT,43,
2026-09-20,11:53,LIGHT,43,
2026-09-21,03:21,LIGHT,54,
2026-09-21,03:22,LIGHT,51,
2026-09-21,03:23,LIGHT,52,
2026-09-21,03:24,LIGHT,57,
2026-09-21,03:25,LIGHT,54,
2026-09-21,03:26,LIGHT,51,
2026-09-21,03:27,LIGHT,52,
2026-09-21,03:28,LIGHT,53,
2026-09-21,03:29,LIGHT,54,
2026-09-21,03:30,LIGHT,51,
2026-09-21,03:31,LIGHT,51,
2026-09-21,03:32,DEEP,52,
2026-09-21,03:33,DEEP,52,
2026-09-21,03:34,DEEP,52,
2026-09-21,03:35,DEEP,52,
2026-09-21,03:36,DEEP,54,
2026-09-21,03:37,DEEP,55,
2026-09-21,03:38,DEEP,52,
2026-09-21,03:39,DEEP,52,
2026-09-21,03:40,DEEP,55,
2026-09-21,03:41,DEEP,52,
2026-09-21,03:42,DEEP,50,
2026-09-21,03:43,DEEP,51,
2026-09-21,03:44,DEEP,49,
2026-09-21,03:45,DEEP,49,
2026-09-21,03:46,DEEP,54,
2026-09-21,03:47,DEEP,54,
2026-09-21,03:48,DEEP,50,
2026-09-21,03:49,DEEP,50,
2026-09-21,03:50,DEEP,50,
2026-09-21,03:51,DEEP,51,
2026-09-21,03:52,DEEP,50,
2026-09-21,03:53,DEEP,50,
2026-09-21,03:54,DEEP,50,
2026-09-21,03:55,DEEP,50,
2026-09-21,03:56,DEEP,50,
2026-09-21,03:57,DEEP,50,
2026-09-21,03:58,DEEP,50,
2026-09-21,03:59,DEEP,50,
2026-09-21,04:00,DEEP,51,
2026-09-21,04:01,DEEP,51,
2026-09-21,04:02,DEEP,51,
2026-09-21,04:03,DEEP,51,
2026-09-21,04:04,DEEP,59,
2026-09-21,04:05,LIGHT,63,
2026-09-21,04:06,LIGHT,53,
2026-09-21,04:07,LIGHT,49,
2026-09-21,04:08,WAKE,49,
2026-09-21,04:09,LIGHT,49,
2026-09-21,04:10,WAKE,48,
2026-09-21,04:11,WAKE,48,
2026-09-21,04:12,LIGHT,47,
2026-09-21,04:13,LIGHT,48,
2026-09-21,04:14,LIGHT,50,
2026-09-21,04:15,REM,51,
2026-09-21,04:16,REM,50,
2026-09-21,04:17,REM,52,
2026-09-21,04:18,REM,52,
2026-09-21,04:19,REM,52,
2026-09-21,04:20,REM,54,
2026-09-21,04:21,REM,54,
2026-09-21,04:22,REM,52,
2026-09-21,04:23,REM,53,
2026-09-21,04:24,REM,53,
2026-09-21,04:25,REM,52,
2026-09-21,04:26,REM,55,
2026-09-21,04:27,REM,50,
2026-09-21,04:28,REM,47,
2026-09-21,04:29,REM,50,
2026-09-21,04:30,REM,47,
2026-09-21,04:31,REM,48,
2026-09-21,04:32,REM,48,
2026-09-21,04:33,REM,50,
2026-09-21,04:34,REM,54,
2026-09-21,04:35,REM,49,
2026-09-21,04:36,REM,49,
2026-09-21,04:37,REM,51,
2026-09-21,04:38,REM,47,
2026-09-21,04:39,REM,48,
2026-09-21,04:40,LIGHT,48,
2026-09-21,04:41,LIGHT,47,
2026-09-21,04:42,LIGHT,49,
2026-09-21,04:43,LIGHT,51,
2026-09-21,04:44,LIGHT,53,
2026-09-21,04:45,LIGHT,54,
2026-09-21,04:46,LIGHT,51,
2026-09-21,04:47,LIGHT,51,
2026-09-21,04:48,LIGHT,48,
2026-09-21,04:49,LIGHT,48,
2026-09-21,04:50,LIGHT,50,
2026-09-21,04:51,LIGHT,51,
2026-09-21,04:52,LIGHT,56,
2026-09-21,04:53,LIGHT,54,
2026-09-21,04:54,LIGHT,49,
2026-09-21,04:55,LIGHT,48,
2026-09-21,04:56,LIGHT,49,
2026-09-21,04:57,LIGHT,49,
2026-09-21,04:58,LIGHT,49,
2026-09-21,04:59,LIGHT,49,
2026-09-21,05:00,LIGHT,48,
2026-09-21,05:01,LIGHT,48,
2026-09-21,05:02,LIGHT,48,
2026-09-21,05:03,LIGHT,49,
2026-09-21,05:04,LIGHT,49,
2026-09-21,05:05,LIGHT,51,
2026-09-21,05:06,LIGHT,51,
2026-09-21,05:07,LIGHT,50,
2026-09-21,05:08,LIGHT,50,
2026-09-21,05:09,LIGHT,49,
2026-09-21,05:10,LIGHT,49,
2026-09-21,05:11,LIGHT,49,
2026-09-21,05:12,LIGHT,50,
2026-09-21,05:13,LIGHT,50,
2026-09-21,05:14,LIGHT,50,
2026-09-21,05:15,LIGHT,50,
2026-09-21,05:16,LIGHT,50,
2026-09-21,05:17,LIGHT,50,
2026-09-21,05:18,LIGHT,49,
2026-09-21,05:19,DEEP,49,
2026-09-21,05:20,DEEP,49,
2026-09-21,05:21,DEEP,49,
2026-09-21,05:22,DEEP,49,
2026-09-21,05:23,DEEP,51,
2026-09-21,05:24,DEEP,51,
2026-09-21,05:25,DEEP,51,
2026-09-21,05:26,DEEP,51,
2026-09-21,05:27,DEEP,51,
2026-09-21,05:28,DEEP,51,
2026-09-21,05:29,DEEP,50,
2026-09-21,05:30,DEEP,50,
2026-09-21,05:31,DEEP,50,
2026-09-21,05:32,DEEP,50,
2026-09-21,05:33,DEEP,50,
2026-09-21,05:34,DEEP,50,
2026-09-21,05:35,DEEP,49,
2026-09-21,05:36,DEEP,49,
2026-09-21,05:37,DEEP,49,
2026-09-21,05:38,DEEP,49,
2026-09-21,05:39,DEEP,49,
2026-09-21,05:40,DEEP,49,
2026-09-21,05:41,DEEP,50,
2026-09-21,05:42,DEEP,52,
2026-09-21,05:43,LIGHT,58,
2026-09-21,05:44,LIGHT,63,
2026-09-21,05:45,LIGHT,51,
2026-09-21,05:46,WAKE,48,
2026-09-21,05:47,LIGHT,46,
2026-09-21,05:48,LIGHT,51,
2026-09-21,05:49,LIGHT,48,
2026-09-21,05:50,LIGHT,60,
2026-09-21,05:51,LIGHT,52,
2026-09-21,05:52,LIGHT,49,
2026-09-21,05:53,LIGHT,53,
2026-09-21,05:54,REM,59,
2026-09-21,05:55,REM,63,
2026-09-21,05:56,REM,57,
2026-09-21,05:57,REM,52,
2026-09-21,05:58,REM,49,
2026-09-21,05:59,REM,49,
2026-09-21,06:00,REM,54,
2026-09-21,06:01,REM,50,
2026-09-21,06:02,REM,50,
2026-09-21,06:03,REM,57,
2026-09-21,06:04,REM,51,
2026-09-21,06:05,REM,53,
2026-09-21,06:06,LIGHT,47,
2026-09-21,06:07,LIGHT,46,
2026-09-21,06:08,LIGHT,53,
2026-09-21,06:09,WAKE,47,
2026-09-21,06:10,LIGHT,52,
2026-09-21,06:11,LIGHT,50,
2026-09-21,06:12,LIGHT,54,
2026-09-21,06:13,LIGHT,56,
2026-09-21,06:14,LIGHT,64,
2026-09-21,06:15,LIGHT,56,
2026-09-21,06:16,LIGHT,54,
2026-09-21,06:17,LIGHT,51,
2026-09-21,06:18,LIGHT,55,
2026-09-21,06:19,LIGHT,67,
2026-09-21,06:20,LIGHT,67,
2026-09-21,06:21,LIGHT,58,
2026-09-21,06:22,LIGHT,58,
2026-09-21,06:23,LIGHT,65,
2026-09-21,06:24,LIGHT,74,
2026-09-21,06:25,LIGHT,63,
2026-09-21,06:26,LIGHT,61,
2026-09-21,06:27,LIGHT,63,
2026-09-21,06:28,LIGHT,57,
2026-09-21,06:29,LIGHT,57,
2026-09-21,06:30,LIGHT,58,
2026-09-21,06:31,LIGHT,56,
2026-09-21,06:32,LIGHT,65,
2026-09-21,06:33,LIGHT,65,
2026-09-21,06:34,LIGHT,70,
2026-09-21,06:35,LIGHT,57,
2026-09-21,06:36,LIGHT,57,
2026-09-21,06:37,LIGHT,55,
2026-09-21,06:38,DEEP,57,
2026-09-21,06:39,DEEP,67,
2026-09-21,06:40,DEEP,77,
2026-09-21,06:41,DEEP,68,
2026-09-21,06:42,DEEP,68,
2026-09-21,06:43,DEEP,65,
2026-09-21,06:44,DEEP,65,
2026-09-21,06:45,DEEP,70,
2026-09-21,06:46,DEEP,73,
2026-09-21,06:47,DEEP,70,
2026-09-21,06:48,LIGHT,64,
2026-09-21,06:49,LIGHT,64,
2026-09-21,06:50,LIGHT,64,
2026-09-21,06:51,WAKE,66,
2026-09-21,06:52,LIGHT,67,
2026-09-21,06:53,LIGHT,66,
2026-09-21,06:54,LIGHT,70,
2026-09-21,06:55,LIGHT,68,
2026-09-21,06:56,LIGHT,63,
2026-09-21,06:57,LIGHT,67,
2026-09-21,06:58,LIGHT,67,
2026-09-21,06:59,LIGHT,67,
2026-09-21,07:00,LIGHT,67,
2026-09-21,07:01,LIGHT,66,
2026-09-21,07:02,LIGHT,71,
2026-09-21,07:03,LIGHT,69,
2026-09-21,07:04,REM,67,
2026-09-21,07:05,REM,68,
2026-09-21,07:06,REM,76,
2026-09-21,07:07,LIGHT,78,
2026-09-21,07:08,LIGHT,70,
2026-09-21,07:09,LIGHT,67,
2026-09-21,07:10,LIGHT,66,
2026-09-21,07:11,LIGHT,69,
2026-09-21,07:12,LIGHT,69,
2026-09-21,07:13,LIGHT,63,
2026-09-21,07:14,LIGHT,63,
2026-09-21,07:15,LIGHT,69,
2026-09-21,07:16,LIGHT,79,
2026-09-21,07:17,LIGHT,87,
2026-09-21,07:18,LIGHT,83,
2026-09-21,07:19,LIGHT,84,
2026-09-21,07:20,LIGHT,80,
2026-09-21,07:21,LIGHT,79,
2026-09-21,07:22,LIGHT,82,
2026-09-21,07:23,LIGHT,85,
2026-09-21,07:24,LIGHT,88,
2026-09-21,07:25,LIGHT,88,
2026-09-21,07:26,LIGHT,82,
2026-09-21,07:27,LIGHT,82,
2026-09-21,07:28,LIGHT,76,
2026-09-21,07:29,LIGHT,78,
2026-09-21,07:30,LIGHT,82,
2026-09-21,07:31,LIGHT,89,
2026-09-21,07:32,LIGHT,89,
2026-09-21,07:33,LIGHT,86,
2026-09-21,07:34,LIGHT,83,
2026-09-21,07:35,LIGHT,77,
2026-09-21,07:36,LIGHT,71,
2026-09-21,07:37,LIGHT,68,
2026-09-21,07:38,LIGHT,70,
2026-09-21,07:39,LIGHT,70,
2026-09-21,07:40,LIGHT,76,
2026-09-21,07:41,LIGHT,72,
2026-09-21,07:42,LIGHT,72,
2026-09-21,07:43,LIGHT,71,
2026-09-21,07:44,LIGHT,68,
2026-09-21,07:45,REM,68,
2026-09-21,07:46,REM,67,
2026-09-21,07:47,REM,69,
2026-09-21,07:48,REM,66,
2026-09-21,07:49,REM,68,
2026-09-21,07:50,REM,69,
2026-09-21,07:51,REM,72,
2026-09-21,07:52,REM,70,
2026-09-21,07:53,REM,71,
2026-09-21,07:54,REM,73,
2026-09-21,07:55,REM,74,
2026-09-21,07:56,REM,68,
2026-09-21,07:57,REM,75,
2026-09-21,07:58,REM,79,
2026-09-21,07:59,REM,80,
2026-09-21,08:00,REM,80,
2026-09-21,08:01,REM,82,
2026-09-21,08:02,REM,85,
2026-09-21,08:03,REM,84,
2026-09-21,08:04,REM,84,
2026-09-21,08:05,REM,89,
2026-09-21,08:06,REM,90,
2026-09-21,08:07,REM,87,
2026-09-21,08:08,REM,89,
2026-09-21,08:09,REM,94,
2026-09-21,08:10,REM,101,
2026-09-21,08:11,REM,94,
2026-09-21,08:12,REM,88,
2026-09-21,08:13,REM,79,
2026-09-21,08:14,REM,95,
2026-09-21,08:15,REM,93,
2026-09-21,08:16,REM,93,
2026-09-21,08:17,REM,95,
2026-09-21,08:18,REM,92,
2026-09-21,08:19,REM,112,
2026-09-21,08:20,REM,143,
2026-09-21,08:21,REM,155,
2026-09-21,08:22,REM,159,
2026-09-21,08:23,REM,161,
2026-09-21,08:24,REM,163,
2026-09-21,08:25,REM,164,
2026-09-21,08:26,REM,162,
2026-09-21,08:27,REM,169,
2026-09-21,08:28,REM,178,
2026-09-21,08:29,REM,181,
2026-09-21,08:30,REM,183,
2026-09-21,08:31,REM,184,
2026-09-21,08:32,LIGHT,184,
2026-09-21,08:33,LIGHT,184,
2026-09-21,08:34,LIGHT,183,
2026-09-21,08:35,LIGHT,176,
2026-09-21,08:36,LIGHT,155,
2026-09-21,08:37,LIGHT,144,
2026-09-21,08:38,LIGHT,147,
2026-09-21,08:39,LIGHT,159,
2026-09-21,08:40,LIGHT,136,
2026-09-21,08:41,LIGHT,114,
2026-09-21,08:42,LIGHT,118,
2026-09-21,08:43,LIGHT,123,
2026-09-21,08:44,LIGHT,124,
2026-09-21,08:45,LIGHT,125,
2026-09-21,08:46,LIGHT,123,
2026-09-21,08:47,LIGHT,126,
2026-09-21,08:48,LIGHT,122,
2026-09-21,08:49,LIGHT,120,
2026-09-21,08:50,LIGHT,122,
2026-09-21,08:51,LIGHT,124,
2026-09-21,08:52,LIGHT,113,
2026-09-21,08:53,LIGHT,109,
2026-09-21,08:54,LIGHT,105,
2026-09-21,08:55,LIGHT,105,
2026-09-21,08:56,LIGHT,106,
2026-09-21,08:57,LIGHT,107,
2026-09-21,08:58,LIGHT,101,
2026-09-21,08:59,LIGHT,99,
2026-09-21,09:00,DEEP,98,
2026-09-21,09:01,DEEP,100,
2026-09-21,09:02,DEEP,102,
2026-09-21,09:03,DEEP,105,
2026-09-21,09:04,DEEP,109,
2026-09-21,09:05,DEEP,101,
2026-09-21,09:06,DEEP,99,
2026-09-21,09:07,DEEP,87,
2026-09-21,09:08,DEEP,84,
2026-09-21,09:09,DEEP,90,
2026-09-21,09:10,DEEP,90,
2026-09-21,09:11,DEEP,83,
2026-09-21,09:12,DEEP,77,
2026-09-21,09:13,DEEP,76,
2026-09-21,09:14,DEEP,78,
2026-09-21,09:15,LIGHT,81,
2026-09-21,09:16,LIGHT,81,
2026-09-21,09:17,LIGHT,78,
2026-09-21,09:18,WAKE,80,
2026-09-21,09:19,LIGHT,90,
2026-09-21,09:20,LIGHT,95,
2026-09-21,09:21,LIGHT,97,
2026-09-21,09:22,LIGHT,94,
2026-09-21,09:23,LIGHT,86,
2026-09-21,09:24,LIGHT,87,
2026-09-21,09:25,LIGHT,79,
2026-09-21,09:26,LIGHT,79,
2026-09-21,09:27,LIGHT,77,
2026-09-21,09:28,LIGHT,79,
2026-09-21,09:29,LIGHT,81,
2026-09-21,09:30,LIGHT,81,
2026-09-21,09:31,LIGHT,82,
2026-09-21,09:32,WAKE,84,
2026-09-21,09:33,WAKE,81,
2026-09-21,09:34,LIGHT,78,
2026-09-21,09:35,LIGHT,73,
2026-09-21,09:36,LIGHT,72,
2026-09-21,09:37,LIGHT,77,
2026-09-21,09:38,LIGHT,73,
2026-09-21,09:39,LIGHT,73,
2026-09-21,09:40,LIGHT,71,
2026-09-21,09:41,LIGHT,70,
2026-09-21,09:42,WAKE,68,
2026-09-21,09:43,WAKE,71,
2026-09-21,09:44,LIGHT,70,
2026-09-21,09:45,LIGHT,68,
2026-09-21,09:46,LIGHT,68,
2026-09-21,09:47,LIGHT,68,
2026-09-21,09:48,LIGHT,73,
2026-09-21,09:49,LIGHT,70,
2026-09-21,09:50,LIGHT,72,
2026-09-21,09:51,LIGHT,74,
2026-09-21,09:52,LIGHT,71,
2026-09-21,09:53,LIGHT,74,
2026-09-21,09:54,LIGHT,75,
2026-09-21,09:55,LIGHT,76,
2026-09-21,09:56,LIGHT,72,
2026-09-21,09:57,LIGHT,69,
2026-09-21,09:58,LIGHT,74,
2026-09-21,09:59,LIGHT,68,
2026-09-21,10:00,LIGHT,68,
2026-09-21,10:01,LIGHT,68,
2026-09-21,10:02,LIGHT,66,
2026-09-21,10:03,LIGHT,68,
2026-09-21,10:04,LIGHT,70,
2026-09-21,10:05,LIGHT,72,
2026-09-21,10:06,LIGHT,72,
2026-09-21,10:07,LIGHT,74,
2026-09-21,10:08,LIGHT,74,
2026-09-21,10:09,LIGHT,73,
2026-09-21,10:10,LIGHT,69,
2026-09-21,10:11,LIGHT,71,
2026-09-21,10:12,LIGHT,71,
2026-09-21,10:13,LIGHT,72,
2026-09-21,10:14,LIGHT,75,
2026-09-21,10:15,LIGHT,71,
2026-09-21,10:16,LIGHT,73,
2026-09-21,10:17,LIGHT,73,
2026-09-21,10:18,LIGHT,73,
2026-09-21,10:19,LIGHT,69,
2026-09-21,10:20,LIGHT,69,
2026-09-21,10:21,LIGHT,71,
2026-09-21,10:22,LIGHT,73,
2026-09-21,10:23,LIGHT,73,
2026-09-21,10:24,LIGHT,75,
2026-09-21,10:25,LIGHT,73,
2026-09-21,10:26,LIGHT,77,
2026-09-21,10:27,LIGHT,79,
2026-09-21,10:28,LIGHT,80,
2026-09-21,10:29,LIGHT,85,
2026-09-21,10:30,LIGHT,96,
2026-09-21,10:31,LIGHT,91,
2026-09-21,10:32,LIGHT,76,
2026-09-21,10:33,LIGHT,70,
2026-09-21,10:34,LIGHT,78,
2026-09-21,10:35,LIGHT,75,
2026-09-21,10:36,LIGHT,75,
2026-09-21,10:37,REM,82,
2026-09-21,10:38,REM,97,
2026-09-21,10:39,REM,94,
2026-09-21,10:40,REM,97,
2026-09-21,10:41,REM,92,
2026-09-21,10:42,REM,93,
2026-09-21,10:43,REM,95,
2026-09-21,10:44,REM,87,
2026-09-21,10:45,REM,73,
2026-09-21,10:46,REM,78,
2026-09-21,10:47,REM,72,
2026-09-21,10:48,REM,77,
2026-09-21,10:49,REM,75,
2026-09-21,10:50,REM,76,
2026-09-21,10:51,REM,79,
2026-09-21,10:52,REM,73,
2026-09-21,10:53,REM,69,
2026-09-21,10:54,REM,69,
2026-09-21,10:55,LIGHT,73,
2026-09-21,10:56,LIGHT,76,
2026-09-21,10:57,LIGHT,71,
2026-09-21,10:58,WAKE,72,
2026-09-21,10:59,WAKE,72,
2026-09-21,11:00,LIGHT,69,
2026-09-21,11:01,LIGHT,69,
2026-09-21,11:02,LIGHT,67,
2026-09-21,11:03,LIGHT,72,
2026-09-21,11:04,REM,71,
2026-09-21,11:05,REM,73,
2026-09-21,11:06,REM,69,
2026-09-21,11:07,REM,67,
2026-09-21,11:08,REM,69,
2026-09-21,11:09,REM,70,
2026-09-21,11:10,REM,74,
2026-09-21,11:11,REM,71,
2026-09-21,11:12,REM,71,
2026-09-21,11:13,REM,75,
2026-09-21,11:14,REM,75,
2026-09-21,11:15,REM,73,
2026-09-21,11:16,REM,74,
2026-09-21,11:17,REM,75,
2026-09-21,11:18,REM,75,
2026-09-21,11:19,REM,75,
2026-09-21,11:20,REM,72,
2026-09-21,11:21,REM,75,
2026-09-21,11:22,REM,71,
2026-09-21,11:23,LIGHT,70,
2026-09-21,11:24,LIGHT,70,
2026-09-21,11:25,LIGHT,70,
2026-09-21,11:26,LIGHT,72,
2026-09-21,11:27,LIGHT,74,
2026-09-21,11:28,LIGHT,77,
2026-09-21,11:29,LIGHT,76,
2026-09-21,11:30,LIGHT,83,
2026-09-21,11:31,LIGHT,80,
2026-09-21,11:32,LIGHT,76,
2026-09-21,11:33,LIGHT,75,
2026-09-21,11:34,LIGHT,75,
2026-09-21,11:35,LIGHT,76,
2026-09-21,11:36,LIGHT,74,
2026-09-21,11:37,LIGHT,73,
2026-09-21,11:38,LIGHT,74,
2026-09-21,11:39,LIGHT,72,
2026-09-21,11:40,LIGHT,72,
2026-09-21,11:41,LIGHT,71,
2026-09-21,11:42,LIGHT,69,
2026-09-21,11:43,LIGHT,69,
2026-09-21,11:44,LIGHT,69,
2026-09-21,11:45,LIGHT,66,
2026-09-21,11:46,LIGHT,70,
2026-09-21,11:47,LIGHT,68,
2026-09-21,11:48,LIGHT,64,
2026-09-21,11:49,LIGHT,66,
2026-09-21,11:50,LIGHT,78,
2026-09-21,11:51,LIGHT,84,
2026-09-21,11:52,LIGHT,80,
2026-09-21,11:53,LIGHT,80,
2026-09-21,11:54,LIGHT,82,
2026-09-21,11:55,LIGHT,79,
2026-09-21,11:56,LIGHT,71,
2026-09-21,11:57,LIGHT,72,
2026-09-21,11:58,LIGHT,77,
2026-09-21,11:59,LIGHT,79,
2026-09-21,12:00,LIGHT,72,
2026-09-21,12:01,LIGHT,80,
2026-09-21,12:02,LIGHT,80,
2026-09-21,12:03,LIGHT,86,
2026-09-21,12:04,LIGHT,85,
2026-09-21,12:05,LIGHT,81,
2026-09-21,12:06,LIGHT,74,
2026-09-21,12:07,LIGHT,71,
2026-09-21,12:08,LIGHT,76,
2026-09-21,12:09,LIGHT,78,
2026-09-21,12:10,LIGHT,75,
2026-09-21,12:11,LIGHT,77,
2026-09-21,12:12,LIGHT,75,
2026-09-21,12:13,LIGHT,67,
2026-09-21,12:14,LIGHT,67,
2026-09-21,12:15,LIGHT,69,
2026-09-21,12:16,LIGHT,78,
2026-09-21,12:17,LIGHT,79,
2026-09-21,12:18,LIGHT,76,
2026-09-21,12:19,LIGHT,71,
2026-09-21,12:20,LIGHT,68,
2026-09-21,12:21,LIGHT,70,
2026-09-21,12:22,LIGHT,70,
2026-09-21,12:23,LIGHT,75,
2026-09-21,12:24,LIGHT,72,
2026-09-21,12:25,LIGHT,72,
2026-09-21,12:26,WAKE,69,
2026-09-21,12:27,LIGHT,71,
2026-09-21,12:28,LIGHT,69,
2026-09-21,12:29,LIGHT,66,
2026-09-21,12:30,REM,70,
2026-09-21,12:31,REM,69,
2026-09-21,12:32,REM,81,
2026-09-21,12:33,REM,88,
2026-09-21,12:34,REM,85,
2026-09-21,12:35,REM,78,
2026-09-21,12:36,REM,68,
2026-09-21,12:37,REM,65,
2026-09-21,12:38,LIGHT,64,
2026-09-21,12:39,LIGHT,75,
2026-09-21,12:40,LIGHT,82,
2026-09-21,12:41,WAKE,85,
2026-09-21,12:42,WAKE,84,
2026-09-21,12:43,LIGHT,81,
2026-09-21,12:44,LIGHT,73,
2026-09-21,12:45,LIGHT,70,
2026-09-21,12:46,LIGHT,67,
2026-09-21,12:47,LIGHT,65,
2026-09-22,00:59,LIGHT,54,
2026-09-22,01:00,LIGHT,51,
2026-09-22,01:01,LIGHT,52,
2026-09-22,01:02,LIGHT,54,
2026-09-22,01:03,LIGHT,49,
2026-09-22,01:04,LIGHT,49,
2026-09-22,01:05,LIGHT,49,
2026-09-22,01:06,LIGHT,48,
2026-09-22,01:07,DEEP,50,
2026-09-22,01:08,DEEP,48,
2026-09-22,01:09,DEEP,49,
2026-09-22,01:10,DEEP,48,
2026-09-22,01:11,DEEP,53,
2026-09-22,01:12,DEEP,58,
2026-09-22,01:13,DEEP,60,
2026-09-22,01:14,DEEP,64,
2026-09-22,01:15,DEEP,52,
2026-09-22,01:16,DEEP,53,
2026-09-22,01:17,DEEP,61,
2026-09-22,01:18,DEEP,70,
2026-09-22,01:19,DEEP,79,
2026-09-22,01:20,DEEP,68,
2026-09-22,01:21,DEEP,50,
2026-09-22,01:22,DEEP,44,
2026-09-22,01:23,DEEP,44,
2026-09-22,01:24,DEEP,43,
2026-09-22,01:25,DEEP,43,
2026-09-22,01:26,DEEP,42,
2026-09-22,01:27,DEEP,45,
2026-09-22,01:28,DEEP,57,
2026-09-22,01:29,DEEP,64,
2026-09-22,01:30,DEEP,74,
2026-09-22,01:31,DEEP,81,
2026-09-22,01:32,DEEP,84,
2026-09-22,01:33,DEEP,64,
2026-09-22,01:34,DEEP,50,
2026-09-22,01:35,DEEP,46,
2026-09-22,01:36,DEEP,45,
2026-09-22,01:37,DEEP,45,
2026-09-22,01:38,DEEP,45,
2026-09-22,01:39,DEEP,45,
2026-09-22,01:40,LIGHT,47,
2026-09-22,01:41,LIGHT,44,
2026-09-22,01:42,LIGHT,45,
2026-09-22,01:43,WAKE,46,
2026-09-22,01:44,LIGHT,46,
2026-09-22,01:45,LIGHT,45,
2026-09-22,01:46,LIGHT,45,
2026-09-22,01:47,LIGHT,45,
2026-09-22,01:48,LIGHT,45,
2026-09-22,01:49,LIGHT,45,
2026-09-22,01:50,LIGHT,47,
2026-09-22,01:51,DEEP,43,
2026-09-22,01:52,DEEP,43,
2026-09-22,01:53,DEEP,43,
2026-09-22,01:54,DEEP,43,
2026-09-22,01:55,DEEP,43,
2026-09-22,01:56,DEEP,44,
2026-09-22,01:57,LIGHT,44,
2026-09-22,01:58,LIGHT,44,
2026-09-22,01:59,LIGHT,46,
2026-09-22,02:00,LIGHT,48,
2026-09-22,02:01,LIGHT,50,
2026-09-22,02:02,REM,46,
2026-09-22,02:03,REM,45,
2026-09-22,02:04,REM,45,
2026-09-22,02:05,REM,45,
2026-09-22,02:06,REM,47,
2026-09-22,02:07,REM,47,
2026-09-22,02:08,REM,47,
2026-09-22,02:09,REM,47,
2026-09-22,02:10,REM,51,
2026-09-22,02:11,REM,45,
2026-09-22,02:12,REM,45,
2026-09-22,02:13,REM,45,
2026-09-22,02:14,REM,45,
2026-09-22,02:15,REM,45,
2026-09-22,02:16,LIGHT,46,
2026-09-22,02:17,LIGHT,46,
2026-09-22,02:18,LIGHT,46,
2026-09-22,02:19,LIGHT,46,
2026-09-22,02:20,LIGHT,47,
2026-09-22,02:21,LIGHT,47,
2026-09-22,02:22,LIGHT,47,
2026-09-22,02:23,LIGHT,47,
2026-09-22,02:24,LIGHT,47,
2026-09-22,02:25,LIGHT,47,
2026-09-22,02:26,LIGHT,46,
2026-09-22,02:27,LIGHT,46,
2026-09-22,02:28,LIGHT,46,
2026-09-22,02:29,LIGHT,46,
2026-09-22,02:30,LIGHT,48,
2026-09-22,02:31,LIGHT,48,
2026-09-22,02:32,LIGHT,47,
2026-09-22,02:33,LIGHT,47,
2026-09-22,02:34,LIGHT,46,
2026-09-22,02:35,LIGHT,46,
2026-09-22,02:36,LIGHT,46,
2026-09-22,02:37,LIGHT,46,
2026-09-22,02:38,LIGHT,46,
2026-09-22,02:39,LIGHT,46,
2026-09-22,02:40,LIGHT,46,
2026-09-22,02:41,LIGHT,46,
2026-09-22,02:42,LIGHT,46,
2026-09-22,02:43,LIGHT,46,
2026-09-22,02:44,LIGHT,46,
2026-09-22,02:45,LIGHT,46,
2026-09-22,02:46,LIGHT,45,
2026-09-22,02:47,LIGHT,52,
2026-09-22,02:48,LIGHT,51,
2026-09-22,02:49,LIGHT,45,
2026-09-22,02:50,LIGHT,45,
2026-09-22,02:51,LIGHT,50,
2026-09-22,02:52,LIGHT,44,
2026-09-22,02:53,LIGHT,44,
2026-09-22,02:54,LIGHT,44,
2026-09-22,02:55,LIGHT,44,
2026-09-22,02:56,LIGHT,49,
2026-09-22,02:57,LIGHT,48,
2026-09-22,02:58,DEEP,49,
2026-09-22,02:59,DEEP,48,
2026-09-22,03:00,DEEP,45,
2026-09-22,03:01,DEEP,45,
2026-09-22,03:02,DEEP,47,
2026-09-22,03:03,DEEP,47,
2026-09-22,03:04,DEEP,49,
2026-09-22,03:05,DEEP,49,
2026-09-22,03:06,DEEP,50,
2026-09-22,03:07,DEEP,51,
2026-09-22,03:08,DEEP,48,
2026-09-22,03:09,DEEP,48,
2026-09-22,03:10,DEEP,49,
2026-09-22,03:11,DEEP,55,
2026-09-22,03:12,DEEP,49,
2026-09-22,03:13,LIGHT,46,
2026-09-22,03:14,LIGHT,46,
2026-09-22,03:15,LIGHT,47,
2026-09-22,03:16,WAKE,47,
2026-09-22,03:17,WAKE,48,
2026-09-22,03:18,WAKE,48,
2026-09-22,03:19,WAKE,48,
2026-09-22,03:20,LIGHT,48,
2026-09-22,03:21,LIGHT,48,
2026-09-22,03:22,LIGHT,48,
2026-09-22,03:23,LIGHT,48,
2026-09-22,03:24,LIGHT,49,
2026-09-22,03:25,LIGHT,49,
2026-09-22,03:26,LIGHT,54,
2026-09-22,03:27,REM,45,
2026-09-22,03:28,REM,43,
2026-09-22,03:29,REM,45,
2026-09-22,03:30,REM,44,
2026-09-22,03:31,REM,44,
2026-09-22,03:32,REM,44,
2026-09-22,03:33,REM,45,
2026-09-22,03:34,REM,47,
2026-09-22,03:35,REM,47,
2026-09-22,03:36,REM,47,
2026-09-22,03:37,REM,46,
2026-09-22,03:38,REM,46,
2026-09-22,03:39,REM,46,
2026-09-22,03:40,REM,47,
2026-09-22,03:41,REM,57,
2026-09-22,03:42,LIGHT,58,
2026-09-22,03:43,LIGHT,48,
2026-09-22,03:44,LIGHT,45,
2026-09-22,03:45,LIGHT,45,
2026-09-22,03:46,LIGHT,44,
2026-09-22,03:47,LIGHT,45,
2026-09-22,03:48,LIGHT,45,
2026-09-22,03:49,LIGHT,45,
2026-09-22,03:50,LIGHT,46,
2026-09-22,03:51,LIGHT,47,
2026-09-22,03:52,LIGHT,46,
2026-09-22,03:53,LIGHT,48,
2026-09-22,03:54,LIGHT,48,
2026-09-22,03:55,LIGHT,49,
2026-09-22,03:56,LIGHT,46,
2026-09-22,03:57,LIGHT,48,
2026-09-22,03:58,LIGHT,48,
2026-09-22,03:59,LIGHT,49,
2026-09-22,04:00,LIGHT,48,
2026-09-22,04:01,LIGHT,50,
2026-09-22,04:02,LIGHT,54,
2026-09-22,04:03,LIGHT,53,
2026-09-22,04:04,LIGHT,52,
2026-09-22,04:05,LIGHT,49,
2026-09-22,04:06,LIGHT,47,
2026-09-22,04:07,LIGHT,47,
2026-09-22,04:08,LIGHT,47,
2026-09-22,04:09,LIGHT,47,
2026-09-22,04:10,LIGHT,47,
2026-09-22,04:11,LIGHT,47,
2026-09-22,04:12,LIGHT,47,
2026-09-22,04:13,REM,47,
2026-09-22,04:14,REM,47,
2026-09-22,04:15,REM,46,
2026-09-22,04:16,REM,48,
2026-09-22,04:17,REM,48,
2026-09-22,04:18,REM,47,
2026-09-22,04:19,REM,47,
2026-09-22,04:20,REM,47,
2026-09-22,04:21,REM,47,
2026-09-22,04:22,REM,47,
2026-09-22,04:23,REM,47,
2026-09-22,04:24,REM,47,
2026-09-22,04:25,REM,47,
2026-09-22,04:26,REM,47,
2026-09-22,04:27,REM,47,
2026-09-22,04:28,REM,46,
2026-09-22,04:29,REM,46,
2026-09-22,04:30,REM,56,
2026-09-22,04:31,REM,63,
2026-09-22,04:32,REM,49,
2026-09-22,04:33,REM,46,
2026-09-22,04:34,REM,46,
2026-09-22,04:35,REM,45,
2026-09-22,04:36,REM,45,
2026-09-22,04:37,REM,45,
2026-09-22,04:38,REM,45,
2026-09-22,04:39,REM,45,
2026-09-22,04:40,REM,45,
2026-09-22,04:41,REM,45,
2026-09-22,04:42,LIGHT,45,
2026-09-22,04:43,LIGHT,45,
2026-09-22,04:44,LIGHT,45,
2026-09-22,04:45,LIGHT,45,
2026-09-22,04:46,LIGHT,46,
2026-09-22,04:47,LIGHT,46,
2026-09-22,04:48,LIGHT,46,
2026-09-22,04:49,LIGHT,46,
2026-09-22,04:50,LIGHT,45,
2026-09-22,04:51,LIGHT,45,
2026-09-22,04:52,LIGHT,45,
2026-09-22,04:53,WAKE,45,
2026-09-22,04:54,WAKE,45,
2026-09-22,04:55,LIGHT,45,
2026-09-22,04:56,LIGHT,45,
2026-09-22,04:57,LIGHT,45,
2026-09-22,04:58,LIGHT,45,
2026-09-22,04:59,LIGHT,45,
2026-09-22,05:00,LIGHT,45,
2026-09-22,05:01,LIGHT,46,
2026-09-22,05:02,LIGHT,48,
2026-09-22,05:03,LIGHT,47,
2026-09-22,05:04,LIGHT,47,
2026-09-22,05:05,LIGHT,54,
2026-09-22,05:06,LIGHT,46,
2026-09-22,05:07,LIGHT,43,
2026-09-22,05:08,LIGHT,41,
2026-09-22,05:09,LIGHT,46,
2026-09-22,05:10,LIGHT,46,
2026-09-22,05:11,LIGHT,41,
2026-09-22,05:12,LIGHT,40,
2026-09-22,05:13,LIGHT,41,
2026-09-22,05:14,LIGHT,40,
2026-09-22,05:15,LIGHT,40,
2026-09-22,05:16,LIGHT,44,
2026-09-22,05:17,LIGHT,51,
2026-09-22,05:18,LIGHT,45,
2026-09-22,05:19,LIGHT,42,
2026-09-22,05:20,LIGHT,41,
2026-09-22,05:21,LIGHT,41,
2026-09-22,05:22,LIGHT,41,
2026-09-22,05:23,LIGHT,41,
2026-09-22,05:24,LIGHT,42,
2026-09-22,05:25,LIGHT,42,
2026-09-22,05:26,LIGHT,49,
2026-09-22,05:27,LIGHT,43,
2026-09-22,05:28,DEEP,42,
2026-09-22,05:29,DEEP,42,
2026-09-22,05:30,DEEP,43,
2026-09-22,05:31,DEEP,43,
2026-09-22,05:32,DEEP,43,
2026-09-22,05:33,DEEP,43,
2026-09-22,05:34,DEEP,43,
2026-09-22,05:35,DEEP,43,
2026-09-22,05:36,DEEP,44,
2026-09-22,05:37,DEEP,43,
2026-09-22,05:38,DEEP,43,
2026-09-22,05:39,DEEP,43,
2026-09-22,05:40,DEEP,43,
2026-09-22,05:41,DEEP,50,
2026-09-22,05:42,LIGHT,48,
2026-09-22,05:43,LIGHT,45,
2026-09-22,05:44,LIGHT,43,
2026-09-22,05:45,WAKE,43,
2026-09-22,05:46,LIGHT,43,
2026-09-22,05:47,LIGHT,43,
2026-09-22,05:48,LIGHT,43,
2026-09-22,05:49,LIGHT,44,
2026-09-22,05:50,LIGHT,44,
2026-09-22,05:51,WAKE,43,
2026-09-22,05:52,WAKE,45,
2026-09-22,05:53,LIGHT,62,
2026-09-22,15:27,LIGHT,53,
2026-09-22,15:28,LIGHT,52,
2026-09-22,15:29,LIGHT,52,
2026-09-22,15:30,LIGHT,51,
2026-09-22,15:31,LIGHT,56,
2026-09-22,15:32,LIGHT,75,
2026-09-22,15:33,LIGHT,78,
2026-09-22,15:34,LIGHT,76,
2026-09-22,15:35,WAKE,60,
2026-09-22,15:36,LIGHT,52,
2026-09-22,15:37,LIGHT,51,
2026-09-22,15:38,LIGHT,53,
2026-09-22,15:39,LIGHT,52,
2026-09-22,15:40,LIGHT,52,
2026-09-22,15:41,LIGHT,52,
2026-09-22,15:42,LIGHT,52,
2026-09-22,15:43,LIGHT,52,
2026-09-22,15:44,LIGHT,51,
2026-09-22,15:45,LIGHT,51,
2026-09-22,15:46,LIGHT,51,
2026-09-22,15:47,LIGHT,52,
2026-09-22,15:48,LIGHT,52,
2026-09-22,15:49,DEEP,52,
2026-09-22,15:50,DEEP,52,
2026-09-22,15:51,DEEP,51,
2026-09-22,15:52,DEEP,51,
2026-09-22,15:53,DEEP,51,
2026-09-22,15:54,DEEP,52,
2026-09-22,15:55,LIGHT,52,
2026-09-22,15:56,LIGHT,52,
2026-09-22,15:57,LIGHT,52,
2026-09-22,15:58,LIGHT,52,
2026-09-22,15:59,LIGHT,52,
2026-09-22,16:00,LIGHT,52,
2026-09-22,16:01,LIGHT,52,
2026-09-22,16:02,LIGHT,52,
2026-09-22,16:03,LIGHT,52,
2026-09-22,16:04,LIGHT,52,
2026-09-22,16:05,LIGHT,52,
2026-09-22,16:06,LIGHT,52,
2026-09-22,16:07,LIGHT,52,
2026-09-22,16:08,LIGHT,56,
2026-09-22,16:09,LIGHT,55,
2026-09-22,16:10,LIGHT,51,
2026-09-22,16:11,LIGHT,49,
2026-09-22,16:12,LIGHT,50,
2026-09-22,16:13,DEEP,50,
2026-09-22,16:14,DEEP,50,
2026-09-22,16:15,DEEP,55,
2026-09-22,16:16,LIGHT,52,
2026-09-22,16:17,LIGHT,52,
2026-09-22,16:18,LIGHT,54,
2026-09-22,16:19,LIGHT,55,
2026-09-22,16:20,LIGHT,54,
2026-09-22,16:21,LIGHT,53,
2026-09-22,16:22,LIGHT,58,
2026-09-22,16:23,LIGHT,56,
2026-09-22,16:24,REM,51,
2026-09-22,16:25,REM,50,
2026-09-22,16:26,REM,49,
2026-09-22,16:27,REM,52,
2026-09-22,16:28,REM,51,
2026-09-22,16:29,REM,53,
2026-09-22,16:30,REM,56,
2026-09-22,16:31,REM,58,
2026-09-22,16:32,REM,55,
2026-09-22,16:33,REM,55,
2026-09-22,16:34,REM,56,
2026-09-22,16:35,REM,60,
2026-09-22,16:36,REM,58,
2026-09-22,16:37,REM,56,
2026-09-22,16:38,LIGHT,56,
2026-09-22,16:39,LIGHT,53,
2026-09-22,16:40,LIGHT,53,
2026-09-22,16:41,LIGHT,55,
2026-09-22,16:42,LIGHT,55,
2026-09-23,01:32,LIGHT,44,
2026-09-23,01:33,LIGHT,54,
2026-09-23,01:34,LIGHT,56,
2026-09-23,01:35,LIGHT,54,
2026-09-23,01:36,LIGHT,53,
2026-09-23,01:37,LIGHT,46,
2026-09-23,01:38,LIGHT,45,
2026-09-23,01:39,LIGHT,46,
2026-09-23,01:40,LIGHT,44,
2026-09-23,01:41,LIGHT,45,
2026-09-23,01:42,LIGHT,45,
2026-09-23,01:43,LIGHT,45,
2026-09-23,01:44,LIGHT,45,
2026-09-23,01:45,LIGHT,45,
2026-09-23,01:46,LIGHT,45,
2026-09-23,01:47,LIGHT,45,
2026-09-23,01:48,LIGHT,46,
2026-09-23,01:49,LIGHT,46,
2026-09-23,01:50,LIGHT,48,
2026-09-23,01:51,LIGHT,48,
2026-09-23,01:52,LIGHT,50,
2026-09-23,01:53,LIGHT,51,
2026-09-23,01:54,LIGHT,53,
2026-09-23,01:55,LIGHT,55,
2026-09-23,01:56,LIGHT,57,
2026-09-23,01:57,LIGHT,62,
2026-09-23,01:58,LIGHT,66,
2026-09-23,01:59,LIGHT,69,
2026-09-23,02:00,LIGHT,70,
2026-09-23,02:01,LIGHT,69,
2026-09-23,02:02,LIGHT,67,
2026-09-23,02:03,LIGHT,66,
2026-09-23,02:04,LIGHT,65,
2026-09-23,02:05,LIGHT,64,
2026-09-23,02:06,LIGHT,64,
2026-09-23,02:07,LIGHT,64,
2026-09-23,02:08,LIGHT,64,
2026-09-23,02:09,LIGHT,66,
2026-09-23,02:10,LIGHT,67,
2026-09-23,02:11,LIGHT,68,
2026-09-23,02:12,LIGHT,69,
2026-09-23,02:13,LIGHT,69,
2026-09-23,02:14,LIGHT,67,
2026-09-23,02:15,LIGHT,56,
2026-09-23,02:16,LIGHT,47,
2026-09-23,02:17,LIGHT,43,
2026-09-23,02:18,LIGHT,45,
2026-09-23,02:19,LIGHT,47,
2026-09-23,02:20,DEEP,43,
2026-09-23,02:21,DEEP,43,
2026-09-23,02:22,DEEP,43,
2026-09-23,02:23,DEEP,43,
2026-09-23,02:24,DEEP,46,
2026-09-23,02:25,DEEP,60,
2026-09-23,02:26,DEEP,52,
2026-09-23,02:27,DEEP,46,
2026-09-23,02:28,DEEP,45,
2026-09-23,02:29,DEEP,45,
2026-09-23,02:30,DEEP,46,
2026-09-23,02:31,DEEP,48,
2026-09-23,02:32,DEEP,48,
2026-09-23,02:33,DEEP,48,
2026-09-23,02:34,DEEP,48,
2026-09-23,02:35,DEEP,47,
2026-09-23,02:36,DEEP,52,
2026-09-23,02:37,DEEP,57,
2026-09-23,02:38,DEEP,57,
2026-09-23,02:39,DEEP,57,
2026-09-23,02:40,DEEP,48,
2026-09-23,02:41,DEEP,47,
2026-09-23,02:42,DEEP,46,
2026-09-23,02:43,DEEP,45,
2026-09-23,02:44,DEEP,45,
2026-09-23,02:45,LIGHT,44,
2026-09-23,02:46,LIGHT,46,
2026-09-23,02:47,LIGHT,46,
2026-09-23,02:48,WAKE,45,
2026-09-23,02:49,WAKE,44,
2026-09-23,02:50,LIGHT,45,
2026-09-23,02:51,LIGHT,45,
2026-09-23,02:52,LIGHT,45,
2026-09-23,02:53,LIGHT,45,
2026-09-23,02:54,LIGHT,45,
2026-09-23,02:55,LIGHT,48,
2026-09-23,02:56,LIGHT,48,
2026-09-23,02:57,LIGHT,48,
2026-09-23,02:58,LIGHT,48,
2026-09-23,02:59,LIGHT,47,
2026-09-23,03:00,LIGHT,46,
2026-09-23,03:01,LIGHT,46,
2026-09-23,03:02,LIGHT,45,
2026-09-23,03:03,LIGHT,45,
2026-09-23,03:04,LIGHT,45,
2026-09-23,03:05,LIGHT,44,
2026-09-23,03:06,LIGHT,43,
2026-09-23,03:07,LIGHT,43,
2026-09-23,03:08,LIGHT,43,
2026-09-23,03:09,LIGHT,44,
2026-09-23,03:10,LIGHT,44,
2026-09-23,03:11,LIGHT,49,
2026-09-23,03:12,LIGHT,46,
2026-09-23,03:13,LIGHT,45,
2026-09-23,03:14,LIGHT,44,
2026-09-23,03:15,LIGHT,43,
2026-09-23,03:16,LIGHT,43,
2026-09-23,03:17,LIGHT,43,
2026-09-23,03:18,LIGHT,43,
2026-09-23,03:19,LIGHT,43,
2026-09-23,03:20,LIGHT,43,
2026-09-23,03:21,LIGHT,43,
2026-09-23,03:22,LIGHT,43,
2026-09-23,03:23,LIGHT,43,
2026-09-23,03:24,LIGHT,43,
2026-09-23,03:25,LIGHT,43,
2026-09-23,03:26,LIGHT,43,
2026-09-23,03:27,LIGHT,43,
2026-09-23,03:28,LIGHT,43,
2026-09-23,03:29,LIGHT,43,
2026-09-23,03:30,LIGHT,43,
2026-09-23,03:31,LIGHT,42,
2026-09-23,03:32,LIGHT,42,
2026-09-23,03:33,LIGHT,42,
2026-09-23,03:34,LIGHT,42,
2026-09-23,03:35,LIGHT,42,
2026-09-23,03:36,LIGHT,42,
2026-09-23,03:37,LIGHT,42,
2026-09-23,03:38,LIGHT,41,
2026-09-23,03:39,LIGHT,41,
2026-09-23,03:40,LIGHT,51,
2026-09-23,03:41,LIGHT,56,
2026-09-23,03:42,LIGHT,60,
2026-09-23,03:43,WAKE,62,
2026-09-23,03:44,LIGHT,59,
2026-09-23,03:45,LIGHT,58,
2026-09-23,03:46,LIGHT,55,
2026-09-23,03:47,LIGHT,55,
2026-09-23,03:48,LIGHT,49,
2026-09-23,03:49,LIGHT,54,
2026-09-23,03:50,LIGHT,53,
2026-09-23,03:51,REM,45,
2026-09-23,03:52,REM,44,
2026-09-23,03:53,REM,42,
2026-09-23,03:54,REM,42,
2026-09-23,03:55,REM,42,
2026-09-23,03:56,REM,42,
2026-09-23,03:57,REM,41,
2026-09-23,03:58,REM,40,
2026-09-23,03:59,REM,42,
2026-09-23,04:00,REM,41,
2026-09-23,04:01,REM,42,
2026-09-23,04:02,REM,43,
2026-09-23,04:03,REM,43,
2026-09-23,04:04,REM,41,
2026-09-23,04:05,REM,41,
2026-09-23,04:06,REM,41,
2026-09-23,04:07,REM,41,
2026-09-23,04:08,REM,41,
2026-09-23,04:09,REM,41,
2026-09-23,04:10,REM,46,
2026-09-23,04:11,REM,51,
2026-09-23,04:12,REM,46,
2026-09-23,04:13,REM,43,
2026-09-23,04:14,REM,43,
2026-09-23,04:15,REM,43,
2026-09-23,04:16,REM,45,
2026-09-23,04:17,REM,44,
2026-09-23,04:18,REM,43,
2026-09-23,04:19,REM,43,
2026-09-23,04:20,REM,43,
2026-09-23,04:21,REM,43,
2026-09-23,04:22,REM,43,
2026-09-23,04:23,REM,43,
2026-09-23,04:24,REM,51,
2026-09-23,04:25,REM,51,
2026-09-23,04:26,REM,45,
2026-09-23,04:27,LIGHT,42,
2026-09-23,04:28,LIGHT,42,
2026-09-23,04:29,LIGHT,42,
2026-09-23,04:30,LIGHT,42,
2026-09-23,04:31,LIGHT,42,
2026-09-23,04:32,WAKE,41,
2026-09-23,04:33,LIGHT,41,
2026-09-23,04:34,LIGHT,41,
2026-09-23,04:35,LIGHT,42,
2026-09-23,04:36,LIGHT,49,
2026-09-23,04:37,LIGHT,50,
2026-09-23,04:38,LIGHT,44,
2026-09-23,04:39,LIGHT,43,
2026-09-23,04:40,LIGHT,43,
2026-09-23,04:41,LIGHT,43,
2026-09-23,04:42,LIGHT,45,
2026-09-23,04:43,LIGHT,45,
2026-09-23,04:44,LIGHT,44,
2026-09-23,04:45,LIGHT,44,
2026-09-23,04:46,DEEP,44,
2026-09-23,04:47,DEEP,46,
2026-09-23,04:48,DEEP,46,
2026-09-23,04:49,DEEP,44,
2026-09-23,04:50,DEEP,48,
2026-09-23,04:51,DEEP,43,
2026-09-23,04:52,DEEP,43,
2026-09-23,04:53,DEEP,43,
2026-09-23,04:54,DEEP,40,
2026-09-23,04:55,DEEP,43,
2026-09-23,04:56,DEEP,43,
2026-09-23,04:57,DEEP,44,
2026-09-23,04:58,DEEP,43,
2026-09-23,04:59,DEEP,44,
2026-09-23,05:00,DEEP,44,
2026-09-23,05:01,DEEP,42,
2026-09-23,05:02,DEEP,42,
2026-09-23,05:03,DEEP,42,
2026-09-23,05:04,DEEP,42,
2026-09-23,05:05,LIGHT,45,
2026-09-23,05:06,LIGHT,46,
2026-09-23,05:07,LIGHT,48,
2026-09-23,05:08,LIGHT,46,
2026-09-23,05:09,LIGHT,43,
2026-09-23,05:10,LIGHT,40,
2026-09-23,05:11,LIGHT,40,
2026-09-23,05:12,LIGHT,43,
2026-09-23,05:13,LIGHT,43,
2026-09-23,05:14,LIGHT,43,
2026-09-23,05:15,LIGHT,47,
2026-09-23,05:16,LIGHT,46,
2026-09-23,05:17,LIGHT,46,
2026-09-23,05:18,WAKE,45,
2026-09-23,05:19,LIGHT,44,
2026-09-23,05:20,LIGHT,43,
2026-09-23,05:21,LIGHT,43,
2026-09-23,05:22,LIGHT,43,
2026-09-23,05:23,LIGHT,43,
2026-09-23,05:24,LIGHT,41,
2026-09-23,05:25,LIGHT,43,
2026-09-23,05:26,LIGHT,43,
2026-09-23,05:27,LIGHT,44,
2026-09-23,05:28,LIGHT,44,
2026-09-23,05:29,LIGHT,44,
2026-09-23,05:30,LIGHT,44,
2026-09-23,05:31,LIGHT,44,
2026-09-23,05:32,LIGHT,44,
2026-09-23,05:33,LIGHT,44,
2026-09-23,05:34,LIGHT,44,
2026-09-23,05:35,LIGHT,44,
2026-09-23,05:36,LIGHT,44,
2026-09-23,05:37,LIGHT,44,
2026-09-23,05:38,LIGHT,44,
2026-09-23,05:39,LIGHT,44,
2026-09-23,05:40,LIGHT,44,
2026-09-23,05:41,LIGHT,44,
2026-09-23,05:42,LIGHT,44,
2026-09-23,05:43,LIGHT,45,
2026-09-23,05:44,LIGHT,44,
2026-09-23,05:45,LIGHT,44,
2026-09-23,05:46,LIGHT,44,
2026-09-23,05:47,LIGHT,44,
2026-09-23,05:48,LIGHT,44,
2026-09-23,05:49,LIGHT,43,
2026-09-23,05:50,LIGHT,43,
2026-09-23,05:51,LIGHT,44,
2026-09-23,05:52,LIGHT,44,
2026-09-23,05:53,LIGHT,44,
2026-09-23,05:54,WAKE,44,
2026-09-23,05:55,WAKE,44,
2026-09-23,05:56,WAKE,44,
2026-09-23,05:57,WAKE,44,
2026-09-23,05:58,LIGHT,44,
2026-09-23,05:59,LIGHT,44,
2026-09-23,06:00,LIGHT,44,
2026-09-23,06:01,LIGHT,44,
2026-09-23,06:02,LIGHT,43,
2026-09-23,06:03,LIGHT,43,
2026-09-23,06:04,LIGHT,46,
2026-09-23,06:05,LIGHT,63,
2026-09-23,06:06,LIGHT,60,
2026-09-23,06:07,LIGHT,47,
2026-09-23,06:08,LIGHT,43,
2026-09-23,06:09,LIGHT,42,
2026-09-23,06:10,LIGHT,42,
2026-09-23,06:11,LIGHT,41,
2026-09-23,06:12,LIGHT,41,
2026-09-23,06:13,LIGHT,41,
2026-09-23,06:14,LIGHT,41,
2026-09-23,06:15,LIGHT,56,
2026-09-23,06:16,LIGHT,60,
2026-09-23,06:17,LIGHT,53,
2026-09-23,06:18,LIGHT,53,
2026-09-23,06:19,LIGHT,47,
2026-09-23,06:20,LIGHT,54,
2026-09-23,06:21,LIGHT,46,
2026-09-23,06:22,LIGHT,43,
2026-09-23,06:23,LIGHT,41,
2026-09-23,06:24,LIGHT,41,
2026-09-23,06:25,LIGHT,41,
2026-09-23,06:26,LIGHT,40,
2026-09-23,06:27,LIGHT,42,
2026-09-23,06:28,LIGHT,41,
2026-09-23,06:29,LIGHT,41,
2026-09-23,06:30,LIGHT,47,
2026-09-23,06:31,LIGHT,44,
2026-09-23,06:32,LIGHT,54,
2026-09-23,06:33,LIGHT,46,
2026-09-23,06:34,LIGHT,42,
2026-09-23,06:35,LIGHT,45,
2026-09-23,06:36,LIGHT,42,
2026-09-23,06:37,LIGHT,41,
2026-09-23,06:38,LIGHT,41,
2026-09-23,06:39,LIGHT,41,
2026-09-23,06:40,REM,41,
2026-09-23,06:41,REM,41,
2026-09-23,06:42,REM,41,
2026-09-23,06:43,REM,41,
2026-09-23,06:44,REM,41,
2026-09-23,06:45,REM,41,
2026-09-23,06:46,REM,43,
2026-09-23,06:47,REM,42,
2026-09-23,06:48,REM,48,
2026-09-23,06:49,REM,44,
2026-09-23,06:50,REM,49,
2026-09-23,06:51,REM,61,
2026-09-23,06:52,REM,60,
2026-09-23,06:53,REM,58,
2026-09-23,06:54,REM,60,
2026-09-23,06:55,REM,63,
2026-09-23,06:56,REM,60,
2026-09-23,06:57,REM,60,
2026-09-23,06:58,REM,74,
2026-09-23,06:59,REM,78,
2026-09-23,07:00,REM,78,
2026-09-23,07:01,REM,82,
2026-09-23,07:02,REM,82,
2026-09-23,07:03,REM,82,
2026-09-23,07:04,REM,85,
2026-09-23,07:05,REM,83,
2026-09-23,07:06,REM,80,
2026-09-23,07:07,REM,72,
2026-09-23,07:08,REM,57,
2026-09-23,07:09,REM,51,
2026-09-23,07:10,REM,50,
2026-09-23,07:11,REM,50,
2026-09-23,07:12,REM,50,
2026-09-23,07:13,REM,47,
2026-09-23,07:14,REM,48,
2026-09-23,07:15,REM,45,
2026-09-23,07:16,REM,46,
2026-09-23,07:17,REM,48,
2026-09-23,07:18,REM,48,
2026-09-23,07:19,REM,52,
2026-09-23,07:20,REM,51,
2026-09-23,07:21,REM,52,
2026-09-23,07:22,REM,49,
2026-09-23,07:23,REM,49,
2026-09-23,07:24,REM,49,
2026-09-23,07:25,LIGHT,46,
2026-09-23,07:26,LIGHT,50,
2026-09-23,07:27,LIGHT,49,
2026-09-23,07:28,LIGHT,51,
2026-09-23,07:29,LIGHT,48,
2026-09-23,15:46,LIGHT,55,
2026-09-23,15:47,LIGHT,,
2026-09-23,15:48,LIGHT,,
2026-09-23,15:49,LIGHT,,
2026-09-23,15:50,LIGHT,,
2026-09-23,15:51,LIGHT,,
2026-09-23,15:52,LIGHT,,
2026-09-23,15:53,LIGHT,,
2026-09-23,15:54,LIGHT,,
2026-09-23,15:55,LIGHT,,
2026-09-23,15:56,LIGHT,,
2026-09-23,15:57,LIGHT,,
2026-09-23,15:58,LIGHT,,
2026-09-23,15:59,DEEP,,
2026-09-23,16:00,DEEP,,
2026-09-23,16:01,DEEP,,
2026-09-23,16:02,DEEP,,
2026-09-23,16:03,DEEP,,
2026-09-23,16:04,DEEP,,
2026-09-23,16:05,DEEP,,
2026-09-23,16:06,DEEP,,
2026-09-23,16:07,DEEP,,
2026-09-23,16:08,DEEP,,
2026-09-23,16:09,DEEP,,
2026-09-23,16:10,LIGHT,,
2026-09-23,16:11,LIGHT,,
2026-09-23,16:12,LIGHT,,
2026-09-23,16:13,LIGHT,,
2026-09-23,16:14,LIGHT,,
2026-09-23,16:15,LIGHT,,
2026-09-23,16:16,LIGHT,,
2026-09-23,16:17,LIGHT,,
2026-09-23,16:18,LIGHT,,
2026-09-23,16:19,LIGHT,,
2026-09-23,16:20,LIGHT,,
2026-09-23,16:21,LIGHT,,
2026-09-23,16:22,LIGHT,,
2026-09-23,16:23,LIGHT,,
2026-09-23,16:24,LIGHT,,
2026-09-23,16:25,LIGHT,,
2026-09-23,16:26,LIGHT,,
2026-09-23,16:27,LIGHT,,
2026-09-23,16:28,LIGHT,,
2026-09-23,16:29,LIGHT,,
2026-09-23,16:30,REM,,
2026-09-23,16:31,REM,,
2026-09-23,16:32,REM,,
2026-09-23,16:33,REM,,
2026-09-23,16:34,REM,,
2026-09-23,16:35,REM,,
2026-09-23,16:36,REM,,
2026-09-23,16:37,REM,,
2026-09-23,16:38,REM,,
2026-09-23,16:39,REM,,
2026-09-23,16:40,REM,,
2026-09-23,16:41,REM,,
2026-09-23,16:42,REM,,
2026-09-23,16:43,REM,,
2026-09-23,16:44,REM,,
2026-09-23,16:45,REM,,
2026-09-23,16:46,REM,,
2026-09-23,16:47,REM,,
2026-09-23,16:48,REM,,
2026-09-23,16:49,REM,,
2026-09-23,16:50,REM,,
2026-09-23,16:51,REM,,
2026-09-23,16:52,REM,,
2026-09-23,16:53,REM,,
2026-09-23,16:54,REM,,
2026-09-23,16:55,REM,,
2026-09-23,16:56,REM,,
2026-09-23,16:57,REM,,
2026-09-23,16:58,REM,,
2026-09-23,16:59,REM,,
2026-09-23,17:00,REM,,
2026-09-23,17:01,REM,,
2026-09-23,17:02,REM,,
2026-09-23,17:03,REM,,
2026-09-23,17:04,REM,,
2026-09-23,17:05,REM,,
2026-09-23,17:06,REM,,
2026-09-23,17:07,REM,,
2026-09-23,17:08,REM,,
2026-09-23,17:09,LIGHT,,
2026-09-23,17:10,LIGHT,,
2026-09-23,17:11,LIGHT,,
2026-09-23,17:12,LIGHT,,
2026-09-23,17:13,LIGHT,,
2026-09-23,17:14,LIGHT,,
2026-09-23,17:15,LIGHT,75,
2026-09-23,17:16,LIGHT,80,
2026-09-23,17:17,LIGHT,72,
2026-09-23,17:18,LIGHT,77,
2026-09-23,17:19,LIGHT,74,
2026-09-23,17:20,LIGHT,74,
2026-09-23,17:21,LIGHT,79,
2026-09-23,17:22,LIGHT,74,
2026-09-23,17:23,LIGHT,74,
2026-09-23,17:24,LIGHT,74,
2026-09-23,17:25,LIGHT,64,
2026-09-23,17:26,LIGHT,69,
2026-09-23,17:27,LIGHT,69,
2026-09-23,17:28,LIGHT,71,
2026-09-23,17:29,LIGHT,75,
2026-09-23,17:30,LIGHT,79,
2026-09-23,17:31,LIGHT,89,
2026-09-23,17:32,LIGHT,96,
2026-09-23,17:33,LIGHT,96,
2026-09-23,17:34,LIGHT,99,
2026-09-23,17:35,WAKE,94,
2026-09-23,17:36,LIGHT,77,
2026-09-23,17:37,LIGHT,74,
2026-09-23,17:38,LIGHT,68,
2026-09-23,17:39,LIGHT,68,
2026-09-23,17:40,LIGHT,64,
2026-09-23,17:41,LIGHT,68,
2026-09-23,17:42,LIGHT,64,
2026-09-23,17:43,LIGHT,62,
2026-09-23,17:44,LIGHT,63,
2026-09-23,17:45,LIGHT,70,
2026-09-23,17:46,LIGHT,67,
2026-09-23,17:47,LIGHT,64,
2026-09-23,17:48,LIGHT,66,
2026-09-23,17:49,LIGHT,64,
2026-09-23,17:50,LIGHT,65,
2026-09-23,17:51,LIGHT,65,
2026-09-23,17:52,LIGHT,65,
2026-09-23,17:53,LIGHT,62,
2026-09-23,17:54,LIGHT,71,
2026-09-23,17:55,LIGHT,69,
2026-09-23,17:56,LIGHT,61,
2026-09-23,17:57,LIGHT,57,
2026-09-23,17:58,LIGHT,56,
2026-09-23,17:59,LIGHT,58,
2026-09-23,18:00,LIGHT,59,
2026-09-24,01:38,LIGHT,51,
2026-09-24,01:39,LIGHT,48,
2026-09-24,01:40,LIGHT,48,
2026-09-24,01:41,LIGHT,47,
2026-09-24,01:42,LIGHT,47,
2026-09-24,01:43,LIGHT,47,
2026-09-24,01:44,LIGHT,46,
2026-09-24,01:45,LIGHT,49,
2026-09-24,01:46,LIGHT,50,
2026-09-24,01:47,LIGHT,50,
2026-09-24,01:48,LIGHT,48,
2026-09-24,01:49,DEEP,45,
2026-09-24,01:50,DEEP,44,
2026-09-24,01:51,DEEP,44,
2026-09-24,01:52,DEEP,43,
2026-09-24,01:53,DEEP,45,
2026-09-24,01:54,DEEP,45,
2026-09-24,01:55,DEEP,45,
2026-09-24,01:56,DEEP,44,
2026-09-24,01:57,DEEP,43,
2026-09-24,01:58,DEEP,43,
2026-09-24,01:59,DEEP,44,
2026-09-24,02:00,DEEP,44,
2026-09-24,02:01,DEEP,44,
2026-09-24,02:02,DEEP,44,
2026-09-24,02:03,DEEP,45,
2026-09-24,02:04,DEEP,45,
2026-09-24,02:05,DEEP,45,
2026-09-24,02:06,DEEP,45,
2026-09-24,02:07,DEEP,44,
2026-09-24,02:08,DEEP,49,
2026-09-24,02:09,DEEP,56,
2026-09-24,02:10,DEEP,49,
2026-09-24,02:11,DEEP,46,
2026-09-24,02:12,DEEP,44,
2026-09-24,02:13,DEEP,44,
2026-09-24,02:14,DEEP,44,
2026-09-24,02:15,LIGHT,44,
2026-09-24,02:16,LIGHT,44,
2026-09-24,02:17,LIGHT,44,
2026-09-24,02:18,LIGHT,44,
2026-09-24,02:19,LIGHT,44,
2026-09-24,02:20,LIGHT,44,
2026-09-24,02:21,LIGHT,44,
2026-09-24,02:22,LIGHT,53,
2026-09-24,02:23,LIGHT,47,
2026-09-24,02:24,LIGHT,44,
2026-09-24,02:25,LIGHT,47,
2026-09-24,02:26,WAKE,50,
2026-09-24,02:27,LIGHT,46,
2026-09-24,02:28,LIGHT,45,
2026-09-24,02:29,LIGHT,44,
2026-09-24,02:30,LIGHT,45,
2026-09-24,02:31,LIGHT,45,
2026-09-24,02:32,REM,45,
2026-09-24,02:33,REM,48,
2026-09-24,02:34,REM,48,
2026-09-24,02:35,REM,45,
2026-09-24,02:36,REM,44,
2026-09-24,02:37,REM,43,
2026-09-24,02:38,REM,43,
2026-09-24,02:39,REM,45,
2026-09-24,02:40,REM,44,
2026-09-24,02:41,REM,44,
2026-09-24,02:42,REM,44,
2026-09-24,02:43,REM,43,
2026-09-24,02:44,REM,43,
2026-09-24,02:45,REM,43,
2026-09-24,02:46,REM,43,
2026-09-24,02:47,REM,45,
2026-09-24,02:48,REM,50,
2026-09-24,02:49,REM,46,
2026-09-24,02:50,REM,44,
2026-09-24,02:51,REM,44,
2026-09-24,02:52,REM,44,
2026-09-24,02:53,REM,44,
2026-09-24,02:54,REM,44,
2026-09-24,02:55,REM,44,
2026-09-24,02:56,REM,44,
2026-09-24,02:57,REM,44,
2026-09-24,02:58,REM,45,
2026-09-24,02:59,REM,46,
2026-09-24,03:00,REM,45,
2026-09-24,03:01,REM,44,
2026-09-24,03:02,REM,44,
2026-09-24,03:03,REM,44,
2026-09-24,03:04,LIGHT,44,
2026-09-24,03:05,LIGHT,44,
2026-09-24,03:06,LIGHT,44,
2026-09-24,03:07,LIGHT,44,
2026-09-24,03:08,LIGHT,44,
2026-09-24,03:09,LIGHT,44,
2026-09-24,03:10,LIGHT,44,
2026-09-24,03:11,LIGHT,44,
2026-09-24,03:12,LIGHT,44,
2026-09-24,03:13,LIGHT,43,
2026-09-24,03:14,LIGHT,44,
2026-09-24,03:15,LIGHT,46,
2026-09-24,03:16,LIGHT,47,
2026-09-24,03:17,LIGHT,46,
2026-09-24,03:18,LIGHT,46,
2026-09-24,03:19,LIGHT,47,
2026-09-24,03:20,LIGHT,49,
2026-09-24,03:21,LIGHT,48,
2026-09-24,03:22,LIGHT,48,
2026-09-24,03:23,LIGHT,49,
2026-09-24,03:24,LIGHT,49,
2026-09-24,03:25,LIGHT,49,
2026-09-24,03:26,LIGHT,49,
2026-09-24,03:27,LIGHT,56,
2026-09-24,03:28,LIGHT,50,
2026-09-24,03:29,DEEP,47,
2026-09-24,03:30,DEEP,47,
2026-09-24,03:31,DEEP,46,
2026-09-24,03:32,DEEP,47,
2026-09-24,03:33,DEEP,46,
2026-09-24,03:34,DEEP,46,
2026-09-24,03:35,DEEP,44,
2026-09-24,03:36,DEEP,45,
2026-09-24,03:37,DEEP,45,
2026-09-24,03:38,LIGHT,46,
2026-09-24,03:39,LIGHT,43,
2026-09-24,03:40,LIGHT,44,
2026-09-24,03:41,WAKE,44,
2026-09-24,03:42,WAKE,44,
2026-09-24,03:43,WAKE,45,
2026-09-24,03:44,WAKE,48,
2026-09-24,03:45,WAKE,45,
2026-09-24,03:46,WAKE,45,
2026-09-24,03:47,WAKE,47,
2026-09-24,03:48,WAKE,44,
2026-09-24,03:49,WAKE,44,
2026-09-24,03:50,WAKE,48,
2026-09-24,03:51,LIGHT,45,
2026-09-24,03:52,LIGHT,50,
2026-09-24,03:53,LIGHT,45,
2026-09-24,03:54,LIGHT,44,
2026-09-24,03:55,LIGHT,42,
2026-09-24,03:56,LIGHT,43,
2026-09-24,03:57,LIGHT,42,
2026-09-24,03:58,LIGHT,42,
2026-09-24,03:59,LIGHT,42,
2026-09-24,04:00,LIGHT,42,
2026-09-24,04:01,LIGHT,44,
2026-09-24,04:02,LIGHT,44,
2026-09-24,04:03,LIGHT,44,
2026-09-24,04:04,LIGHT,44,
2026-09-24,04:05,LIGHT,44,
2026-09-24,04:06,LIGHT,43,
2026-09-24,04:07,LIGHT,43,
2026-09-24,04:08,LIGHT,45,
2026-09-24,04:09,LIGHT,43,
2026-09-24,04:10,LIGHT,43,
2026-09-24,04:11,LIGHT,49,
2026-09-24,04:12,LIGHT,43,
2026-09-24,04:13,LIGHT,43,
2026-09-24,04:14,LIGHT,48,
2026-09-24,04:15,LIGHT,43,
2026-09-24,04:16,LIGHT,43,
2026-09-24,04:17,LIGHT,42,
2026-09-24,04:18,LIGHT,41,
2026-09-24,04:19,LIGHT,41,
2026-09-24,04:20,LIGHT,41,
2026-09-24,04:21,LIGHT,41,
2026-09-24,04:22,LIGHT,42,
2026-09-24,04:23,LIGHT,42,
2026-09-24,04:24,LIGHT,42,
2026-09-24,04:25,LIGHT,42,
2026-09-24,04:26,LIGHT,42,
2026-09-24,04:27,LIGHT,42,
2026-09-24,04:28,LIGHT,42,
2026-09-24,04:29,LIGHT,42,
2026-09-24,04:30,LIGHT,42,
2026-09-24,04:31,LIGHT,42,
2026-09-24,04:32,LIGHT,42,
2026-09-24,04:33,LIGHT,41,
2026-09-24,04:34,LIGHT,41,
2026-09-24,04:35,LIGHT,41,
2026-09-24,04:36,LIGHT,41,
2026-09-24,04:37,LIGHT,41,
2026-09-24,04:38,LIGHT,41,
2026-09-24,04:39,LIGHT,41,
2026-09-24,04:40,LIGHT,40,
2026-09-24,04:41,LIGHT,41,
2026-09-24,04:42,LIGHT,41,
2026-09-24,04:43,REM,41,
2026-09-24,04:44,REM,41,
2026-09-24,04:45,REM,41,
2026-09-24,04:46,REM,41,
2026-09-24,04:47,REM,41,
2026-09-24,04:48,REM,41,
2026-09-24,04:49,REM,41,
2026-09-24,04:50,REM,51,
2026-09-24,04:51,REM,48,
2026-09-24,04:52,REM,42,
2026-09-24,04:53,REM,42,
2026-09-24,04:54,REM,40,
2026-09-24,04:55,REM,40,
2026-09-24,04:56,REM,40,
2026-09-24,04:57,REM,49,
2026-09-24,04:58,REM,43,
2026-09-24,04:59,REM,44,
2026-09-24,05:00,REM,46,
2026-09-24,05:01,REM,40,
2026-09-24,05:02,REM,40,
2026-09-24,05:03,REM,40,
2026-09-24,05:04,REM,,
2026-09-24,05:05,REM,,
2026-09-24,05:06,REM,40,
2026-09-24,05:07,REM,,
2026-09-24,05:08,REM,43,
2026-09-24,05:09,REM,43,
2026-09-24,05:10,LIGHT,53,
2026-09-24,05:11,LIGHT,53,
2026-09-24,05:12,LIGHT,50,
2026-09-24,05:13,LIGHT,61,
2026-09-24,05:14,LIGHT,63,
2026-09-24,05:15,LIGHT,68,
2026-09-24,05:16,LIGHT,67,
2026-09-24,05:17,LIGHT,66,
2026-09-24,05:18,LIGHT,71,
2026-09-24,05:19,LIGHT,65,
2026-09-24,05:20,LIGHT,61,
2026-09-24,05:21,LIGHT,61,
2026-09-24,05:22,LIGHT,56,
2026-09-24,05:23,DEEP,57,
2026-09-24,05:24,DEEP,57,
2026-09-24,05:25,DEEP,57,
2026-09-24,05:26,DEEP,54,
2026-09-24,05:27,DEEP,52,
2026-09-24,05:28,DEEP,57,
2026-09-24,05:29,DEEP,51,
2026-09-24,05:30,DEEP,55,
2026-09-24,05:31,DEEP,55,
2026-09-24,05:32,DEEP,62,
2026-09-24,05:33,DEEP,65,
2026-09-24,05:34,DEEP,66,
2026-09-24,05:35,DEEP,60,
2026-09-24,05:36,DEEP,62,
2026-09-24,05:37,DEEP,69,
2026-09-24,05:38,DEEP,69,
2026-09-24,05:39,DEEP,60,
2026-09-24,05:40,DEEP,59,
2026-09-24,05:41,DEEP,60,
2026-09-24,05:42,DEEP,60,
2026-09-24,05:43,DEEP,59,
2026-09-24,05:44,DEEP,60,
2026-09-24,05:45,DEEP,59,
2026-09-24,05:46,DEEP,64,
2026-09-24,05:47,DEEP,54,
2026-09-24,05:48,DEEP,51,
2026-09-24,05:49,DEEP,50,
2026-09-24,05:50,DEEP,52,
2026-09-24,05:51,DEEP,57,
2026-09-24,05:52,DEEP,51,
2026-09-24,05:53,DEEP,52,
2026-09-24,05:54,DEEP,49,
2026-09-24,05:55,DEEP,49,
2026-09-24,05:56,DEEP,51,
2026-09-24,05:57,DEEP,52,
2026-09-24,05:58,DEEP,50,
2026-09-24,05:59,DEEP,54,
2026-09-24,06:00,DEEP,50,
2026-09-24,06:01,DEEP,47,
2026-09-24,06:02,DEEP,56,
2026-09-24,06:03,DEEP,52,
2026-09-24,06:04,LIGHT,54,
2026-09-24,06:05,LIGHT,49,
2026-09-24,06:06,LIGHT,47,
2026-09-24,06:07,WAKE,59,
2026-09-24,06:08,LIGHT,63,
2026-09-24,06:09,LIGHT,62,
2026-09-24,06:10,LIGHT,63,
2026-09-24,06:11,LIGHT,61,
2026-09-24,06:12,LIGHT,64,
2026-09-24,06:13,LIGHT,65,
2026-09-24,06:14,LIGHT,65,
2026-09-24,06:15,LIGHT,65,
2026-09-24,06:16,WAKE,63,
2026-09-24,06:17,WAKE,65,
2026-09-24,06:18,WAKE,73,
2026-09-24,06:19,WAKE,76,
2026-09-24,06:20,WAKE,85,
2026-09-24,06:21,WAKE,84,
2026-09-24,06:22,LIGHT,74,
2026-09-24,06:23,LIGHT,77,
2026-09-24,06:24,LIGHT,76,
2026-09-24,06:25,LIGHT,76,
2026-09-24,06:26,LIGHT,78,
2026-09-24,06:27,LIGHT,83,
2026-09-24,06:28,LIGHT,90,
2026-09-24,06:29,LIGHT,95,
2026-09-24,06:30,LIGHT,92,
2026-09-24,06:31,LIGHT,96,
2026-09-24,06:32,LIGHT,106,
2026-09-24,06:33,LIGHT,108,
2026-09-24,06:34,LIGHT,97,
2026-09-24,06:35,LIGHT,90,
2026-09-24,06:36,LIGHT,119,
2026-09-24,06:37,LIGHT,152,
2026-09-24,06:38,LIGHT,165,
2026-09-24,06:39,LIGHT,170,
2026-09-24,06:40,LIGHT,175,
2026-09-24,06:41,LIGHT,177,
2026-09-24,06:42,LIGHT,179,
2026-09-24,06:43,LIGHT,179,
2026-09-24,06:44,LIGHT,181,
2026-09-24,06:45,LIGHT,181,
2026-09-24,06:46,LIGHT,183,
2026-09-24,06:47,LIGHT,183,
2026-09-24,06:48,LIGHT,183,
2026-09-24,06:49,LIGHT,182,
2026-09-24,06:50,LIGHT,182,
2026-09-24,13:41,LIGHT,46,
2026-09-24,13:42,LIGHT,46,
2026-09-24,13:43,LIGHT,46,
2026-09-24,13:44,LIGHT,45,
2026-09-24,13:45,LIGHT,46,
2026-09-24,13:46,LIGHT,46,
2026-09-24,13:47,LIGHT,46,
2026-09-24,13:48,LIGHT,45,
2026-09-24,13:49,LIGHT,45,
2026-09-24,13:50,LIGHT,46,
2026-09-24,13:51,LIGHT,54,
2026-09-24,13:52,LIGHT,59,
2026-09-24,13:53,LIGHT,58,
2026-09-24,13:54,LIGHT,73,
2026-09-24,13:55,LIGHT,81,
2026-09-24,13:56,LIGHT,81,
2026-09-24,13:57,LIGHT,81,
2026-09-24,13:58,LIGHT,71,
2026-09-24,13:59,LIGHT,69,
2026-09-24,14:00,LIGHT,66,
2026-09-24,14:01,LIGHT,56,
2026-09-24,14:02,DEEP,51,
2026-09-24,14:03,DEEP,49,
2026-09-24,14:04,DEEP,48,
2026-09-24,14:05,DEEP,58,
2026-09-24,14:06,DEEP,70,
2026-09-24,14:07,DEEP,73,
2026-09-24,14:08,DEEP,70,
2026-09-24,14:09,DEEP,69,
2026-09-24,14:10,DEEP,70,
2026-09-24,14:11,DEEP,69,
2026-09-24,14:12,LIGHT,73,
2026-09-24,14:13,LIGHT,73,
2026-09-24,14:14,LIGHT,72,
2026-09-24,14:15,LIGHT,72,
2026-09-24,14:16,LIGHT,72,
2026-09-24,14:17,LIGHT,74,
2026-09-24,14:18,LIGHT,76,
2026-09-24,14:19,LIGHT,73,
2026-09-24,14:20,LIGHT,75,
2026-09-24,14:21,REM,75,
2026-09-24,14:22,REM,75,
2026-09-24,14:23,REM,79,
2026-09-24,14:24,REM,75,
2026-09-24,14:25,REM,75,
2026-09-24,14:26,REM,75,
2026-09-24,14:27,REM,75,
2026-09-24,14:28,REM,77,
2026-09-24,14:29,REM,78,
2026-09-24,14:30,REM,80,
2026-09-24,14:31,REM,77,
2026-09-24,14:32,REM,78,
2026-09-24,14:33,REM,81,
2026-09-24,14:34,REM,73,
2026-09-24,14:35,REM,77,
2026-09-24,14:36,REM,79,
2026-09-24,14:37,REM,76,
2026-09-24,14:38,REM,74,
2026-09-24,14:39,REM,76,
2026-09-24,14:40,REM,76,
2026-09-24,14:41,REM,77,
2026-09-24,14:42,REM,74,
2026-09-24,14:43,REM,74,
2026-09-24,14:44,REM,74,
2026-09-24,14:45,REM,69,
2026-09-24,14:46,REM,68,
2026-09-24,14:47,REM,80,
2026-09-24,14:48,REM,85,
2026-09-24,14:49,REM,86,
2026-09-24,14:50,REM,87,
2026-09-24,14:51,REM,81,
2026-09-24,14:52,REM,72,
2026-09-24,14:53,REM,64,
2026-09-24,14:54,REM,63,
2026-09-24,14:55,REM,68,
2026-09-24,14:56,REM,65,
2026-09-24,14:57,REM,63,
2026-09-24,14:58,REM,63,
2026-09-24,14:59,REM,60,
2026-09-24,15:00,REM,62,
2026-09-24,15:01,REM,60,
2026-09-24,15:02,REM,60,
2026-09-24,15:03,REM,61,
2026-09-24,15:04,REM,63,
2026-09-24,15:05,REM,61,
2026-09-24,15:06,LIGHT,62,
2026-09-24,15:07,LIGHT,62,
2026-09-24,15:08,LIGHT,64,
2026-09-24,15:09,LIGHT,62,
2026-09-24,15:10,LIGHT,61,
2026-09-24,15:11,LIGHT,63,
2026-09-24,15:12,LIGHT,86,
2026-09-24,15:13,LIGHT,86,
2026-09-24,15:14,LIGHT,66,
2026-09-24,15:15,LIGHT,60,
2026-09-24,15:16,LIGHT,58,
2026-09-24,15:17,LIGHT,58,
2026-09-24,15:18,LIGHT,58,
2026-09-24,15:19,LIGHT,58,
2026-09-24,15:20,LIGHT,58,
2026-09-24,15:21,LIGHT,58,
2026-09-24,15:22,LIGHT,60,
2026-09-24,15:23,LIGHT,61,
2026-09-24,15:24,LIGHT,60,
2026-09-24,15:25,LIGHT,60,
2026-09-24,15:26,LIGHT,63,
2026-09-24,15:27,LIGHT,61,
2026-09-24,15:28,LIGHT,59,
2026-09-24,15:29,LIGHT,63,
2026-09-24,15:30,LIGHT,63,
2026-09-24,15:31,LIGHT,62,
2026-09-24,15:32,LIGHT,61,
2026-09-24,15:33,LIGHT,66,
2026-09-24,15:34,LIGHT,68,
2026-09-24,15:35,LIGHT,68,
2026-09-24,15:36,LIGHT,60,
2026-09-24,15:37,LIGHT,63,
2026-09-24,15:38,LIGHT,65,
2026-09-24,23:03,LIGHT,,
2026-09-24,23:04,LIGHT,,
2026-09-24,23:05,LIGHT,,
2026-09-24,23:06,LIGHT,,
2026-09-24,23:07,LIGHT,,
2026-09-24,23:08,LIGHT,,
2026-09-24,23:09,LIGHT,,
2026-09-24,23:10,LIGHT,,
2026-09-24,23:11,LIGHT,,
2026-09-24,23:12,LIGHT,,
2026-09-24,23:13,LIGHT,,
2026-09-24,23:14,LIGHT,87,
2026-09-24,23:15,LIGHT,89,
2026-09-24,23:16,LIGHT,,
2026-09-24,23:17,LIGHT,,
2026-09-24,23:18,LIGHT,,
2026-09-24,23:19,LIGHT,91,
2026-09-24,23:20,LIGHT,,
2026-09-24,23:21,LIGHT,,
2026-09-24,23:22,LIGHT,91,
2026-09-24,23:23,DEEP,91,
2026-09-24,23:24,DEEP,,
2026-09-24,23:25,DEEP,,
2026-09-24,23:26,DEEP,,
2026-09-24,23:27,DEEP,,
2026-09-24,23:28,DEEP,,
2026-09-24,23:29,DEEP,,
2026-09-24,23:30,DEEP,,
2026-09-24,23:31,DEEP,89,
2026-09-24,23:32,DEEP,77,
2026-09-24,23:33,DEEP,63,
2026-09-24,23:34,LIGHT,58,
2026-09-24,23:35,LIGHT,55,
2026-09-24,23:36,LIGHT,52,
2026-09-24,23:37,WAKE,52,
2026-09-24,23:38,LIGHT,52,
2026-09-24,23:39,LIGHT,54,
2026-09-24,23:40,LIGHT,53,
2026-09-24,23:41,LIGHT,52,
2026-09-24,23:42,LIGHT,51,
2026-09-24,23:43,LIGHT,51,
2026-09-24,23:44,LIGHT,51,
2026-09-24,23:45,LIGHT,51,
2026-09-24,23:46,LIGHT,53,
2026-09-24,23:47,REM,50,
2026-09-24,23:48,REM,51,
2026-09-24,23:49,REM,50,
2026-09-24,23:50,REM,51,
2026-09-24,23:51,REM,51,
2026-09-24,23:52,REM,51,
2026-09-24,23:53,REM,50,
2026-09-24,23:54,REM,49,
2026-09-24,23:55,REM,51,
2026-09-24,23:56,REM,52,
2026-09-24,23:57,REM,50,
2026-09-24,23:58,REM,49,
2026-09-24,23:59,REM,54,
2026-09-25,00:00,REM,51,
2026-09-25,00:01,REM,52,
2026-09-25,00:02,REM,51,
2026-09-25,00:03,REM,51,
2026-09-25,00:04,REM,50,
2026-09-25,00:05,REM,49,
2026-09-25,00:06,REM,48,
2026-09-25,00:07,REM,50,
2026-09-25,00:08,REM,49,
2026-09-25,00:09,REM,49,
2026-09-25,00:10,REM,49,
2026-09-25,00:11,REM,49,
2026-09-25,00:12,REM,49,
2026-09-25,00:13,REM,48,
2026-09-25,00:14,REM,51,
2026-09-25,00:15,REM,50,
2026-09-25,00:16,REM,50,
2026-09-25,00:17,REM,50,
2026-09-25,00:18,LIGHT,50,
2026-09-25,00:19,LIGHT,50,
2026-09-25,00:20,LIGHT,49,
2026-09-25,00:21,LIGHT,49,
2026-09-25,00:22,LIGHT,49,
2026-09-25,00:23,LIGHT,51,
2026-09-25,00:24,LIGHT,51,
2026-09-25,00:25,LIGHT,49,
2026-09-25,00:26,LIGHT,48,
2026-09-25,00:27,LIGHT,50,
2026-09-25,00:28,LIGHT,51,
2026-09-25,00:29,LIGHT,51,
2026-09-25,00:30,LIGHT,51,
2026-09-25,00:31,LIGHT,51,
2026-09-25,00:32,LIGHT,53,
2026-09-25,00:33,LIGHT,50,
2026-09-25,00:34,LIGHT,49,
2026-09-25,00:35,LIGHT,49,
2026-09-25,00:36,LIGHT,53,
2026-09-25,00:37,LIGHT,55,
2026-09-25,00:38,LIGHT,53,
2026-09-25,00:39,LIGHT,52,
2026-09-25,00:40,LIGHT,54,
2026-09-25,00:41,LIGHT,51,
2026-09-25,00:42,LIGHT,50,
2026-09-25,00:43,LIGHT,52,
2026-09-25,00:44,LIGHT,49,
2026-09-25,00:45,LIGHT,49,
2026-09-25,00:46,LIGHT,48,
2026-09-25,00:47,LIGHT,54,
2026-09-25,00:48,LIGHT,53,
2026-09-25,00:49,LIGHT,53,
2026-09-25,00:50,LIGHT,54,
2026-09-25,00:51,LIGHT,54,
2026-09-25,00:52,DEEP,51,
2026-09-25,00:53,DEEP,52,
2026-09-25,00:54,DEEP,55,
2026-09-25,00:55,DEEP,50,
2026-09-25,00:56,DEEP,49,
2026-09-25,00:57,DEEP,49,
2026-09-25,00:58,DEEP,48,
2026-09-25,00:59,DEEP,48,
2026-09-25,01:00,DEEP,50,
2026-09-25,01:01,DEEP,57,
2026-09-25,01:02,DEEP,50,
2026-09-25,01:03,DEEP,48,
2026-09-25,01:04,DEEP,48,
2026-09-25,01:05,DEEP,47,
2026-09-25,01:06,DEEP,46,
2026-09-25,01:07,DEEP,48,
2026-09-25,01:08,DEEP,47,
2026-09-25,01:09,DEEP,46,
2026-09-25,01:10,DEEP,46,
2026-09-25,01:11,DEEP,47,
2026-09-25,01:12,DEEP,49,
2026-09-25,01:13,LIGHT,55,
2026-09-25,01:14,LIGHT,55,
2026-09-25,01:15,LIGHT,56,
2026-09-25,01:16,LIGHT,53,
2026-09-25,01:17,LIGHT,50,
2026-09-25,01:18,LIGHT,51,
2026-09-25,01:19,LIGHT,50,
2026-09-25,01:20,LIGHT,47,
2026-09-25,01:21,LIGHT,48,
2026-09-25,01:22,LIGHT,46,
2026-09-25,01:23,LIGHT,47,
2026-09-25,01:24,LIGHT,47,
2026-09-25,01:25,LIGHT,49,
2026-09-25,01:26,LIGHT,49,
2026-09-25,01:27,LIGHT,61,
2026-09-25,01:28,REM,64,
2026-09-25,01:29,REM,68,
2026-09-25,01:30,REM,58,
2026-09-25,01:31,REM,50,
2026-09-25,01:32,REM,57,
2026-09-25,01:33,REM,52,
2026-09-25,01:34,REM,46,
2026-09-25,01:35,REM,44,
2026-09-25,01:36,REM,47,
2026-09-25,01:37,REM,44,
2026-09-25,01:38,REM,44,
2026-09-25,01:39,REM,43,
2026-09-25,01:40,REM,43,
2026-09-25,01:41,REM,43,
2026-09-25,01:42,REM,43,
2026-09-25,01:43,REM,42,
2026-09-25,01:44,REM,42,
2026-09-25,01:45,REM,42,
2026-09-25,01:46,REM,42,
2026-09-25,01:47,REM,42,
2026-09-25,01:48,LIGHT,43,
2026-09-25,01:49,LIGHT,43,
2026-09-25,01:50,LIGHT,42,
2026-09-25,01:51,LIGHT,45,
2026-09-25,01:52,LIGHT,42,
2026-09-25,01:53,LIGHT,42,
2026-09-25,01:54,LIGHT,42,
2026-09-25,01:55,LIGHT,42,
2026-09-25,01:56,LIGHT,43,
2026-09-25,01:57,LIGHT,44,
2026-09-25,01:58,LIGHT,43,
2026-09-25,01:59,LIGHT,42,
2026-09-25,02:00,LIGHT,42,
2026-09-25,02:01,LIGHT,42,
2026-09-25,02:02,LIGHT,42,
2026-09-25,02:03,LIGHT,42,
2026-09-25,02:04,LIGHT,43,
2026-09-25,02:05,LIGHT,43,
2026-09-25,02:06,LIGHT,43,
2026-09-25,02:07,LIGHT,44,
2026-09-25,02:08,LIGHT,44,
2026-09-25,02:09,LIGHT,44,
2026-09-25,02:10,LIGHT,44,
2026-09-25,02:11,LIGHT,45,
2026-09-25,02:12,LIGHT,42,
2026-09-25,02:13,LIGHT,42,
2026-09-25,02:14,LIGHT,42,
2026-09-25,02:15,LIGHT,42,
2026-09-25,02:16,LIGHT,42,
2026-09-25,02:17,LIGHT,42,
2026-09-25,02:18,LIGHT,42,
2026-09-25,02:19,LIGHT,42,
2026-09-25,02:20,LIGHT,42,
2026-09-25,02:21,LIGHT,42,
2026-09-25,02:22,LIGHT,42,
2026-09-25,02:23,LIGHT,42,
2026-09-25,02:24,LIGHT,42,
2026-09-25,02:25,LIGHT,42,
2026-09-25,02:26,LIGHT,42,
2026-09-25,02:27,LIGHT,42,
2026-09-25,02:28,LIGHT,42,
2026-09-25,02:29,LIGHT,42,
2026-09-25,02:30,LIGHT,42,
2026-09-25,02:31,LIGHT,42,
2026-09-25,02:32,LIGHT,43,
2026-09-25,02:33,LIGHT,43,
2026-09-25,02:34,LIGHT,43,
2026-09-25,02:35,LIGHT,43,
2026-09-25,02:36,LIGHT,43,
2026-09-25,02:37,LIGHT,43,
2026-09-25,02:38,LIGHT,43,
2026-09-25,02:39,LIGHT,44,
2026-09-25,02:40,LIGHT,60,
2026-09-25,02:41,LIGHT,52,
2026-09-25,02:42,LIGHT,44,
2026-09-25,02:43,LIGHT,46,
2026-09-25,02:44,LIGHT,50,
2026-09-25,02:45,LIGHT,50,
2026-09-25,02:46,LIGHT,50,
2026-09-25,02:47,LIGHT,50,
2026-09-25,02:48,LIGHT,50,
2026-09-25,02:49,LIGHT,50,
2026-09-25,02:50,LIGHT,50,
2026-09-25,02:51,LIGHT,49,
2026-09-25,02:52,LIGHT,55,
2026-09-25,02:53,LIGHT,49,
2026-09-25,02:54,LIGHT,46,
2026-09-25,02:55,LIGHT,46,
2026-09-25,02:56,LIGHT,45,
2026-09-25,02:57,LIGHT,45,
2026-09-25,02:58,DEEP,45,
2026-09-25,02:59,DEEP,45,
2026-09-25,03:00,DEEP,45,
2026-09-25,03:01,DEEP,45,
2026-09-25,03:02,DEEP,45,
2026-09-25,03:03,DEEP,45,
2026-09-25,03:04,DEEP,45,
2026-09-25,03:05,DEEP,45,
2026-09-25,03:06,DEEP,45,
2026-09-25,03:07,DEEP,45,
2026-09-25,03:08,DEEP,45,
2026-09-25,03:09,DEEP,46,
2026-09-25,03:10,DEEP,47,
2026-09-25,03:11,DEEP,43,
2026-09-25,03:12,DEEP,42,
2026-09-25,03:13,DEEP,42,
2026-09-25,03:14,DEEP,42,
2026-09-25,03:15,LIGHT,42,
2026-09-25,03:16,LIGHT,42,
2026-09-25,03:17,LIGHT,42,
2026-09-25,03:18,LIGHT,42,
2026-09-25,03:19,LIGHT,42,
2026-09-25,03:20,LIGHT,43,
2026-09-25,03:21,LIGHT,48,
2026-09-25,03:22,REM,44,
2026-09-25,03:23,REM,42,
2026-09-25,03:24,REM,42,
2026-09-25,03:25,REM,42,
2026-09-25,03:26,REM,42,
2026-09-25,03:27,REM,42,
2026-09-25,03:28,REM,42,
2026-09-25,03:29,REM,42,
2026-09-25,03:30,REM,42,
2026-09-25,03:31,REM,42,
2026-09-25,03:32,REM,42,
2026-09-25,03:33,REM,42,
2026-09-25,03:34,REM,42,
2026-09-25,03:35,REM,43,
2026-09-25,03:36,REM,43,
2026-09-25,03:37,REM,43,
2026-09-25,03:38,REM,43,
2026-09-25,03:39,REM,43,
2026-09-25,03:40,REM,43,
2026-09-25,03:41,REM,42,
2026-09-25,03:42,REM,52,
2026-09-25,03:43,REM,52,
2026-09-25,03:44,REM,52,
2026-09-25,03:45,REM,46,
2026-09-25,03:46,REM,44,
2026-09-25,03:47,REM,44,
2026-09-25,03:48,REM,44,
2026-09-25,03:49,REM,43,
2026-09-25,03:50,REM,44,
2026-09-25,03:51,REM,44,
2026-09-25,03:52,LIGHT,44,
2026-09-25,03:53,LIGHT,44,
2026-09-25,03:54,LIGHT,44,
2026-09-25,03:55,LIGHT,44,
2026-09-25,03:56,LIGHT,44,
2026-09-25,03:57,LIGHT,44,
2026-09-25,03:58,LIGHT,44,
2026-09-25,03:59,LIGHT,44,
2026-09-25,04:00,LIGHT,45,
2026-09-25,04:01,LIGHT,45,
2026-09-25,04:02,LIGHT,45,
2026-09-25,04:03,LIGHT,45,
2026-09-25,04:04,LIGHT,52,
2026-09-25,04:05,LIGHT,46,
2026-09-25,04:06,LIGHT,43,
2026-09-25,04:07,LIGHT,45,
2026-09-25,04:08,LIGHT,46,
2026-09-25,04:09,LIGHT,43,
2026-09-25,04:10,LIGHT,43,
2026-09-25,04:11,LIGHT,44,
2026-09-25,04:12,LIGHT,45,
2026-09-25,04:13,LIGHT,45,
2026-09-25,04:14,LIGHT,45,
2026-09-25,04:15,LIGHT,48,
2026-09-25,04:16,LIGHT,45,
2026-09-25,04:17,LIGHT,47,
2026-09-25,04:18,LIGHT,47,
2026-09-25,04:19,LIGHT,46,
2026-09-25,04:20,LIGHT,47,
2026-09-25,04:21,LIGHT,46,
2026-09-25,04:22,LIGHT,47,
2026-09-25,04:23,LIGHT,46,
2026-09-25,04:24,LIGHT,46,
2026-09-25,04:25,LIGHT,48,
2026-09-25,04:26,LIGHT,47,
2026-09-25,04:27,LIGHT,44,
2026-09-25,04:28,LIGHT,44,
2026-09-25,04:29,LIGHT,45,
2026-09-25,04:30,LIGHT,52,
2026-09-25,04:31,LIGHT,47,
2026-09-25,04:32,LIGHT,44,
2026-09-25,04:33,LIGHT,43,
2026-09-25,04:34,LIGHT,43,
2026-09-25,04:35,DEEP,43,
2026-09-25,04:36,DEEP,43,
2026-09-25,04:37,DEEP,42,
2026-09-25,04:38,DEEP,43,
2026-09-25,04:39,DEEP,45,
2026-09-25,04:40,DEEP,46,
2026-09-25,04:41,DEEP,47,
2026-09-25,04:42,DEEP,49,
2026-09-25,04:43,DEEP,46,
2026-09-25,04:44,DEEP,44,
2026-09-25,04:45,DEEP,42,
2026-09-25,04:46,DEEP,44,
2026-09-25,04:47,DEEP,44,
2026-09-25,04:48,DEEP,46,
2026-09-25,04:49,DEEP,44,
2026-09-25,04:50,DEEP,45,
2026-09-25,04:51,LIGHT,45,
2026-09-25,04:52,LIGHT,45,
2026-09-25,04:53,LIGHT,46,
2026-09-25,04:54,LIGHT,46,
2026-09-25,04:55,LIGHT,46,
2026-09-25,04:56,LIGHT,44,
2026-09-25,04:57,LIGHT,45,
2026-09-25,04:58,LIGHT,46,
2026-09-25,04:59,LIGHT,43,
2026-09-25,05:00,LIGHT,43,
2026-09-25,05:01,WAKE,45,
2026-09-25,05:02,LIGHT,47,
2026-09-25,05:03,LIGHT,47,
2026-09-25,05:04,LIGHT,45,
2026-09-25,05:05,LIGHT,45,
2026-09-25,05:06,LIGHT,45,
2026-09-25,05:07,LIGHT,50,
2026-09-25,05:08,LIGHT,44,
2026-09-25,05:09,LIGHT,43,
2026-09-25,05:10,LIGHT,43,
2026-09-26,01:47,LIGHT,45,
2026-09-26,01:48,LIGHT,45,
2026-09-26,01:49,LIGHT,45,
2026-09-26,01:50,LIGHT,46,
2026-09-26,01:51,LIGHT,51,
2026-09-26,01:52,LIGHT,48,
2026-09-26,01:53,LIGHT,45,
2026-09-26,01:54,LIGHT,45,
2026-09-26,01:55,LIGHT,44,
2026-09-26,01:56,LIGHT,46,
2026-09-26,01:57,LIGHT,45,
2026-09-26,01:58,LIGHT,45,
2026-09-26,01:59,LIGHT,45,
2026-09-26,02:00,LIGHT,45,
2026-09-26,02:01,DEEP,45,
2026-09-26,02:02,DEEP,45,
2026-09-26,02:03,DEEP,45,
2026-09-26,02:04,DEEP,45,
2026-09-26,02:05,DEEP,45,
2026-09-26,02:06,DEEP,45,
2026-09-26,02:07,DEEP,45,
2026-09-26,02:08,DEEP,45,
2026-09-26,02:09,DEEP,45,
2026-09-26,02:10,DEEP,45,
2026-09-26,02:11,DEEP,45,
2026-09-26,02:12,DEEP,45,
2026-09-26,02:13,DEEP,45,
2026-09-26,02:14,DEEP,45,
2026-09-26,02:15,DEEP,45,
2026-09-26,02:16,DEEP,45,
2026-09-26,02:17,DEEP,50,
2026-09-26,02:18,DEEP,46,
2026-09-26,02:19,DEEP,44,
2026-09-26,02:20,DEEP,44,
2026-09-26,02:21,DEEP,44,
2026-09-26,02:22,DEEP,45,
2026-09-26,02:23,DEEP,45,
2026-09-26,02:24,DEEP,47,
2026-09-26,02:25,DEEP,46,
2026-09-26,02:26,DEEP,46,
2026-09-26,02:27,DEEP,50,
2026-09-26,02:28,DEEP,50,
2026-09-26,02:29,DEEP,44,
2026-09-26,02:30,DEEP,44,
2026-09-26,02:31,DEEP,44,
2026-09-26,02:32,DEEP,44,
2026-09-26,02:33,DEEP,45,
2026-09-26,02:34,DEEP,45,
2026-09-26,02:35,DEEP,45,
2026-09-26,02:36,DEEP,45,
2026-09-26,02:37,DEEP,45,
2026-09-26,02:38,DEEP,45,
2026-09-26,02:39,LIGHT,45,
2026-09-26,02:40,LIGHT,57,
2026-09-26,02:41,LIGHT,46,
2026-09-26,02:42,WAKE,43,
2026-09-26,02:43,LIGHT,44,
2026-09-26,02:44,LIGHT,44,
2026-09-26,02:45,LIGHT,44,
2026-09-26,02:46,REM,46,
2026-09-26,02:47,REM,44,
2026-09-26,02:48,REM,44,
2026-09-26,02:49,REM,44,
2026-09-26,02:50,REM,44,
2026-09-26,02:51,REM,44,
2026-09-26,02:52,REM,44,
2026-09-26,02:53,REM,49,
2026-09-26,02:54,REM,46,
2026-09-26,02:55,REM,46,
2026-09-26,02:56,REM,47,
2026-09-26,02:57,REM,44,
2026-09-26,02:58,REM,44,
2026-09-26,02:59,REM,46,
2026-09-26,03:00,REM,47,
2026-09-26,03:01,REM,49,
2026-09-26,03:02,REM,50,
2026-09-26,03:03,REM,49,
2026-09-26,03:04,REM,49,
2026-09-26,03:05,REM,48,
2026-09-26,03:06,REM,48,
2026-09-26,03:07,REM,49,
2026-09-26,03:08,REM,47,
2026-09-26,03:09,LIGHT,51,
2026-09-26,03:10,LIGHT,44,
2026-09-26,03:11,LIGHT,48,
2026-09-26,03:12,LIGHT,48,
2026-09-26,03:13,LIGHT,47,
2026-09-26,03:14,LIGHT,46,
2026-09-26,03:15,LIGHT,44,
2026-09-26,03:16,LIGHT,46,
2026-09-26,03:17,LIGHT,48,
2026-09-26,03:18,LIGHT,42,
2026-09-26,03:19,LIGHT,44,
2026-09-26,03:20,LIGHT,43,
2026-09-26,03:21,LIGHT,43,
2026-09-26,03:22,LIGHT,47,
2026-09-26,03:23,LIGHT,46,
2026-09-26,03:24,LIGHT,43,
2026-09-26,03:25,LIGHT,45,
2026-09-26,03:26,LIGHT,48,
2026-09-26,03:27,LIGHT,43,
2026-09-26,03:28,LIGHT,43,
2026-09-26,03:29,LIGHT,42,
2026-09-26,03:30,LIGHT,42,
2026-09-26,03:31,LIGHT,42,
2026-09-26,03:32,LIGHT,43,
2026-09-26,03:33,LIGHT,45,
2026-09-26,03:34,LIGHT,43,
2026-09-26,03:35,LIGHT,43,
2026-09-26,03:36,LIGHT,45,
2026-09-26,03:37,DEEP,43,
2026-09-26,03:38,DEEP,43,
2026-09-26,03:39,DEEP,42,
2026-09-26,03:40,LIGHT,43,
2026-09-26,03:41,LIGHT,41,
2026-09-26,03:42,LIGHT,42,
2026-09-26,03:43,WAKE,42,
2026-09-26,03:44,LIGHT,42,
2026-09-26,03:45,LIGHT,43,
2026-09-26,03:46,LIGHT,43,
2026-09-26,03:47,LIGHT,43,
2026-09-26,03:48,LIGHT,43,
2026-09-26,03:49,LIGHT,43,
2026-09-26,03:50,LIGHT,43,
2026-09-26,03:51,LIGHT,43,
2026-09-26,03:52,LIGHT,43,
2026-09-26,03:53,LIGHT,43,
2026-09-26,03:54,LIGHT,43,
2026-09-26,03:55,LIGHT,43,
2026-09-26,03:56,LIGHT,43,
2026-09-26,03:57,LIGHT,43,
2026-09-26,03:58,LIGHT,43,
2026-09-26,03:59,LIGHT,43,
2026-09-26,04:00,LIGHT,43,
2026-09-26,04:01,LIGHT,45,
2026-09-26,04:02,LIGHT,48,
2026-09-26,04:03,LIGHT,42,
2026-09-26,04:04,LIGHT,41,
2026-09-26,04:05,LIGHT,41,
2026-09-26,04:06,LIGHT,41,
2026-09-26,04:07,LIGHT,42,
2026-09-26,04:08,LIGHT,42,
2026-09-26,04:09,LIGHT,42,
2026-09-26,04:10,LIGHT,42,
2026-09-26,04:11,LIGHT,42,
2026-09-26,04:12,LIGHT,42,
2026-09-26,04:13,LIGHT,42,
2026-09-26,04:14,LIGHT,42,
2026-09-26,04:15,LIGHT,42,
2026-09-26,04:16,REM,42,
2026-09-26,04:17,REM,42,
2026-09-26,04:18,REM,42,
2026-09-26,04:19,REM,42,
2026-09-26,04:20,REM,42,
2026-09-26,04:21,REM,42,
2026-09-26,04:22,REM,42,
2026-09-26,04:23,REM,42,
2026-09-26,04:24,REM,42,
2026-09-26,04:25,REM,42,
2026-09-26,04:26,REM,42,
2026-09-26,04:27,REM,42,
2026-09-26,04:28,REM,42,
2026-09-26,04:29,REM,42,
2026-09-26,04:30,REM,42,
2026-09-26,04:31,REM,42,
2026-09-26,04:32,REM,42,
2026-09-26,04:33,REM,42,
2026-09-26,04:34,REM,42,
2026-09-26,04:35,REM,42,
2026-09-26,04:36,REM,42,
2026-09-26,04:37,REM,42,
2026-09-26,04:38,REM,42,
2026-09-26,04:39,REM,42,
2026-09-26,04:40,REM,50,
2026-09-26,04:41,REM,45,
2026-09-26,04:42,REM,51,
2026-09-26,04:43,REM,53,
2026-09-26,04:44,REM,48,
2026-09-26,04:45,REM,41,
2026-09-26,04:46,REM,,
2026-09-26,04:47,REM,,
2026-09-26,04:48,REM,,
2026-09-26,04:49,REM,,
2026-09-26,04:50,REM,,
2026-09-26,04:51,REM,,
2026-09-26,04:52,REM,40,
2026-09-26,04:53,REM,40,
2026-09-26,04:54,REM,40,
2026-09-26,04:55,REM,40,
2026-09-26,04:56,REM,41,
2026-09-26,04:57,REM,40,
2026-09-26,04:58,REM,40,
2026-09-26,04:59,REM,40,
2026-09-26,05:00,REM,41,
2026-09-26,05:01,REM,41,
2026-09-26,05:02,REM,41,
2026-09-26,05:03,REM,41,
2026-09-26,05:04,REM,41,
2026-09-26,05:05,REM,40,
2026-09-26,05:06,REM,41,
2026-09-26,05:07,LIGHT,41,
2026-09-26,05:08,LIGHT,41,
2026-09-26,05:09,LIGHT,41,
2026-09-26,05:10,LIGHT,41,
2026-09-26,05:11,LIGHT,41,
2026-09-26,05:12,LIGHT,41,
2026-09-26,05:13,LIGHT,41,
2026-09-26,05:14,LIGHT,41,
2026-09-26,05:15,LIGHT,41,
2026-09-26,05:16,LIGHT,48,
2026-09-26,05:17,LIGHT,42,
2026-09-26,05:18,LIGHT,40,
2026-09-26,05:19,LIGHT,,
2026-09-26,05:20,LIGHT,41,
2026-09-26,05:21,LIGHT,42,
2026-09-26,05:22,DEEP,42,
2026-09-26,05:23,DEEP,41,
2026-09-26,05:24,DEEP,41,
2026-09-26,05:25,DEEP,41,
2026-09-26,05:26,DEEP,41,
2026-09-26,05:27,DEEP,41,
2026-09-26,05:28,DEEP,41,
2026-09-26,05:29,DEEP,41,
2026-09-26,05:30,DEEP,41,
2026-09-26,05:31,DEEP,41,
2026-09-26,05:32,DEEP,42,
2026-09-26,05:33,DEEP,47,
2026-09-26,05:34,DEEP,42,
2026-09-26,05:35,DEEP,40,
2026-09-26,05:36,DEEP,42,
2026-09-26,05:37,DEEP,43,
2026-09-26,05:38,LIGHT,46,
2026-09-26,05:39,LIGHT,43,
2026-09-26,05:40,LIGHT,43,
2026-09-26,05:41,LIGHT,40,
2026-09-26,05:42,LIGHT,40,
2026-09-26,05:43,LIGHT,43,
2026-09-26,05:44,LIGHT,43,
2026-09-26,05:45,LIGHT,40,
2026-09-26,05:46,DEEP,40,
2026-09-26,05:47,DEEP,,
2026-09-26,05:48,DEEP,,
2026-09-26,05:49,DEEP,43,
2026-09-26,05:50,LIGHT,40,
2026-09-26,05:51,LIGHT,,
2026-09-26,05:52,LIGHT,,
2026-09-26,05:53,LIGHT,,
2026-09-26,05:54,DEEP,,
2026-09-26,05:55,DEEP,,
2026-09-26,05:56,DEEP,,
2026-09-26,05:57,DEEP,,
2026-09-26,05:58,DEEP,,
2026-09-26,05:59,DEEP,,
2026-09-26,06:00,DEEP,,
2026-09-26,06:01,DEEP,,
2026-09-26,06:02,DEEP,,
2026-09-26,06:03,LIGHT,,
2026-09-26,06:04,LIGHT,,
2026-09-26,06:05,LIGHT,,
2026-09-26,06:06,LIGHT,,
2026-09-26,06:07,LIGHT,,
2026-09-26,06:08,LIGHT,,
2026-09-26,06:09,REM,,
2026-09-26,06:10,REM,44,
2026-09-26,06:11,REM,50,
2026-09-26,06:12,REM,42,
2026-09-26,06:13,REM,,
2026-09-26,06:14,REM,,
2026-09-26,06:15,REM,,
2026-09-26,06:16,REM,,
2026-09-26,06:17,REM,,
2026-09-26,06:18,REM,44,
2026-09-26,06:19,REM,40,
2026-09-26,06:20,REM,,
2026-09-26,06:21,REM,,
2026-09-26,06:22,REM,,
2026-09-26,06:23,REM,,
2026-09-26,06:24,REM,,
2026-09-26,06:25,REM,,
2026-09-26,06:26,REM,,
2026-09-26,06:27,REM,40,
2026-09-26,06:28,REM,40,
2026-09-26,06:29,REM,40,
2026-09-26,06:30,REM,40,
2026-09-26,06:31,REM,43,
2026-09-26,06:32,LIGHT,52,
2026-09-26,06:33,LIGHT,43,
2026-09-26,06:34,LIGHT,40,
2026-09-26,06:35,LIGHT,,
2026-09-26,06:36,LIGHT,,
2026-09-26,06:37,LIGHT,,
2026-09-26,06:38,LIGHT,,
2026-09-26,06:39,LIGHT,42,
2026-09-26,06:40,LIGHT,,
2026-09-26,06:41,LIGHT,41,
2026-09-26,06:42,LIGHT,41,
2026-09-26,06:43,LIGHT,,
2026-09-26,06:44,LIGHT,44,
2026-09-26,06:45,LIGHT,,
2026-09-26,06:46,LIGHT,,
2026-09-26,06:47,LIGHT,,
2026-09-26,06:48,LIGHT,40,
2026-09-26,06:49,LIGHT,,
2026-09-26,06:50,LIGHT,46,
2026-09-26,06:51,LIGHT,41,
2026-09-26,06:52,LIGHT,43,
2026-09-26,06:53,LIGHT,41,
2026-09-26,06:54,LIGHT,,
2026-09-26,06:55,LIGHT,,
2026-09-26,06:56,LIGHT,,
2026-09-26,06:57,LIGHT,,
2026-09-26,06:58,LIGHT,,
2026-09-26,06:59,LIGHT,,
2026-09-26,07:00,LIGHT,,
2026-09-26,07:01,WAKE,44,
2026-09-26,07:02,LIGHT,,
2026-09-26,07:03,LIGHT,,
2026-09-26,07:04,LIGHT,,
2026-09-26,07:05,LIGHT,,
2026-09-26,07:06,LIGHT,,
2026-09-26,07:07,LIGHT,40,
2026-09-26,07:08,LIGHT,,
2026-09-26,07:09,LIGHT,,
2026-09-26,07:10,LIGHT,,
2026-09-26,07:11,LIGHT,,
2026-09-26,07:12,LIGHT,,
2026-09-26,07:13,LIGHT,,
2026-09-26,07:14,LIGHT,,
2026-09-26,07:15,LIGHT,,
2026-09-26,07:16,LIGHT,,
2026-09-26,07:17,LIGHT,,
2026-09-26,07:18,LIGHT,,
2026-09-26,07:19,LIGHT,,
2026-09-26,07:20,LIGHT,,
2026-09-26,07:21,LIGHT,,
2026-09-26,07:22,LIGHT,,
2026-09-26,07:23,LIGHT,,
2026-09-26,07:24,LIGHT,,
2026-09-26,07:25,LIGHT,49,
2026-09-26,07:26,LIGHT,46,
2026-09-26,07:27,LIGHT,41,
2026-09-26,07:28,LIGHT,,
2026-09-26,07:29,LIGHT,,
2026-09-26,07:30,LIGHT,43,
2026-09-26,07:31,LIGHT,,
2026-09-26,07:32,LIGHT,,
2026-09-26,07:33,LIGHT,,
2026-09-26,07:34,REM,,
2026-09-26,07:35,REM,,
2026-09-26,07:36,REM,,
2026-09-26,07:37,REM,,
2026-09-26,07:38,REM,41,
2026-09-26,07:39,REM,44,
2026-09-26,07:40,REM,,
2026-09-26,07:41,REM,,
2026-09-26,07:42,REM,40,
2026-09-26,07:43,REM,45,
2026-09-26,07:44,REM,42,
2026-09-26,07:45,REM,42,
2026-09-26,07:46,REM,,
2026-09-26,07:47,REM,,
2026-09-26,07:48,REM,,
2026-09-26,07:49,REM,,
2026-09-26,07:50,REM,40,
2026-09-26,07:51,REM,42,
2026-09-26,07:52,REM,40,
2026-09-26,07:53,REM,,
2026-09-26,07:54,REM,,
2026-09-26,07:55,REM,,
2026-09-26,07:56,REM,44,
2026-09-26,07:57,REM,43,
2026-09-26,07:58,REM,43,
2026-09-26,07:59,REM,47,
2026-09-26,08:00,REM,46,
2026-09-26,08:01,REM,43,
2026-09-26,08:02,REM,41,
2026-09-26,08:03,REM,,
2026-09-26,08:04,REM,43,
2026-09-26,08:05,REM,46,
2026-09-26,08:06,REM,51,
2026-09-26,08:07,REM,50,
2026-09-26,08:08,REM,46,
2026-09-26,08:09,REM,47,
2026-09-26,08:10,REM,46,
2026-09-26,08:11,REM,50,
2026-09-26,08:12,REM,53,
2026-09-26,08:13,REM,47,
2026-09-26,08:14,REM,54,
2026-09-26,08:15,REM,59,
2026-09-26,08:16,REM,59,
2026-09-26,08:17,REM,58,
2026-09-26,08:18,REM,60,
2026-09-26,08:19,REM,58,
2026-09-26,08:20,REM,57,
2026-09-26,08:21,REM,69,
2026-09-26,08:22,LIGHT,82,
2026-09-26,08:23,LIGHT,76,
2026-09-26,08:24,LIGHT,60,
2026-09-26,08:25,LIGHT,57,
2026-09-26,08:26,LIGHT,46,
2026-09-26,08:27,LIGHT,47,
2026-09-26,08:28,LIGHT,44,
2026-09-26,08:29,LIGHT,45,
2026-09-26,08:30,LIGHT,51,
2026-09-26,08:31,LIGHT,63,
2026-09-26,08:32,LIGHT,63,
2026-09-26,08:33,LIGHT,63,
2026-09-26,08:34,LIGHT,70,
2026-09-26,08:35,LIGHT,71,
2026-09-26,08:36,LIGHT,71,
2026-09-26,08:37,LIGHT,72,
2026-09-26,08:38,LIGHT,70,
2026-09-26,08:39,LIGHT,72,
2026-09-26,08:40,LIGHT,70,
2026-09-26,08:41,LIGHT,70,
2026-09-26,08:42,LIGHT,81,
2026-09-26,08:43,LIGHT,81,
2026-09-26,08:44,LIGHT,70,
2026-09-26,08:45,LIGHT,65,
2026-09-26,08:46,LIGHT,67,
2026-09-26,08:47,LIGHT,71,
2026-09-26,08:48,LIGHT,70,
2026-09-26,08:49,LIGHT,64,
2026-09-26,08:50,LIGHT,72,
2026-09-26,08:51,LIGHT,72,
2026-09-26,08:52,LIGHT,74,
2026-09-26,08:53,LIGHT,66,
2026-09-26,08:54,LIGHT,60,
2026-09-26,08:55,LIGHT,58,
2026-09-26,08:56,LIGHT,57,
2026-09-26,08:57,LIGHT,57,
2026-09-26,08:58,LIGHT,60,
2026-09-26,08:59,LIGHT,67,
2026-09-26,09:00,LIGHT,78,
2026-09-26,09:01,LIGHT,83,
2026-09-26,09:02,LIGHT,80,
2026-09-26,09:03,LIGHT,80,
2026-09-26,09:04,LIGHT,62,
2026-09-26,09:05,LIGHT,50,
2026-09-26,09:06,LIGHT,49,
2026-09-26,09:07,LIGHT,49,
2026-09-26,09:08,LIGHT,55,
2026-09-26,09:09,LIGHT,49,
2026-09-26,09:10,LIGHT,51,
2026-09-26,09:11,LIGHT,48,
2026-09-26,09:12,LIGHT,50,
2026-09-26,09:13,LIGHT,52,
2026-09-26,09:14,LIGHT,52,
2026-09-26,09:15,LIGHT,51,
2026-09-26,09:16,WAKE,49,
2026-09-26,09:17,LIGHT,51,
2026-09-26,09:18,LIGHT,53,
2026-09-26,09:19,LIGHT,55,
2026-09-26,09:20,LIGHT,53,
2026-09-26,09:21,LIGHT,50,
2026-09-26,09:22,LIGHT,51,
2026-09-26,09:23,REM,50,
2026-09-26,09:24,REM,52,
2026-09-26,09:25,LIGHT,52,
2026-09-26,09:26,LIGHT,53,
2026-09-26,09:27,LIGHT,63,
2026-09-26,09:28,LIGHT,65,
2026-09-26,09:29,WAKE,60,
2026-09-26,09:30,LIGHT,62,
2026-09-26,09:31,WAKE,65,
2026-09-26,09:32,LIGHT,72,
2026-09-26,09:33,LIGHT,71,
2026-09-26,09:34,LIGHT,67,
2026-09-26,09:35,LIGHT,71,
2026-09-26,09:36,WAKE,74,
2026-09-26,09:37,LIGHT,74,
2026-09-26,09:38,LIGHT,66,
2026-09-26,14:55,LIGHT,49,
2026-09-26,14:56,LIGHT,49,
2026-09-26,14:57,LIGHT,49,
2026-09-26,14:58,LIGHT,51,
2026-09-26,14:59,LIGHT,51,
2026-09-26,15:00,LIGHT,51,
2026-09-26,15:01,LIGHT,53,
2026-09-26,15:02,LIGHT,55,
2026-09-26,15:03,LIGHT,55,
2026-09-26,15:04,LIGHT,56,
2026-09-26,15:05,LIGHT,55,
2026-09-26,15:06,LIGHT,53,
2026-09-26,15:07,LIGHT,54,
2026-09-26,15:08,LIGHT,53,
2026-09-26,15:09,DEEP,52,
2026-09-26,15:10,DEEP,49,
2026-09-26,15:11,DEEP,51,
2026-09-26,15:12,LIGHT,49,
2026-09-26,15:13,LIGHT,48,
2026-09-26,15:14,LIGHT,48,
2026-09-26,15:15,LIGHT,48,
2026-09-26,15:16,LIGHT,50,
2026-09-26,15:17,LIGHT,52,
2026-09-26,15:18,LIGHT,52,
2026-09-26,15:19,DEEP,54,
2026-09-26,15:20,DEEP,50,
2026-09-26,15:21,DEEP,50,
2026-09-26,15:22,DEEP,49,
2026-09-26,15:23,DEEP,49,
2026-09-26,15:24,LIGHT,50,
2026-09-26,15:25,LIGHT,51,
2026-09-26,15:26,LIGHT,51,
2026-09-26,15:27,LIGHT,51,
2026-09-26,15:28,LIGHT,51,
2026-09-27,01:58,LIGHT,49,
2026-09-27,01:59,LIGHT,49,
2026-09-27,02:00,LIGHT,49,
2026-09-27,02:01,LIGHT,48,
2026-09-27,02:02,LIGHT,48,
2026-09-27,02:03,LIGHT,48,
2026-09-27,02:04,LIGHT,53,
2026-09-27,02:05,LIGHT,50,
2026-09-27,02:06,LIGHT,49,
2026-09-27,02:07,LIGHT,49,
2026-09-27,02:08,LIGHT,49,
2026-09-27,02:09,LIGHT,49,
2026-09-27,02:10,LIGHT,49,
2026-09-27,02:11,DEEP,49,
2026-09-27,02:12,DEEP,49,
2026-09-27,02:13,DEEP,49,
2026-09-27,02:14,DEEP,49,
2026-09-27,02:15,DEEP,50,
2026-09-27,02:16,DEEP,55,
2026-09-27,02:17,DEEP,49,
2026-09-27,02:18,LIGHT,48,
2026-09-27,02:19,LIGHT,48,
2026-09-27,02:20,LIGHT,49,
2026-09-27,02:21,LIGHT,51,
2026-09-27,02:22,LIGHT,49,
2026-09-27,02:23,DEEP,49,
2026-09-27,02:24,DEEP,49,
2026-09-27,02:25,DEEP,49,
2026-09-27,02:26,LIGHT,49,
2026-09-27,02:27,LIGHT,51,
2026-09-27,02:28,LIGHT,53,
2026-09-27,02:29,WAKE,52,
2026-09-27,02:30,LIGHT,51,
2026-09-27,02:31,LIGHT,51,
2026-09-27,02:32,LIGHT,51,
2026-09-27,02:33,LIGHT,51,
2026-09-27,02:34,LIGHT,51,
2026-09-27,02:35,LIGHT,53,
2026-09-27,02:36,LIGHT,57,
2026-09-27,02:37,LIGHT,53,
2026-09-27,02:38,LIGHT,51,
2026-09-27,02:39,LIGHT,51,
2026-09-27,02:40,LIGHT,51,
2026-09-27,02:41,WAKE,51,
2026-09-27,02:42,LIGHT,51,
2026-09-27,02:43,LIGHT,51,
2026-09-27,02:44,LIGHT,55,
2026-09-27,02:45,LIGHT,54,
2026-09-27,02:46,LIGHT,53,
2026-09-27,02:47,LIGHT,53,
2026-09-27,02:48,LIGHT,53,
2026-09-27,02:49,LIGHT,53,
2026-09-27,02:50,LIGHT,57,
2026-09-27,02:51,LIGHT,53,
2026-09-27,02:52,LIGHT,51,
2026-09-27,02:53,LIGHT,50,
2026-09-27,02:54,LIGHT,50,
2026-09-27,02:55,LIGHT,52,
2026-09-27,02:56,LIGHT,52,
2026-09-27,02:57,LIGHT,52,
2026-09-27,02:58,LIGHT,52,
2026-09-27,02:59,LIGHT,53,
2026-09-27,03:00,REM,54,
2026-09-27,03:01,REM,56,
2026-09-27,03:02,REM,55,
2026-09-27,03:03,REM,54,
2026-09-27,03:04,REM,54,
2026-09-27,03:05,REM,55,
2026-09-27,03:06,REM,52,
2026-09-27,03:07,REM,54,
2026-09-27,03:08,REM,51,
2026-09-27,03:09,REM,50,
2026-09-27,03:10,REM,50,
2026-09-27,03:11,REM,49,
2026-09-27,03:12,REM,47,
2026-09-27,03:13,REM,47,
2026-09-27,03:14,REM,44,
2026-09-27,03:15,REM,45,
2026-09-27,03:16,REM,47,
2026-09-27,03:17,REM,49,
2026-09-27,03:18,REM,47,
2026-09-27,03:19,REM,46,
2026-09-27,03:20,REM,46,
2026-09-27,03:21,REM,46,
2026-09-27,03:22,REM,46,
2026-09-27,03:23,REM,47,
2026-09-27,03:24,REM,48,
2026-09-27,03:25,REM,48,
2026-09-27,03:26,REM,48,
2026-09-27,03:27,REM,49,
2026-09-27,03:28,REM,49,
2026-09-27,03:29,REM,49,
2026-09-27,03:30,REM,49,
2026-09-27,03:31,REM,51,
2026-09-27,03:32,REM,51,
2026-09-27,03:33,REM,50,
2026-09-27,03:34,REM,51,
2026-09-27,03:35,REM,51,
2026-09-27,03:36,LIGHT,54,
2026-09-27,03:37,LIGHT,51,
2026-09-27,03:38,LIGHT,49,
2026-09-27,03:39,WAKE,48,
2026-09-27,03:40,WAKE,48,
2026-09-27,03:41,LIGHT,48,
2026-09-27,03:42,LIGHT,48,
2026-09-27,03:43,LIGHT,47,
2026-09-27,03:44,LIGHT,47,
2026-09-27,03:45,LIGHT,47,
2026-09-27,03:46,LIGHT,47,
2026-09-27,03:47,LIGHT,47,
2026-09-27,03:48,LIGHT,47,
2026-09-27,03:49,LIGHT,49,
2026-09-27,03:50,LIGHT,51,
2026-09-27,03:51,LIGHT,51,
2026-09-27,03:52,LIGHT,52,
2026-09-27,03:53,LIGHT,55,
2026-09-27,03:54,LIGHT,57,
2026-09-27,03:55,LIGHT,54,
2026-09-27,03:56,LIGHT,52,
2026-09-27,03:57,LIGHT,53,
2026-09-27,03:58,LIGHT,55,
2026-09-27,03:59,LIGHT,51,
2026-09-27,04:00,LIGHT,50,
2026-09-27,04:01,LIGHT,50,
2026-09-27,04:02,LIGHT,49,
2026-09-27,04:03,LIGHT,49,
2026-09-27,04:04,LIGHT,49,
2026-09-27,04:05,LIGHT,48,
2026-09-27,04:06,LIGHT,48,
2026-09-27,04:07,LIGHT,48,
2026-09-27,04:08,LIGHT,48,
2026-09-27,04:09,LIGHT,48,
2026-09-27,04:10,LIGHT,48,
2026-09-27,04:11,LIGHT,48,
2026-09-27,04:12,LIGHT,48,
2026-09-27,04:13,LIGHT,48,
2026-09-27,04:14,LIGHT,48,
2026-09-27,04:15,LIGHT,47,
2026-09-27,04:16,LIGHT,47,
2026-09-27,04:17,LIGHT,47,
2026-09-27,04:18,LIGHT,47,
2026-09-27,04:19,DEEP,47,
2026-09-27,04:20,DEEP,54,
2026-09-27,04:21,DEEP,54,
2026-09-27,04:22,DEEP,48,
2026-09-27,04:23,DEEP,45,
2026-09-27,04:24,DEEP,44,
2026-09-27,04:25,DEEP,46,
2026-09-27,04:26,DEEP,53,
2026-09-27,04:27,DEEP,49,
2026-09-27,04:28,DEEP,46,
2026-09-27,04:29,DEEP,44,
2026-09-27,04:30,DEEP,44,
2026-09-27,04:31,DEEP,44,
2026-09-27,04:32,DEEP,44,
2026-09-27,04:33,DEEP,44,
2026-09-27,04:34,DEEP,44,
2026-09-27,04:35,DEEP,44,
2026-09-27,04:36,DEEP,44,
2026-09-27,04:37,DEEP,44,
2026-09-27,04:38,DEEP,44,
2026-09-27,04:39,DEEP,44,
2026-09-27,04:40,LIGHT,44,
2026-09-27,04:41,LIGHT,45,
2026-09-27,04:42,LIGHT,50,
2026-09-27,04:43,WAKE,45,
2026-09-27,04:44,WAKE,50,
2026-09-27,04:45,WAKE,47,
2026-09-27,04:46,LIGHT,45,
2026-09-27,04:47,LIGHT,45,
2026-09-27,04:48,LIGHT,44,
2026-09-27,04:49,LIGHT,48,
2026-09-27,04:50,LIGHT,45,
2026-09-27,04:51,LIGHT,44,
2026-09-27,04:52,LIGHT,44,
2026-09-27,04:53,LIGHT,44,
2026-09-27,04:54,LIGHT,46,
2026-09-27,04:55,LIGHT,44,
2026-09-27,04:56,LIGHT,44,
2026-09-27,04:57,LIGHT,49,
2026-09-27,04:58,LIGHT,45,
2026-09-27,04:59,LIGHT,45,
2026-09-27,05:00,LIGHT,43,
2026-09-27,05:01,LIGHT,43,
2026-09-27,05:02,LIGHT,44,
2026-09-27,05:03,LIGHT,45,
2026-09-27,05:04,DEEP,43,
2026-09-27,05:05,DEEP,45,
2026-09-27,05:06,DEEP,45,
2026-09-27,05:07,DEEP,43,
2026-09-27,05:08,DEEP,43,
2026-09-27,05:09,DEEP,43,
2026-09-27,05:10,DEEP,43,
2026-09-27,05:11,REM,43,
2026-09-27,05:12,REM,53,
2026-09-27,05:13,REM,46,
2026-09-27,05:14,REM,44,
2026-09-27,05:15,REM,50,
2026-09-27,05:16,REM,44,
2026-09-27,05:17,REM,43,
2026-09-27,05:18,REM,50,
2026-09-27,05:19,REM,46,
2026-09-27,05:20,REM,50,
2026-09-27,05:21,REM,45,
2026-09-27,05:22,REM,50,
2026-09-27,05:23,REM,43,
2026-09-27,05:24,REM,42,
2026-09-27,05:25,REM,41,
2026-09-27,05:26,REM,41,
2026-09-27,05:27,REM,46,
2026-09-27,05:28,REM,43,
2026-09-27,05:29,REM,45,
2026-09-27,05:30,REM,44,
2026-09-27,05:31,REM,42,
2026-09-27,05:32,REM,42,
2026-09-27,05:33,REM,42,
2026-09-27,05:34,REM,43,
2026-09-27,05:35,REM,43,
2026-09-27,05:36,REM,43,
2026-09-27,05:37,REM,43,
2026-09-27,05:38,REM,44,
2026-09-27,05:39,REM,44,
2026-09-27,05:40,REM,44,
2026-09-27,05:41,REM,44,
2026-09-27,05:42,REM,45,
2026-09-27,05:43,REM,45,
2026-09-27,05:44,REM,45,
2026-09-27,05:45,REM,54,
2026-09-27,05:46,LIGHT,64,
2026-09-27,05:47,LIGHT,69,
2026-09-27,05:48,LIGHT,64,
2026-09-27,05:49,LIGHT,64,
2026-09-27,05:50,LIGHT,68,
2026-09-27,05:51,LIGHT,62,
2026-09-27,05:52,LIGHT,65,
2026-09-27,05:53,LIGHT,61,
2026-09-27,05:54,LIGHT,66,
2026-09-27,05:55,LIGHT,67,
2026-09-27,05:56,LIGHT,67,
2026-09-27,05:57,LIGHT,75,
2026-09-27,05:58,LIGHT,87,
2026-09-27,05:59,LIGHT,84,
2026-09-27,06:00,LIGHT,66,
2026-09-27,06:01,LIGHT,71,
2026-09-27,06:02,LIGHT,63,
2026-09-27,06:03,LIGHT,57,
2026-09-27,06:04,LIGHT,55,
2026-09-27,06:05,LIGHT,57,
2026-09-27,06:06,DEEP,62,
2026-09-27,06:07,DEEP,59,
2026-09-27,06:08,DEEP,56,
2026-09-27,06:09,DEEP,59,
2026-09-27,06:10,DEEP,57,
2026-09-27,06:11,LIGHT,58,
2026-09-27,06:12,LIGHT,61,
2026-09-27,06:13,LIGHT,60,
2026-09-27,06:14,LIGHT,57,
2026-09-27,06:15,LIGHT,72,
2026-09-27,06:16,LIGHT,82,
2026-09-27,06:17,LIGHT,82,
2026-09-27,06:18,LIGHT,82,
2026-09-27,06:19,LIGHT,73,
2026-09-27,06:20,LIGHT,70,
2026-09-27,06:21,LIGHT,71,
2026-09-27,06:22,LIGHT,58,
2026-09-27,06:23,LIGHT,62,
2026-09-27,06:24,LIGHT,58,
2026-09-27,06:25,LIGHT,59,
2026-09-27,06:26,LIGHT,74,
2026-09-27,06:27,LIGHT,79,
2026-09-27,06:28,LIGHT,86,
2026-09-27,06:29,LIGHT,86,
2026-09-27,06:30,LIGHT,74,
2026-09-27,06:31,LIGHT,66,
2026-09-27,06:32,LIGHT,63,
2026-09-27,06:33,LIGHT,65,
2026-09-27,06:34,LIGHT,72,
2026-09-27,06:35,LIGHT,78,
2026-09-27,06:36,LIGHT,78,
2026-09-27,06:37,LIGHT,83,
2026-09-27,06:38,LIGHT,78,
2026-09-27,06:39,LIGHT,69,
2026-09-27,06:40,LIGHT,65,
2026-09-27,06:41,REM,65,
2026-09-27,06:42,REM,66,
2026-09-27,06:43,REM,65,
2026-09-27,06:44,REM,62,
2026-09-27,06:45,REM,66,
2026-09-27,06:46,REM,64,
2026-09-27,06:47,REM,62,
2026-09-27,06:48,REM,63,
2026-09-27,06:49,REM,67,
2026-09-27,06:50,REM,63,
2026-09-27,06:51,REM,69,
2026-09-27,06:52,REM,69,
2026-09-27,06:53,REM,63,
2026-09-27,06:54,LIGHT,64,
2026-09-27,06:55,LIGHT,61,
2026-09-27,06:56,LIGHT,62,
2026-09-27,06:57,LIGHT,61,
2026-09-27,06:58,LIGHT,59,
2026-09-27,06:59,LIGHT,74,
2026-09-27,07:00,LIGHT,83,
2026-09-27,07:01,LIGHT,78,
2026-09-27,07:02,LIGHT,83,
2026-09-27,07:03,LIGHT,75,
2026-09-27,07:04,LIGHT,73,
2026-09-27,07:05,LIGHT,78,
2026-09-27,07:06,LIGHT,75,
2026-09-27,07:07,LIGHT,76,
2026-09-27,07:08,LIGHT,82,
2026-09-27,07:09,LIGHT,80,
2026-09-27,07:10,LIGHT,74,
2026-09-27,07:11,LIGHT,71,
2026-09-27,07:12,LIGHT,66,
2026-09-27,07:13,LIGHT,63,
2026-09-27,07:14,LIGHT,65,
2026-09-27,07:15,LIGHT,62,
2026-09-27,07:16,LIGHT,64,
2026-09-27,07:17,LIGHT,64,
2026-09-27,07:18,LIGHT,64,
2026-09-27,07:19,LIGHT,64,
2026-09-27,07:20,LIGHT,65,
2026-09-27,07:21,LIGHT,67,
2026-09-27,07:22,LIGHT,65,
2026-09-27,07:23,LIGHT,62,
2026-09-27,07:24,LIGHT,62,
2026-09-27,07:25,LIGHT,64,
2026-09-27,07:26,WAKE,66,
2026-09-27,07:27,WAKE,66,
2026-09-27,07:28,LIGHT,63,
2026-09-27,07:29,LIGHT,65,
2026-09-27,07:30,LIGHT,65,
2026-09-27,07:31,LIGHT,59,
2026-09-27,07:32,LIGHT,58,
2026-09-27,07:33,LIGHT,61,
2026-09-27,07:34,LIGHT,65,
2026-09-27,07:35,LIGHT,69,
2026-09-27,07:36,LIGHT,64,
2026-09-27,07:37,LIGHT,63,
2026-09-27,07:38,LIGHT,63,
2026-09-27,07:39,LIGHT,63,
2026-09-27,07:40,LIGHT,63,
2026-09-27,07:41,LIGHT,61,
2026-09-27,07:42,LIGHT,66,
2026-09-27,07:43,LIGHT,75,
2026-09-27,07:44,LIGHT,72,
2026-09-27,07:45,LIGHT,75,
2026-09-27,07:46,WAKE,77,
2026-09-27,07:47,LIGHT,82,
2026-09-27,07:48,LIGHT,84,
2026-09-27,07:49,LIGHT,80,
2026-09-27,07:50,LIGHT,80,
2026-09-27,07:51,LIGHT,87,
2026-09-27,07:52,LIGHT,85,
2026-09-27,07:53,LIGHT,81,
2026-09-27,07:54,LIGHT,83,
2026-09-27,07:55,LIGHT,83,
2026-09-27,07:56,LIGHT,80,
2026-09-27,14:00,LIGHT,,
2026-09-27,14:01,LIGHT,,
2026-09-27,14:02,LIGHT,,
2026-09-27,14:03,LIGHT,,
2026-09-27,14:04,LIGHT,,
2026-09-27,14:05,LIGHT,,
2026-09-27,14:06,LIGHT,,
2026-09-27,14:07,DEEP,,
2026-09-27,14:08,DEEP,,
2026-09-27,14:09,DEEP,,
2026-09-27,14:10,DEEP,,
2026-09-27,14:11,DEEP,,
2026-09-27,14:12,DEEP,,
2026-09-27,14:13,DEEP,,
2026-09-27,14:14,DEEP,82,
2026-09-27,14:15,DEEP,78,
2026-09-27,14:16,DEEP,80,
2026-09-27,14:17,LIGHT,84,
2026-09-27,14:18,LIGHT,84,
2026-09-27,14:19,LIGHT,81,
2026-09-27,14:20,LIGHT,86,
2026-09-27,14:21,DEEP,68,
2026-09-27,14:22,DEEP,69,
2026-09-27,14:23,DEEP,76,
2026-09-27,14:24,DEEP,77,
2026-09-27,14:25,DEEP,84,
2026-09-27,14:26,DEEP,82,
2026-09-27,14:27,DEEP,77,
2026-09-27,14:28,DEEP,63,
2026-09-27,14:29,DEEP,60,
2026-09-27,14:30,LIGHT,57,
2026-09-27,14:31,LIGHT,58,
2026-09-27,14:32,LIGHT,58,
2026-09-27,14:33,LIGHT,57,
2026-09-27,14:34,LIGHT,58,
2026-09-27,14:35,LIGHT,60,
2026-09-27,14:36,LIGHT,62,
2026-09-27,14:37,LIGHT,64,
2026-09-27,14:38,LIGHT,64,
2026-09-27,14:39,LIGHT,60,
2026-09-27,14:40,LIGHT,61,
2026-09-27,14:41,LIGHT,61,
2026-09-27,14:42,LIGHT,63,
2026-09-27,14:43,LIGHT,63,
2026-09-27,14:44,LIGHT,59,
2026-09-27,14:45,LIGHT,60,
2026-09-27,14:46,LIGHT,59,
2026-09-27,14:47,REM,57,
2026-09-27,14:48,REM,59,
2026-09-27,14:49,REM,60,
2026-09-27,14:50,REM,62,
2026-09-27,14:51,REM,59,
2026-09-27,14:52,REM,61,
2026-09-27,14:53,REM,61,
2026-09-27,14:54,REM,64,
2026-09-27,14:55,REM,61,
2026-09-27,14:56,REM,59,
2026-09-27,14:57,REM,63,
2026-09-27,14:58,REM,66,
2026-09-27,14:59,REM,64,
2026-09-27,15:00,REM,59,
2026-09-27,15:01,REM,60,
2026-09-27,15:02,REM,62,
2026-09-27,15:03,REM,65,
2026-09-27,15:04,REM,62,
2026-09-27,15:05,REM,65,
2026-09-27,15:06,REM,64,
2026-09-27,15:07,REM,63,
2026-09-27,15:08,REM,66,
2026-09-27,15:09,REM,66,
2026-09-27,15:10,REM,60,
2026-09-27,15:11,REM,62,
2026-09-27,15:12,REM,70,
2026-09-27,15:13,REM,64,
2026-09-27,15:14,REM,61,
2026-09-27,15:15,REM,74,
2026-09-27,15:16,REM,79,
2026-09-27,15:17,REM,70,
2026-09-27,15:18,REM,64,
2026-09-27,15:19,REM,69,
2026-09-27,15:20,REM,71,
2026-09-27,15:21,LIGHT,68,
2026-09-27,15:22,LIGHT,68,
2026-09-27,15:23,LIGHT,67,
2026-09-27,15:24,LIGHT,67,
2026-09-27,15:25,LIGHT,64,
2026-09-27,15:26,LIGHT,64,
2026-09-27,15:27,LIGHT,63,
2026-09-27,15:28,LIGHT,67,
2026-09-27,15:29,LIGHT,62,
2026-09-27,15:30,LIGHT,58,
2026-09-27,15:31,LIGHT,61,
2026-09-27,15:32,LIGHT,60,
2026-09-27,15:33,LIGHT,60,
2026-09-27,15:34,LIGHT,57,
2026-09-27,15:35,LIGHT,62,
2026-09-27,15:36,LIGHT,64,
2026-09-27,15:37,LIGHT,66,
2026-09-27,15:38,LIGHT,68,
2026-09-27,15:39,LIGHT,68,
2026-09-27,15:40,LIGHT,72,
2026-09-27,15:41,LIGHT,72,
2026-09-27,15:42,LIGHT,73,
2026-09-27,15:43,LIGHT,71,
2026-09-27,15:44,LIGHT,73,
2026-09-27,15:45,LIGHT,73,
2026-09-27,15:46,LIGHT,70,
2026-09-27,15:47,LIGHT,71,
2026-09-27,15:48,LIGHT,74,
2026-09-27,15:49,LIGHT,68,
2026-09-27,15:50,LIGHT,66,
2026-09-27,15:51,LIGHT,63,
2026-09-27,15:52,LIGHT,63,
2026-09-27,15:53,LIGHT,63,
2026-09-27,15:54,LIGHT,66,
2026-09-27,15:55,LIGHT,62,
2026-09-27,15:56,LIGHT,62,
2026-09-27,15:57,LIGHT,62,
2026-09-27,15:58,LIGHT,68,
2026-09-27,15:59,LIGHT,68,
2026-09-27,16:00,LIGHT,74,
2026-09-27,16:01,DEEP,77,
2026-09-27,16:02,DEEP,74,
2026-09-27,16:03,DEEP,79,
2026-09-27,16:04,DEEP,79,
2026-09-27,16:05,DEEP,74,
2026-09-27,16:06,DEEP,73,
2026-09-27,16:07,DEEP,70,
2026-09-27,16:08,DEEP,74,
2026-09-27,16:09,DEEP,81,
2026-09-27,16:10,DEEP,86,
2026-09-27,16:11,DEEP,87,
2026-09-27,16:12,DEEP,76,
2026-09-27,16:13,DEEP,68,
2026-09-27,16:14,DEEP,68,
2026-09-27,16:15,LIGHT,65,
2026-09-27,16:16,LIGHT,65,
2026-09-27,16:17,LIGHT,65,
2026-09-27,16:18,WAKE,65,
2026-09-27,16:19,LIGHT,77,
2026-09-27,16:20,LIGHT,78,
2026-09-27,16:21,LIGHT,91,
2026-09-27,16:22,LIGHT,83,
2026-09-27,16:23,LIGHT,80,
2026-09-27,16:24,LIGHT,76,
2026-09-27,16:25,LIGHT,73,
2026-09-27,16:26,LIGHT,69,
2026-09-27,16:27,LIGHT,64,
2026-09-27,16:28,LIGHT,68,
2026-09-27,16:29,LIGHT,75,
2026-09-27,16:30,WAKE,72,
2026-09-27,16:31,LIGHT,72,
2026-09-27,16:32,LIGHT,74,
2026-09-27,16:33,WAKE,81,
2026-09-27,16:34,LIGHT,83,
2026-09-27,16:35,LIGHT,79,
2026-09-27,16:36,LIGHT,80,
2026-09-28,00:31,LIGHT,54,
2026-09-28,00:32,LIGHT,55,
2026-09-28,00:33,LIGHT,52,
2026-09-28,00:34,LIGHT,54,
2026-09-28,00:35,LIGHT,56,
2026-09-28,00:36,LIGHT,53,
2026-09-28,00:37,LIGHT,52,
2026-09-28,00:38,LIGHT,52,
2026-09-28,00:39,LIGHT,55,
2026-09-28,00:40,LIGHT,55,
2026-09-28,00:41,LIGHT,55,
2026-09-28,00:42,LIGHT,55,
2026-09-28,00:43,LIGHT,52,
2026-09-28,00:44,LIGHT,53,
2026-09-28,00:45,LIGHT,53,
2026-09-28,00:46,LIGHT,52,
2026-09-28,00:47,LIGHT,51,
2026-09-28,00:48,LIGHT,51,
2026-09-28,00:49,LIGHT,51,
2026-09-28,00:50,LIGHT,53,
2026-09-28,00:51,LIGHT,53,
2026-09-28,00:52,LIGHT,53,
2026-09-28,00:53,LIGHT,58,
2026-09-28,00:54,LIGHT,55,
2026-09-28,00:55,LIGHT,52,
2026-09-28,00:56,LIGHT,52,
2026-09-28,00:57,LIGHT,52,
2026-09-28,00:58,DEEP,53,
2026-09-28,00:59,DEEP,53,
2026-09-28,01:00,DEEP,53,
2026-09-28,01:01,DEEP,55,
2026-09-28,01:02,DEEP,53,
2026-09-28,01:03,DEEP,53,
2026-09-28,01:04,DEEP,52,
2026-09-28,01:05,DEEP,52,
2026-09-28,01:06,DEEP,51,
2026-09-28,01:07,DEEP,51,
2026-09-28,01:08,DEEP,52,
2026-09-28,01:09,DEEP,54,
2026-09-28,01:10,DEEP,53,
2026-09-28,01:11,DEEP,55,
2026-09-28,01:12,DEEP,53,
2026-09-28,01:13,DEEP,52,
2026-09-28,01:14,DEEP,51,
2026-09-28,01:15,DEEP,53,
2026-09-28,01:16,DEEP,63,
2026-09-28,01:17,DEEP,57,
2026-09-28,01:18,DEEP,59,
2026-09-28,01:19,DEEP,,
2026-09-28,01:20,DEEP,,
2026-09-28,01:21,DEEP,,
2026-09-28,01:22,DEEP,,
2026-09-28,01:23,DEEP,,
2026-09-28,01:24,DEEP,,
2026-09-28,01:25,DEEP,,
2026-09-28,01:26,DEEP,,
2026-09-28,01:27,DEEP,,
2026-09-28,01:28,LIGHT,,
2026-09-28,01:29,LIGHT,,
2026-09-28,01:30,LIGHT,,
2026-09-28,01:31,LIGHT,,
2026-09-28,01:32,LIGHT,,
2026-09-28,01:33,LIGHT,,
2026-09-28,01:34,REM,,
2026-09-28,01:35,REM,,
2026-09-28,01:36,REM,63,
2026-09-28,01:37,REM,75,
2026-09-28,01:38,REM,80,
2026-09-28,01:39,REM,88,
2026-09-28,01:40,REM,91,
2026-09-28,01:41,REM,90,
2026-09-28,01:42,REM,64,
2026-09-28,01:43,REM,55,
2026-09-28,01:44,REM,50,
2026-09-28,01:45,REM,52,
2026-09-28,01:46,REM,55,
2026-09-28,01:47,LIGHT,49,
2026-09-28,01:48,LIGHT,51,
2026-09-28,01:49,LIGHT,49,
2026-09-28,01:50,LIGHT,49,
2026-09-28,01:51,LIGHT,48,
2026-09-28,01:52,LIGHT,46,
2026-09-28,01:53,LIGHT,46,
2026-09-28,01:54,LIGHT,48,
2026-09-28,01:55,LIGHT,48,
2026-09-28,01:56,LIGHT,48,
2026-09-28,01:57,LIGHT,48,
2026-09-28,01:58,LIGHT,49,
2026-09-28,01:59,LIGHT,49,
2026-09-28,02:00,LIGHT,48,
2026-09-28,02:01,LIGHT,48,
2026-09-28,02:02,LIGHT,48,
2026-09-28,02:03,LIGHT,48,
2026-09-28,02:04,LIGHT,49,
2026-09-28,02:05,LIGHT,50,
2026-09-28,02:06,LIGHT,50,
2026-09-28,02:07,LIGHT,50,
2026-09-28,02:08,LIGHT,49,
2026-09-28,02:09,LIGHT,49,
2026-09-28,02:10,LIGHT,56,
2026-09-28,02:11,LIGHT,48,
2026-09-28,02:12,LIGHT,47,
2026-09-28,02:13,LIGHT,46,
2026-09-28,02:14,LIGHT,46,
2026-09-28,02:15,LIGHT,46,
2026-09-28,02:16,LIGHT,46,
2026-09-28,02:17,LIGHT,46,
2026-09-28,02:18,LIGHT,46,
2026-09-28,02:19,LIGHT,46,
2026-09-28,02:20,LIGHT,46,
2026-09-28,02:21,LIGHT,46,
2026-09-28,02:22,LIGHT,46,
2026-09-28,02:23,LIGHT,46,
2026-09-28,02:24,LIGHT,46,
2026-09-28,02:25,LIGHT,46,
2026-09-28,02:26,LIGHT,46,
2026-09-28,02:27,LIGHT,46,
2026-09-28,02:28,LIGHT,50,
2026-09-28,02:29,LIGHT,52,
2026-09-28,02:30,LIGHT,48,
2026-09-28,02:31,LIGHT,48,
2026-09-28,02:32,LIGHT,48,
2026-09-28,02:33,LIGHT,48,
2026-09-28,02:34,LIGHT,48,
2026-09-28,02:35,LIGHT,48,
2026-09-28,02:36,LIGHT,48,
2026-09-28,02:37,LIGHT,48,
2026-09-28,02:38,LIGHT,48,
2026-09-28,02:39,LIGHT,53,
2026-09-28,02:40,LIGHT,53,
2026-09-28,02:41,LIGHT,52,
2026-09-28,02:42,LIGHT,47,
2026-09-28,02:43,LIGHT,45,
2026-09-28,02:44,LIGHT,45,
2026-09-28,02:45,LIGHT,47,
2026-09-28,02:46,LIGHT,52,
2026-09-28,02:47,LIGHT,52,
2026-09-28,02:48,LIGHT,51,
2026-09-28,02:49,LIGHT,51,
2026-09-28,02:50,LIGHT,52,
2026-09-28,02:51,WAKE,52,
2026-09-28,02:52,LIGHT,53,
2026-09-28,02:53,LIGHT,53,
2026-09-28,02:54,LIGHT,53,
2026-09-28,02:55,REM,53,
2026-09-28,02:56,REM,53,
2026-09-28,02:57,REM,53,
2026-09-28,02:58,REM,53,
2026-09-28,02:59,REM,54,
2026-09-28,03:00,REM,55,
2026-09-28,03:01,REM,54,
2026-09-28,03:02,REM,54,
2026-09-28,03:03,REM,54,
2026-09-28,03:04,REM,54,
2026-09-28,03:05,REM,53,
2026-09-28,03:06,REM,53,
2026-09-28,03:07,REM,53,
2026-09-28,03:08,REM,53,
2026-09-28,03:09,REM,53,
2026-09-28,03:10,REM,52,
2026-09-28,03:11,REM,51,
2026-09-28,03:12,REM,51,
2026-09-28,03:13,REM,50,
2026-09-28,03:14,REM,50,
2026-09-28,03:15,REM,50,
2026-09-28,03:16,REM,50,
2026-09-28,03:17,REM,50,
2026-09-28,03:18,REM,54,
2026-09-28,03:19,REM,51,
2026-09-28,03:20,REM,47,
2026-09-28,03:21,REM,45,
2026-09-28,03:22,REM,45,
2026-09-28,03:23,REM,45,
2026-09-28,03:24,REM,45,
2026-09-28,03:25,REM,45,
2026-09-28,03:26,REM,46,
2026-09-28,03:27,REM,46,
2026-09-28,03:28,REM,46,
2026-09-28,03:29,REM,46,
2026-09-28,03:30,REM,46,
2026-09-28,03:31,REM,47,
2026-09-28,03:32,REM,48,
2026-09-28,03:33,REM,48,
2026-09-28,03:34,REM,47,
2026-09-28,03:35,REM,46,
2026-09-28,03:36,REM,46,
2026-09-28,03:37,REM,46,
2026-09-28,03:38,LIGHT,46,
2026-09-28,03:39,LIGHT,46,
2026-09-28,03:40,LIGHT,46,
2026-09-28,03:41,LIGHT,47,
2026-09-28,03:42,LIGHT,47,
2026-09-28,03:43,LIGHT,47,
2026-09-28,03:44,LIGHT,47,
2026-09-28,03:45,LIGHT,48,
2026-09-28,03:46,LIGHT,50,
2026-09-28,03:47,LIGHT,49,
2026-09-28,03:48,LIGHT,49,
2026-09-28,03:49,LIGHT,48,
2026-09-28,03:50,LIGHT,48,
2026-09-28,03:51,LIGHT,48,
2026-09-28,03:52,LIGHT,48,
2026-09-28,03:53,LIGHT,48,
2026-09-28,03:54,LIGHT,48,
2026-09-28,03:55,LIGHT,48,
2026-09-28,03:56,LIGHT,48,
2026-09-28,03:57,LIGHT,48,
2026-09-28,03:58,LIGHT,47,
2026-09-28,03:59,LIGHT,47,
2026-09-28,04:00,LIGHT,47,
2026-09-28,04:01,LIGHT,48,
2026-09-28,04:02,LIGHT,48,
2026-09-28,04:03,LIGHT,48,
2026-09-28,04:04,DEEP,48,
2026-09-28,04:05,DEEP,50,
2026-09-28,04:06,DEEP,51,
2026-09-28,04:07,DEEP,53,
2026-09-28,04:08,DEEP,63,
2026-09-28,04:09,DEEP,63,
2026-09-28,04:10,DEEP,50,
2026-09-28,04:11,DEEP,50,
2026-09-28,04:12,DEEP,45,
2026-09-28,04:13,DEEP,45,
2026-09-28,04:14,DEEP,46,
2026-09-28,04:15,DEEP,46,
2026-09-28,04:16,DEEP,48,
2026-09-28,04:17,DEEP,48,
2026-09-28,04:18,DEEP,49,
2026-09-28,04:19,DEEP,49,
2026-09-28,04:20,DEEP,51,
2026-09-28,04:21,DEEP,53,
2026-09-28,04:22,LIGHT,46,
2026-09-28,04:23,LIGHT,46,
2026-09-28,04:24,LIGHT,48,
2026-09-28,04:25,LIGHT,48,
2026-09-28,04:26,LIGHT,48,
2026-09-28,04:27,LIGHT,47,
2026-09-28,04:28,LIGHT,47,
2026-09-28,04:29,LIGHT,46,
2026-09-28,04:30,LIGHT,46,
2026-09-28,04:31,LIGHT,46,
2026-09-28,04:32,LIGHT,47,
2026-09-28,04:33,LIGHT,47,
2026-09-28,04:34,LIGHT,48,
2026-09-28,04:35,LIGHT,48,
2026-09-28,04:36,LIGHT,46,
2026-09-28,04:37,LIGHT,48,
2026-09-28,04:38,LIGHT,47,
2026-09-28,04:39,LIGHT,47,
2026-09-28,04:40,LIGHT,46,
2026-09-28,04:41,LIGHT,48,
2026-09-28,04:42,LIGHT,54,
2026-09-28,04:43,LIGHT,47,
2026-09-28,04:44,LIGHT,45,
2026-09-28,04:45,LIGHT,45,
2026-09-28,04:46,LIGHT,45,
2026-09-28,04:47,LIGHT,45,
2026-09-28,04:48,LIGHT,45,
2026-09-28,04:49,LIGHT,45,
2026-09-28,04:50,LIGHT,45,
2026-09-28,04:51,LIGHT,46,
2026-09-28,04:52,LIGHT,46,
2026-09-28,04:53,LIGHT,46,
2026-09-28,04:54,LIGHT,46,
2026-09-28,04:55,LIGHT,46,
2026-09-28,04:56,LIGHT,46,
2026-09-28,04:57,LIGHT,46,
2026-09-28,04:58,LIGHT,46,
2026-09-28,04:59,LIGHT,46,
2026-09-28,05:00,LIGHT,46,
2026-09-28,05:01,LIGHT,46,
2026-09-28,05:02,LIGHT,46,
2026-09-28,05:03,LIGHT,47,
2026-09-28,05:04,LIGHT,47,
2026-09-28,05:05,LIGHT,47,
2026-09-28,05:06,LIGHT,47,
2026-09-28,05:07,LIGHT,47,
2026-09-28,05:08,LIGHT,46,
2026-09-28,05:09,LIGHT,46,
2026-09-28,05:10,LIGHT,46,
2026-09-28,05:11,LIGHT,46,
2026-09-28,05:12,LIGHT,46,
2026-09-28,05:13,WAKE,46,
2026-09-28,05:14,WAKE,46,
2026-09-28,05:15,LIGHT,46,
2026-09-28,05:16,WAKE,46,
2026-09-28,05:17,LIGHT,45,
2026-09-28,05:18,LIGHT,45,
2026-09-28,05:19,WAKE,45,
2026-09-28,05:20,LIGHT,45,
2026-09-28,05:21,WAKE,45,
2026-09-28,05:22,WAKE,45,
2026-09-28,05:23,WAKE,45,
2026-09-28,05:24,LIGHT,45,
2026-09-28,05:25,LIGHT,45,
2026-09-28,05:26,LIGHT,45,
2026-09-28,05:27,LIGHT,45,
2026-09-28,05:28,LIGHT,55,
2026-09-28,05:29,LIGHT,63,
2026-09-28,05:30,LIGHT,57,
2026-09-28,05:31,LIGHT,49,
2026-09-28,05:32,LIGHT,45,
2026-09-28,05:33,LIGHT,49,
2026-09-28,05:34,LIGHT,47,
2026-09-28,05:35,LIGHT,45,
2026-09-28,05:36,LIGHT,47,
2026-09-28,05:37,LIGHT,43,
2026-09-28,05:38,LIGHT,46,
2026-09-28,05:39,LIGHT,48,
2026-09-28,05:40,LIGHT,53,
2026-09-28,05:41,LIGHT,58,
2026-09-28,05:42,LIGHT,53,
2026-09-28,05:43,LIGHT,46,
2026-09-28,05:44,LIGHT,44,
2026-09-28,05:45,LIGHT,44,
2026-09-29,01:52,LIGHT,,
2026-09-29,01:53,LIGHT,,
2026-09-29,01:54,LIGHT,,
2026-09-29,01:55,LIGHT,,
2026-09-29,01:56,LIGHT,,
2026-09-29,01:57,LIGHT,,
2026-09-29,01:58,LIGHT,,
2026-09-29,01:59,LIGHT,,
2026-09-29,02:00,LIGHT,,
2026-09-29,02:01,LIGHT,,
2026-09-29,02:02,LIGHT,,
2026-09-29,02:03,LIGHT,,
2026-09-29,02:04,DEEP,,
2026-09-29,02:05,DEEP,,
2026-09-29,02:06,DEEP,,
2026-09-29,02:07,LIGHT,,
2026-09-29,02:08,LIGHT,,
2026-09-29,02:09,LIGHT,,
2026-09-29,02:10,LIGHT,,
2026-09-29,02:11,LIGHT,,
2026-09-29,02:12,LIGHT,,
2026-09-29,02:13,LIGHT,,
2026-09-29,02:14,LIGHT,,
2026-09-29,02:15,DEEP,,
2026-09-29,02:16,DEEP,,
2026-09-29,02:17,DEEP,,
2026-09-29,02:18,DEEP,,
2026-09-29,02:19,DEEP,,
2026-09-29,02:20,DEEP,,
2026-09-29,02:21,DEEP,,
2026-09-29,02:22,DEEP,,
2026-09-29,02:23,DEEP,,
2026-09-29,02:24,DEEP,,
2026-09-29,02:25,DEEP,,
2026-09-29,02:26,DEEP,,
2026-09-29,02:27,DEEP,,
2026-09-29,02:28,DEEP,,
2026-09-29,02:29,DEEP,,
2026-09-29,02:30,LIGHT,,
2026-09-29,02:31,LIGHT,,
2026-09-29,02:32,LIGHT,,
2026-09-29,02:33,LIGHT,,
2026-09-29,02:34,DEEP,,
2026-09-29,02:35,DEEP,,
2026-09-29,02:36,DEEP,,
2026-09-29,02:37,DEEP,,
2026-09-29,02:38,DEEP,,
2026-09-29,02:39,DEEP,,
2026-09-29,02:40,DEEP,,
2026-09-29,02:41,LIGHT,,
2026-09-29,02:42,LIGHT,,
2026-09-29,02:43,LIGHT,,
2026-09-29,02:44,LIGHT,,
2026-09-29,02:45,LIGHT,,
2026-09-29,02:46,LIGHT,,
2026-09-29,02:47,LIGHT,,
2026-09-29,02:48,LIGHT,,
2026-09-29,02:49,LIGHT,,
2026-09-29,02:50,LIGHT,,
2026-09-29,02:51,REM,,
2026-09-29,02:52,REM,,
2026-09-29,02:53,REM,,
2026-09-29,02:54,REM,,
2026-09-29,02:55,REM,,
2026-09-29,02:56,REM,,
2026-09-29,02:57,REM,,
2026-09-29,02:58,REM,,
2026-09-29,02:59,REM,,
2026-09-29,03:00,REM,,
2026-09-29,03:01,REM,,
2026-09-29,03:02,REM,,
2026-09-29,03:03,REM,,
2026-09-29,03:04,REM,,
2026-09-29,03:05,REM,,
2026-09-29,03:06,REM,,
2026-09-29,03:07,REM,,
2026-09-29,03:08,REM,,
2026-09-29,03:09,REM,,
2026-09-29,03:10,REM,,
2026-09-29,03:11,REM,,
2026-09-29,03:12,LIGHT,,
2026-09-29,03:13,LIGHT,,
2026-09-29,03:14,LIGHT,,
2026-09-29,03:15,LIGHT,,
2026-09-29,03:16,LIGHT,,
2026-09-29,03:17,LIGHT,,
2026-09-29,03:18,LIGHT,,
2026-09-29,03:19,LIGHT,,
2026-09-29,03:20,LIGHT,,
2026-09-29,03:21,LIGHT,,
2026-09-29,03:22,LIGHT,,
2026-09-29,03:23,LIGHT,,
2026-09-29,03:24,LIGHT,,
2026-09-29,03:25,LIGHT,,
2026-09-29,03:26,LIGHT,,
2026-09-29,03:27,LIGHT,,
2026-09-29,03:28,LIGHT,,
2026-09-29,03:29,LIGHT,,
2026-09-29,03:30,LIGHT,,
2026-09-29,03:31,LIGHT,,
2026-09-29,03:32,LIGHT,,
2026-09-29,03:33,LIGHT,,
2026-09-29,03:34,DEEP,,
2026-09-29,03:35,DEEP,,
2026-09-29,03:36,DEEP,,
2026-09-29,03:37,DEEP,,
2026-09-29,03:38,DEEP,,
2026-09-29,03:39,DEEP,,
2026-09-29,03:40,DEEP,,
2026-09-29,03:41,DEEP,,
2026-09-29,03:42,DEEP,,
2026-09-29,03:43,DEEP,,
2026-09-29,03:44,DEEP,,
2026-09-29,03:45,DEEP,,
2026-09-29,03:46,DEEP,,
2026-09-29,03:47,DEEP,,
2026-09-29,03:48,DEEP,,
2026-09-29,03:49,DEEP,,
2026-09-29,03:50,DEEP,,
2026-09-29,03:51,DEEP,,
2026-09-29,03:52,DEEP,,
2026-09-29,03:53,DEEP,,
2026-09-29,03:54,DEEP,,
2026-09-29,03:55,DEEP,,
2026-09-29,03:56,DEEP,,
2026-09-29,03:57,DEEP,,
2026-09-29,03:58,DEEP,,
2026-09-29,03:59,DEEP,,
2026-09-29,04:00,DEEP,,
2026-09-29,04:01,DEEP,,
2026-09-29,04:02,DEEP,,
2026-09-29,04:03,DEEP,,
2026-09-29,04:04,DEEP,,
2026-09-29,04:05,DEEP,,
2026-09-29,04:06,LIGHT,,
2026-09-29,04:07,LIGHT,,
2026-09-29,04:08,LIGHT,,
2026-09-29,04:09,WAKE,,
2026-09-29,04:10,WAKE,,
2026-09-29,04:11,LIGHT,,
2026-09-29,04:12,LIGHT,,
2026-09-29,04:13,LIGHT,,
2026-09-29,04:14,LIGHT,,
2026-09-29,04:15,LIGHT,,
2026-09-29,04:16,LIGHT,,
2026-09-29,04:17,REM,,
2026-09-29,04:18,REM,,
2026-09-29,04:19,REM,,
2026-09-29,04:20,REM,,
2026-09-29,04:21,REM,,
2026-09-29,04:22,REM,,
2026-09-29,04:23,REM,,
2026-09-29,04:24,REM,,
2026-09-29,04:25,REM,,
2026-09-29,04:26,REM,,
2026-09-29,04:27,REM,,
2026-09-29,04:28,REM,,
2026-09-29,04:29,REM,,
2026-09-29,04:30,REM,,
2026-09-29,04:31,REM,,
2026-09-29,04:32,REM,,
2026-09-29,04:33,REM,,
2026-09-29,04:34,REM,,
2026-09-29,04:35,REM,,
2026-09-29,04:36,REM,,
2026-09-29,04:37,REM,,
2026-09-29,04:38,REM,,
2026-09-29,04:39,REM,,
2026-09-29,04:40,REM,,
2026-09-29,04:41,LIGHT,,
2026-09-29,04:42,LIGHT,,
2026-09-29,04:43,LIGHT,,
2026-09-29,04:44,LIGHT,,
2026-09-29,04:45,LIGHT,,
2026-09-29,04:46,LIGHT,,
2026-09-29,04:47,LIGHT,,
2026-09-29,04:48,LIGHT,,
2026-09-29,04:49,LIGHT,,
2026-09-29,04:50,LIGHT,,
2026-09-29,04:51,LIGHT,,
2026-09-29,04:52,LIGHT,,
2026-09-29,04:53,LIGHT,,
2026-09-29,04:54,LIGHT,,
2026-09-29,04:55,LIGHT,,
2026-09-29,04:56,LIGHT,,
2026-09-29,04:57,LIGHT,,
2026-09-29,04:58,LIGHT,,
2026-09-29,04:59,LIGHT,,
2026-09-29,05:00,LIGHT,,
2026-09-29,05:01,LIGHT,,
2026-09-29,05:02,LIGHT,,
2026-09-29,05:03,LIGHT,,
2026-09-29,05:04,LIGHT,,
2026-09-29,05:05,LIGHT,,
2026-09-29,05:06,LIGHT,,
2026-09-29,05:07,LIGHT,,
2026-09-29,05:08,LIGHT,,
2026-09-29,05:09,DEEP,,
2026-09-29,05:10,DEEP,,
2026-09-29,05:11,DEEP,,
2026-09-29,05:12,DEEP,,
2026-09-29,05:13,DEEP,,
2026-09-29,05:14,DEEP,,
2026-09-29,05:15,DEEP,,
2026-09-29,05:16,DEEP,,
2026-09-29,05:17,DEEP,,
2026-09-29,05:18,DEEP,,
2026-09-29,05:19,DEEP,,
2026-09-29,05:20,DEEP,,
2026-09-29,05:21,DEEP,,
2026-09-29,05:22,DEEP,,
2026-09-29,05:23,DEEP,,
2026-09-29,05:24,DEEP,,
2026-09-29,05:25,DEEP,,
2026-09-29,05:26,LIGHT,,
2026-09-29,05:27,LIGHT,,
2026-09-29,05:28,LIGHT,,
2026-09-29,05:29,WAKE,,
2026-09-29,05:30,WAKE,,
2026-09-29,05:31,WAKE,,
2026-09-29,05:32,LIGHT,,
2026-09-29,05:33,LIGHT,,
2026-09-29,05:34,LIGHT,,
2026-09-29,05:35,LIGHT,,
2026-09-29,05:36,LIGHT,,
2026-09-29,05:37,LIGHT,,
2026-09-29,05:38,LIGHT,,
2026-09-29,05:39,LIGHT,,
2026-09-29,05:40,LIGHT,,
2026-09-29,05:41,LIGHT,,
2026-09-29,05:42,LIGHT,,
2026-09-29,05:43,LIGHT,,
2026-09-29,05:44,LIGHT,,
2026-09-29,05:45,LIGHT,,
2026-09-29,05:46,LIGHT,,
2026-09-29,05:47,LIGHT,,
2026-09-29,05:48,LIGHT,,
2026-09-29,05:49,WAKE,,
2026-09-29,05:50,WAKE,,
2026-09-29,05:51,LIGHT,,
2026-09-29,05:52,LIGHT,,
2026-09-29,05:53,LIGHT,,
2026-09-29,05:54,LIGHT,,
2026-09-29,05:55,LIGHT,,
2026-09-29,05:56,LIGHT,,
2026-09-29,05:57,WAKE,,
2026-09-29,05:58,LIGHT,,
2026-09-29,05:59,LIGHT,,
2026-09-29,06:00,LIGHT,,
2026-09-29,06:01,LIGHT,,
2026-09-29,06:02,LIGHT,,
2026-09-29,06:03,LIGHT,,
2026-09-29,06:04,LIGHT,,
2026-09-29,06:05,LIGHT,,
2026-09-29,06:06,LIGHT,,
2026-09-29,06:07,LIGHT,,
2026-09-29,06:08,LIGHT,,
2026-09-29,06:09,LIGHT,,
2026-09-29,06:10,LIGHT,,
2026-09-29,06:11,WAKE,,
2026-09-29,06:12,LIGHT,,
2026-09-29,06:13,LIGHT,,
2026-09-29,06:14,LIGHT,,
2026-09-29,06:15,LIGHT,,
2026-09-29,06:16,LIGHT,,
2026-09-29,06:17,LIGHT,,
2026-09-29,06:18,LIGHT,,
2026-09-29,06:19,LIGHT,,
2026-09-29,06:20,LIGHT,,
2026-09-29,06:21,WAKE,,
2026-09-29,06:22,LIGHT,,
2026-09-29,06:23,LIGHT,,
2026-09-29,06:24,LIGHT,,
2026-09-29,06:25,LIGHT,,
2026-09-29,06:26,LIGHT,,
2026-09-29,06:27,LIGHT,,
2026-09-29,06:28,LIGHT,,
2026-09-29,06:29,LIGHT,,
2026-09-29,06:30,LIGHT,,
2026-09-29,14:39,LIGHT,,
2026-09-29,14:40,LIGHT,,
2026-09-29,14:41,LIGHT,,
2026-09-29,14:42,LIGHT,,
2026-09-29,14:43,LIGHT,,
2026-09-29,14:44,LIGHT,,
2026-09-29,14:45,LIGHT,,
2026-09-29,14:46,LIGHT,,
2026-09-29,14:47,LIGHT,,
2026-09-29,14:48,LIGHT,,
2026-09-29,14:49,LIGHT,,
2026-09-29,14:50,LIGHT,,
2026-09-29,14:51,LIGHT,,
2026-09-29,14:52,DEEP,,
2026-09-29,14:53,DEEP,,
2026-09-29,14:54,DEEP,,
2026-09-29,14:55,DEEP,,
2026-09-29,14:56,DEEP,,
2026-09-29,14:57,DEEP,,
2026-09-29,14:58,DEEP,,
2026-09-29,14:59,DEEP,,
2026-09-29,15:00,DEEP,,
2026-09-29,15:01,DEEP,,
2026-09-29,15:02,DEEP,,
2026-09-29,15:03,DEEP,,
2026-09-29,15:04,DEEP,,
2026-09-29,15:05,DEEP,,
2026-09-29,15:06,DEEP,,
2026-09-29,15:07,DEEP,,
2026-09-29,15:08,DEEP,,
2026-09-29,15:09,DEEP,,
2026-09-29,15:10,DEEP,,
2026-09-29,15:11,DEEP,,
2026-09-29,15:12,DEEP,,
2026-09-29,15:13,DEEP,,
2026-09-29,15:14,DEEP,,
2026-09-29,15:15,DEEP,,
2026-09-29,15:16,DEEP,,
2026-09-29,15:17,DEEP,,
2026-09-29,15:18,DEEP,,
2026-09-29,15:19,DEEP,,
2026-09-29,15:20,DEEP,,
2026-09-29,15:21,DEEP,,
2026-09-29,15:22,DEEP,,
2026-09-29,15:23,DEEP,,
2026-09-29,15:24,LIGHT,,
2026-09-29,15:25,LIGHT,,
2026-09-29,15:26,LIGHT,,
2026-09-29,15:27,LIGHT,,
2026-09-29,15:28,LIGHT,,
2026-09-29,15:29,REM,,
2026-09-29,15:30,REM,,
2026-09-29,15:31,REM,,
2026-09-29,15:32,REM,,
2026-09-29,15:33,REM,,
2026-09-29,15:34,REM,,
2026-09-29,15:35,REM,,
2026-09-29,15:36,REM,,
2026-09-29,15:37,REM,,
2026-09-29,15:38,REM,,
2026-09-29,15:39,REM,,
2026-09-29,15:40,REM,,
2026-09-29,15:41,REM,,
2026-09-29,15:42,REM,,
2026-09-29,15:43,REM,,
2026-09-29,15:44,REM,,
2026-09-29,15:45,REM,,
2026-09-29,15:46,REM,,
2026-09-29,15:47,REM,,
2026-09-29,15:48,REM,,
2026-09-29,15:49,REM,,
2026-09-29,15:50,REM,,
2026-09-29,15:51,REM,,
2026-09-29,15:52,REM,,
2026-09-29,15:53,REM,,
2026-09-29,15:54,REM,,
2026-09-29,15:55,REM,,
2026-09-29,15:56,REM,,
2026-09-29,15:57,LIGHT,,
2026-09-29,15:58,LIGHT,,
2026-09-29,15:59,LIGHT,,
2026-09-29,16:00,WAKE,,
2026-09-29,16:01,WAKE,,
2026-09-29,16:02,LIGHT,,
2026-09-29,16:03,LIGHT,,
2026-09-29,16:04,LIGHT,,
2026-09-29,16:05,LIGHT,,
2026-09-29,16:06,LIGHT,,
2026-09-29,16:07,LIGHT,,
2026-09-29,16:08,LIGHT,,
2026-09-29,16:09,LIGHT,,
2026-09-29,16:10,LIGHT,,
2026-09-29,16:11,LIGHT,,
2026-09-29,16:12,LIGHT,,
2026-09-29,16:13,LIGHT,,
2026-09-29,16:14,LIGHT,,
2026-09-29,16:15,LIGHT,,
2026-09-29,16:16,LIGHT,,
2026-09-29,16:17,LIGHT,,
2026-09-29,16:18,LIGHT,,
2026-09-29,16:19,LIGHT,,
2026-09-29,16:20,LIGHT,,
2026-09-29,16:21,LIGHT,,
2026-09-29,16:22,LIGHT,,
2026-09-29,16:23,LIGHT,,
2026-09-29,16:24,LIGHT,,
2026-09-29,16:25,LIGHT,,
2026-09-29,16:26,LIGHT,,
2026-09-29,16:27,LIGHT,,
2026-09-29,16:28,LIGHT,,
2026-09-29,16:29,LIGHT,,
2026-09-29,16:30,LIGHT,,
