date,time,steps
2026-05-12,00:00,20
2026-05-12,00:01,7
2026-05-12,00:07,18
2026-05-12,00:08,9
2026-05-12,00:18,7
2026-05-12,00:19,11
2026-05-12,00:20,54
2026-05-12,00:21,8
2026-05-12,00:22,40
2026-05-12,00:25,6
2026-05-12,00:43,8
2026-05-12,01:46,8
2026-05-12,01:49,8
2026-05-12,01:50,6
2026-05-12,02:11,3
2026-05-12,05:02,8
2026-05-12,05:03,28
2026-05-12,11:36,7
2026-05-12,11:37,18
2026-05-12,11:38,17
2026-05-12,11:39,28
2026-05-12,11:40,1
2026-05-12,12:05,8
2026-05-12,12:06,61
2026-05-12,12:07,13
2026-05-12,12:11,6
2026-05-12,12:30,26
2026-05-12,12:37,36
2026-05-12,12:38,79
2026-05-12,12:41,23
2026-05-12,12:42,38
2026-05-12,12:43,20
2026-05-12,13:04,6
2026-05-12,13:05,21
2026-05-12,13:11,11
2026-05-12,14:12,39
2026-05-12,15:08,13
2026-05-12,15:23,25
2026-05-12,15:26,20
2026-05-12,15:27,6
2026-05-12,15:29,5
2026-05-12,15:30,23
2026-05-12,15:32,25
2026-05-12,15:33,28
2026-05-12,15:38,3
2026-05-12,15:57,11
2026-05-12,17:03,5
2026-05-12,17:04,14
2026-05-12,17:20,10
2026-05-12,17:46,31
2026-05-12,17:49,5
2026-05-12,17:55,18
2026-05-12,17:56,8
2026-05-12,19:08,9
2026-05-12,19:17,3
2026-05-12,19:38,15
2026-05-12,19:39,7
2026-05-12,19:49,6
2026-05-12,19:50,16
2026-05-12,19:51,7
2026-05-12,20:08,19
2026-05-12,20:12,22
2026-05-12,20:15,5
2026-05-12,20:16,19
2026-05-12,20:32,49
2026-05-12,20:34,13
2026-05-12,20:35,14
2026-05-12,21:18,10
2026-05-12,21:19,8
2026-05-12,21:20,19
2026-05-12,21:21,17
2026-05-12,21:22,62
2026-05-12,21:23,14
2026-05-12,21:32,3
2026-05-12,21:35,5
2026-05-12,21:38,7
2026-05-12,21:46,20
2026-05-12,21:56,39
2026-05-12,22:30,44
2026-05-12,22:31,7
2026-05-12,22:33,19
2026-05-12,22:34,52
2026-05-12,22:35,4
2026-05-12,22:42,92
2026-05-12,22:43,22
2026-05-12,22:46,44
2026-05-12,22:47,27
2026-05-12,22:48,44
2026-05-12,22:49,37
2026-05-12,22:55,7
2026-05-12,22:59,22
2026-05-12,23:00,50
2026-05-12,23:01,52
2026-05-12,23:03,26
2026-05-12,23:07,23
2026-05-12,23:08,43
2026-05-12,23:09,32
2026-05-12,23:16,33
2026-05-12,23:26,19
2026-05-12,23:27,82
2026-05-12,23:28,26
2026-05-12,23:29,8
2026-05-12,23:30,9
2026-05-12,23:37,14
2026-05-12,23:38,71
2026-05-12,23:39,57
2026-05-12,23:40,65
2026-05-12,23:41,72
2026-05-12,23:44,12
2026-05-12,23:45,22
2026-05-12,23:46,36
2026-05-12,23:53,22
2026-05-12,23:54,3
2026-05-12,23:58,4
2026-05-13,00:47,3
2026-05-13,00:57,5
2026-05-13,01:32,9
2026-05-13,01:43,4
2026-05-13,01:44,2
2026-05-13,01:51,5
2026-05-13,02:54,4
2026-05-13,02:55,15
2026-05-13,11:23,31
2026-05-13,11:56,28
2026-05-13,11:57,26
2026-05-13,11:58,62
2026-05-13,11:59,26
2026-05-13,12:00,46
2026-05-13,12:07,10
2026-05-13,12:08,12
2026-05-13,12:09,27
2026-05-13,12:10,52
2026-05-13,12:11,33
2026-05-13,12:12,29
2026-05-13,12:27,23
2026-05-13,12:34,8
2026-05-13,12:35,21
2026-05-13,12:46,12
2026-05-13,12:47,1
2026-05-13,12:59,19
2026-05-13,13:00,32
2026-05-13,13:17,6
2026-05-13,13:46,5
2026-05-13,13:47,12
2026-05-13,13:57,15
2026-05-13,14:02,35
2026-05-13,14:10,8
2026-05-13,14:13,17
2026-05-13,14:22,7
2026-05-13,14:31,7
2026-05-13,14:32,7
2026-05-13,14:46,8
2026-05-13,14:48,7
2026-05-13,14:49,5
2026-05-13,14:50,5
2026-05-13,15:00,11
2026-05-13,15:05,19
2026-05-13,15:07,51
2026-05-13,15:08,63
2026-05-13,15:09,12
2026-05-13,15:11,57
2026-05-13,15:12,14
2026-05-13,15:13,33
2026-05-13,15:33,38
2026-05-13,15:34,80
2026-05-13,15:35,8
2026-05-13,15:38,14
2026-05-13,15:39,53
2026-05-13,15:41,5
2026-05-13,15:43,13
2026-05-13,15:48,9
2026-05-13,15:49,11
2026-05-13,16:00,17
2026-05-13,16:01,32
2026-05-13,16:02,59
2026-05-13,16:07,48
2026-05-13,16:08,94
2026-05-13,16:09,68
2026-05-13,16:15,3
2026-05-13,16:18,61
2026-05-13,16:19,61
2026-05-13,16:20,11
2026-05-13,16:24,3
2026-05-13,16:25,58
2026-05-13,16:26,35
2026-05-13,16:27,7
2026-05-13,16:49,19
2026-05-13,16:51,7
2026-05-13,16:52,16
2026-05-13,16:53,11
2026-05-13,16:55,67
2026-05-13,17:06,5
2026-05-13,17:07,118
2026-05-13,17:08,72
2026-05-13,17:09,110
2026-05-13,17:10,17
2026-05-13,17:14,17
2026-05-13,17:15,60
2026-05-13,17:16,19
2026-05-13,17:17,100
2026-05-13,17:19,111
2026-05-13,17:22,110
2026-05-13,17:23,114
2026-05-13,17:24,112
2026-05-13,17:25,117
2026-05-13,17:26,74
2026-05-13,17:27,96
2026-05-13,17:28,30
2026-05-13,17:29,42
2026-05-13,17:30,112
2026-05-13,17:31,106
2026-05-13,17:32,97
2026-05-13,17:33,89
2026-05-13,17:34,107
2026-05-13,17:35,73
2026-05-13,17:36,60
2026-05-13,17:37,93
2026-05-13,17:38,100
2026-05-13,17:39,70
2026-05-13,17:40,82
2026-05-13,17:41,76
2026-05-13,17:42,47
2026-05-13,17:43,103
2026-05-13,17:44,53
2026-05-13,17:45,85
2026-05-13,17:46,76
2026-05-13,17:47,65
2026-05-13,17:48,6
2026-05-13,17:49,11
2026-05-13,17:51,7
2026-05-13,17:53,6
2026-05-13,17:54,1
2026-05-13,17:55,5
2026-05-13,17:56,54
2026-05-13,17:57,102
2026-05-13,17:58,61
2026-05-13,17:59,71
2026-05-13,18:00,15
2026-05-13,18:01,101
2026-05-13,18:02,103
2026-05-13,18:03,64
2026-05-13,18:04,61
2026-05-13,18:05,82
2026-05-13,18:07,111
2026-05-13,18:08,97
2026-05-13,18:09,101
2026-05-13,18:10,99
2026-05-13,18:11,109
2026-05-13,18:12,69
2026-05-13,18:15,24
2026-05-13,18:16,58
2026-05-13,18:17,22
2026-05-13,18:18,20
2026-05-13,18:19,28
2026-05-13,18:21,34
2026-05-13,18:22,42
2026-05-13,18:23,85
2026-05-13,18:24,96
2026-05-13,18:25,108
2026-05-13,18:26,39
2026-05-13,18:27,74
2026-05-13,18:28,90
2026-05-13,18:29,116
2026-05-13,18:30,100
2026-05-13,18:31,54
2026-05-13,18:32,108
2026-05-13,18:33,112
2026-05-13,18:34,112
2026-05-13,18:35,95
2026-05-13,18:36,69
2026-05-13,18:37,76
2026-05-13,18:38,35
2026-05-13,18:39,86
2026-05-13,18:40,47
2026-05-13,18:42,66
2026-05-13,18:43,110
2026-05-13,18:44,107
2026-05-13,18:45,116
2026-05-13,18:46,67
2026-05-13,18:47,43
2026-05-13,18:48,109
2026-05-13,18:49,54
2026-05-13,18:50,38
2026-05-13,18:51,113
2026-05-13,18:52,76
2026-05-13,18:53,97
2026-05-13,18:54,101
2026-05-13,18:55,97
2026-05-13,18:56,102
2026-05-13,18:57,94
2026-05-13,18:58,52
2026-05-13,18:59,97
2026-05-13,19:00,61
2026-05-13,19:01,13
2026-05-13,19:02,44
2026-05-13,19:03,19
2026-05-13,19:06,8
2026-05-13,19:11,3
2026-05-13,19:12,26
2026-05-13,19:13,112
2026-05-13,19:14,60
2026-05-13,19:15,38
2026-05-13,19:16,80
2026-05-13,19:17,97
2026-05-13,19:18,12
2026-05-13,19:44,76
2026-05-13,19:45,78
2026-05-13,19:46,41
2026-05-13,20:45,7
2026-05-13,20:46,28
2026-05-13,20:47,28
2026-05-13,20:48,24
2026-05-13,20:49,29
2026-05-13,20:50,14
2026-05-13,21:26,12
2026-05-13,21:27,14
2026-05-13,21:28,9
2026-05-13,21:29,9
2026-05-13,21:44,7
2026-05-13,22:00,12
2026-05-13,22:29,12
2026-05-13,22:32,21
2026-05-13,22:33,5
2026-05-13,23:22,9
2026-05-14,01:00,6
2026-05-14,01:29,8
2026-05-14,01:45,8
2026-05-14,01:57,9
2026-05-14,02:07,18
2026-05-14,02:09,6
2026-05-14,02:15,3
2026-05-14,02:16,7
2026-05-14,02:45,6
2026-05-14,02:50,7
2026-05-14,05:08,11
2026-05-14,10:33,6
2026-05-14,13:17,9
2026-05-14,13:18,3
2026-05-14,13:20,11
2026-05-14,13:21,18
2026-05-14,13:23,34
2026-05-14,13:24,70
2026-05-14,13:25,78
2026-05-14,13:26,1
2026-05-14,13:47,41
2026-05-14,13:53,30
2026-05-14,13:54,12
2026-05-14,14:07,7
2026-05-14,14:16,11
2026-05-14,14:17,86
2026-05-14,14:18,86
2026-05-14,14:19,13
2026-05-14,14:21,12
2026-05-14,14:22,1
2026-05-14,14:23,7
2026-05-14,14:26,17
2026-05-14,14:27,3
2026-05-14,14:31,12
2026-05-14,14:40,8
2026-05-14,14:42,10
2026-05-14,14:44,6
2026-05-14,14:45,12
2026-05-14,14:49,45
2026-05-14,14:50,75
2026-05-14,14:51,38
2026-05-14,14:55,39
2026-05-14,15:01,17
2026-05-14,15:02,10
2026-05-14,15:06,17
2026-05-14,15:12,24
2026-05-14,15:24,3
2026-05-14,15:26,5
2026-05-14,15:33,6
2026-05-14,15:34,39
2026-05-14,15:35,8
2026-05-14,15:36,20
2026-05-14,15:39,12
2026-05-14,15:42,9
2026-05-14,15:47,16
2026-05-14,15:53,7
2026-05-14,17:11,6
2026-05-14,17:14,29
2026-05-14,17:15,7
2026-05-14,17:16,39
2026-05-14,17:17,11
2026-05-14,17:19,8
2026-05-14,17:26,25
2026-05-14,17:45,27
2026-05-14,17:46,1
2026-05-14,18:03,41
2026-05-14,18:04,13
2026-05-14,18:05,1
2026-05-14,18:08,25
2026-05-14,18:29,17
2026-05-14,18:30,17
2026-05-14,18:31,6
2026-05-14,18:33,38
2026-05-14,18:34,62
2026-05-14,18:43,69
2026-05-14,18:44,36
2026-05-14,18:48,9
2026-05-14,18:50,11
2026-05-14,18:51,8
2026-05-14,18:53,11
2026-05-14,18:54,59
2026-05-14,19:01,46
2026-05-14,19:02,33
2026-05-14,19:05,42
2026-05-14,19:06,33
2026-05-14,19:08,38
2026-05-14,19:10,9
2026-05-14,19:12,23
2026-05-14,19:13,16
2026-05-14,19:14,14
2026-05-14,19:15,27
2026-05-14,19:16,1
2026-05-14,19:17,6
2026-05-14,19:18,13
2026-05-14,19:19,7
2026-05-14,19:20,8
2026-05-14,19:21,25
2026-05-14,19:22,20
2026-05-14,19:23,7
2026-05-14,19:27,5
2026-05-14,19:28,16
2026-05-14,19:31,6
2026-05-14,19:32,13
2026-05-14,19:38,14
2026-05-14,19:39,2
2026-05-14,19:40,35
2026-05-14,19:44,38
2026-05-14,19:45,12
2026-05-14,19:47,6
2026-05-14,19:48,10
2026-05-14,20:00,54
2026-05-14,20:01,59
2026-05-14,20:02,24
2026-05-14,20:12,12
2026-05-14,20:13,70
2026-05-14,20:14,25
2026-05-14,20:16,6
2026-05-14,20:19,14
2026-05-14,20:20,9
2026-05-14,20:39,3
2026-05-14,20:52,78
2026-05-14,21:36,8
2026-05-14,21:38,11
2026-05-14,21:40,74
2026-05-14,21:41,45
2026-05-14,22:13,54
2026-05-14,22:45,6
2026-05-14,22:57,39
2026-05-14,22:58,25
2026-05-14,23:00,8
2026-05-14,23:04,7
2026-05-14,23:15,9
2026-05-14,23:24,3
2026-05-14,23:39,19
2026-05-14,23:40,16
2026-05-15,00:00,45
2026-05-15,00:48,3
2026-05-15,00:53,9
2026-05-15,00:54,69
2026-05-15,01:03,14
2026-05-15,01:05,21
2026-05-15,01:06,29
2026-05-15,01:07,6
2026-05-15,02:35,6
2026-05-15,03:02,7
2026-05-15,03:21,11
2026-05-15,03:23,26
2026-05-15,03:24,23
2026-05-15,03:52,14
2026-05-15,03:57,20
2026-05-15,03:58,4
2026-05-15,04:05,5
2026-05-15,12:51,8
2026-05-15,12:55,10
2026-05-15,13:02,20
2026-05-15,13:28,27
2026-05-15,13:38,14
2026-05-15,13:39,46
2026-05-15,13:52,17
2026-05-15,14:11,11
2026-05-15,15:18,10
2026-05-15,15:21,9
2026-05-15,15:22,19
2026-05-15,15:23,18
2026-05-15,15:24,6
2026-05-15,15:26,27
2026-05-15,15:27,8
2026-05-15,15:29,43
2026-05-15,15:30,10
2026-05-15,15:31,33
2026-05-15,15:32,31
2026-05-15,15:51,31
2026-05-15,15:52,8
2026-05-15,15:53,5
2026-05-15,15:54,26
2026-05-15,15:55,13
2026-05-15,15:56,6
2026-05-15,16:04,21
2026-05-15,16:05,15
2026-05-15,16:06,7
2026-05-15,16:07,19
2026-05-15,16:08,13
2026-05-15,16:09,7
2026-05-15,16:10,12
2026-05-15,16:12,30
2026-05-15,16:13,38
2026-05-15,16:14,36
2026-05-15,16:17,6
2026-05-15,16:18,3
2026-05-15,16:25,12
2026-05-15,16:29,10
2026-05-15,16:30,29
2026-05-15,16:33,9
2026-05-15,16:34,10
2026-05-15,16:35,7
2026-05-15,16:36,9
2026-05-15,16:37,45
2026-05-15,16:38,15
2026-05-15,16:40,19
2026-05-15,16:41,42
2026-05-15,16:42,26
2026-05-15,16:43,12
2026-05-15,16:47,8
2026-05-15,16:48,7
2026-05-15,16:50,10
2026-05-15,16:51,8
2026-05-15,16:52,22
2026-05-15,16:54,8
2026-05-15,16:58,61
2026-05-15,16:59,64
2026-05-15,17:00,7
2026-05-15,17:06,15
2026-05-15,17:08,13
2026-05-15,17:10,36
2026-05-15,17:12,9
2026-05-15,17:17,6
2026-05-15,17:25,6
2026-05-15,17:26,7
2026-05-15,17:29,7
2026-05-15,17:31,13
2026-05-15,17:33,7
2026-05-15,17:36,9
2026-05-15,17:39,7
2026-05-15,17:41,22
2026-05-15,17:47,10
2026-05-15,17:48,57
2026-05-15,17:49,7
2026-05-15,17:50,17
2026-05-15,17:51,25
2026-05-15,17:52,59
2026-05-15,17:53,5
2026-05-15,18:02,16
2026-05-15,18:14,10
2026-05-15,18:15,7
2026-05-15,18:16,5
2026-05-15,18:18,9
2026-05-15,18:19,3
2026-05-15,18:21,18
2026-05-15,18:22,17
2026-05-15,18:23,7
2026-05-15,18:26,7
2026-05-15,18:35,9
2026-05-15,19:22,25
2026-05-15,19:54,16
2026-05-15,19:55,53
2026-05-15,20:08,7
2026-05-15,20:13,61
2026-05-15,20:14,50
2026-05-15,20:15,8
2026-05-15,20:16,1
2026-05-15,20:18,21
2026-05-15,20:19,32
2026-05-15,20:20,12
2026-05-15,20:21,19
2026-05-15,20:24,6
2026-05-15,20:30,8
2026-05-15,20:31,33
2026-05-15,20:32,32
2026-05-15,20:33,39
2026-05-15,20:35,5
2026-05-15,20:36,11
2026-05-15,20:39,14
2026-05-15,20:40,65
2026-05-15,20:41,81
2026-05-15,20:42,11
2026-05-15,20:45,4
2026-05-15,20:49,12
2026-05-15,20:56,7
2026-05-15,20:57,12
2026-05-15,21:01,10
2026-05-15,21:02,53
2026-05-15,21:03,1
2026-05-15,21:06,22
2026-05-15,21:07,4
2026-05-15,21:14,16
2026-05-15,21:15,16
2026-05-15,21:16,3
2026-05-15,21:20,8
2026-05-15,21:21,49
2026-05-15,21:25,21
2026-05-15,21:26,17
2026-05-15,21:27,7
2026-05-15,21:39,12
2026-05-15,21:41,72
2026-05-15,21:42,22
2026-05-15,21:43,16
2026-05-15,21:44,11
2026-05-15,21:45,16
2026-05-15,21:49,34
2026-05-15,21:50,9
2026-05-15,21:51,28
2026-05-15,21:52,34
2026-05-15,21:53,32
2026-05-15,21:54,11
2026-05-15,22:02,11
2026-05-15,22:22,21
2026-05-15,22:23,11
2026-05-15,22:24,33
2026-05-15,22:45,28
2026-05-15,22:57,10
2026-05-15,22:58,14
2026-05-15,22:59,42
2026-05-15,23:00,66
2026-05-15,23:01,88
2026-05-15,23:02,62
2026-05-15,23:03,6
2026-05-15,23:04,3
2026-05-15,23:06,19
2026-05-15,23:07,54
2026-05-15,23:10,21
2026-05-15,23:17,7
2026-05-15,23:20,14
2026-05-15,23:24,50
2026-05-15,23:25,24
2026-05-15,23:26,15
2026-05-15,23:27,6
2026-05-16,00:08,6
2026-05-16,00:24,13
2026-05-16,00:25,7
2026-05-16,00:28,8
2026-05-16,00:30,9
2026-05-16,00:31,7
2026-05-16,01:16,21
2026-05-16,01:32,4
2026-05-16,01:33,1
2026-05-16,02:04,11
2026-05-16,02:36,9
2026-05-16,02:37,14
2026-05-16,02:39,7
2026-05-16,02:40,1
2026-05-16,02:41,5
2026-05-16,02:42,1
2026-05-16,02:43,9
2026-05-16,02:44,1
2026-05-16,02:49,7
2026-05-16,02:51,56
2026-05-16,02:52,29
2026-05-16,03:09,10
2026-05-16,10:51,7
2026-05-16,12:24,14
2026-05-16,12:41,7
2026-05-16,12:44,11
2026-05-16,13:00,9
2026-05-16,13:21,27
2026-05-16,13:22,84
2026-05-16,13:37,20
2026-05-16,13:49,27
2026-05-16,13:50,14
2026-05-16,13:53,32
2026-05-16,13:54,29
2026-05-16,13:55,20
2026-05-16,13:56,9
2026-05-16,13:58,35
2026-05-16,14:13,30
2026-05-16,14:29,58
2026-05-16,14:37,21
2026-05-16,14:38,3
2026-05-16,14:39,7
2026-05-16,14:40,6
2026-05-16,14:46,5
2026-05-16,14:47,9
2026-05-16,14:56,7
2026-05-16,14:59,35
2026-05-16,15:06,3
2026-05-16,16:22,9
2026-05-16,17:02,11
2026-05-16,17:03,8
2026-05-16,17:07,39
2026-05-16,17:08,8
2026-05-16,17:09,20
2026-05-16,17:22,6
2026-05-16,17:23,15
2026-05-16,17:25,10
2026-05-16,17:28,3
2026-05-16,17:33,19
2026-05-16,17:34,21
2026-05-16,17:35,34
2026-05-16,17:36,13
2026-05-16,17:38,7
2026-05-16,17:40,8
2026-05-16,17:41,48
2026-05-16,17:42,52
2026-05-16,17:43,73
2026-05-16,17:44,10
2026-05-16,17:50,9
2026-05-16,18:10,87
2026-05-16,18:11,110
2026-05-16,18:12,111
2026-05-16,18:13,82
2026-05-16,18:14,112
2026-05-16,18:15,97
2026-05-16,18:16,125
2026-05-16,18:17,60
2026-05-16,18:18,46
2026-05-16,18:19,37
2026-05-16,18:20,11
2026-05-16,19:01,69
2026-05-16,19:02,6
2026-05-16,19:05,34
2026-05-16,20:04,4
2026-05-16,20:05,90
2026-05-16,20:06,34
2026-05-16,20:07,108
2026-05-16,20:08,38
2026-05-16,20:09,55
2026-05-16,20:10,65
2026-05-16,20:11,27
2026-05-16,20:12,10
2026-05-16,20:13,81
2026-05-16,20:14,112
2026-05-16,20:15,74
2026-05-16,20:16,106
2026-05-16,20:17,100
2026-05-16,20:18,98
2026-05-16,20:19,99
2026-05-16,20:20,99
2026-05-16,20:21,43
2026-05-16,20:39,7
2026-05-16,20:40,5
2026-05-16,20:41,85
2026-05-16,20:42,1
2026-05-16,20:43,19
2026-05-16,21:20,19
2026-05-16,21:21,3
2026-05-16,21:56,23
2026-05-16,22:07,9
2026-05-16,22:08,30
2026-05-16,22:09,31
2026-05-16,22:22,11
2026-05-16,22:28,10
2026-05-16,22:30,6
2026-05-16,22:31,7
2026-05-16,22:32,7
2026-05-16,22:36,9
2026-05-16,22:39,50
2026-05-16,22:40,3
2026-05-16,22:41,10
2026-05-16,22:42,48
2026-05-16,22:43,41
2026-05-16,22:49,6
2026-05-16,22:51,5
2026-05-16,22:54,12
2026-05-16,22:55,73
2026-05-16,22:56,14
2026-05-16,22:57,38
2026-05-16,23:01,5
2026-05-16,23:06,84
2026-05-16,23:07,62
2026-05-16,23:09,71
2026-05-16,23:11,50
2026-05-16,23:13,21
2026-05-16,23:15,9
2026-05-16,23:17,5
2026-05-16,23:19,34
2026-05-16,23:20,14
2026-05-16,23:23,39
2026-05-16,23:24,9
2026-05-16,23:26,7
2026-05-16,23:31,10
2026-05-16,23:34,7
2026-05-16,23:38,3
2026-05-16,23:40,7
2026-05-16,23:42,10
2026-05-16,23:44,9
2026-05-16,23:51,9
2026-05-16,23:53,7
2026-05-16,23:54,3
2026-05-16,23:59,50
2026-05-17,00:00,8
2026-05-17,00:04,22
2026-05-17,00:06,26
2026-05-17,00:07,23
2026-05-17,00:11,25
2026-05-17,00:19,39
2026-05-17,00:20,1
2026-05-17,00:21,21
2026-05-17,00:24,39
2026-05-17,00:25,70
2026-05-17,00:27,53
2026-05-17,00:34,53
2026-05-17,00:35,14
2026-05-17,00:36,1
2026-05-17,00:39,27
2026-05-17,00:40,31
2026-05-17,00:41,43
2026-05-17,00:42,44
2026-05-17,00:43,86
2026-05-17,00:44,68
2026-05-17,00:45,28
2026-05-17,00:48,61
2026-05-17,00:49,88
2026-05-17,00:50,8
2026-05-17,00:51,19
2026-05-17,00:52,115
2026-05-17,00:53,107
2026-05-17,00:54,86
2026-05-17,00:55,24
2026-05-17,00:56,43
2026-05-17,00:57,19
2026-05-17,00:58,106
2026-05-17,00:59,11
2026-05-17,01:00,6
2026-05-17,01:01,110
2026-05-17,01:02,97
2026-05-17,01:03,86
2026-05-17,01:04,75
2026-05-17,01:05,58
2026-05-17,01:06,20
2026-05-17,01:07,111
2026-05-17,01:08,122
2026-05-17,01:09,33
2026-05-17,01:10,30
2026-05-17,01:11,54
2026-05-17,01:13,105
2026-05-17,01:14,68
2026-05-17,01:15,118
2026-05-17,01:16,101
2026-05-17,01:17,121
2026-05-17,01:18,25
2026-05-17,01:19,68
2026-05-17,01:20,75
2026-05-17,01:21,93
2026-05-17,01:22,101
2026-05-17,01:23,66
2026-05-17,01:24,121
2026-05-17,01:25,83
2026-05-17,01:26,73
2026-05-17,01:27,58
2026-05-17,01:28,80
2026-05-17,01:29,50
2026-05-17,01:30,36
2026-05-17,01:31,42
2026-05-17,01:32,15
2026-05-17,01:33,12
2026-05-17,01:34,63
2026-05-17,01:35,23
2026-05-17,01:36,55
2026-05-17,01:38,9
2026-05-17,01:39,8
2026-05-17,01:47,15
2026-05-17,01:50,49
2026-05-17,01:51,57
2026-05-17,01:52,35
2026-05-17,01:53,10
2026-05-17,01:54,57
2026-05-17,01:55,48
2026-05-17,01:57,7
2026-05-17,01:59,76
2026-05-17,02:00,1
2026-05-17,02:04,26
2026-05-17,02:05,20
2026-05-17,02:06,83
2026-05-17,02:07,28
2026-05-17,02:08,6
2026-05-17,02:09,8
2026-05-17,02:18,15
2026-05-17,02:20,16
2026-05-17,02:21,36
2026-05-17,02:23,5
2026-05-17,02:25,11
2026-05-17,02:27,9
2026-05-17,02:28,37
2026-05-17,02:33,52
2026-05-17,02:34,1
2026-05-17,02:36,7
2026-05-17,02:37,5
2026-05-17,02:39,42
2026-05-17,02:41,8
2026-05-17,02:43,6
2026-05-17,02:51,15
2026-05-17,02:53,8
2026-05-17,02:54,17
2026-05-17,02:59,14
2026-05-17,03:02,27
2026-05-17,03:06,9
2026-05-17,03:07,25
2026-05-17,03:15,24
2026-05-17,03:16,12
2026-05-17,03:17,19
2026-05-17,03:18,40
2026-05-17,03:21,10
2026-05-17,03:28,28
2026-05-17,03:29,6
2026-05-17,03:30,19
2026-05-17,03:31,29
2026-05-17,03:32,9
2026-05-17,03:33,4
2026-05-17,03:36,17
2026-05-17,03:37,13
2026-05-17,03:39,8
2026-05-17,03:41,25
2026-05-17,03:42,17
2026-05-17,03:43,26
2026-05-17,03:44,38
2026-05-17,03:45,5
2026-05-17,03:46,7
2026-05-17,03:49,19
2026-05-17,03:50,7
2026-05-17,03:51,36
2026-05-17,03:52,11
2026-05-17,03:53,8
2026-05-17,03:54,15
2026-05-17,03:55,8
2026-05-17,03:56,15
2026-05-17,04:00,8
2026-05-17,04:01,7
2026-05-17,04:02,9
2026-05-17,04:05,6
2026-05-17,04:10,11
2026-05-17,05:02,10
2026-05-17,05:03,13
2026-05-17,05:42,7
2026-05-17,06:11,5
2026-05-17,06:12,3
2026-05-17,06:20,7
2026-05-17,06:21,3
2026-05-17,06:22,9
2026-05-17,07:07,21
2026-05-17,14:40,5
2026-05-17,14:41,1
2026-05-17,14:42,31
2026-05-17,15:09,10
2026-05-17,15:29,7
2026-05-17,16:24,11
2026-05-17,16:25,15
2026-05-17,16:44,14
2026-05-17,16:45,1
2026-05-17,17:13,11
2026-05-17,17:14,1
2026-05-17,17:16,16
2026-05-17,17:35,29
2026-05-17,18:20,14
2026-05-17,18:21,6
2026-05-17,18:22,7
2026-05-17,18:24,27
2026-05-17,18:25,97
2026-05-17,18:26,115
2026-05-17,18:27,105
2026-05-17,18:28,107
2026-05-17,18:29,11
2026-05-17,18:30,59
2026-05-17,18:31,105
2026-05-17,18:32,98
2026-05-17,18:33,111
2026-05-17,18:34,110
2026-05-17,18:35,106
2026-05-17,18:36,110
2026-05-17,18:37,109
2026-05-17,18:38,118
2026-05-17,18:39,106
2026-05-17,18:40,120
2026-05-17,18:41,110
2026-05-17,18:42,35
2026-05-17,18:44,17
2026-05-17,18:48,8
2026-05-17,18:54,11
2026-05-17,18:57,5
2026-05-17,18:59,42
2026-05-17,19:00,104
2026-05-17,19:01,98
2026-05-17,19:02,10
2026-05-17,19:03,98
2026-05-17,19:04,109
2026-05-17,19:05,125
2026-05-17,19:06,60
2026-05-17,19:09,95
2026-05-17,19:10,110
2026-05-17,19:11,104
2026-05-17,19:12,51
2026-05-17,19:13,105
2026-05-17,19:14,109
2026-05-17,19:15,107
2026-05-17,19:16,110
2026-05-17,19:17,61
2026-05-17,19:18,64
2026-05-17,19:19,106
2026-05-17,19:20,103
2026-05-17,19:21,97
2026-05-17,19:22,110
2026-05-17,19:23,105
2026-05-17,19:24,107
2026-05-17,19:25,89
2026-05-17,19:26,112
2026-05-17,19:27,111
2026-05-17,19:28,108
2026-05-17,19:29,113
2026-05-17,19:30,105
2026-05-17,19:31,106
2026-05-17,19:32,42
2026-05-17,19:33,99
2026-05-17,19:34,102
2026-05-17,19:35,103
2026-05-17,19:36,105
2026-05-17,19:37,105
2026-05-17,19:38,109
2026-05-17,19:39,51
2026-05-17,19:40,36
2026-05-17,19:41,106
2026-05-17,19:42,104
2026-05-17,19:43,14
2026-05-17,19:45,6
2026-05-17,19:47,20
2026-05-17,20:43,36
2026-05-17,20:44,14
2026-05-17,20:45,112
2026-05-17,20:46,113
2026-05-17,20:47,110
2026-05-17,20:48,113
2026-05-17,20:49,53
2026-05-17,20:50,19
2026-05-17,20:51,55
2026-05-17,20:53,87
2026-05-17,21:27,36
2026-05-17,21:28,103
2026-05-17,21:29,32
2026-05-17,21:30,101
2026-05-17,21:31,5
2026-05-17,21:48,44
2026-05-17,21:49,5
2026-05-17,21:55,7
2026-05-17,21:57,16
2026-05-17,22:04,8
2026-05-17,22:08,22
2026-05-17,23:50,12
2026-05-18,00:00,5
2026-05-18,00:14,8
2026-05-18,00:23,7
2026-05-18,00:28,8
2026-05-18,01:42,3
2026-05-18,01:43,22
2026-05-18,02:10,5
2026-05-18,02:11,83
2026-05-18,02:12,40
2026-05-18,02:14,7
2026-05-18,02:23,11
2026-05-18,02:28,10
2026-05-18,02:29,46
2026-05-18,02:30,24
2026-05-18,02:31,50
2026-05-18,02:32,55
2026-05-18,02:33,32
2026-05-18,02:34,41
2026-05-18,02:35,19
2026-05-18,02:43,10
2026-05-18,02:44,39
2026-05-18,02:45,11
2026-05-18,02:46,14
2026-05-18,02:47,3
2026-05-18,02:48,10
2026-05-18,02:49,9
2026-05-18,05:34,10
2026-05-18,05:35,14
2026-05-18,09:26,9
2026-05-18,09:39,8
2026-05-18,11:25,8
2026-05-18,12:11,30
2026-05-18,12:12,3
2026-05-18,12:17,7
2026-05-18,12:18,27
2026-05-18,12:20,11
2026-05-18,12:22,11
2026-05-18,14:28,3
2026-05-18,14:31,7
2026-05-18,15:08,16
2026-05-18,15:09,8
2026-05-18,15:11,5
2026-05-18,15:13,27
2026-05-18,15:14,28
2026-05-18,15:15,45
2026-05-18,15:21,106
2026-05-18,15:22,25
2026-05-18,15:24,43
2026-05-18,15:25,23
2026-05-18,15:29,53
2026-05-18,15:30,44
2026-05-18,15:35,7
2026-05-18,15:37,25
2026-05-18,15:38,45
2026-05-18,15:41,29
2026-05-18,15:44,12
2026-05-18,15:45,31
2026-05-18,15:46,21
2026-05-18,15:47,13
2026-05-18,15:52,22
2026-05-18,15:55,7
2026-05-18,15:56,6
2026-05-18,15:58,8
2026-05-18,15:59,27
2026-05-18,16:00,11
2026-05-18,16:03,6
2026-05-18,16:08,6
2026-05-18,16:09,49
2026-05-18,16:10,30
2026-05-18,16:11,55
2026-05-18,16:12,58
2026-05-18,16:19,12
2026-05-18,16:20,69
2026-05-18,16:21,23
2026-05-18,16:22,5
2026-05-18,16:50,10
2026-05-18,16:51,7
2026-05-18,16:52,9
2026-05-18,16:53,19
2026-05-18,16:54,34
2026-05-18,16:55,54
2026-05-18,17:21,43
2026-05-18,17:22,53
2026-05-18,17:23,60
2026-05-18,17:24,24
2026-05-18,17:25,7
2026-05-18,17:28,21
2026-05-18,17:29,7
2026-05-18,17:30,1
2026-05-18,17:34,8
2026-05-18,17:35,37
2026-05-18,17:37,13
2026-05-18,17:41,65
2026-05-18,17:42,21
2026-05-18,17:43,41
2026-05-18,17:48,7
2026-05-18,17:49,46
2026-05-18,17:50,69
2026-05-18,17:51,39
2026-05-18,17:52,15
2026-05-18,17:54,35
2026-05-18,17:55,24
2026-05-18,17:56,18
2026-05-18,17:57,77
2026-05-18,17:58,1
2026-05-18,17:59,9
2026-05-18,18:10,27
2026-05-18,18:11,101
2026-05-18,18:12,101
2026-05-18,18:13,51
2026-05-18,18:14,100
2026-05-18,18:15,76
2026-05-18,18:16,49
2026-05-18,18:17,107
2026-05-18,18:18,69
2026-05-18,18:19,55
2026-05-18,18:20,47
2026-05-18,18:21,63
2026-05-18,18:22,29
2026-05-18,18:23,61
2026-05-18,18:24,13
2026-05-18,18:28,68
2026-05-18,18:30,5
2026-05-18,18:32,40
2026-05-18,18:36,31
2026-05-18,18:37,99
2026-05-18,18:38,48
2026-05-18,18:39,5
2026-05-18,18:49,5
2026-05-18,19:01,38
2026-05-18,19:02,25
2026-05-18,19:04,61
2026-05-18,19:05,31
2026-05-18,19:06,40
2026-05-18,19:07,8
2026-05-18,19:08,19
2026-05-18,19:29,16
2026-05-18,19:30,5
2026-05-18,19:33,30
2026-05-18,19:39,8
2026-05-18,19:40,23
2026-05-18,19:41,18
2026-05-18,19:42,9
2026-05-18,19:43,55
2026-05-18,19:44,77
2026-05-18,19:59,64
2026-05-18,20:00,109
2026-05-18,20:01,110
2026-05-18,20:02,110
2026-05-18,20:03,112
2026-05-18,20:04,114
2026-05-18,20:05,117
2026-05-18,20:06,82
2026-05-18,20:07,54
2026-05-18,20:11,99
2026-05-18,20:42,99
2026-05-18,20:47,24
2026-05-18,20:48,68
2026-05-18,20:49,37
2026-05-18,20:50,113
2026-05-18,20:51,85
2026-05-18,20:52,93
2026-05-18,20:53,112
2026-05-18,20:54,117
2026-05-18,20:55,113
2026-05-18,20:56,116
2026-05-18,20:57,107
2026-05-18,20:58,97
2026-05-18,20:59,104
2026-05-18,21:01,10
2026-05-18,21:05,3
2026-05-18,21:18,47
2026-05-18,21:19,16
2026-05-18,21:20,23
2026-05-18,21:21,13
2026-05-18,21:32,10
2026-05-18,21:34,15
2026-05-18,21:37,5
2026-05-18,21:41,3
2026-05-18,22:01,32
2026-05-18,22:02,6
2026-05-18,23:24,39
2026-05-18,23:25,12
2026-05-18,23:26,58
2026-05-18,23:37,10
2026-05-18,23:44,18
2026-05-18,23:45,88
2026-05-19,00:00,10
2026-05-19,00:28,6
2026-05-19,00:29,11
2026-05-19,00:33,8
2026-05-19,00:34,7
2026-05-19,00:47,14
2026-05-19,00:50,67
2026-05-19,00:51,16
2026-05-19,00:55,13
2026-05-19,01:01,10
2026-05-19,01:06,18
2026-05-19,01:12,17
2026-05-19,01:14,10
2026-05-19,01:19,5
2026-05-19,01:22,16
2026-05-19,01:35,12
2026-05-19,01:48,68
2026-05-19,01:49,104
2026-05-19,01:50,9
2026-05-19,01:58,13
2026-05-19,02:00,7
2026-05-19,02:01,19
2026-05-19,02:03,8
2026-05-19,02:23,6
2026-05-19,02:24,7
2026-05-19,02:25,1
2026-05-19,02:30,50
2026-05-19,02:31,22
2026-05-19,02:32,6
2026-05-19,02:33,18
2026-05-19,02:35,12
2026-05-19,03:53,9
2026-05-19,03:54,9
2026-05-19,03:57,7
2026-05-19,04:00,3
2026-05-19,04:25,10
2026-05-19,04:26,2
2026-05-19,05:36,7
2026-05-19,10:13,5
2026-05-19,10:14,5
2026-05-19,14:35,6
2026-05-19,14:36,13
2026-05-19,14:38,30
2026-05-19,15:32,15
2026-05-19,15:51,21
2026-05-19,15:56,8
2026-05-19,16:04,30
2026-05-19,16:49,7
2026-05-19,17:02,3
2026-05-19,17:03,8
2026-05-19,17:04,1
2026-05-19,17:05,24
2026-05-19,17:06,6
2026-05-19,17:09,5
2026-05-19,17:12,4
2026-05-19,17:13,24
2026-05-19,17:34,29
2026-05-19,17:35,13
2026-05-19,17:37,11
2026-05-19,17:39,20
2026-05-19,17:41,3
2026-05-19,17:42,14
2026-05-19,17:58,23
2026-05-19,18:35,25
2026-05-19,18:36,15
2026-05-19,18:37,16
2026-05-19,18:38,9
2026-05-19,18:39,102
2026-05-19,18:40,112
2026-05-19,18:41,97
2026-05-19,18:42,48
2026-05-19,18:43,74
2026-05-19,18:44,106
2026-05-19,18:45,102
2026-05-19,18:46,96
2026-05-19,18:47,102
2026-05-19,18:48,114
2026-05-19,18:49,104
2026-05-19,18:50,100
2026-05-19,18:51,109
2026-05-19,18:52,95
2026-05-19,18:53,108
2026-05-19,18:54,100
2026-05-19,18:55,110
2026-05-19,18:56,95
2026-05-19,18:57,97
2026-05-19,18:58,107
2026-05-19,18:59,106
2026-05-19,19:00,100
2026-05-19,19:01,108
2026-05-19,19:02,101
2026-05-19,19:03,109
2026-05-19,19:04,103
2026-05-19,19:05,106
2026-05-19,19:06,115
2026-05-19,19:07,65
2026-05-19,19:08,108
2026-05-19,19:09,106
2026-05-19,19:10,57
2026-05-19,19:11,103
2026-05-19,19:12,100
2026-05-19,19:13,113
2026-05-19,19:14,104
2026-05-19,19:15,91
2026-05-19,19:16,105
2026-05-19,19:17,102
2026-05-19,19:18,104
2026-05-19,19:19,106
2026-05-19,19:20,104
2026-05-19,19:21,110
2026-05-19,19:23,112
2026-05-19,19:24,74
2026-05-19,19:25,87
2026-05-19,19:26,68
2026-05-19,19:27,28
2026-05-19,19:28,22
2026-05-19,19:38,35
2026-05-19,19:39,100
2026-05-19,19:40,91
2026-05-19,19:41,1
2026-05-19,19:43,60
2026-05-19,19:44,38
2026-05-19,19:45,25
2026-05-19,19:46,24
2026-05-19,19:50,7
2026-05-19,19:51,18
2026-05-19,19:57,5
2026-05-19,19:58,37
2026-05-19,19:59,16
2026-05-19,20:00,15
2026-05-19,20:02,20
2026-05-19,20:05,43
2026-05-19,20:10,6
2026-05-19,20:12,60
2026-05-19,20:13,30
2026-05-19,20:14,18
2026-05-19,20:16,7
2026-05-19,20:19,17
2026-05-19,20:20,6
2026-05-19,20:24,6
2026-05-19,20:25,4
2026-05-19,20:26,34
2026-05-19,20:29,20
2026-05-19,20:30,5
2026-05-19,20:42,5
2026-05-19,20:47,61
2026-05-19,20:48,9
2026-05-19,20:49,8
2026-05-19,20:50,17
2026-05-19,20:51,62
2026-05-19,20:52,1
2026-05-19,20:54,7
2026-05-19,20:58,72
2026-05-19,20:59,7
2026-05-19,21:00,1
2026-05-19,21:18,6
2026-05-19,21:27,10
2026-05-19,21:28,13
2026-05-19,21:53,17
2026-05-19,21:54,20
2026-05-19,23:05,8
2026-05-19,23:11,16
2026-05-19,23:15,8
2026-05-19,23:18,19
2026-05-19,23:19,9
2026-05-20,00:38,6
2026-05-20,00:58,14
2026-05-20,01:18,8
2026-05-20,01:43,13
2026-05-20,02:25,29
2026-05-20,02:26,35
2026-05-20,02:29,5
2026-05-20,02:41,49
2026-05-20,02:42,15
2026-05-20,02:43,4
2026-05-20,03:15,6
2026-05-20,03:20,4
2026-05-20,11:21,7
2026-05-20,12:39,16
2026-05-20,13:09,27
2026-05-20,13:10,38
2026-05-20,13:14,6
2026-05-20,13:15,8
2026-05-20,13:16,66
2026-05-20,13:17,55
2026-05-20,13:18,51
2026-05-20,13:42,12
2026-05-20,13:58,7
2026-05-20,14:10,8
2026-05-20,14:11,23
2026-05-20,14:16,20
2026-05-20,14:17,10
2026-05-20,14:52,7
2026-05-20,14:55,3
2026-05-20,15:02,6
2026-05-20,15:04,5
2026-05-20,15:26,23
2026-05-20,15:27,46
2026-05-20,15:28,6
2026-05-20,16:38,13
2026-05-20,16:39,24
2026-05-20,18:06,17
2026-05-20,18:09,20
2026-05-20,18:14,19
2026-05-20,18:15,10
2026-05-20,18:39,3
2026-05-20,18:41,7
2026-05-20,19:56,7
2026-05-20,19:59,19
2026-05-20,20:00,11
2026-05-20,20:01,1
2026-05-20,20:05,11
2026-05-20,20:07,7
2026-05-20,20:10,5
2026-05-20,20:11,11
2026-05-20,20:41,17
2026-05-20,20:42,15
2026-05-20,20:44,16
2026-05-20,20:45,6
2026-05-20,20:47,8
2026-05-20,20:51,4
2026-05-20,20:52,1
2026-05-20,20:53,53
2026-05-20,20:54,82
2026-05-20,20:55,19
2026-05-20,20:56,31
2026-05-20,20:57,59
2026-05-20,20:58,58
2026-05-20,20:59,22
2026-05-20,21:00,23
2026-05-20,21:01,35
2026-05-20,21:02,14
2026-05-20,21:03,4
2026-05-20,21:04,10
2026-05-20,21:07,8
2026-05-20,21:08,7
2026-05-20,21:09,3
2026-05-20,21:12,20
2026-05-20,21:14,49
2026-05-20,21:15,27
2026-05-20,21:17,10
2026-05-20,21:18,30
2026-05-20,21:19,32
2026-05-20,21:22,3
2026-05-20,21:37,8
2026-05-20,21:42,3
2026-05-20,21:44,7
2026-05-20,21:45,8
2026-05-20,21:46,25
2026-05-20,21:49,8
2026-05-20,21:50,5
2026-05-20,22:10,16
2026-05-20,22:26,11
2026-05-20,22:27,10
2026-05-20,22:28,5
2026-05-20,22:29,20
2026-05-20,22:30,5
2026-05-20,22:38,20
2026-05-20,22:46,35
2026-05-20,22:48,7
2026-05-20,22:52,8
2026-05-20,23:10,24
2026-05-20,23:11,11
2026-05-20,23:15,8
2026-05-20,23:17,21
2026-05-20,23:19,20
2026-05-20,23:23,13
2026-05-20,23:27,6
2026-05-20,23:34,10
2026-05-20,23:38,12
2026-05-20,23:39,7
2026-05-20,23:42,54
2026-05-20,23:47,7
2026-05-20,23:50,14
2026-05-20,23:52,14
2026-05-20,23:54,3
2026-05-20,23:55,34
2026-05-21,00:00,10
2026-05-21,00:04,6
2026-05-21,00:05,4
2026-05-21,00:18,12
2026-05-21,00:19,73
2026-05-21,00:20,8
2026-05-21,00:29,26
2026-05-21,00:32,15
2026-05-21,00:33,15
2026-05-21,00:34,11
2026-05-21,00:35,58
2026-05-21,00:36,9
2026-05-21,00:37,1
2026-05-21,00:42,8
2026-05-21,00:43,16
2026-05-21,00:44,6
2026-05-21,00:55,10
2026-05-21,00:56,32
2026-05-21,00:57,4
2026-05-21,00:58,32
2026-05-21,00:59,7
2026-05-21,01:03,65
2026-05-21,01:04,94
2026-05-21,01:05,14
2026-05-21,01:06,70
2026-05-21,01:07,53
2026-05-21,01:08,9
2026-05-21,01:09,97
2026-05-21,01:10,104
2026-05-21,01:11,95
2026-05-21,01:12,82
2026-05-21,01:13,11
2026-05-21,01:14,18
2026-05-21,01:15,95
2026-05-21,01:16,69
2026-05-21,01:18,51
2026-05-21,01:19,68
2026-05-21,01:20,73
2026-05-21,01:22,86
2026-05-21,01:23,40
2026-05-21,01:24,44
2026-05-21,01:25,53
2026-05-21,01:26,28
2026-05-21,01:27,26
2026-05-21,01:28,9
2026-05-21,01:29,32
2026-05-21,02:27,27
2026-05-21,02:28,12
2026-05-21,02:44,8
2026-05-21,02:47,3
2026-05-21,02:50,21
2026-05-21,02:51,2
2026-05-21,03:44,3
2026-05-21,05:17,7
2026-05-21,09:06,6
2026-05-21,10:17,5
2026-05-21,10:29,6
2026-05-21,10:33,4
2026-05-21,10:38,6
2026-05-21,10:58,8
2026-05-21,11:00,12
2026-05-21,11:01,13
2026-05-21,11:04,15
2026-05-21,11:06,31
2026-05-21,11:07,4
2026-05-21,11:08,76
2026-05-21,11:10,6
2026-05-21,11:12,16
2026-05-21,11:13,67
2026-05-21,11:17,17
2026-05-21,11:18,4
2026-05-21,11:19,24
2026-05-21,11:20,17
2026-05-21,11:21,16
2026-05-21,11:22,25
2026-05-21,11:23,25
2026-05-21,11:25,55
2026-05-21,11:26,7
2026-05-21,11:28,5
2026-05-21,11:29,11
2026-05-21,11:30,44
2026-05-21,11:31,8
2026-05-21,11:32,32
2026-05-21,11:33,31
2026-05-21,11:34,43
2026-05-21,11:35,10
2026-05-21,11:36,41
2026-05-21,11:37,16
2026-05-21,11:38,34
2026-05-21,11:39,7
2026-05-21,11:40,12
2026-05-21,11:41,8
2026-05-21,11:43,54
2026-05-21,11:44,27
2026-05-21,11:45,9
2026-05-21,11:46,12
2026-05-21,11:47,9
2026-05-21,11:48,49
2026-05-21,11:49,34
2026-05-21,11:50,25
2026-05-21,11:51,22
2026-05-21,11:52,15
2026-05-21,11:54,12
2026-05-21,11:55,8
2026-05-21,11:56,17
2026-05-21,11:57,9
2026-05-21,11:58,19
2026-05-21,11:59,12
2026-05-21,12:00,9
2026-05-21,12:01,44
2026-05-21,12:02,31
2026-05-21,12:04,27
2026-05-21,12:06,27
2026-05-21,12:07,64
2026-05-21,12:12,13
2026-05-21,12:13,39
2026-05-21,12:14,13
2026-05-21,12:16,3
2026-05-21,12:17,51
2026-05-21,12:21,23
2026-05-21,12:22,6
2026-05-21,13:15,6
2026-05-21,13:16,16
2026-05-21,13:17,29
2026-05-21,13:18,4
2026-05-21,13:25,14
2026-05-21,13:26,102
2026-05-21,13:27,22
2026-05-21,13:29,9
2026-05-21,13:30,53
2026-05-21,13:31,26
2026-05-21,13:32,11
2026-05-21,13:33,4
2026-05-21,13:38,15
2026-05-21,13:39,6
2026-05-21,13:41,6
2026-05-21,13:43,13
2026-05-21,13:44,43
2026-05-21,13:45,12
2026-05-21,13:46,90
2026-05-21,13:47,62
2026-05-21,13:48,13
2026-05-21,13:50,32
2026-05-21,13:51,10
2026-05-21,13:52,74
2026-05-21,13:53,36
2026-05-21,13:55,43
2026-05-21,13:56,1
2026-05-21,13:59,8
2026-05-21,14:00,44
2026-05-21,14:01,74
2026-05-21,14:02,23
2026-05-21,14:03,43
2026-05-21,14:04,25
2026-05-21,14:05,35
2026-05-21,14:06,18
2026-05-21,14:08,5
2026-05-21,14:09,14
2026-05-21,14:11,6
2026-05-21,14:14,25
2026-05-21,14:16,71
2026-05-21,14:17,107
2026-05-21,14:18,31
2026-05-21,14:24,33
2026-05-21,14:25,26
2026-05-21,14:26,17
2026-05-21,14:46,8
2026-05-21,14:47,9
2026-05-21,14:48,16
2026-05-21,17:03,7
2026-05-21,17:05,6
2026-05-21,17:12,6
2026-05-21,17:13,1
2026-05-21,18:10,4
2026-05-21,18:11,17
2026-05-21,18:12,5
2026-05-21,18:13,23
2026-05-21,18:14,67
2026-05-21,18:15,20
2026-05-21,19:42,50
2026-05-21,19:43,11
2026-05-21,19:44,31
2026-05-21,19:45,35
2026-05-21,20:00,15
2026-05-21,20:02,8
2026-05-21,20:03,13
2026-05-21,20:04,31
2026-05-21,20:29,15
2026-05-21,20:30,58
2026-05-21,20:31,23
2026-05-21,20:32,64
2026-05-21,20:33,36
2026-05-21,20:34,68
2026-05-21,20:42,3
2026-05-21,20:53,84
2026-05-21,20:54,108
2026-05-21,20:55,108
2026-05-21,20:56,107
2026-05-21,20:57,117
2026-05-21,20:58,97
2026-05-21,20:59,1
2026-05-21,21:00,30
2026-05-21,21:01,34
2026-05-21,21:02,106
2026-05-21,21:29,106
2026-05-21,21:46,56
2026-05-21,21:47,104
2026-05-21,21:48,105
2026-05-21,21:49,107
2026-05-21,21:50,115
2026-05-21,21:51,108
2026-05-21,21:52,112
2026-05-21,21:53,107
2026-05-21,21:54,110
2026-05-21,21:55,108
2026-05-21,21:56,29
2026-05-21,21:58,8
2026-05-21,22:13,73
2026-05-21,22:14,19
2026-05-21,22:15,32
2026-05-21,22:16,57
2026-05-21,22:17,1
2026-05-21,22:22,8
2026-05-21,22:37,23
2026-05-21,22:41,33
2026-05-21,22:42,45
2026-05-21,22:43,32
2026-05-21,22:44,3
2026-05-21,23:32,5
2026-05-21,23:50,24
2026-05-21,23:51,42
2026-05-21,23:52,60
2026-05-21,23:53,10
2026-05-22,01:01,6
2026-05-22,01:19,7
2026-05-22,01:33,13
2026-05-22,01:34,59
2026-05-22,01:35,4
2026-05-22,01:37,11
2026-05-22,01:38,22
2026-05-22,01:41,8
2026-05-22,01:42,8
2026-05-22,01:43,61
2026-05-22,01:44,21
2026-05-22,01:45,53
2026-05-22,01:50,5
2026-05-22,01:51,9
2026-05-22,01:52,8
2026-05-22,01:54,14
2026-05-22,01:57,15
2026-05-22,02:01,19
2026-05-22,02:03,32
2026-05-22,02:04,56
2026-05-22,02:07,34
2026-05-22,02:09,10
2026-05-22,02:13,9
2026-05-22,02:14,15
2026-05-22,02:15,43
2026-05-22,02:17,34
2026-05-22,02:26,3
2026-05-22,02:30,36
2026-05-22,02:31,28
2026-05-22,02:34,9
2026-05-22,02:37,4
2026-05-22,02:39,16
2026-05-22,02:42,48
2026-05-22,02:43,48
2026-05-22,02:45,8
2026-05-22,02:48,23
2026-05-22,02:49,10
2026-05-22,02:51,13
2026-05-22,02:52,6
2026-05-22,02:53,17
2026-05-22,02:54,1
2026-05-22,05:41,12
2026-05-22,05:46,24
2026-05-22,05:47,20
2026-05-22,05:48,14
2026-05-22,05:49,27
2026-05-22,06:07,20
2026-05-22,10:23,7
2026-05-22,15:07,9
2026-05-22,15:31,8
2026-05-22,15:43,15
2026-05-22,15:46,9
2026-05-22,15:48,4
2026-05-22,15:57,3
2026-05-22,16:04,3
2026-05-22,16:08,7
2026-05-22,16:10,8
2026-05-22,16:11,1
2026-05-22,16:41,11
2026-05-22,16:42,3
2026-05-22,17:23,6
2026-05-22,18:00,13
2026-05-22,18:01,24
2026-05-22,18:02,19
2026-05-22,20:06,5
2026-05-22,20:10,12
2026-05-22,20:12,69
2026-05-22,20:22,71
2026-05-22,20:23,97
2026-05-22,20:24,13
2026-05-22,20:26,7
2026-05-22,20:28,29
2026-05-22,20:33,6
2026-05-22,20:39,4
2026-05-22,20:40,5
2026-05-22,20:41,38
2026-05-22,20:42,24
2026-05-22,20:43,69
2026-05-22,20:44,1
2026-05-22,20:45,7
2026-05-22,20:47,7
2026-05-22,20:48,5
2026-05-22,20:49,1
2026-05-22,20:52,27
2026-05-22,20:53,66
2026-05-22,20:54,36
2026-05-22,20:56,6
2026-05-22,20:58,31
2026-05-22,20:59,41
2026-05-22,21:01,10
2026-05-22,21:09,20
2026-05-22,21:10,48
2026-05-22,21:11,20
2026-05-22,21:12,8
2026-05-22,21:14,69
2026-05-22,21:16,8
2026-05-22,21:17,74
2026-05-22,21:24,51
2026-05-22,21:25,65
2026-05-22,21:26,30
2026-05-22,21:28,61
2026-05-22,21:29,26
2026-05-22,21:32,7
2026-05-22,21:56,7
2026-05-22,22:01,27
2026-05-22,22:35,7
2026-05-22,22:37,6
2026-05-22,22:46,2
2026-05-22,22:47,1
2026-05-23,00:34,20
2026-05-23,00:53,25
2026-05-23,00:54,6
2026-05-23,01:48,27
2026-05-23,01:49,15
2026-05-23,01:50,9
2026-05-23,01:53,7
2026-05-23,01:54,13
2026-05-23,01:58,3
2026-05-23,02:01,11
2026-05-23,02:56,12
2026-05-23,02:57,1
2026-05-23,03:14,6
2026-05-23,03:15,1
2026-05-23,03:17,73
2026-05-23,03:23,13
2026-05-23,03:35,13
2026-05-23,03:36,6
2026-05-23,13:16,8
2026-05-23,14:17,10
2026-05-23,15:09,6
2026-05-23,15:10,11
2026-05-23,15:11,1
2026-05-23,15:12,7
2026-05-23,15:14,35
2026-05-23,15:15,18
2026-05-23,15:16,65
2026-05-23,15:17,45
2026-05-23,15:20,28
2026-05-23,15:21,28
2026-05-23,15:22,57
2026-05-23,15:23,7
2026-05-23,15:24,24
2026-05-23,15:25,9
2026-05-23,15:26,16
2026-05-23,15:27,46
2026-05-23,15:29,27
2026-05-23,15:31,30
2026-05-23,15:34,11
2026-05-23,15:35,12
2026-05-23,15:48,8
2026-05-23,16:26,10
2026-05-23,16:28,3
2026-05-23,16:31,15
2026-05-23,16:38,57
2026-05-23,16:39,106
2026-05-23,16:40,43
2026-05-23,16:46,70
2026-05-23,16:47,46
2026-05-23,16:48,24
2026-05-23,16:49,100
2026-05-23,16:50,47
2026-05-23,16:51,73
2026-05-23,16:52,75
2026-05-23,16:53,112
2026-05-23,16:54,91
2026-05-23,16:55,38
2026-05-23,16:56,48
2026-05-23,16:57,105
2026-05-23,16:58,32
2026-05-23,16:59,110
2026-05-23,17:00,43
2026-05-23,17:01,34
2026-05-23,17:02,69
2026-05-23,17:03,87
2026-05-23,17:04,61
2026-05-23,17:05,11
2026-05-23,17:06,26
2026-05-23,17:07,48
2026-05-23,17:09,37
2026-05-23,17:10,11
2026-05-23,17:11,31
2026-05-23,17:12,91
2026-05-23,17:13,98
2026-05-23,17:14,28
2026-05-23,17:15,19
2026-05-23,17:16,11
2026-05-23,17:17,15
2026-05-23,17:18,67
2026-05-23,17:19,36
2026-05-23,17:20,68
2026-05-23,17:21,24
2026-05-23,17:22,75
2026-05-23,17:23,66
2026-05-23,17:25,9
2026-05-23,17:26,13
2026-05-23,17:27,6
2026-05-23,17:28,21
2026-05-23,17:29,13
2026-05-23,17:30,51
2026-05-23,17:31,45
2026-05-23,17:32,18
2026-05-23,17:33,8
2026-05-23,17:35,62
2026-05-23,17:36,59
2026-05-23,17:37,50
2026-05-23,17:38,70
2026-05-23,17:39,68
2026-05-23,17:40,67
2026-05-23,17:42,25
2026-05-23,17:43,50
2026-05-23,17:45,29
2026-05-23,17:47,106
2026-05-23,17:49,8
2026-05-23,17:50,31
2026-05-23,17:51,23
2026-05-23,17:52,87
2026-05-23,17:53,68
2026-05-23,17:54,43
2026-05-23,17:55,5
2026-05-23,17:56,15
2026-05-23,17:57,73
2026-05-23,17:58,48
2026-05-23,17:59,9
2026-05-23,18:00,58
2026-05-23,18:01,12
2026-05-23,18:02,60
2026-05-23,18:03,17
2026-05-23,18:04,16
2026-05-23,18:05,35
2026-05-23,18:06,73
2026-05-23,18:07,1
2026-05-23,18:09,9
2026-05-23,18:10,9
2026-05-23,18:11,5
2026-05-23,18:12,30
2026-05-23,18:13,106
2026-05-23,18:14,105
2026-05-23,18:15,43
2026-05-23,18:16,106
2026-05-23,18:17,76
2026-05-23,18:18,107
2026-05-23,18:19,109
2026-05-23,18:20,104
2026-05-23,18:21,98
2026-05-23,18:22,1
2026-05-23,18:25,18
2026-05-23,18:26,114
2026-05-23,18:27,108
2026-05-23,18:28,102
2026-05-23,18:29,85
2026-05-23,18:30,70
2026-05-23,18:31,26
2026-05-23,18:33,107
2026-05-23,18:34,84
2026-05-23,18:39,73
2026-05-23,18:40,101
2026-05-23,18:41,105
2026-05-23,18:42,105
2026-05-23,18:43,103
2026-05-23,18:44,92
2026-05-23,18:45,65
2026-05-23,18:46,108
2026-05-23,18:47,11
2026-05-23,18:48,9
2026-05-23,18:55,15
2026-05-23,18:56,31
2026-05-23,18:57,6
2026-05-23,19:05,5
2026-05-23,19:07,3
2026-05-23,19:52,12
2026-05-23,19:53,30
2026-05-23,19:54,77
2026-05-23,20:05,16
2026-05-23,20:06,7
2026-05-23,20:07,33
2026-05-23,20:08,85
2026-05-23,20:14,9
2026-05-23,20:26,7
2026-05-23,20:48,5
2026-05-23,21:08,12
2026-05-23,21:18,7
2026-05-23,21:22,9
2026-05-23,21:25,7
2026-05-23,21:34,3
2026-05-23,22:01,7
2026-05-23,22:25,7
2026-05-23,22:26,7
2026-05-23,22:43,9
2026-05-23,22:47,6
2026-05-23,22:51,8
2026-05-23,22:54,10
2026-05-23,22:57,25
2026-05-23,22:58,76
2026-05-23,22:59,8
2026-05-23,23:08,7
2026-05-23,23:23,8
2026-05-23,23:34,58
2026-05-23,23:36,24
2026-05-23,23:43,8
2026-05-24,00:39,17
2026-05-24,00:41,14
2026-05-24,00:43,12
2026-05-24,00:44,1
2026-05-24,00:45,34
2026-05-24,01:09,12
2026-05-24,01:10,32
2026-05-24,01:11,10
2026-05-24,01:31,20
2026-05-24,01:38,7
2026-05-24,01:39,3
2026-05-24,01:40,9
2026-05-24,01:41,51
2026-05-24,03:54,33
2026-05-24,05:33,9
2026-05-24,06:06,5
2026-05-24,06:07,6
2026-05-24,06:39,7
2026-05-24,06:53,20
2026-05-24,06:54,9
2026-05-24,06:55,32
2026-05-24,06:56,16
2026-05-24,06:59,14
2026-05-24,07:00,94
2026-05-24,07:01,1
2026-05-24,07:04,9
2026-05-24,07:05,6
2026-05-24,07:06,1
2026-05-24,07:18,20
2026-05-24,07:20,69
2026-05-24,07:21,68
2026-05-24,07:22,100
2026-05-24,07:23,36
2026-05-24,07:24,10
2026-05-24,07:25,6
2026-05-24,07:26,46
2026-05-24,07:27,43
2026-05-24,08:07,5
2026-05-24,08:13,23
2026-05-24,08:39,11
2026-05-24,08:47,6
2026-05-24,08:59,7
2026-05-24,09:02,14
2026-05-24,09:03,11
2026-05-24,09:07,13
2026-05-24,09:08,68
2026-05-24,09:09,81
2026-05-24,09:10,107
2026-05-24,09:11,102
2026-05-24,09:12,109
2026-05-24,09:13,106
2026-05-24,09:14,107
2026-05-24,09:15,38
2026-05-24,09:16,96
2026-05-24,09:17,4
2026-05-24,09:22,10
2026-05-24,09:23,5
2026-05-24,09:24,58
2026-05-24,09:25,73
2026-05-24,09:26,64
2026-05-24,09:44,117
2026-05-24,09:45,104
2026-05-24,09:46,38
2026-05-24,09:50,82
2026-05-24,09:53,49
2026-05-24,10:04,8
2026-05-24,10:06,3
2026-05-24,10:10,34
2026-05-24,10:11,74
2026-05-24,10:12,27
2026-05-24,10:13,94
2026-05-24,10:14,106
2026-05-24,10:15,56
2026-05-24,10:16,49
2026-05-24,10:17,91
2026-05-24,10:18,108
2026-05-24,10:19,106
2026-05-24,10:20,100
2026-05-24,10:21,29
2026-05-24,10:26,9
2026-05-24,10:38,9
2026-05-24,10:43,5
2026-05-24,10:44,33
2026-05-24,10:45,71
2026-05-24,10:46,72
2026-05-24,10:47,8
2026-05-24,10:49,8
2026-05-24,10:50,10
2026-05-24,10:51,47
2026-05-24,11:05,7
2026-05-24,11:24,14
2026-05-24,11:36,9
2026-05-24,11:44,3
2026-05-24,11:45,7
2026-05-24,12:02,58
2026-05-24,12:03,24
2026-05-24,12:04,5
2026-05-24,12:05,24
2026-05-24,12:12,3
2026-05-24,12:22,6
2026-05-24,12:29,6
2026-05-24,12:48,29
2026-05-24,12:49,23
2026-05-24,12:50,19
2026-05-24,13:12,21
2026-05-24,13:13,30
2026-05-24,13:33,8
2026-05-24,13:36,16
2026-05-24,13:52,30
2026-05-24,14:10,7
2026-05-24,14:12,16
2026-05-24,15:58,4
2026-05-24,15:59,1
2026-05-24,16:08,8
2026-05-24,16:09,12
2026-05-24,17:29,22
2026-05-24,17:30,5
2026-05-24,17:31,7
2026-05-24,17:33,5
2026-05-24,17:34,5
2026-05-24,17:35,8
2026-05-24,17:36,34
2026-05-24,17:37,11
2026-05-24,17:38,36
2026-05-24,17:39,52
2026-05-24,17:52,75
2026-05-24,17:54,11
2026-05-24,17:55,63
2026-05-24,17:56,68
2026-05-24,17:57,47
2026-05-24,17:58,45
2026-05-24,17:59,67
2026-05-24,18:00,80
2026-05-24,18:01,102
2026-05-24,18:02,112
2026-05-24,18:03,96
2026-05-24,18:04,80
2026-05-24,18:05,119
2026-05-24,18:06,110
2026-05-24,18:07,103
2026-05-24,18:08,111
2026-05-24,18:09,116
2026-05-24,18:10,112
2026-05-24,18:11,82
2026-05-24,18:12,108
2026-05-24,18:13,88
2026-05-24,18:14,26
2026-05-24,18:15,66
2026-05-24,18:17,27
2026-05-24,18:18,20
2026-05-24,18:19,41
2026-05-24,18:20,27
2026-05-24,18:21,61
2026-05-24,18:22,101
2026-05-24,18:23,50
2026-05-24,18:24,79
2026-05-24,18:25,89
2026-05-24,18:26,121
2026-05-24,18:27,117
2026-05-24,18:28,92
2026-05-24,18:29,107
2026-05-24,18:30,95
2026-05-24,18:31,105
2026-05-24,18:32,75
2026-05-24,18:33,17
2026-05-24,18:35,10
2026-05-24,18:36,36
2026-05-24,18:37,54
2026-05-24,18:38,29
2026-05-24,18:39,49
2026-05-24,18:40,105
2026-05-24,18:41,59
2026-05-24,18:42,61
2026-05-24,18:43,52
2026-05-24,18:44,112
2026-05-24,18:45,87
2026-05-24,18:46,59
2026-05-24,18:47,53
2026-05-24,18:49,6
2026-05-24,18:52,42
2026-05-24,18:53,39
2026-05-24,18:54,9
2026-05-24,18:55,77
2026-05-24,18:56,93
2026-05-24,18:57,69
2026-05-24,18:58,52
2026-05-24,18:59,12
2026-05-24,19:00,41
2026-05-24,19:01,13
2026-05-24,19:02,59
2026-05-24,19:03,9
2026-05-24,19:09,30
2026-05-24,19:10,103
2026-05-24,19:11,79
2026-05-24,19:13,8
2026-05-24,19:18,6
2026-05-24,19:29,38
2026-05-24,19:30,48
2026-05-24,19:31,33
2026-05-24,19:40,46
2026-05-24,19:41,4
2026-05-24,19:44,41
2026-05-24,19:45,45
2026-05-24,19:46,8
2026-05-24,19:47,43
2026-05-24,19:48,7
2026-05-24,20:18,118
2026-05-24,20:19,122
2026-05-24,20:20,121
2026-05-24,20:21,68
2026-05-24,20:22,62
2026-05-24,20:23,126
2026-05-24,20:24,73
2026-05-24,20:32,21
2026-05-24,20:56,86
2026-05-24,20:57,56
2026-05-24,20:58,84
2026-05-24,20:59,1
2026-05-24,21:01,16
2026-05-24,21:03,6
2026-05-24,21:05,98
2026-05-24,21:06,21
2026-05-24,21:07,8
2026-05-24,21:08,4
2026-05-24,21:17,6
2026-05-24,21:43,8
2026-05-24,21:45,5
2026-05-24,21:56,3
2026-05-24,21:57,12
2026-05-24,22:05,10
2026-05-24,22:07,15
2026-05-24,22:09,5
2026-05-24,22:14,13
2026-05-24,22:26,10
2026-05-24,22:27,12
2026-05-24,22:31,8
2026-05-24,22:32,6
2026-05-24,23:11,11
2026-05-24,23:12,121
2026-05-24,23:13,105
2026-05-24,23:14,75
2026-05-24,23:15,51
2026-05-24,23:36,8
2026-05-24,23:40,6
2026-05-24,23:41,8
2026-05-24,23:44,7
2026-05-24,23:45,57
2026-05-24,23:46,7
2026-05-24,23:47,1
2026-05-24,23:53,3
2026-05-24,23:54,6
2026-05-25,00:00,12
2026-05-25,00:14,6
2026-05-25,00:45,8
2026-05-25,00:46,12
2026-05-25,00:56,14
2026-05-25,01:03,56
2026-05-25,01:11,10
2026-05-25,01:12,4
2026-05-25,01:13,1
2026-05-25,01:15,39
2026-05-25,01:17,17
2026-05-25,01:18,10
2026-05-25,01:20,38
2026-05-25,01:32,5
2026-05-25,01:44,8
2026-05-25,02:15,6
2026-05-25,02:17,34
2026-05-25,02:18,12
2026-05-25,02:19,81
2026-05-25,02:20,1
2026-05-25,02:22,13
2026-05-25,02:37,9
2026-05-25,02:39,8
2026-05-25,02:40,15
2026-05-25,02:41,7
2026-05-25,02:42,9
2026-05-25,02:45,6
2026-05-25,02:46,1
2026-05-25,02:50,22
2026-05-25,02:51,27
2026-05-25,02:52,6
2026-05-25,02:53,7
2026-05-25,02:54,30
2026-05-25,04:59,11
2026-05-25,09:13,8
2026-05-25,13:38,5
2026-05-25,17:39,23
2026-05-25,18:07,23
2026-05-25,18:36,29
2026-05-25,19:00,9
2026-05-25,19:03,7
2026-05-25,19:04,18
2026-05-25,19:05,6
2026-05-25,19:06,38
2026-05-25,19:08,40
2026-05-25,19:20,19
2026-05-25,19:21,34
2026-05-25,19:24,44
2026-05-25,19:25,57
2026-05-25,19:26,56
2026-05-25,19:28,14
2026-05-25,19:29,1
2026-05-25,19:35,42
2026-05-25,19:36,1
2026-05-25,19:37,11
2026-05-25,19:42,23
2026-05-25,19:48,22
2026-05-25,19:50,20
2026-05-25,19:53,9
2026-05-25,19:55,6
2026-05-25,19:56,21
2026-05-25,19:59,14
2026-05-25,20:00,35
2026-05-25,20:06,63
2026-05-25,20:07,20
2026-05-25,20:08,77
2026-05-25,20:09,21
2026-05-25,20:16,87
2026-05-25,20:17,34
2026-05-25,20:18,1
2026-05-25,20:19,8
2026-05-25,20:22,55
2026-05-25,20:36,6
2026-05-25,20:38,16
2026-05-25,20:39,9
2026-05-25,20:41,5
2026-05-25,20:42,36
2026-05-25,20:43,14
2026-05-25,20:44,6
2026-05-25,21:00,20
2026-05-25,21:01,18
2026-05-25,21:02,22
2026-05-25,21:03,31
2026-05-25,22:23,16
2026-05-25,22:25,58
2026-05-25,22:26,33
2026-05-25,23:29,5
2026-05-25,23:53,5
2026-05-25,23:55,78
2026-05-25,23:56,59
2026-05-26,00:05,7
2026-05-26,02:42,8
2026-05-26,02:49,21
2026-05-26,03:10,7
2026-05-26,03:11,19
2026-05-26,03:13,10
2026-05-26,05:49,11
2026-05-26,06:39,8
2026-05-26,07:28,31
2026-05-26,07:31,10
2026-05-26,07:33,13
2026-05-26,07:34,22
2026-05-26,07:35,6
2026-05-26,07:36,7
2026-05-26,07:38,6
2026-05-26,07:39,60
2026-05-26,07:40,60
2026-05-26,07:41,75
2026-05-26,07:42,116
2026-05-26,07:43,119
2026-05-26,07:44,119
2026-05-26,07:45,43
2026-05-26,07:46,29
2026-05-26,07:47,86
2026-05-26,07:49,46
2026-05-26,07:54,27
2026-05-26,08:18,110
2026-05-26,08:19,37
2026-05-26,08:20,70
2026-05-26,08:26,11
2026-05-26,08:29,9
2026-05-26,08:30,5
2026-05-26,08:37,18
2026-05-26,08:38,14
2026-05-26,08:39,7
2026-05-26,08:40,7
2026-05-26,08:42,54
2026-05-26,08:43,113
2026-05-26,08:44,42
2026-05-26,08:46,22
2026-05-26,08:48,5
2026-05-26,08:49,41
2026-05-26,08:50,104
2026-05-26,08:51,99
2026-05-26,08:53,76
2026-05-26,08:54,27
2026-05-26,08:55,36
2026-05-26,08:57,36
2026-05-26,08:58,91
2026-05-26,08:59,115
2026-05-26,09:00,53
2026-05-26,09:01,44
2026-05-26,09:02,32
2026-05-26,09:03,47
2026-05-26,09:04,95
2026-05-26,09:05,108
2026-05-26,09:06,27
2026-05-26,09:07,31
2026-05-26,09:08,16
2026-05-26,09:09,12
2026-05-26,09:10,28
2026-05-26,09:11,9
2026-05-26,09:12,25
2026-05-26,09:13,77
2026-05-26,09:14,77
2026-05-26,09:15,61
2026-05-26,09:16,84
2026-05-26,09:17,48
2026-05-26,09:18,49
2026-05-26,09:19,8
2026-05-26,09:20,18
2026-05-26,09:21,46
2026-05-26,09:22,42
2026-05-26,09:23,7
2026-05-26,09:24,43
2026-05-26,09:26,8
2026-05-26,09:28,7
2026-05-26,09:38,30
2026-05-26,09:39,1
2026-05-26,09:40,7
2026-05-26,09:41,1
2026-05-26,09:52,11
2026-05-26,09:59,42
2026-05-26,10:00,19
2026-05-26,10:01,58
2026-05-26,10:02,40
2026-05-26,10:06,6
2026-05-26,10:26,7
2026-05-26,10:27,31
2026-05-26,10:28,7
2026-05-26,10:30,6
2026-05-26,10:35,27
2026-05-26,11:00,25
2026-05-26,11:01,7
2026-05-26,11:09,30
2026-05-26,11:10,96
2026-05-26,11:11,59
2026-05-26,11:12,7
2026-05-26,11:13,8
2026-05-26,11:14,10
2026-05-26,11:15,11
2026-05-26,11:16,41
2026-05-26,11:17,19
2026-05-26,11:18,64
2026-05-26,11:19,3
2026-05-26,11:23,22
2026-05-26,11:24,86
2026-05-26,11:25,47
2026-05-26,11:26,94
2026-05-26,11:27,114
2026-05-26,11:28,112
2026-05-26,11:29,4
2026-05-26,11:30,9
2026-05-26,11:37,14
2026-05-26,11:54,19
2026-05-26,11:55,100
2026-05-26,11:56,21
2026-05-26,11:57,113
2026-05-26,11:58,117
2026-05-26,11:59,121
2026-05-26,12:00,60
2026-05-26,12:01,25
2026-05-26,12:03,11
2026-05-26,12:19,28
2026-05-26,12:31,20
2026-05-26,12:33,17
2026-05-26,12:34,6
2026-05-26,12:35,24
2026-05-26,12:37,50
2026-05-26,12:39,99
2026-05-26,12:40,28
2026-05-26,12:41,72
2026-05-26,12:43,113
2026-05-26,12:44,49
2026-05-26,12:45,92
2026-05-26,12:46,100
2026-05-26,12:47,70
2026-05-26,12:48,15
2026-05-26,13:07,5
2026-05-26,13:08,91
2026-05-26,13:09,32
2026-05-26,13:10,58
2026-05-26,13:11,39
2026-05-26,13:12,77
2026-05-26,13:13,79
2026-05-26,13:15,8
2026-05-26,13:20,7
2026-05-26,13:21,27
2026-05-26,13:22,106
2026-05-26,13:23,41
2026-05-26,14:01,30
2026-05-26,14:14,10
2026-05-26,14:18,6
2026-05-26,14:19,19
2026-05-26,15:04,36
2026-05-26,15:05,59
2026-05-26,15:06,19
2026-05-26,15:07,32
2026-05-26,15:08,102
2026-05-26,15:09,21
2026-05-26,15:25,13
2026-05-26,15:32,12
2026-05-26,15:39,3
2026-05-26,15:44,7
2026-05-26,15:58,15
2026-05-26,16:01,19
2026-05-26,16:17,10
2026-05-26,18:34,9
2026-05-26,18:35,20
2026-05-26,18:37,31
2026-05-26,18:38,69
2026-05-26,18:39,15
2026-05-26,18:41,26
2026-05-26,18:42,1
2026-05-26,18:47,31
2026-05-26,18:48,24
2026-05-26,18:49,11
2026-05-26,18:50,8
2026-05-26,18:51,19
2026-05-26,18:52,20
2026-05-26,18:53,7
2026-05-26,18:54,39
2026-05-26,18:55,1
2026-05-26,18:56,8
2026-05-26,18:57,60
2026-05-26,19:00,83
2026-05-26,19:01,10
2026-05-26,19:02,33
2026-05-26,19:03,36
2026-05-26,19:04,3
2026-05-26,19:05,8
2026-05-26,19:07,31
2026-05-26,19:08,18
2026-05-26,19:09,43
2026-05-26,19:10,19
2026-05-26,19:33,7
2026-05-26,19:34,10
2026-05-26,19:50,5
2026-05-26,20:58,9
2026-05-26,21:22,18
2026-05-26,22:01,28
2026-05-26,22:02,9
2026-05-26,22:03,14
2026-05-26,22:06,5
2026-05-26,22:07,1
2026-05-26,22:08,37
2026-05-26,22:12,66
2026-05-26,22:13,104
2026-05-26,22:14,106
2026-05-26,22:15,111
2026-05-26,22:16,82
2026-05-26,22:17,83
2026-05-26,22:18,66
2026-05-26,22:19,1
2026-05-26,22:20,17
2026-05-26,22:21,88
2026-05-26,22:22,93
2026-05-26,22:23,24
2026-05-26,22:51,71
2026-05-26,22:52,88
2026-05-26,22:53,72
2026-05-26,22:54,70
2026-05-26,22:58,13
2026-05-26,23:07,16
2026-05-26,23:08,3
2026-05-26,23:15,8
2026-05-26,23:16,8
2026-05-26,23:18,7
2026-05-26,23:29,7
2026-05-26,23:43,5
2026-05-26,23:59,20
2026-05-27,00:00,84
2026-05-27,00:13,6
2026-05-27,00:16,7
2026-05-27,00:17,1
2026-05-27,00:19,7
2026-05-27,00:20,16
2026-05-27,00:24,9
2026-05-27,00:25,23
2026-05-27,00:27,4
2026-05-27,00:29,33
2026-05-27,00:30,9
2026-05-27,00:32,10
2026-05-27,00:37,7
2026-05-27,00:46,5
2026-05-27,00:47,27
2026-05-27,00:48,1
2026-05-27,00:50,6
2026-05-27,00:54,21
2026-05-27,00:58,6
2026-05-27,00:59,28
2026-05-27,01:01,13
2026-05-27,01:02,36
2026-05-27,01:03,22
2026-05-27,01:05,68
2026-05-27,01:06,31
2026-05-27,01:20,6
2026-05-27,01:31,5
2026-05-27,01:43,10
2026-05-27,01:46,6
2026-05-27,01:47,1
2026-05-27,01:48,9
2026-05-27,01:53,7
2026-05-27,01:54,7
2026-05-27,01:55,25
2026-05-27,01:56,111
2026-05-27,01:57,57
2026-05-27,01:58,3
2026-05-27,01:59,32
2026-05-27,02:00,17
2026-05-27,02:01,65
2026-05-27,02:02,80
2026-05-27,02:04,11
2026-05-27,02:05,28
2026-05-27,02:06,38
2026-05-27,02:07,18
2026-05-27,02:08,25
2026-05-27,02:09,1
2026-05-27,02:10,7
2026-05-27,02:11,47
2026-05-27,02:12,60
2026-05-27,02:13,40
2026-05-27,02:15,56
2026-05-27,02:16,8
2026-05-27,02:17,27
2026-05-27,02:18,47
2026-05-27,02:19,22
2026-05-27,02:23,54
2026-05-27,02:24,1
2026-05-27,02:25,98
2026-05-27,02:26,20
2026-05-27,02:29,78
2026-05-27,02:30,1
2026-05-27,02:31,36
2026-05-27,02:32,51
2026-05-27,02:33,28
2026-05-27,02:34,16
2026-05-27,02:35,7
2026-05-27,02:46,6
2026-05-27,03:48,7
2026-05-27,05:43,9
2026-05-27,09:14,10
2026-05-27,11:37,10
2026-05-27,11:54,10
2026-05-27,12:41,19
2026-05-27,12:42,6
2026-05-27,12:56,9
2026-05-27,19:50,40
2026-05-27,19:56,5
2026-05-27,19:59,11
2026-05-27,20:00,1
2026-05-27,20:01,11
2026-05-27,20:02,18
2026-05-27,20:03,56
2026-05-27,20:04,14
2026-05-27,20:07,91
2026-05-27,20:08,68
2026-05-27,20:09,1
2026-05-27,20:10,7
2026-05-27,20:11,38
2026-05-27,20:12,8
2026-05-27,20:20,28
2026-05-27,20:21,55
2026-05-27,20:22,43
2026-05-27,20:23,11
2026-05-27,20:24,6
2026-05-27,20:28,20
2026-05-27,20:29,59
2026-05-27,20:30,21
2026-05-27,20:31,10
2026-05-27,20:32,17
2026-05-27,20:33,7
2026-05-27,20:35,12
2026-05-27,20:37,7
2026-05-27,20:38,6
2026-05-27,20:40,70
2026-05-27,20:41,102
2026-05-27,20:42,12
2026-05-27,20:58,55
2026-05-27,20:59,27
2026-05-27,21:00,1
2026-05-27,21:29,18
2026-05-27,21:30,27
2026-05-27,21:36,7
2026-05-27,21:37,54
2026-05-27,21:38,116
2026-05-27,21:39,117
2026-05-27,21:40,116
2026-05-27,21:41,110
2026-05-27,21:42,45
2026-05-27,21:43,66
2026-05-27,21:44,127
2026-05-27,21:45,84
2026-05-27,22:13,13
2026-05-27,22:14,102
2026-05-27,22:15,35
2026-05-27,22:16,62
2026-05-27,22:17,86
2026-05-27,22:18,87
2026-05-27,22:19,33
2026-05-27,22:21,9
2026-05-27,22:22,3
2026-05-27,22:25,22
2026-05-27,22:26,22
2026-05-27,22:28,18
2026-05-27,22:30,3
2026-05-27,22:31,15
2026-05-27,22:32,68
2026-05-27,22:34,12
2026-05-27,22:35,23
2026-05-27,22:38,7
2026-05-27,22:39,10
2026-05-27,22:40,3
2026-05-27,22:41,6
2026-05-27,22:42,16
2026-05-27,22:45,6
2026-05-27,23:02,23
2026-05-27,23:06,3
2026-05-27,23:09,15
2026-05-27,23:10,31
2026-05-27,23:12,58
2026-05-27,23:16,10
2026-05-27,23:23,17
2026-05-27,23:41,20
2026-05-27,23:44,19
2026-05-27,23:51,6
2026-05-27,23:52,22
2026-05-28,00:00,7
2026-05-28,00:01,7
2026-05-28,00:15,31
2026-05-28,00:45,12
2026-05-28,00:58,7
2026-05-28,01:12,8
2026-05-28,01:26,5
2026-05-28,01:27,1
2026-05-28,02:30,50
2026-05-28,02:39,8
2026-05-28,02:40,21
2026-05-28,02:41,9
2026-05-28,03:06,20
2026-05-28,03:07,7
2026-05-28,03:11,15
2026-05-28,03:14,4
2026-05-28,03:40,12
2026-05-28,03:42,13
2026-05-28,03:49,7
2026-05-28,04:27,9
2026-05-28,06:34,6
2026-05-28,07:06,24
2026-05-28,07:07,28
2026-05-28,07:16,17
2026-05-28,07:18,13
2026-05-28,07:19,46
2026-05-28,07:20,36
2026-05-28,07:21,14
2026-05-28,07:22,8
2026-05-28,07:23,13
2026-05-28,07:26,8
2026-05-28,07:31,46
2026-05-28,07:32,32
2026-05-28,07:33,58
2026-05-28,07:34,25
2026-05-28,07:35,102
2026-05-28,07:36,111
2026-05-28,07:37,70
2026-05-28,07:42,18
2026-05-28,07:43,99
2026-05-28,08:08,22
2026-05-28,08:09,68
2026-05-28,08:10,53
2026-05-28,08:11,108
2026-05-28,08:12,112
2026-05-28,08:13,105
2026-05-28,08:14,9
2026-05-28,08:36,31
2026-05-28,08:37,100
2026-05-28,08:38,50
2026-05-28,08:39,7
2026-05-28,08:41,28
2026-05-28,08:43,9
2026-05-28,08:45,34
2026-05-28,13:20,9
2026-05-28,13:24,11
2026-05-28,13:51,8
2026-05-28,13:53,8
2026-05-28,13:55,36
2026-05-28,13:56,6
2026-05-28,13:57,1
2026-05-28,13:59,57
2026-05-28,14:00,18
2026-05-28,14:01,25
2026-05-28,14:04,7
2026-05-28,14:34,11
2026-05-28,14:35,3
2026-05-28,14:40,7
2026-05-28,15:28,35
2026-05-28,15:29,33
2026-05-28,15:30,1
2026-05-28,15:37,6
2026-05-28,15:46,6
2026-05-28,15:48,18
2026-05-28,15:50,8
2026-05-28,15:56,23
2026-05-28,15:57,14
2026-05-28,16:06,6
2026-05-28,16:31,10
2026-05-28,18:22,6
2026-05-28,20:06,19
2026-05-28,20:07,29
2026-05-28,20:08,14
2026-05-28,20:25,3
2026-05-28,22:09,7
2026-05-28,22:10,54
2026-05-28,22:11,13
2026-05-28,22:12,23
2026-05-28,22:28,15
2026-05-28,22:30,3
2026-05-29,00:57,7
2026-05-29,04:45,12
2026-05-29,04:53,9
2026-05-29,04:57,8
2026-05-29,05:06,20
2026-05-29,05:07,1
2026-05-29,05:30,8
2026-05-29,05:39,6
2026-05-29,05:40,12
2026-05-29,05:41,10
2026-05-29,05:42,21
2026-05-29,05:43,72
2026-05-29,05:44,7
2026-05-29,05:46,89
2026-05-29,06:51,104
2026-05-29,06:52,79
2026-05-29,06:53,3
2026-05-29,06:54,5
2026-05-29,06:57,30
2026-05-29,09:33,14
2026-05-29,09:35,11
2026-05-29,09:38,4
2026-05-29,09:39,14
2026-05-29,09:42,8
2026-05-29,09:43,3
2026-05-29,09:44,3
2026-05-29,09:45,9
2026-05-29,09:46,100
2026-05-29,09:47,10
2026-05-29,09:49,18
2026-05-29,09:50,18
2026-05-29,09:51,12
2026-05-29,10:04,9
2026-05-29,10:32,23
2026-05-29,10:33,99
2026-05-29,10:36,13
2026-05-29,10:37,75
2026-05-29,10:38,40
2026-05-29,10:40,20
2026-05-29,10:41,71
2026-05-29,10:42,68
2026-05-29,10:43,90
2026-05-29,10:44,99
2026-05-29,10:45,28
2026-05-29,10:46,106
2026-05-29,10:47,86
2026-05-29,10:48,7
2026-05-29,10:50,33
2026-05-29,10:51,61
2026-05-29,10:52,49
2026-05-29,10:53,3
2026-05-29,10:59,35
2026-05-29,11:00,10
2026-05-29,11:01,8
2026-05-29,11:08,6
2026-05-29,11:14,6
2026-05-29,11:15,19
2026-05-29,11:25,7
2026-05-29,11:26,1
2026-05-29,11:28,8
2026-05-29,11:29,30
2026-05-29,11:31,62
2026-05-29,11:32,54
2026-05-29,11:39,5
2026-05-29,12:04,37
2026-05-29,12:05,49
2026-05-29,12:06,32
2026-05-29,12:31,2
2026-05-29,12:32,1
2026-05-29,12:34,8
2026-05-29,12:52,40
2026-05-29,12:53,93
2026-05-29,12:54,60
2026-05-29,12:56,54
2026-05-29,12:57,8
2026-05-29,12:58,49
2026-05-29,13:02,9
2026-05-29,13:10,11
2026-05-29,13:11,43
2026-05-29,13:12,75
2026-05-29,13:13,62
2026-05-29,13:14,20
2026-05-29,13:49,10
2026-05-29,13:52,12
2026-05-29,14:00,3
2026-05-29,14:12,7
2026-05-29,14:16,6
2026-05-29,14:23,33
2026-05-29,14:24,6
2026-05-29,14:25,4
2026-05-29,14:26,33
2026-05-29,14:30,57
2026-05-29,14:45,71
2026-05-29,14:46,31
2026-05-29,14:47,22
2026-05-29,14:51,59
2026-05-29,14:52,77
2026-05-29,15:09,46
2026-05-29,15:10,23
2026-05-29,15:14,48
2026-05-29,15:28,12
2026-05-29,15:29,101
2026-05-29,15:30,53
2026-05-29,15:33,6
2026-05-29,15:34,79
2026-05-29,15:35,29
2026-05-29,15:36,67
2026-05-29,15:37,62
2026-05-29,15:38,7
2026-05-29,15:46,74
2026-05-29,15:47,1
2026-05-29,16:03,54
2026-05-29,16:04,95
2026-05-29,16:05,29
2026-05-29,16:09,8
2026-05-29,16:13,50
2026-05-29,16:14,31
2026-05-29,16:15,27
2026-05-29,16:34,5
2026-05-29,16:35,41
2026-05-29,16:36,30
2026-05-29,16:37,77
2026-05-29,16:38,18
2026-05-29,16:39,10
2026-05-29,16:40,68
2026-05-29,16:41,99
2026-05-29,16:42,9
2026-05-29,16:43,35
2026-05-29,16:44,76
2026-05-29,16:45,103
2026-05-29,16:46,35
2026-05-29,16:47,106
2026-05-29,16:48,102
2026-05-29,16:49,88
2026-05-29,16:54,7
2026-05-29,16:59,7
2026-05-29,17:00,12
2026-05-29,17:22,5
2026-05-29,17:25,79
2026-05-29,17:26,16
2026-05-29,17:41,44
2026-05-29,17:42,13
2026-05-29,17:55,8
2026-05-29,17:56,24
2026-05-29,17:57,15
2026-05-29,17:59,20
2026-05-29,18:00,19
2026-05-29,18:02,25
2026-05-29,18:03,12
2026-05-29,18:04,23
2026-05-29,18:17,28
2026-05-29,18:18,7
2026-05-29,18:21,8
2026-05-29,18:22,17
2026-05-29,18:23,29
2026-05-29,18:24,75
2026-05-29,18:25,1
2026-05-29,18:34,47
2026-05-29,18:38,5
2026-05-29,18:39,23
2026-05-29,18:40,15
2026-05-29,18:45,14
2026-05-29,18:46,88
2026-05-29,18:47,105
2026-05-29,18:48,109
2026-05-29,18:49,87
2026-05-29,18:50,103
2026-05-29,18:51,113
2026-05-29,18:52,108
2026-05-29,18:53,66
2026-05-29,18:54,22
2026-05-29,18:55,98
2026-05-29,18:56,105
2026-05-29,18:57,99
2026-05-29,18:58,104
2026-05-29,18:59,103
2026-05-29,19:00,108
2026-05-29,19:01,99
2026-05-29,19:02,101
2026-05-29,19:03,105
2026-05-29,19:04,106
2026-05-29,19:05,102
2026-05-29,19:06,99
2026-05-29,19:07,31
2026-05-29,19:08,106
2026-05-29,19:09,108
2026-05-29,19:10,107
2026-05-29,19:11,95
2026-05-29,19:12,105
2026-05-29,19:13,107
2026-05-29,19:14,98
2026-05-29,19:15,1
2026-05-29,19:24,14
2026-05-29,19:26,11
2026-05-29,19:28,31
2026-05-29,19:32,6
2026-05-29,19:37,9
2026-05-29,19:41,6
2026-05-29,19:53,45
2026-05-29,19:56,14
2026-05-29,19:58,21
2026-05-29,19:59,122
2026-05-29,20:00,99
2026-05-29,20:01,108
2026-05-29,20:02,113
2026-05-29,20:03,106
2026-05-29,20:04,42
2026-05-29,20:05,108
2026-05-29,20:06,105
2026-05-29,20:07,107
2026-05-29,20:08,54
2026-05-29,20:09,36
2026-05-29,20:14,47
2026-05-29,20:15,52
2026-05-29,20:17,24
2026-05-29,20:18,97
2026-05-29,20:19,39
2026-05-29,20:20,50
2026-05-29,20:21,119
2026-05-29,20:22,105
2026-05-29,20:23,109
2026-05-29,20:24,101
2026-05-29,20:25,120
2026-05-29,20:26,108
2026-05-29,20:27,74
2026-05-29,20:28,57
2026-05-29,20:29,105
2026-05-29,20:30,110
2026-05-29,20:31,111
2026-05-29,20:32,110
2026-05-29,20:33,110
2026-05-29,20:34,96
2026-05-29,20:35,95
2026-05-29,20:36,111
2026-05-29,20:37,93
2026-05-29,20:38,106
2026-05-29,20:39,109
2026-05-29,20:40,104
2026-05-29,20:41,104
2026-05-29,20:42,110
2026-05-29,20:43,112
2026-05-29,20:44,115
2026-05-29,20:45,109
2026-05-29,20:46,108
2026-05-29,20:47,122
2026-05-29,20:48,111
2026-05-29,20:49,110
2026-05-29,20:50,107
2026-05-29,20:51,49
2026-05-29,20:56,13
2026-05-29,20:57,29
2026-05-29,20:58,5
2026-05-29,20:59,1
2026-05-29,21:04,8
2026-05-29,21:30,23
2026-05-29,21:33,8
2026-05-29,21:43,62
2026-05-29,21:46,68
2026-05-29,21:48,15
2026-05-29,22:03,10
2026-05-29,22:04,10
2026-05-29,22:11,3
2026-05-29,22:14,14
2026-05-29,22:15,27
2026-05-29,22:16,96
2026-05-29,22:18,27
2026-05-29,22:29,3
2026-05-29,22:30,8
2026-05-29,22:39,7
2026-05-29,22:51,6
2026-05-29,22:52,88
2026-05-29,22:53,105
2026-05-29,22:54,55
2026-05-29,22:56,13
2026-05-29,22:57,1
2026-05-29,22:58,10
2026-05-29,22:59,9
2026-05-29,23:00,8
2026-05-29,23:01,24
2026-05-29,23:02,25
2026-05-29,23:03,84
2026-05-29,23:04,27
2026-05-29,23:05,7
2026-05-29,23:11,8
2026-05-29,23:12,27
2026-05-29,23:14,14
2026-05-29,23:15,19
2026-05-29,23:16,11
2026-05-29,23:17,23
2026-05-29,23:18,30
2026-05-29,23:24,6
2026-05-29,23:26,12
2026-05-29,23:27,13
2026-05-29,23:28,52
2026-05-29,23:29,22
2026-05-29,23:30,13
2026-05-29,23:31,6
2026-05-29,23:33,8
2026-05-29,23:35,6
2026-05-29,23:36,21
2026-05-29,23:37,23
2026-05-29,23:38,11
2026-05-29,23:40,8
2026-05-29,23:41,51
2026-05-29,23:42,14
2026-05-29,23:43,7
2026-05-29,23:44,40
2026-05-29,23:45,25
2026-05-29,23:46,19
2026-05-29,23:47,8
2026-05-29,23:49,22
2026-05-29,23:50,15
2026-05-29,23:51,38
2026-05-29,23:52,38
2026-05-29,23:53,14
2026-05-29,23:55,5
2026-05-29,23:56,79
2026-05-29,23:57,38
2026-05-29,23:58,33
2026-05-29,23:59,13
2026-05-30,00:03,7
2026-05-30,00:05,27
2026-05-30,00:06,13
2026-05-30,00:08,19
2026-05-30,00:09,22
2026-05-30,00:10,42
2026-05-30,00:12,17
2026-05-30,00:14,27
2026-05-30,00:15,66
2026-05-30,00:16,11
2026-05-30,00:17,40
2026-05-30,00:18,37
2026-05-30,00:19,49
2026-05-30,00:20,31
2026-05-30,00:21,17
2026-05-30,00:22,56
2026-05-30,00:23,19
2026-05-30,00:25,24
2026-05-30,00:27,13
2026-05-30,00:31,61
2026-05-30,00:32,120
2026-05-30,00:33,77
2026-05-30,00:34,29
2026-05-30,00:35,9
2026-05-30,00:38,17
2026-05-30,00:52,3
2026-05-30,00:57,50
2026-05-30,00:58,13
2026-05-30,00:59,6
2026-05-30,01:07,5
2026-05-30,01:19,8
2026-05-30,01:21,5
2026-05-30,01:24,16
2026-05-30,01:25,36
2026-05-30,01:27,5
2026-05-30,01:28,3
2026-05-30,01:33,25
2026-05-30,01:34,83
2026-05-30,01:35,88
2026-05-30,01:36,37
2026-05-30,01:45,7
2026-05-30,01:53,8
2026-05-30,01:54,7
2026-05-30,01:55,14
2026-05-30,01:56,1
2026-05-30,02:02,7
2026-05-30,02:04,50
2026-05-30,02:05,18
2026-05-30,02:06,4
2026-05-30,02:07,43
2026-05-30,02:08,14
2026-05-30,02:09,3
2026-05-30,02:10,8
2026-05-30,02:11,10
2026-05-30,02:12,1
2026-05-30,02:14,8
2026-05-30,02:27,24
2026-05-30,02:28,23
2026-05-30,02:31,20
2026-05-30,02:37,6
2026-05-30,02:38,12
2026-05-30,02:39,105
2026-05-30,02:41,9
2026-05-30,02:47,6
2026-05-30,02:49,9
2026-05-30,02:51,6
2026-05-30,03:03,8
2026-05-30,03:05,6
2026-05-30,03:09,8
2026-05-30,03:11,41
2026-05-30,03:23,10
2026-05-30,03:24,38
2026-05-30,03:25,60
2026-05-30,03:38,3
2026-05-30,03:41,5
2026-05-30,05:31,10
2026-05-30,05:32,3
2026-05-30,05:33,18
2026-05-30,05:52,3
2026-05-30,06:13,12
2026-05-30,06:15,9
2026-05-30,06:16,11
2026-05-30,06:17,16
2026-05-30,06:18,64
2026-05-30,06:19,19
2026-05-30,06:21,51
2026-05-30,06:22,16
2026-05-30,06:25,67
2026-05-30,06:26,11
2026-05-30,06:28,7
2026-05-30,06:35,11
2026-05-30,06:36,1
2026-05-30,06:40,18
2026-05-30,06:41,20
2026-05-30,06:42,48
2026-05-30,06:43,3
2026-05-30,06:44,29
2026-05-30,06:47,5
2026-05-30,06:49,15
2026-05-30,06:51,10
2026-05-30,06:52,44
2026-05-30,06:53,7
2026-05-30,06:54,28
2026-05-30,06:56,6
2026-05-30,06:57,16
2026-05-30,06:59,7
2026-05-30,07:00,104
2026-05-30,07:01,127
2026-05-30,07:02,44
2026-05-30,07:03,19
2026-05-30,07:04,3
2026-05-30,07:06,60
2026-05-30,07:07,11
2026-05-30,07:08,36
2026-05-30,07:09,16
2026-05-30,07:10,57
2026-05-30,07:11,6
2026-05-30,07:12,110
2026-05-30,07:13,81
2026-05-30,07:14,105
2026-05-30,07:15,97
2026-05-30,07:16,109
2026-05-30,07:17,9
2026-05-30,07:19,30
2026-05-30,07:20,64
2026-05-30,07:21,109
2026-05-30,07:22,110
2026-05-30,07:24,75
2026-05-30,07:25,64
2026-05-30,07:26,82
2026-05-30,07:28,6
2026-05-30,07:29,83
2026-05-30,07:30,74
2026-05-30,07:31,30
2026-05-30,07:33,28
2026-05-30,07:36,51
2026-05-30,07:37,59
2026-05-30,07:38,49
2026-05-30,07:40,39
2026-05-30,07:41,66
2026-05-30,07:42,48
2026-05-30,07:43,31
2026-05-30,07:47,61
2026-05-30,07:48,101
2026-05-30,07:50,19
2026-05-30,07:53,31
2026-05-30,07:54,65
2026-05-30,07:55,98
2026-05-30,07:56,5
2026-05-30,08:01,6
2026-05-30,08:02,14
2026-05-30,08:03,44
2026-05-30,08:04,27
2026-05-30,08:05,43
2026-05-30,08:06,32
2026-05-30,08:07,77
2026-05-30,08:08,24
2026-05-30,08:10,32
2026-05-30,08:11,5
2026-05-30,08:12,14
2026-05-30,08:13,7
2026-05-30,08:18,6
2026-05-30,08:19,32
2026-05-30,08:21,7
2026-05-30,08:22,12
2026-05-30,08:23,6
2026-05-30,08:33,43
2026-05-30,08:34,1
2026-05-30,08:35,29
2026-05-30,08:36,13
2026-05-30,08:37,10
2026-05-30,08:40,59
2026-05-30,08:41,13
2026-05-30,08:42,61
2026-05-30,08:49,14
2026-05-30,09:05,12
2026-05-30,09:08,5
2026-05-30,09:46,8
2026-05-30,09:47,22
2026-05-30,09:59,31
2026-05-30,10:00,36
2026-05-30,10:01,5
2026-05-30,10:02,60
2026-05-30,10:03,12
2026-05-30,12:29,18
2026-05-30,13:51,38
2026-05-30,14:08,35
2026-05-30,14:10,5
2026-05-30,14:11,7
2026-05-30,14:12,9
2026-05-30,14:14,3
2026-05-30,14:15,7
2026-05-30,14:16,9
2026-05-30,14:17,5
2026-05-30,14:29,12
2026-05-30,14:33,7
2026-05-30,14:38,8
2026-05-30,14:53,82
2026-05-30,14:54,57
2026-05-30,14:55,25
2026-05-30,14:56,85
2026-05-30,14:57,103
2026-05-30,14:58,97
2026-05-30,14:59,106
2026-05-30,15:00,95
2026-05-30,15:01,99
2026-05-30,15:02,9
2026-05-30,15:04,78
2026-05-30,15:06,84
2026-05-30,15:07,7
2026-05-30,15:08,24
2026-05-30,15:12,12
2026-05-30,15:16,10
2026-05-30,15:20,12
2026-05-30,15:27,24
2026-05-30,15:28,17
2026-05-30,15:29,52
2026-05-30,15:30,50
2026-05-30,15:31,16
2026-05-30,15:46,7
2026-05-30,15:48,24
2026-05-30,15:50,38
2026-05-30,15:51,20
2026-05-30,15:53,5
2026-05-30,15:57,8
2026-05-30,15:58,7
2026-05-30,16:06,18
2026-05-30,16:10,6
2026-05-30,16:11,53
2026-05-30,16:12,57
2026-05-30,16:13,7
2026-05-30,16:17,25
2026-05-30,16:26,7
2026-05-30,16:27,9
2026-05-30,16:28,6
2026-05-30,16:31,30
2026-05-30,16:45,3
2026-05-30,16:48,10
2026-05-30,16:50,7
2026-05-30,17:08,11
2026-05-30,17:10,5
2026-05-30,17:20,7
2026-05-30,17:32,21
2026-05-30,17:33,111
2026-05-30,17:34,19
2026-05-30,17:36,42
2026-05-30,17:37,18
2026-05-30,17:39,5
2026-05-30,17:46,41
2026-05-30,17:47,9
2026-05-30,17:49,9
2026-05-30,17:53,6
2026-05-30,18:00,6
2026-05-30,18:01,1
2026-05-30,18:07,8
2026-05-30,18:10,17
2026-05-30,18:14,59
2026-05-30,18:15,65
2026-05-30,18:16,15
2026-05-30,18:17,20
2026-05-30,18:18,110
2026-05-30,18:19,79
2026-05-30,18:20,82
2026-05-30,18:21,103
2026-05-30,18:22,45
2026-05-30,18:23,26
2026-05-30,18:33,55
2026-05-30,18:34,15
2026-05-30,18:41,6
2026-05-30,19:03,3
2026-05-30,19:13,3
2026-05-30,19:14,5
2026-05-30,19:16,7
2026-05-30,19:17,6
2026-05-30,19:29,10
2026-05-30,19:30,17
2026-05-30,19:35,13
2026-05-30,19:40,15
2026-05-30,21:05,9
2026-05-30,22:19,6
2026-05-30,22:29,5
2026-05-30,22:31,7
2026-05-30,22:46,6
2026-05-30,23:02,11
2026-05-30,23:04,6
2026-05-30,23:07,5
2026-05-30,23:09,6
2026-05-30,23:14,2
2026-05-30,23:15,17
2026-05-30,23:16,1
2026-05-30,23:21,19
2026-05-30,23:22,5
2026-05-30,23:39,9
2026-05-30,23:44,20
2026-05-30,23:45,15
2026-05-31,00:05,7
2026-05-31,00:19,6
2026-05-31,00:21,6
2026-05-31,00:34,3
2026-05-31,00:35,14
2026-05-31,01:31,8
2026-05-31,03:09,16
2026-05-31,04:36,3
2026-05-31,07:16,9
2026-05-31,07:17,13
2026-05-31,07:19,6
2026-05-31,07:23,12
2026-05-31,07:24,1
2026-05-31,07:36,5
2026-05-31,07:41,17
2026-05-31,07:42,58
2026-05-31,07:43,10
2026-05-31,07:44,8
2026-05-31,07:45,36
2026-05-31,07:47,4
2026-05-31,08:09,25
2026-05-31,08:10,70
2026-05-31,08:11,86
2026-05-31,08:12,24
2026-05-31,08:13,17
2026-05-31,08:15,89
2026-05-31,08:16,12
2026-05-31,08:17,51
2026-05-31,08:19,68
2026-05-31,08:20,62
2026-05-31,08:21,15
2026-05-31,08:22,60
2026-05-31,08:23,25
2026-05-31,08:48,66
2026-05-31,08:53,19
2026-05-31,08:54,83
2026-05-31,09:12,10
2026-05-31,09:26,6
2026-05-31,09:27,15
2026-05-31,09:28,64
2026-05-31,09:31,6
2026-05-31,09:37,5
2026-05-31,09:41,5
2026-05-31,09:43,11
2026-05-31,09:51,5
2026-05-31,10:04,14
2026-05-31,10:12,6
2026-05-31,10:13,9
2026-05-31,10:14,13
2026-05-31,10:15,5
2026-05-31,10:20,9
2026-05-31,10:22,9
2026-05-31,10:23,1
2026-05-31,10:30,14
2026-05-31,10:47,5
2026-05-31,10:49,4
2026-05-31,10:50,2
2026-05-31,10:51,74
2026-05-31,10:52,25
2026-05-31,10:53,23
2026-05-31,10:54,11
2026-05-31,11:01,8
2026-05-31,11:02,40
2026-05-31,11:15,14
2026-05-31,11:16,18
2026-05-31,11:53,27
2026-05-31,11:54,1
2026-05-31,11:55,9
2026-05-31,11:56,68
2026-05-31,11:57,64
2026-05-31,12:11,7
2026-05-31,12:34,7
2026-05-31,12:44,8
2026-05-31,12:46,6
2026-05-31,12:50,50
2026-05-31,12:51,50
2026-05-31,12:52,30
2026-05-31,12:58,10
2026-05-31,12:59,60
2026-05-31,13:00,28
2026-05-31,13:01,13
2026-05-31,13:16,11
2026-05-31,13:40,49
2026-05-31,14:37,15
2026-05-31,14:38,10
2026-05-31,15:00,11
2026-05-31,15:31,7
2026-05-31,15:32,45
2026-05-31,15:36,56
2026-05-31,15:37,93
2026-05-31,15:39,8
2026-05-31,15:42,25
2026-05-31,15:43,43
2026-05-31,15:47,34
2026-05-31,15:48,22
2026-05-31,15:55,25
2026-05-31,15:56,47
2026-05-31,15:57,3
2026-05-31,16:00,17
2026-05-31,16:02,8
2026-05-31,16:07,52
2026-05-31,16:11,19
2026-05-31,16:12,49
2026-05-31,16:14,24
2026-05-31,16:16,31
2026-05-31,16:18,18
2026-05-31,16:19,24
2026-05-31,16:23,22
2026-05-31,16:26,46
2026-05-31,16:27,51
2026-05-31,16:28,71
2026-05-31,16:29,14
2026-05-31,16:42,36
2026-05-31,16:43,7
2026-05-31,16:44,84
2026-05-31,16:45,80
2026-05-31,16:46,58
2026-05-31,16:47,60
2026-05-31,16:48,52
2026-05-31,16:53,14
2026-05-31,16:54,103
2026-05-31,16:55,21
2026-05-31,16:56,113
2026-05-31,16:57,108
2026-05-31,16:58,46
2026-05-31,17:02,11
2026-05-31,17:03,7
2026-05-31,17:06,41
2026-05-31,17:07,24
2026-05-31,17:08,63
2026-05-31,17:09,24
2026-05-31,17:10,59
2026-05-31,17:11,94
2026-05-31,17:12,38
2026-05-31,17:13,58
2026-05-31,17:14,90
2026-05-31,17:15,79
2026-05-31,17:16,127
2026-05-31,17:17,122
2026-05-31,17:18,79
2026-05-31,17:19,84
2026-05-31,17:20,106
2026-05-31,17:21,108
2026-05-31,17:22,92
2026-05-31,17:23,76
2026-05-31,17:24,117
2026-05-31,17:25,82
2026-05-31,17:26,115
2026-05-31,17:27,92
2026-05-31,17:28,115
2026-05-31,17:29,99
2026-05-31,17:30,33
2026-05-31,17:31,121
2026-05-31,17:32,110
2026-05-31,17:33,94
2026-05-31,17:35,32
2026-05-31,17:36,88
2026-05-31,17:37,49
2026-05-31,17:38,76
2026-05-31,17:39,81
2026-05-31,17:40,17
2026-05-31,17:41,90
2026-05-31,17:42,72
2026-05-31,17:46,9
2026-05-31,17:47,1
2026-05-31,17:53,9
2026-05-31,17:54,7
2026-05-31,17:56,28
2026-05-31,17:57,37
2026-05-31,17:58,33
2026-05-31,17:59,51
2026-05-31,18:00,66
2026-05-31,18:01,91
2026-05-31,18:02,96
2026-05-31,18:03,86
2026-05-31,18:04,108
2026-05-31,18:05,65
2026-05-31,18:06,38
2026-05-31,18:07,51
2026-05-31,18:08,28
2026-05-31,18:09,88
2026-05-31,18:10,112
2026-05-31,18:11,25
2026-05-31,18:12,114
2026-05-31,18:13,73
2026-05-31,18:14,41
2026-05-31,18:15,82
2026-05-31,18:16,48
2026-05-31,18:17,59
2026-05-31,18:18,39
2026-05-31,18:19,106
2026-05-31,18:20,83
2026-05-31,18:21,73
2026-05-31,18:22,86
2026-05-31,18:23,89
2026-05-31,18:24,56
2026-05-31,18:25,109
2026-05-31,18:26,113
2026-05-31,18:27,37
2026-05-31,18:33,35
2026-05-31,18:34,115
2026-05-31,18:35,62
2026-05-31,18:36,113
2026-05-31,18:37,93
2026-05-31,18:38,49
2026-05-31,18:39,100
2026-05-31,18:40,76
2026-05-31,18:41,61
2026-05-31,18:42,65
2026-05-31,18:43,35
2026-05-31,18:44,51
2026-05-31,18:45,74
2026-05-31,18:46,76
2026-05-31,18:47,85
2026-05-31,18:48,97
2026-05-31,18:49,56
2026-05-31,18:50,90
2026-05-31,18:51,51
2026-05-31,18:52,6
2026-05-31,19:01,79
2026-05-31,19:02,49
2026-05-31,19:08,9
2026-05-31,19:10,7
2026-05-31,19:14,13
2026-05-31,19:15,7
2026-05-31,19:20,15
2026-05-31,19:21,100
2026-05-31,19:22,86
2026-05-31,19:23,79
2026-05-31,19:24,119
2026-05-31,19:25,8
2026-05-31,19:34,6
2026-05-31,19:44,73
2026-05-31,19:45,110
2026-05-31,19:46,107
2026-05-31,19:47,98
2026-05-31,19:48,87
2026-05-31,19:51,6
2026-05-31,19:55,11
2026-05-31,19:57,46
2026-05-31,19:58,108
2026-05-31,19:59,103
2026-05-31,20:00,80
2026-05-31,20:01,71
2026-05-31,20:02,106
2026-05-31,20:03,102
2026-05-31,20:04,97
2026-05-31,20:05,93
2026-05-31,20:06,104
2026-05-31,20:07,112
2026-05-31,20:08,17
2026-05-31,20:11,88
2026-05-31,20:12,87
2026-05-31,20:13,27
2026-05-31,20:14,111
2026-05-31,20:15,107
2026-05-31,20:16,12
2026-05-31,20:26,103
2026-05-31,20:27,101
2026-05-31,20:28,67
2026-05-31,20:29,104
2026-05-31,20:30,112
2026-05-31,20:31,106
2026-05-31,20:32,114
2026-05-31,20:33,112
2026-05-31,20:34,108
2026-05-31,20:35,112
2026-05-31,20:36,109
2026-05-31,20:37,40
2026-05-31,20:38,7
2026-05-31,20:39,24
2026-05-31,20:40,68
2026-05-31,20:41,37
2026-05-31,20:42,32
2026-05-31,20:59,8
2026-05-31,21:09,22
2026-05-31,21:10,37
2026-05-31,21:11,39
2026-05-31,21:13,14
2026-05-31,21:58,5
2026-05-31,23:14,15
2026-05-31,23:30,13
2026-05-31,23:31,1
2026-05-31,23:47,7
2026-06-01,00:09,10
2026-06-01,02:29,19
2026-06-01,02:30,9
2026-06-01,02:57,11
2026-06-01,02:58,6
2026-06-01,02:59,10
2026-06-01,03:00,3
2026-06-01,03:17,9
2026-06-01,03:27,6
2026-06-01,04:52,6
2026-06-01,09:57,10
2026-06-01,14:30,86
2026-06-01,14:46,11
2026-06-01,14:52,7
2026-06-01,14:53,14
2026-06-01,15:45,3
2026-06-01,15:47,11
2026-06-01,15:51,14
2026-06-01,17:37,24
2026-06-01,17:53,41
2026-06-01,17:55,10
2026-06-01,18:11,25
2026-06-01,18:12,8
2026-06-01,18:17,11
2026-06-01,18:30,12
2026-06-01,18:32,10
2026-06-01,18:33,25
2026-06-01,18:34,8
2026-06-01,18:38,30
2026-06-01,18:39,5
2026-06-01,18:41,6
2026-06-01,18:42,57
2026-06-01,18:43,4
2026-06-01,18:47,8
2026-06-01,18:50,39
2026-06-01,18:51,88
2026-06-01,18:52,1
2026-06-01,18:53,22
2026-06-01,18:55,8
2026-06-01,18:59,21
2026-06-01,19:00,16
2026-06-01,19:06,26
2026-06-01,19:08,26
2026-06-01,19:09,5
2026-06-01,19:10,17
2026-06-01,19:11,19
2026-06-01,19:12,10
2026-06-01,19:13,8
2026-06-01,19:14,8
2026-06-01,19:15,23
2026-06-01,19:18,22
2026-06-01,19:20,18
2026-06-01,19:25,7
2026-06-01,19:35,58
2026-06-01,19:36,82
2026-06-01,19:37,109
2026-06-01,19:38,3
2026-06-01,19:53,10
2026-06-01,19:54,63
2026-06-01,19:55,105
2026-06-01,19:56,75
2026-06-01,19:57,44
2026-06-01,19:58,115
2026-06-01,19:59,118
2026-06-01,20:00,47
2026-06-01,20:05,11
2026-06-01,20:06,66
2026-06-01,20:07,121
2026-06-01,20:08,119
2026-06-01,20:09,31
2026-06-01,20:18,3
2026-06-01,20:19,22
2026-06-01,20:20,6
2026-06-01,20:25,64
2026-06-01,20:26,71
2026-06-01,20:32,31
2026-06-01,20:33,5
2026-06-01,20:34,36
2026-06-01,20:35,7
2026-06-01,20:50,25
2026-06-01,20:51,1
2026-06-01,20:52,15
2026-06-01,20:53,24
2026-06-01,21:04,44
2026-06-01,21:06,5
2026-06-01,21:09,9
2026-06-01,21:13,5
2026-06-01,21:14,1
2026-06-01,21:16,14
2026-06-01,21:17,19
2026-06-01,21:18,28
2026-06-01,21:36,6
2026-06-01,21:40,22
2026-06-01,21:41,6
2026-06-01,21:42,9
2026-06-01,21:44,8
2026-06-01,21:46,11
2026-06-01,21:47,49
2026-06-01,21:48,14
2026-06-01,21:52,70
2026-06-01,21:53,1
2026-06-01,21:58,47
2026-06-01,21:59,2
2026-06-01,22:00,9
2026-06-01,22:10,4
2026-06-01,22:11,1
2026-06-01,22:13,16
2026-06-01,22:14,63
2026-06-01,22:15,64
2026-06-01,22:16,21
2026-06-01,22:17,29
2026-06-01,22:18,12
2026-06-01,22:19,53
2026-06-01,22:20,72
2026-06-01,22:21,26
2026-06-01,22:24,15
2026-06-01,22:25,1
2026-06-01,22:26,26
2026-06-01,22:28,62
2026-06-01,22:29,67
2026-06-01,22:33,41
2026-06-01,22:34,57
2026-06-01,22:35,53
2026-06-01,22:37,15
2026-06-01,22:38,1
2026-06-01,22:39,14
2026-06-01,22:40,39
2026-06-01,22:41,4
2026-06-01,23:32,12
2026-06-01,23:36,23
2026-06-02,00:03,5
2026-06-02,00:06,14
2026-06-02,00:07,12
2026-06-02,00:14,14
2026-06-02,00:16,6
2026-06-02,00:19,17
2026-06-02,00:20,20
2026-06-02,00:24,14
2026-06-02,00:25,6
2026-06-02,00:27,12
2026-06-02,00:32,55
2026-06-02,00:34,15
2026-06-02,01:01,23
2026-06-02,01:02,23
2026-06-02,01:03,17
2026-06-02,01:04,7
2026-06-02,01:05,17
2026-06-02,01:06,6
2026-06-02,01:07,18
2026-06-02,01:08,17
2026-06-02,01:10,23
2026-06-02,01:11,1
2026-06-02,01:13,17
2026-06-02,01:15,23
2026-06-02,01:25,9
2026-06-02,05:23,3
2026-06-02,05:26,28
2026-06-02,05:29,10
2026-06-02,05:30,5
2026-06-02,05:31,22
2026-06-02,06:53,8
2026-06-02,06:54,14
2026-06-02,06:55,31
2026-06-02,06:57,9
2026-06-02,06:58,8
2026-06-02,07:00,34
2026-06-02,07:01,76
2026-06-02,07:02,27
2026-06-02,07:03,7
2026-06-02,07:04,31
2026-06-02,07:05,5
2026-06-02,07:07,35
2026-06-02,07:14,9
2026-06-02,07:38,8
2026-06-02,07:39,6
2026-06-02,08:01,9
2026-06-02,08:02,5
2026-06-02,08:09,4
2026-06-02,08:25,5
2026-06-02,08:31,5
2026-06-02,08:32,36
2026-06-02,08:33,6
2026-06-02,08:45,7
2026-06-02,08:49,7
2026-06-02,08:51,35
2026-06-02,09:04,79
2026-06-02,09:05,59
2026-06-02,09:08,8
2026-06-02,09:13,21
2026-06-02,09:17,12
2026-06-02,09:18,7
2026-06-02,09:21,26
2026-06-02,09:37,7
2026-06-02,09:38,12
2026-06-02,09:41,11
2026-06-02,09:56,7
2026-06-02,10:03,11
2026-06-02,10:24,6
2026-06-02,10:25,1
2026-06-02,10:32,5
2026-06-02,10:33,11
2026-06-02,10:35,8
2026-06-02,10:36,7
2026-06-02,10:37,24
2026-06-02,10:38,6
2026-06-02,10:39,23
2026-06-02,10:42,23
2026-06-02,10:43,53
2026-06-02,10:44,18
2026-06-02,10:45,58
2026-06-02,10:49,13
2026-06-02,10:50,11
2026-06-02,10:53,4
2026-06-02,10:54,16
2026-06-02,10:55,3
2026-06-02,10:56,7
2026-06-02,11:00,9
2026-06-02,11:01,1
2026-06-02,11:03,5
2026-06-02,11:05,7
2026-06-02,11:06,74
2026-06-02,11:07,42
2026-06-02,11:08,9
2026-06-02,11:09,9
2026-06-02,11:10,6
2026-06-02,11:11,43
2026-06-02,11:12,12
2026-06-02,11:13,8
2026-06-02,11:15,14
2026-06-02,11:16,33
2026-06-02,11:20,6
2026-06-02,11:21,8
2026-06-02,11:26,20
2026-06-02,11:27,7
2026-06-02,11:28,31
2026-06-02,11:29,31
2026-06-02,11:30,24
2026-06-02,11:38,6
2026-06-02,11:39,8
2026-06-02,11:40,98
2026-06-02,11:42,44
2026-06-02,11:43,86
2026-06-02,11:44,42
2026-06-02,11:45,27
2026-06-02,11:46,4
2026-06-02,11:50,30
2026-06-02,11:52,6
2026-06-02,11:53,42
2026-06-02,11:54,38
2026-06-02,11:55,85
2026-06-02,11:56,17
2026-06-02,11:57,11
2026-06-02,11:59,37
2026-06-02,12:00,13
2026-06-02,12:01,5
2026-06-02,12:02,6
2026-06-02,12:05,41
2026-06-02,12:06,45
2026-06-02,12:07,20
2026-06-02,12:09,7
2026-06-02,12:10,7
2026-06-02,12:11,19
2026-06-02,12:12,29
2026-06-02,12:13,58
2026-06-02,12:14,40
2026-06-02,12:15,77
2026-06-02,12:16,16
2026-06-02,12:17,46
2026-06-02,12:18,14
2026-06-02,12:19,42
2026-06-02,12:20,14
2026-06-02,12:21,18
2026-06-02,12:22,33
2026-06-02,12:24,10
2026-06-02,12:25,1
2026-06-02,12:28,27
2026-06-02,12:29,21
2026-06-02,12:33,11
2026-06-02,12:34,8
2026-06-02,12:39,6
2026-06-02,12:48,22
2026-06-02,12:49,8
2026-06-02,12:50,20
2026-06-02,12:57,28
2026-06-02,12:58,6
2026-06-02,12:59,1
2026-06-02,13:07,9
2026-06-02,13:10,16
2026-06-02,13:20,6
2026-06-02,13:24,18
2026-06-02,13:25,9
2026-06-02,13:26,12
2026-06-02,13:28,23
2026-06-02,13:29,27
2026-06-02,13:31,59
2026-06-02,13:33,5
2026-06-02,13:37,47
2026-06-02,13:38,4
2026-06-02,13:42,18
2026-06-02,13:45,27
2026-06-02,13:59,7
2026-06-02,14:01,19
2026-06-02,14:02,20
2026-06-02,14:03,7
2026-06-02,14:04,42
2026-06-02,14:05,7
2026-06-02,14:07,21
2026-06-02,14:11,6
2026-06-02,14:20,5
2026-06-02,14:24,10
2026-06-02,14:32,6
2026-06-02,15:08,6
2026-06-02,15:45,6
2026-06-02,15:46,1
2026-06-02,15:52,6
2026-06-02,15:56,30
2026-06-02,15:59,5
2026-06-02,16:06,11
2026-06-02,16:19,12
2026-06-02,16:28,10
2026-06-02,16:38,7
2026-06-02,16:39,12
2026-06-02,16:41,8
2026-06-02,16:43,6
2026-06-02,16:51,10
2026-06-02,16:54,5
2026-06-02,17:01,6
2026-06-02,17:10,19
2026-06-02,17:13,5
2026-06-02,17:17,7
2026-06-02,17:18,10
2026-06-02,17:19,7
2026-06-02,17:20,7
2026-06-02,17:23,7
2026-06-02,17:24,4
2026-06-02,17:27,4
2026-06-02,17:29,26
2026-06-02,17:30,6
2026-06-02,17:32,5
2026-06-02,17:38,8
2026-06-02,17:39,9
2026-06-02,17:40,10
2026-06-02,17:48,8
2026-06-02,17:51,4
2026-06-02,17:52,15
2026-06-02,17:55,7
2026-06-02,17:56,11
2026-06-02,17:57,22
2026-06-02,17:58,9
2026-06-02,18:01,14
2026-06-02,18:03,24
2026-06-02,18:06,17
2026-06-02,18:07,17
2026-06-02,18:08,41
2026-06-02,18:09,53
2026-06-02,18:13,12
2026-06-02,18:14,5
2026-06-02,18:16,13
2026-06-02,18:21,70
2026-06-02,18:22,1
2026-06-02,18:24,31
2026-06-02,18:25,40
2026-06-02,18:26,21
2026-06-02,18:27,22
2026-06-02,18:28,30
2026-06-02,18:29,33
2026-06-02,18:30,5
2026-06-02,18:31,20
2026-06-02,18:32,4
2026-06-02,18:36,29
2026-06-02,18:37,17
2026-06-02,18:38,8
2026-06-02,18:39,27
2026-06-02,18:40,37
2026-06-02,18:41,48
2026-06-02,18:42,14
2026-06-02,18:43,9
2026-06-02,18:44,9
2026-06-02,18:45,23
2026-06-02,18:46,6
2026-06-02,18:51,7
2026-06-02,18:55,24
2026-06-02,18:56,14
2026-06-02,18:58,10
2026-06-02,19:00,9
2026-06-02,19:40,9
2026-06-02,20:11,46
2026-06-02,20:19,7
2026-06-02,20:31,21
2026-06-02,21:29,8
2026-06-02,21:30,51
2026-06-02,21:33,11
2026-06-02,22:41,75
2026-06-02,22:42,32
2026-06-02,23:12,19
2026-06-02,23:13,1
2026-06-02,23:15,42
2026-06-02,23:18,17
2026-06-02,23:20,42
2026-06-02,23:21,38
2026-06-02,23:35,8
2026-06-02,23:36,9
2026-06-02,23:56,5
2026-06-03,00:00,4
2026-06-03,00:28,9
2026-06-03,05:32,6
2026-06-03,09:06,8
2026-06-03,09:07,1
2026-06-03,09:15,5
2026-06-03,09:41,39
2026-06-03,09:42,49
2026-06-03,09:43,1
2026-06-03,09:47,11
2026-06-03,09:51,13
2026-06-03,10:09,9
2026-06-03,10:18,37
2026-06-03,10:21,7
2026-06-03,10:27,6
2026-06-03,10:28,24
2026-06-03,10:29,3
2026-06-03,10:36,6
2026-06-03,10:47,5
2026-06-03,10:48,4
2026-06-03,10:50,23
2026-06-03,10:51,17
2026-06-03,10:54,21
2026-06-03,11:05,75
2026-06-03,11:06,44
2026-06-03,11:07,20
2026-06-03,11:08,41
2026-06-03,11:09,1
2026-06-03,11:10,7
2026-06-03,11:11,56
2026-06-03,11:12,105
2026-06-03,11:13,13
2026-06-03,11:20,7
2026-06-03,11:22,8
2026-06-03,11:23,34
2026-06-03,11:24,15
2026-06-03,11:25,21
2026-06-03,11:27,18
2026-06-03,11:28,3
2026-06-03,11:29,16
2026-06-03,11:30,28
2026-06-03,11:36,7
2026-06-03,11:39,32
2026-06-03,11:41,5
2026-06-03,11:55,6
2026-06-03,12:12,8
2026-06-03,12:22,10
2026-06-03,12:23,24
2026-06-03,12:24,11
2026-06-03,12:28,18
2026-06-03,12:29,9
2026-06-03,12:30,1
2026-06-03,12:31,24
2026-06-03,12:33,6
2026-06-03,12:35,8
2026-06-03,12:37,6
2026-06-03,12:38,42
2026-06-03,12:39,11
2026-06-03,12:41,5
2026-06-03,12:50,23
2026-06-03,13:32,18
2026-06-03,13:35,7
2026-06-03,13:40,12
2026-06-03,13:43,7
2026-06-03,13:45,40
2026-06-03,13:54,21
2026-06-03,13:55,16
2026-06-03,13:56,16
2026-06-03,14:08,24
2026-06-03,14:11,84
2026-06-03,14:12,19
2026-06-03,14:16,8
2026-06-03,14:17,24
2026-06-03,14:18,6
2026-06-03,14:46,7
2026-06-03,14:47,16
2026-06-03,14:50,30
2026-06-03,14:52,8
2026-06-03,14:53,10
2026-06-03,14:54,82
2026-06-03,14:55,33
2026-06-03,14:57,6
2026-06-03,15:00,28
2026-06-03,15:04,53
2026-06-03,15:05,45
2026-06-03,15:23,69
2026-06-03,15:24,101
2026-06-03,15:25,5
2026-06-03,15:28,24
2026-06-03,15:29,55
2026-06-03,15:30,48
2026-06-03,15:31,68
2026-06-03,15:33,20
2026-06-03,15:38,8
2026-06-03,15:40,12
2026-06-03,15:42,25
2026-06-03,15:43,46
2026-06-03,15:44,7
2026-06-03,15:49,39
2026-06-03,15:50,59
2026-06-03,15:51,110
2026-06-03,15:52,2
2026-06-03,15:53,50
2026-06-03,15:54,50
2026-06-03,16:05,13
2026-06-03,16:07,6
2026-06-03,16:13,16
2026-06-03,16:16,5
2026-06-03,16:22,7
2026-06-03,16:31,7
2026-06-03,16:36,5
2026-06-03,16:48,8
2026-06-03,16:52,37
2026-06-03,16:53,48
2026-06-03,16:55,8
2026-06-03,16:56,116
2026-06-03,16:57,47
2026-06-03,17:08,8
2026-06-03,19:34,48
2026-06-03,19:45,9
2026-06-03,19:46,30
2026-06-03,20:04,8
2026-06-03,20:05,15
2026-06-03,20:14,53
2026-06-03,20:23,8
2026-06-03,20:59,66
2026-06-03,21:53,6
2026-06-03,22:06,28
2026-06-03,22:07,83
2026-06-03,22:10,8
2026-06-03,22:27,7
2026-06-03,22:31,13
2026-06-03,22:32,10
2026-06-03,22:34,22
2026-06-03,22:35,14
2026-06-03,22:36,31
2026-06-03,22:38,28
2026-06-03,22:39,7
2026-06-03,22:40,79
2026-06-03,22:41,23
2026-06-03,23:55,5
2026-06-04,00:51,7
2026-06-04,00:52,7
2026-06-04,08:00,8
2026-06-04,08:04,9
2026-06-04,08:46,4
2026-06-04,09:06,30
2026-06-04,09:07,29
2026-06-04,09:35,21
2026-06-04,09:42,36
2026-06-04,09:48,25
2026-06-04,09:51,3
2026-06-04,09:52,5
2026-06-04,09:53,5
2026-06-04,09:54,70
2026-06-04,09:55,6
2026-06-04,09:56,44
2026-06-04,09:59,67
2026-06-04,10:09,5
2026-06-04,10:13,18
2026-06-04,10:14,16
2026-06-04,10:15,13
2026-06-04,10:22,8
2026-06-04,10:23,5
2026-06-04,10:24,34
2026-06-04,10:25,28
2026-06-04,10:26,24
2026-06-04,10:28,6
2026-06-04,10:29,15
2026-06-04,10:30,22
2026-06-04,10:31,49
2026-06-04,10:32,12
2026-06-04,10:34,5
2026-06-04,10:35,41
2026-06-04,10:36,23
2026-06-04,10:37,15
2026-06-04,10:38,32
2026-06-04,10:39,26
2026-06-04,10:40,40
2026-06-04,10:41,33
2026-06-04,10:42,86
2026-06-04,10:43,20
2026-06-04,10:45,53
2026-06-04,10:46,51
2026-06-04,10:47,57
2026-06-04,10:48,86
2026-06-04,10:49,80
2026-06-04,10:50,96
2026-06-04,10:51,64
2026-06-04,10:53,20
2026-06-04,10:54,102
2026-06-04,10:55,28
2026-06-04,10:59,68
2026-06-04,11:00,106
2026-06-04,11:01,86
2026-06-04,11:02,6
2026-06-04,11:03,7
2026-06-04,11:04,5
2026-06-04,11:06,13
2026-06-04,11:10,12
2026-06-04,11:22,10
2026-06-04,11:33,69
2026-06-04,11:34,53
2026-06-04,11:36,40
2026-06-04,11:37,30
2026-06-04,11:38,44
2026-06-04,11:51,10
2026-06-04,12:00,6
2026-06-04,12:10,15
2026-06-04,12:11,1
2026-06-04,12:25,6
2026-06-04,12:40,10
2026-06-04,12:42,3
2026-06-04,12:50,37
2026-06-04,12:51,66
2026-06-04,12:52,90
2026-06-04,12:53,60
2026-06-04,12:55,25
2026-06-04,12:56,30
2026-06-04,13:02,8
2026-06-04,13:07,17
2026-06-04,13:14,8
2026-06-04,13:25,17
2026-06-04,13:26,54
2026-06-04,13:29,22
2026-06-04,13:30,19
2026-06-04,13:35,8
2026-06-04,13:44,65
2026-06-04,14:02,11
2026-06-04,14:05,9
2026-06-04,14:10,9
2026-06-04,14:14,12
2026-06-04,14:17,6
2026-06-04,14:19,65
2026-06-04,14:20,41
2026-06-04,14:43,12
2026-06-04,14:47,41
2026-06-04,14:51,36
2026-06-04,14:52,54
2026-06-04,14:58,15
2026-06-04,15:03,21
2026-06-04,15:04,54
2026-06-04,15:10,30
2026-06-04,15:11,77
2026-06-04,15:12,89
2026-06-04,15:13,57
2026-06-04,15:14,74
2026-06-04,15:16,21
2026-06-04,15:17,100
2026-06-04,15:18,45
2026-06-04,15:19,37
2026-06-04,15:20,57
2026-06-04,15:21,32
2026-06-04,15:22,5
2026-06-04,15:23,40
2026-06-04,15:25,26
2026-06-04,15:26,71
2026-06-04,15:27,62
2026-06-04,15:28,15
2026-06-04,15:34,5
2026-06-04,15:35,20
2026-06-04,15:40,32
2026-06-04,15:41,14
2026-06-04,15:42,33
2026-06-04,15:44,27
2026-06-04,15:46,39
2026-06-04,15:47,1
2026-06-04,15:48,9
2026-06-04,15:50,31
2026-06-04,15:51,17
2026-06-04,15:54,44
2026-06-04,15:56,4
2026-06-04,15:57,6
2026-06-04,16:03,21
2026-06-04,16:04,23
2026-06-04,16:15,39
2026-06-04,16:17,6
2026-06-04,16:18,32
2026-06-04,16:19,8
2026-06-04,16:22,74
2026-06-04,16:23,113
2026-06-04,16:24,88
2026-06-04,16:25,80
2026-06-04,16:26,14
2026-06-04,16:29,17
2026-06-04,16:30,113
2026-06-04,16:31,101
2026-06-04,16:32,109
2026-06-04,16:33,30
2026-06-04,16:37,94
2026-06-04,16:38,114
2026-06-04,16:39,110
2026-06-04,16:40,107
2026-06-04,16:41,30
2026-06-04,16:42,93
2026-06-04,16:43,106
2026-06-04,16:44,26
2026-06-04,16:46,23
2026-06-04,16:49,7
2026-06-04,16:51,5
2026-06-04,16:53,53
2026-06-04,16:54,10
2026-06-04,16:56,39
2026-06-04,16:57,15
2026-06-04,16:58,9
2026-06-04,17:06,3
2026-06-04,17:09,10
2026-06-04,17:12,7
2026-06-04,17:13,68
2026-06-04,17:14,119
2026-06-04,17:15,120
2026-06-04,17:16,120
2026-06-04,17:17,8
2026-06-04,17:30,67
2026-06-04,17:31,103
2026-06-04,17:32,40
2026-06-04,17:34,28
2026-06-04,17:35,32
2026-06-04,17:38,10
2026-06-04,17:39,5
2026-06-04,17:44,51
2026-06-04,17:48,25
2026-06-04,17:52,6
2026-06-04,18:07,31
2026-06-04,18:08,61
2026-06-04,18:09,4
2026-06-04,18:12,81
2026-06-04,18:13,83
2026-06-04,18:14,36
2026-06-04,18:15,20
2026-06-04,18:16,92
2026-06-04,18:17,70
2026-06-04,18:18,86
2026-06-04,18:19,22
2026-06-04,19:33,16
2026-06-04,19:34,32
2026-06-04,19:35,23
2026-06-04,19:44,27
2026-06-04,20:09,6
2026-06-04,20:17,15
2026-06-04,20:18,8
2026-06-04,20:19,18
2026-06-04,20:20,9
2026-06-04,20:24,15
2026-06-04,20:25,10
2026-06-04,20:26,7
2026-06-04,20:27,19
2026-06-04,20:34,38
2026-06-04,20:37,65
2026-06-04,20:38,88
2026-06-04,20:39,55
2026-06-04,20:48,28
2026-06-04,20:49,21
2026-06-04,20:51,4
2026-06-04,20:57,8
2026-06-04,21:07,3
2026-06-04,21:23,8
2026-06-04,21:26,10
2026-06-04,21:48,10
2026-06-04,21:57,13
2026-06-04,21:58,36
2026-06-04,22:05,5
2026-06-04,22:06,73
2026-06-04,22:15,13
2026-06-04,22:16,11
2026-06-04,22:18,4
2026-06-04,22:19,9
2026-06-04,22:24,41
2026-06-04,22:26,11
2026-06-04,22:27,32
2026-06-04,22:28,5
2026-06-04,22:31,11
2026-06-04,22:33,40
2026-06-04,22:34,34
2026-06-04,22:36,7
2026-06-04,22:38,17
2026-06-04,22:39,27
2026-06-04,22:41,28
2026-06-04,22:42,82
2026-06-04,22:43,95
2026-06-04,22:44,102
2026-06-04,22:45,108
2026-06-04,22:46,105
2026-06-04,22:47,107
2026-06-04,22:48,73
2026-06-04,22:50,8
2026-06-04,23:21,21
2026-06-04,23:22,93
2026-06-04,23:23,108
2026-06-04,23:24,84
2026-06-04,23:25,80
2026-06-04,23:26,103
2026-06-04,23:27,67
2026-06-04,23:28,95
2026-06-04,23:29,102
2026-06-04,23:30,97
2026-06-04,23:31,96
2026-06-04,23:32,103
2026-06-04,23:33,93
2026-06-04,23:34,100
2026-06-04,23:35,20
2026-06-05,00:05,40
2026-06-05,00:06,96
2026-06-05,00:07,103
2026-06-05,00:08,102
2026-06-05,00:09,106
2026-06-05,00:10,104
2026-06-05,00:11,92
2026-06-05,00:12,75
2026-06-05,00:13,49
2026-06-05,00:14,93
2026-06-05,00:15,100
2026-06-05,00:16,102
2026-06-05,00:17,98
2026-06-05,00:18,105
2026-06-05,00:19,112
2026-06-05,00:20,105
2026-06-05,00:21,107
2026-06-05,00:22,96
2026-06-05,00:23,97
2026-06-05,00:24,82
2026-06-05,00:25,107
2026-06-05,00:26,90
2026-06-05,00:27,92
2026-06-05,00:28,116
2026-06-05,00:29,108
2026-06-05,00:30,96
2026-06-05,00:31,101
2026-06-05,00:32,108
2026-06-05,00:33,113
2026-06-05,00:34,116
2026-06-05,00:35,89
2026-06-05,00:37,13
2026-06-05,00:38,15
2026-06-05,05:26,5
2026-06-05,07:00,7
2026-06-05,09:19,2
2026-06-05,09:20,1
2026-06-05,09:41,8
2026-06-05,09:42,14
2026-06-05,09:43,91
2026-06-05,09:44,113
2026-06-05,09:45,115
2026-06-05,09:46,117
2026-06-05,09:47,67
2026-06-05,09:49,22
2026-06-05,09:50,21
2026-06-05,09:54,53
2026-06-05,09:55,28
2026-06-05,09:56,33
2026-06-05,09:57,6
2026-06-05,09:59,36
2026-06-05,10:51,78
2026-06-05,10:52,106
2026-06-05,10:53,101
2026-06-05,10:54,97
2026-06-05,10:55,101
2026-06-05,10:56,106
2026-06-05,10:57,116
2026-06-05,10:58,108
2026-06-05,10:59,119
2026-06-05,11:00,113
2026-06-05,11:01,116
2026-06-05,11:02,27
2026-06-05,11:23,45
2026-06-05,11:24,23
2026-06-05,11:25,1
2026-06-05,11:34,9
2026-06-05,11:53,9
2026-06-05,11:55,11
2026-06-05,11:58,7
2026-06-05,11:59,6
2026-06-05,12:04,3
2026-06-05,12:07,16
2026-06-05,12:10,5
2026-06-05,12:11,22
2026-06-05,12:17,23
2026-06-05,12:18,21
2026-06-05,12:20,46
2026-06-05,12:22,32
2026-06-05,12:25,18
2026-06-05,12:28,18
2026-06-05,12:31,37
2026-06-05,12:32,73
2026-06-05,12:33,12
2026-06-05,12:34,15
2026-06-05,13:05,9
2026-06-05,13:15,9
2026-06-05,13:16,16
2026-06-05,13:28,13
2026-06-05,13:54,7
2026-06-05,13:57,8
2026-06-05,14:06,6
2026-06-05,14:11,3
2026-06-05,14:27,15
2026-06-05,14:34,6
2026-06-05,14:35,17
2026-06-05,14:36,19
2026-06-05,14:38,27
2026-06-05,14:43,6
2026-06-05,14:44,7
2026-06-05,14:52,21
2026-06-05,15:21,71
2026-06-05,15:22,108
2026-06-05,15:23,112
2026-06-05,15:24,107
2026-06-05,15:25,112
2026-06-05,15:26,108
2026-06-05,15:27,111
2026-06-05,15:28,114
2026-06-05,15:29,53
2026-06-05,15:31,29
2026-06-05,15:32,104
2026-06-05,15:33,93
2026-06-05,15:34,98
2026-06-05,15:35,114
2026-06-05,15:36,115
2026-06-05,15:37,114
2026-06-05,15:38,116
2026-06-05,15:39,114
2026-06-05,15:40,76
2026-06-05,15:41,8
2026-06-05,15:42,102
2026-06-05,15:43,12
2026-06-05,15:44,10
2026-06-05,16:05,15
2026-06-05,16:06,31
2026-06-05,17:50,18
2026-06-05,17:51,15
2026-06-05,17:59,6
2026-06-05,18:01,5
2026-06-05,18:25,8
2026-06-05,18:26,5
2026-06-05,18:28,14
2026-06-05,18:29,80
2026-06-05,18:30,26
2026-06-05,18:31,18
2026-06-05,18:32,39
2026-06-05,18:33,6
2026-06-05,18:34,14
2026-06-05,18:35,31
2026-06-05,18:36,63
2026-06-05,18:37,110
2026-06-05,18:38,66
2026-06-05,18:54,38
2026-06-05,18:55,6
2026-06-05,18:56,14
2026-06-05,18:57,26
2026-06-05,19:03,18
2026-06-05,19:04,1
2026-06-05,19:20,37
2026-06-05,19:21,11
2026-06-05,19:22,45
2026-06-05,19:27,9
2026-06-05,19:44,9
2026-06-05,20:27,8
2026-06-05,20:53,5
2026-06-05,20:54,1
2026-06-05,21:11,6
2026-06-05,21:12,20
2026-06-05,21:13,27
2026-06-05,21:14,12
2026-06-05,21:16,12
2026-06-05,21:17,20
2026-06-05,21:27,8
2026-06-05,21:32,3
2026-06-05,21:37,12
2026-06-05,21:46,5
2026-06-05,21:47,6
2026-06-05,21:50,7
2026-06-05,21:53,28
2026-06-05,21:56,41
2026-06-05,21:57,8
2026-06-05,21:59,26
2026-06-05,22:03,3
2026-06-05,22:06,34
2026-06-05,22:07,11
2026-06-05,22:09,8
2026-06-05,22:10,33
2026-06-05,22:11,65
2026-06-05,22:12,22
2026-06-05,22:13,57
2026-06-05,22:14,13
2026-06-05,22:15,1
2026-06-05,22:16,6
2026-06-05,22:18,16
2026-06-05,22:19,41
2026-06-05,22:20,35
2026-06-05,22:24,5
2026-06-05,22:25,89
2026-06-05,22:26,58
2026-06-05,22:27,1
2026-06-05,22:34,11
2026-06-05,22:37,10
2026-06-05,23:17,5
2026-06-05,23:43,32
2026-06-05,23:44,8
2026-06-05,23:45,16
2026-06-05,23:46,3
2026-06-05,23:47,7
2026-06-05,23:57,14
2026-06-06,00:08,8
2026-06-06,01:33,8
2026-06-06,09:09,7
2026-06-06,09:30,10
2026-06-06,09:32,89
2026-06-06,09:33,111
2026-06-06,09:34,103
2026-06-06,09:35,48
2026-06-06,09:36,32
2026-06-06,09:37,1
2026-06-06,09:38,56
2026-06-06,09:39,21
2026-06-06,10:12,59
2026-06-06,10:13,121
2026-06-06,10:14,94
2026-06-06,10:15,9
2026-06-06,10:18,3
2026-06-06,10:25,42
2026-06-06,10:26,25
2026-06-06,10:27,6
2026-06-06,10:29,46
2026-06-06,10:30,102
2026-06-06,10:31,55
2026-06-06,10:32,40
2026-06-06,10:33,8
2026-06-06,10:35,97
2026-06-06,10:36,103
2026-06-06,10:37,14
2026-06-06,10:38,7
2026-06-06,10:39,20
2026-06-06,10:40,55
2026-06-06,10:41,8
2026-06-06,10:42,31
2026-06-06,10:44,19
2026-06-06,10:45,31
2026-06-06,10:46,18
2026-06-06,10:47,22
2026-06-06,10:48,28
2026-06-06,10:49,19
2026-06-06,10:50,17
2026-06-06,10:52,22
2026-06-06,10:53,33
2026-06-06,10:54,60
2026-06-06,10:55,56
2026-06-06,10:56,20
2026-06-06,10:57,45
2026-06-06,10:58,39
2026-06-06,10:59,54
2026-06-06,11:00,8
2026-06-06,11:01,66
2026-06-06,11:03,10
2026-06-06,11:04,17
2026-06-06,11:06,24
2026-06-06,11:07,8
2026-06-06,11:08,36
2026-06-06,11:09,22
2026-06-06,11:10,47
2026-06-06,11:11,54
2026-06-06,11:12,59
2026-06-06,11:14,35
2026-06-06,11:15,12
2026-06-06,11:16,15
2026-06-06,11:17,15
2026-06-06,11:18,4
2026-06-06,11:19,61
2026-06-06,11:20,16
2026-06-06,11:22,49
2026-06-06,11:23,71
2026-06-06,11:24,36
2026-06-06,11:25,52
2026-06-06,11:26,21
2026-06-06,11:31,14
2026-06-06,11:32,5
2026-06-06,11:33,42
2026-06-06,11:34,8
2026-06-06,11:35,26
2026-06-06,11:36,38
2026-06-06,11:38,22
2026-06-06,11:39,17
2026-06-06,11:42,38
2026-06-06,11:43,99
2026-06-06,11:44,66
2026-06-06,11:45,77
2026-06-06,11:46,106
2026-06-06,11:47,65
2026-06-06,11:48,89
2026-06-06,11:51,106
2026-06-06,11:52,107
2026-06-06,11:53,99
2026-06-06,11:54,3
2026-06-06,11:59,25
2026-06-06,12:00,15
2026-06-06,12:08,19
2026-06-06,12:48,11
2026-06-06,12:55,9
2026-06-06,13:00,30
2026-06-06,13:01,8
2026-06-06,13:27,6
2026-06-06,13:37,14
2026-06-06,13:44,8
2026-06-06,13:46,8
2026-06-06,13:52,10
2026-06-06,13:54,24
2026-06-06,13:55,51
2026-06-06,14:12,8
2026-06-06,14:33,45
2026-06-06,14:34,8
2026-06-06,14:37,31
2026-06-06,14:43,6
2026-06-06,14:44,4
2026-06-06,15:10,57
2026-06-06,15:18,8
2026-06-06,15:22,35
2026-06-06,15:23,1
2026-06-06,15:33,44
2026-06-06,15:34,30
2026-06-06,15:41,49
2026-06-06,15:44,40
2026-06-06,16:17,40
2026-06-06,16:18,30
2026-06-06,18:35,10
2026-06-06,18:41,61
2026-06-06,18:42,86
2026-06-06,18:43,93
2026-06-06,18:44,1
2026-06-06,18:51,5
2026-06-06,18:54,5
2026-06-06,18:58,13
2026-06-06,19:04,12
2026-06-06,19:05,7
2026-06-06,19:06,7
2026-06-06,19:10,57
2026-06-06,19:11,28
2026-06-06,19:12,14
2026-06-06,19:13,69
2026-06-06,19:14,11
2026-06-06,19:17,4
2026-06-06,19:18,46
2026-06-06,19:19,4
2026-06-06,19:22,16
2026-06-06,19:24,10
2026-06-06,19:25,7
2026-06-06,19:27,8
2026-06-06,19:28,20
2026-06-06,19:29,104
2026-06-06,19:30,75
2026-06-06,19:31,75
2026-06-06,19:32,12
2026-06-06,19:33,4
2026-06-06,19:37,12
2026-06-06,19:46,8
2026-06-06,19:51,5
2026-06-06,19:54,10
2026-06-06,20:11,6
2026-06-06,20:12,13
2026-06-06,20:14,36
2026-06-06,20:16,15
2026-06-06,20:28,3
2026-06-06,20:29,16
2026-06-06,20:30,39
2026-06-06,20:46,25
2026-06-06,20:55,6
2026-06-06,21:06,13
2026-06-06,21:07,9
2026-06-06,21:34,53
2026-06-06,21:35,57
2026-06-06,21:36,52
2026-06-06,21:44,42
2026-06-06,21:47,14
2026-06-06,21:48,9
2026-06-06,21:49,5
2026-06-06,21:50,15
2026-06-06,21:52,13
2026-06-06,21:53,40
2026-06-06,21:55,8
2026-06-06,22:01,9
2026-06-06,22:02,44
2026-06-06,22:03,107
2026-06-06,22:04,81
2026-06-06,22:05,64
2026-06-06,23:32,101
2026-06-06,23:33,96
2026-06-06,23:34,84
2026-06-06,23:35,79
2026-06-06,23:36,77
2026-06-06,23:37,96
2026-06-06,23:38,100
2026-06-06,23:39,113
2026-06-06,23:40,93
2026-06-06,23:41,92
2026-06-06,23:42,70
2026-06-06,23:43,95
2026-06-06,23:44,97
2026-06-06,23:45,101
2026-06-06,23:46,96
2026-06-06,23:47,87
2026-06-06,23:48,85
2026-06-06,23:49,101
2026-06-06,23:50,96
2026-06-06,23:51,98
2026-06-06,23:52,56
2026-06-06,23:53,105
2026-06-06,23:54,97
2026-06-06,23:55,104
2026-06-06,23:56,96
2026-06-06,23:57,99
2026-06-06,23:58,95
2026-06-06,23:59,20
2026-06-07,00:00,14
2026-06-07,00:05,9
2026-06-07,00:07,4
2026-06-07,00:08,1
2026-06-07,00:09,8
2026-06-07,01:24,3
2026-06-07,01:27,6
2026-06-07,02:30,7
2026-06-07,08:11,21
2026-06-07,08:17,8
2026-06-07,08:22,6
2026-06-07,08:33,27
2026-06-07,08:34,6
2026-06-07,08:36,104
2026-06-07,08:37,107
2026-06-07,08:38,109
2026-06-07,08:39,43
2026-06-07,08:40,28
2026-06-07,08:41,5
2026-06-07,08:42,31
2026-06-07,08:58,12
2026-06-07,08:59,52
2026-06-07,09:00,22
2026-06-07,09:04,8
2026-06-07,09:09,5
2026-06-07,09:11,6
2026-06-07,09:14,55
2026-06-07,09:15,112
2026-06-07,09:16,75
2026-06-07,09:17,17
2026-06-07,09:25,56
2026-06-07,09:26,1
2026-06-07,09:42,6
2026-06-07,09:43,7
2026-06-07,09:44,9
2026-06-07,09:45,28
2026-06-07,09:50,9
2026-06-07,09:51,22
2026-06-07,09:52,16
2026-06-07,09:53,20
2026-06-07,09:55,33
2026-06-07,09:58,8
2026-06-07,10:01,79
2026-06-07,10:02,58
2026-06-07,10:34,22
2026-06-07,10:37,6
2026-06-07,10:38,36
2026-06-07,11:00,19
2026-06-07,11:02,17
2026-06-07,11:03,26
2026-06-07,11:04,12
2026-06-07,11:06,13
2026-06-07,11:07,39
2026-06-07,11:08,66
2026-06-07,11:10,12
2026-06-07,11:11,92
2026-06-07,11:12,39
2026-06-07,11:13,36
2026-06-07,11:14,72
2026-06-07,11:16,33
2026-06-07,11:17,45
2026-06-07,11:18,79
2026-06-07,11:19,10
2026-06-07,11:22,8
2026-06-07,11:23,63
2026-06-07,11:24,28
2026-06-07,11:26,16
2026-06-07,11:27,9
2026-06-07,11:30,26
2026-06-07,11:32,51
2026-06-07,11:33,15
2026-06-07,11:34,61
2026-06-07,11:35,17
2026-06-07,11:38,8
2026-06-07,11:39,51
2026-06-07,11:40,14
2026-06-07,11:41,32
2026-06-07,11:44,3
2026-06-07,11:45,10
2026-06-07,11:46,22
2026-06-07,11:47,8
2026-06-07,11:48,37
2026-06-07,11:49,13
2026-06-07,11:50,13
2026-06-07,11:51,36
2026-06-07,11:52,16
2026-06-07,11:53,72
2026-06-07,11:59,5
2026-06-07,12:03,4
2026-06-07,12:04,6
2026-06-07,12:07,6
2026-06-07,12:08,10
2026-06-07,12:09,12
2026-06-07,12:14,8
2026-06-07,12:15,8
2026-06-07,12:19,23
2026-06-07,12:20,8
2026-06-07,12:22,21
2026-06-07,12:26,15
2026-06-07,12:27,27
2026-06-07,12:28,20
2026-06-07,12:33,5
2026-06-07,12:35,12
2026-06-07,12:37,6
2026-06-07,12:38,9
2026-06-07,12:46,11
2026-06-07,12:47,6
2026-06-07,12:48,46
2026-06-07,12:53,5
2026-06-07,12:54,8
2026-06-07,13:06,9
2026-06-07,13:07,17
2026-06-07,13:08,4
2026-06-07,13:10,17
2026-06-07,13:13,18
2026-06-07,13:15,10
2026-06-07,13:18,10
2026-06-07,13:19,11
2026-06-07,13:20,1
2026-06-07,13:21,15
2026-06-07,13:27,9
2026-06-07,13:32,6
2026-06-07,13:34,12
2026-06-07,13:35,12
2026-06-07,13:37,26
2026-06-07,13:38,6
2026-06-07,13:41,7
2026-06-07,13:44,28
2026-06-07,13:47,19
2026-06-07,13:48,30
2026-06-07,13:51,5
2026-06-07,13:54,12
2026-06-07,13:56,6
2026-06-07,14:13,7
2026-06-07,14:16,20
2026-06-07,14:21,7
2026-06-07,14:26,25
2026-06-07,14:27,15
2026-06-07,14:30,9
2026-06-07,14:32,28
2026-06-07,14:33,8
2026-06-07,14:35,20
2026-06-07,14:36,21
2026-06-07,14:37,22
2026-06-07,14:38,6
2026-06-07,14:39,10
2026-06-07,14:45,25
2026-06-07,14:46,11
2026-06-07,14:47,18
2026-06-07,14:51,13
2026-06-07,14:53,31
2026-06-07,14:54,15
2026-06-07,14:55,46
2026-06-07,14:56,37
2026-06-07,14:57,7
2026-06-07,14:58,55
2026-06-07,14:59,14
2026-06-07,15:00,106
2026-06-07,15:01,21
2026-06-07,15:02,47
2026-06-07,15:03,37
2026-06-07,15:04,63
2026-06-07,15:05,73
2026-06-07,15:07,17
2026-06-07,15:08,43
2026-06-07,15:09,85
2026-06-07,15:10,86
2026-06-07,15:11,94
2026-06-07,15:12,54
2026-06-07,15:13,75
2026-06-07,15:14,82
2026-06-07,15:15,98
2026-06-07,15:16,85
2026-06-07,15:17,38
2026-06-07,15:18,95
2026-06-07,15:19,12
2026-06-07,15:20,50
2026-06-07,15:21,45
2026-06-07,15:22,10
2026-06-07,15:24,23
2026-06-07,15:25,5
2026-06-07,15:28,11
2026-06-07,15:30,20
2026-06-07,15:31,44
2026-06-07,15:32,32
2026-06-07,15:35,9
2026-06-07,15:36,5
2026-06-07,15:37,25
2026-06-07,15:40,6
2026-06-07,15:44,8
2026-06-07,15:50,14
2026-06-07,15:51,14
2026-06-07,15:52,3
2026-06-07,15:53,9
2026-06-07,16:02,6
2026-06-07,16:03,36
2026-06-07,16:05,23
2026-06-07,16:06,26
2026-06-07,16:07,15
2026-06-07,16:08,14
2026-06-07,16:09,6
2026-06-07,16:10,1
2026-06-07,16:11,7
2026-06-07,16:14,16
2026-06-07,16:18,13
2026-06-07,16:19,7
2026-06-07,16:20,6
2026-06-07,16:21,5
2026-06-07,16:23,8
2026-06-07,16:24,5
2026-06-07,16:30,14
2026-06-07,16:41,25
2026-06-07,16:45,49
2026-06-07,16:46,68
2026-06-07,16:51,8
2026-06-07,16:54,16
2026-06-07,16:58,8
2026-06-07,17:02,5
2026-06-07,17:03,9
2026-06-07,17:04,26
2026-06-07,17:05,5
2026-06-07,17:07,14
2026-06-07,17:09,8
2026-06-07,17:11,17
2026-06-07,17:14,15
2026-06-07,17:15,1
2026-06-07,17:19,10
2026-06-07,17:23,12
2026-06-07,17:24,8
2026-06-07,17:25,6
2026-06-07,17:26,13
2026-06-07,17:27,5
2026-06-07,17:28,5
2026-06-07,17:29,6
2026-06-07,17:31,5
2026-06-07,17:33,6
2026-06-07,17:34,5
2026-06-07,17:35,7
2026-06-07,17:40,11
2026-06-07,17:42,11
2026-06-07,17:43,36
2026-06-07,17:44,6
2026-06-07,17:45,14
2026-06-07,17:47,8
2026-06-07,17:48,16
2026-06-07,18:29,11
2026-06-07,18:30,13
2026-06-07,18:31,9
2026-06-07,18:51,17
2026-06-07,18:52,11
2026-06-07,18:53,31
2026-06-07,18:54,6
2026-06-07,18:55,53
2026-06-07,18:56,16
2026-06-07,18:57,18
2026-06-07,18:58,5
2026-06-07,19:04,20
2026-06-07,19:05,5
2026-06-07,19:06,10
2026-06-07,19:10,4
2026-06-07,19:24,33
2026-06-07,19:25,5
2026-06-07,19:26,7
2026-06-07,19:28,14
2026-06-07,19:29,26
2026-06-07,19:31,6
2026-06-07,19:34,7
2026-06-07,19:35,48
2026-06-07,19:36,39
2026-06-07,19:45,8
2026-06-07,19:47,16
2026-06-07,19:54,11
2026-06-07,19:57,8
2026-06-07,20:01,11
2026-06-07,20:02,14
2026-06-07,20:03,15
2026-06-07,20:07,5
2026-06-07,20:11,11
2026-06-07,20:12,11
2026-06-07,20:13,36
2026-06-07,20:20,8
2026-06-07,20:21,17
2026-06-07,20:28,10
2026-06-07,20:29,16
2026-06-07,20:35,19
2026-06-07,20:37,22
2026-06-07,20:38,15
2026-06-07,20:39,15
2026-06-07,20:42,9
2026-06-07,20:43,18
2026-06-07,20:44,6
2026-06-07,20:45,47
2026-06-07,20:48,20
2026-06-07,20:49,7
2026-06-07,20:51,11
2026-06-07,20:53,7
2026-06-07,20:55,11
2026-06-07,20:56,8
2026-06-07,20:57,12
2026-06-07,20:58,1
2026-06-07,20:59,21
2026-06-07,21:00,44
2026-06-07,21:01,8
2026-06-07,21:02,64
2026-06-07,21:03,16
2026-06-07,21:04,9
2026-06-07,21:09,6
2026-06-07,21:29,9
2026-06-07,21:32,7
2026-06-07,21:33,5
2026-06-07,21:40,6
2026-06-07,21:44,7
2026-06-07,21:49,4
2026-06-07,21:51,17
2026-06-07,21:52,2
2026-06-07,21:54,17
2026-06-07,21:56,30
2026-06-07,21:57,26
2026-06-07,22:10,9
2026-06-07,22:11,67
2026-06-07,22:12,18
2026-06-07,22:13,36
2026-06-07,22:14,31
2026-06-07,22:24,8
2026-06-07,22:25,62
2026-06-07,22:26,1
2026-06-07,22:27,16
2026-06-07,22:28,14
2026-06-07,22:56,7
2026-06-07,23:02,30
2026-06-07,23:03,95
2026-06-07,23:04,85
2026-06-07,23:05,7
2026-06-07,23:08,13
2026-06-07,23:15,21
2026-06-07,23:16,40
2026-06-07,23:21,11
2026-06-07,23:22,31
2026-06-07,23:24,10
2026-06-07,23:32,22
2026-06-07,23:39,16
2026-06-07,23:43,42
2026-06-07,23:48,6
2026-06-07,23:49,21
2026-06-07,23:50,78
2026-06-07,23:51,3
2026-06-07,23:52,7
2026-06-07,23:59,7
2026-06-08,00:01,7
2026-06-08,00:05,10
2026-06-08,00:22,31
2026-06-08,00:23,67
2026-06-08,00:24,45
2026-06-08,00:25,13
2026-06-08,00:32,20
2026-06-08,00:53,62
2026-06-08,00:54,15
2026-06-08,00:55,95
2026-06-08,00:57,20
2026-06-08,00:58,64
2026-06-08,00:59,14
2026-06-08,01:00,31
2026-06-08,01:01,45
2026-06-08,01:14,14
2026-06-08,01:15,47
2026-06-08,01:16,27
2026-06-08,01:28,8
2026-06-08,01:53,63
2026-06-08,02:00,56
2026-06-08,02:18,32
2026-06-08,02:19,14
2026-06-08,02:20,19
2026-06-08,08:36,21
2026-06-08,08:40,6
2026-06-08,08:41,9
2026-06-08,08:43,34
2026-06-08,08:44,36
2026-06-08,08:45,1
2026-06-08,08:55,9
2026-06-08,08:56,6
2026-06-08,09:02,25
2026-06-08,09:04,10
2026-06-08,09:05,8
2026-06-08,09:06,76
2026-06-08,09:07,118
2026-06-08,09:08,119
2026-06-08,09:09,118
2026-06-08,09:10,56
2026-06-08,09:11,1
2026-06-08,09:12,24
2026-06-08,09:13,20
2026-06-08,09:14,102
2026-06-08,09:15,85
2026-06-08,09:20,6
2026-06-08,09:23,6
2026-06-08,09:36,35
2026-06-08,09:37,73
2026-06-08,09:38,43
2026-06-08,09:39,47
2026-06-08,09:40,106
2026-06-08,09:48,42
2026-06-08,09:49,52
2026-06-08,09:50,10
2026-06-08,11:13,10
2026-06-08,11:16,5
2026-06-08,12:13,7
2026-06-08,12:35,8
2026-06-08,13:10,12
2026-06-08,13:15,6
2026-06-08,14:03,2
2026-06-08,14:04,9
2026-06-08,14:24,3
2026-06-08,14:38,5
2026-06-08,14:47,6
2026-06-08,15:02,6
2026-06-08,15:26,2
2026-06-08,15:27,1
2026-06-08,15:50,34
2026-06-08,16:15,6
2026-06-08,16:27,8
2026-06-08,16:32,11
2026-06-08,17:41,48
2026-06-08,17:42,104
2026-06-08,17:43,17
2026-06-08,17:44,36
2026-06-08,17:45,87
2026-06-08,17:46,18
2026-06-08,17:47,14
2026-06-08,17:48,5
2026-06-08,18:02,9
2026-06-08,18:03,41
2026-06-08,18:04,38
2026-06-08,18:06,11
2026-06-08,18:07,25
2026-06-08,18:09,29
2026-06-08,18:29,32
2026-06-08,18:30,59
2026-06-08,18:32,34
2026-06-08,18:33,97
2026-06-08,18:34,108
2026-06-08,18:35,109
2026-06-08,18:36,110
2026-06-08,18:37,78
2026-06-08,18:38,17
2026-06-08,18:40,3
2026-06-08,18:47,7
2026-06-08,18:48,37
2026-06-08,18:49,6
2026-06-08,18:50,24
2026-06-08,18:51,9
2026-06-08,18:52,14
2026-06-08,19:00,12
2026-06-08,19:30,11
2026-06-08,19:31,30
2026-06-08,19:36,12
2026-06-08,19:37,7
2026-06-08,20:22,40
2026-06-08,20:26,3
2026-06-08,20:31,10
2026-06-08,20:34,48
2026-06-08,20:35,27
2026-06-08,20:36,23
2026-06-08,20:37,2
2026-06-08,20:38,56
2026-06-08,20:39,18
2026-06-08,20:44,87
2026-06-08,20:45,15
2026-06-08,20:47,50
2026-06-08,20:53,7
2026-06-08,20:54,10
2026-06-08,21:00,17
2026-06-08,21:02,37
2026-06-08,21:05,18
2026-06-08,21:06,8
2026-06-08,21:07,22
2026-06-08,21:09,34
2026-06-08,21:10,48
2026-06-08,21:11,48
2026-06-08,21:12,15
2026-06-08,21:13,12
2026-06-08,21:14,30
2026-06-08,21:15,70
2026-06-08,21:16,72
2026-06-08,21:17,48
2026-06-08,21:19,9
2026-06-08,21:20,31
2026-06-08,21:21,17
2026-06-08,21:22,26
2026-06-08,21:23,55
2026-06-08,21:24,19
2026-06-08,21:26,9
2026-06-08,21:27,23
2026-06-08,21:28,1
2026-06-08,21:29,67
2026-06-08,21:30,60
2026-06-08,21:31,52
2026-06-08,21:35,5
2026-06-08,21:37,73
2026-06-08,21:38,32
2026-06-08,21:39,39
2026-06-08,21:40,6
2026-06-08,21:42,75
2026-06-08,21:43,83
2026-06-08,21:44,31
2026-06-08,21:52,69
2026-06-08,21:53,14
2026-06-08,21:54,12
2026-06-08,21:58,16
2026-06-08,22:02,37
2026-06-08,22:03,18
2026-06-08,22:20,25
2026-06-08,22:21,32
2026-06-08,22:27,10
2026-06-08,22:40,6
2026-06-08,23:00,31
2026-06-08,23:01,40
2026-06-08,23:02,46
2026-06-08,23:04,13
2026-06-08,23:07,24
2026-06-08,23:30,38
2026-06-08,23:35,14
2026-06-08,23:36,6
2026-06-09,00:26,4
2026-06-09,00:31,3
2026-06-09,00:38,39
2026-06-09,00:40,8
2026-06-09,00:52,6
2026-06-09,01:03,8
2026-06-09,01:04,16
2026-06-09,01:05,30
2026-06-09,01:42,15
2026-06-09,01:52,37
2026-06-09,01:53,10
2026-06-09,01:54,43
2026-06-09,02:14,15
2026-06-09,05:48,6
2026-06-09,09:04,10
2026-06-09,09:31,7
2026-06-09,09:32,5
2026-06-09,09:33,12
2026-06-09,09:34,34
2026-06-09,09:35,28
2026-06-09,09:36,11
2026-06-09,09:38,22
2026-06-09,09:39,21
2026-06-09,09:42,12
2026-06-09,09:44,7
2026-06-09,09:46,24
2026-06-09,09:47,20
2026-06-09,09:48,109
2026-06-09,09:49,115
2026-06-09,09:50,121
2026-06-09,09:51,116
2026-06-09,09:52,8
2026-06-09,09:53,52
2026-06-09,09:54,25
2026-06-09,09:55,110
2026-06-09,09:56,82
2026-06-09,09:57,12
2026-06-09,09:59,7
2026-06-09,10:15,27
2026-06-09,10:16,54
2026-06-09,10:17,46
2026-06-09,10:18,42
2026-06-09,10:19,109
2026-06-09,10:20,43
2026-06-09,10:28,9
2026-06-09,10:29,5
2026-06-09,10:30,119
2026-06-09,10:31,14
2026-06-09,11:15,5
2026-06-09,13:41,8
2026-06-09,13:49,5
2026-06-09,14:13,10
2026-06-09,14:14,103
2026-06-09,14:15,78
2026-06-09,14:16,4
2026-06-09,14:17,38
2026-06-09,14:18,96
2026-06-09,14:19,42
2026-06-09,14:20,36
2026-06-09,14:24,46
2026-06-09,14:25,22
2026-06-09,14:30,28
2026-06-09,14:31,1
2026-06-09,14:34,37
2026-06-09,14:35,1
2026-06-09,14:36,10
2026-06-09,15:06,54
2026-06-09,15:07,54
2026-06-09,16:23,40
2026-06-09,16:54,8
2026-06-09,17:23,7
2026-06-09,18:03,9
2026-06-09,18:13,31
2026-06-09,18:14,68
2026-06-09,18:18,5
2026-06-09,18:30,75
2026-06-09,18:31,48
2026-06-09,18:32,69
2026-06-09,18:33,85
2026-06-09,18:57,54
2026-06-09,18:58,37
2026-06-09,18:59,9
2026-06-09,19:00,67
2026-06-09,19:01,107
2026-06-09,19:02,110
2026-06-09,19:03,110
2026-06-09,19:04,87
2026-06-09,19:06,6
2026-06-09,19:13,7
2026-06-09,19:16,27
2026-06-09,19:20,8
2026-06-09,19:24,11
2026-06-09,19:25,66
2026-06-09,19:26,8
2026-06-09,19:32,23
2026-06-09,19:35,7
2026-06-09,19:58,13
2026-06-09,20:00,9
2026-06-09,20:01,54
2026-06-09,20:02,1
2026-06-09,20:16,17
2026-06-09,20:17,23
2026-06-09,20:24,13
2026-06-09,20:28,6
2026-06-09,20:29,7
2026-06-09,20:30,1
2026-06-09,20:33,32
2026-06-09,20:35,26
2026-06-09,20:36,10
2026-06-09,20:37,13
2026-06-09,20:38,11
2026-06-09,20:39,40
2026-06-09,20:40,27
2026-06-09,20:43,5
2026-06-09,20:44,59
2026-06-09,20:45,38
2026-06-09,20:47,7
2026-06-09,20:49,18
2026-06-09,20:50,24
2026-06-09,20:51,5
2026-06-09,20:52,7
2026-06-09,20:53,39
2026-06-09,20:54,13
2026-06-09,20:58,19
2026-06-09,21:01,5
2026-06-09,21:04,25
2026-06-09,21:05,16
2026-06-09,21:06,46
2026-06-09,21:07,9
2026-06-09,21:10,17
2026-06-09,21:11,5
2026-06-09,21:15,7
2026-06-09,21:16,32
2026-06-09,21:17,85
2026-06-09,21:18,55
2026-06-09,21:19,9
2026-06-09,21:20,21
2026-06-09,21:21,55
2026-06-09,21:22,37
2026-06-09,21:23,89
2026-06-09,21:24,93
2026-06-09,21:25,2
2026-06-09,21:26,43
2026-06-09,21:27,44
2026-06-09,21:28,40
2026-06-09,21:29,39
2026-06-09,21:31,21
2026-06-09,21:32,23
2026-06-09,21:38,5
2026-06-09,21:39,22
2026-06-09,21:40,11
2026-06-09,21:42,6
2026-06-09,21:44,16
2026-06-09,21:46,96
2026-06-09,21:47,9
2026-06-09,21:55,11
2026-06-09,21:56,51
2026-06-09,21:58,25
2026-06-09,21:59,1
2026-06-09,22:00,38
2026-06-09,22:01,33
2026-06-09,22:02,47
2026-06-09,22:03,36
2026-06-09,22:19,19
2026-06-09,22:24,39
2026-06-09,22:29,13
2026-06-09,22:30,4
2026-06-09,22:32,8
2026-06-09,22:33,42
2026-06-09,22:34,6
2026-06-09,22:35,50
2026-06-09,22:37,57
2026-06-09,22:38,83
2026-06-09,22:39,60
2026-06-09,22:40,91
2026-06-09,22:41,101
2026-06-09,22:42,87
2026-06-09,22:43,88
2026-06-09,22:44,108
2026-06-09,22:45,94
2026-06-09,22:46,102
2026-06-09,22:47,100
2026-06-09,22:48,107
2026-06-09,22:49,110
2026-06-09,22:50,105
2026-06-09,22:51,106
2026-06-09,22:52,102
2026-06-09,22:53,95
2026-06-09,22:54,82
2026-06-09,22:55,82
2026-06-09,22:56,101
2026-06-09,22:57,91
2026-06-09,22:58,108
2026-06-09,22:59,97
2026-06-09,23:00,103
2026-06-09,23:01,108
2026-06-09,23:02,98
2026-06-09,23:03,76
2026-06-09,23:04,101
2026-06-09,23:05,109
2026-06-09,23:06,110
2026-06-09,23:07,47
2026-06-09,23:08,101
2026-06-09,23:09,103
2026-06-09,23:10,75
2026-06-09,23:11,104
2026-06-09,23:12,96
2026-06-09,23:13,93
2026-06-09,23:14,25
2026-06-09,23:15,105
2026-06-09,23:16,104
2026-06-09,23:17,101
2026-06-09,23:18,101
2026-06-09,23:19,103
2026-06-09,23:20,99
2026-06-09,23:21,106
2026-06-09,23:22,105
2026-06-09,23:23,37
2026-06-09,23:24,16
2026-06-09,23:25,53
2026-06-09,23:40,18
2026-06-09,23:55,5
2026-06-10,01:14,5
2026-06-10,01:20,22
2026-06-10,01:59,21
2026-06-10,02:00,27
2026-06-10,02:02,24
2026-06-10,02:03,6
2026-06-10,02:04,41
2026-06-10,03:29,5
2026-06-10,08:39,11
2026-06-10,08:57,11
2026-06-10,08:58,6
2026-06-10,09:57,16
2026-06-10,09:58,8
2026-06-10,09:59,12
2026-06-10,10:00,113
2026-06-10,10:01,120
2026-06-10,10:02,119
2026-06-10,10:03,119
2026-06-10,10:04,55
2026-06-10,10:05,28
2026-06-10,10:06,34
2026-06-10,10:07,127
2026-06-10,10:08,67
2026-06-10,10:10,8
2026-06-10,10:26,14
2026-06-10,10:27,58
2026-06-10,10:28,50
2026-06-10,10:29,45
2026-06-10,10:30,84
2026-06-10,10:31,37
2026-06-10,10:32,9
2026-06-10,10:34,7
2026-06-10,10:39,67
2026-06-10,10:40,62
2026-06-10,10:50,10
2026-06-10,12:04,7
2026-06-10,12:23,7
2026-06-10,12:32,6
2026-06-10,13:18,7
2026-06-10,13:33,8
2026-06-10,14:00,7
2026-06-10,14:08,10
2026-06-10,14:09,5
2026-06-10,14:10,51
2026-06-10,14:11,35
2026-06-10,14:21,56
2026-06-10,14:22,25
2026-06-10,14:23,7
2026-06-10,14:38,25
2026-06-10,14:39,64
2026-06-10,14:40,99
2026-06-10,14:41,6
2026-06-10,14:47,6
2026-06-10,15:20,6
2026-06-10,15:21,12
2026-06-10,15:39,14
2026-06-10,17:08,14
2026-06-10,17:15,6
2026-06-10,17:31,3
2026-06-10,17:33,7
2026-06-10,17:38,9
2026-06-10,17:39,4
2026-06-10,18:17,9
2026-06-10,18:18,34
2026-06-10,18:19,33
2026-06-10,18:21,18
2026-06-10,18:22,6
2026-06-10,18:25,18
2026-06-10,18:31,35
2026-06-10,18:32,9
2026-06-10,18:34,16
2026-06-10,18:35,31
2026-06-10,18:36,76
2026-06-10,18:37,32
2026-06-10,18:38,15
2026-06-10,18:41,73
2026-06-10,18:42,14
2026-06-10,18:43,23
2026-06-10,18:44,1
2026-06-10,18:45,13
2026-06-10,18:48,3
2026-06-10,18:49,36
2026-06-10,18:50,29
2026-06-10,18:51,13
2026-06-10,18:53,10
2026-06-10,18:54,14
2026-06-10,18:55,103
2026-06-10,18:56,105
2026-06-10,18:57,69
2026-06-10,19:01,16
2026-06-10,19:02,13
2026-06-10,19:03,29
2026-06-10,19:04,55
2026-06-10,19:05,67
2026-06-10,19:06,12
2026-06-10,19:07,14
2026-06-10,19:08,88
2026-06-10,19:09,62
2026-06-10,19:10,10
2026-06-10,19:11,29
2026-06-10,19:12,48
2026-06-10,19:13,16
2026-06-10,19:14,20
2026-06-10,19:15,34
2026-06-10,19:16,41
2026-06-10,19:17,69
2026-06-10,19:18,84
2026-06-10,19:19,25
2026-06-10,19:20,28
2026-06-10,19:21,21
2026-06-10,19:22,9
2026-06-10,19:23,16
2026-06-10,19:24,10
2026-06-10,19:25,10
2026-06-10,19:26,71
2026-06-10,19:27,58
2026-06-10,19:28,83
2026-06-10,19:29,65
2026-06-10,19:30,99
2026-06-10,19:31,23
2026-06-10,19:32,44
2026-06-10,19:33,72
2026-06-10,19:34,86
2026-06-10,19:35,43
2026-06-10,19:40,13
2026-06-10,19:41,26
2026-06-10,19:42,11
2026-06-10,19:43,43
2026-06-10,19:45,49
2026-06-10,19:46,27
2026-06-10,19:47,5
2026-06-10,19:48,10
2026-06-10,19:49,42
2026-06-10,19:50,56
2026-06-10,19:51,36
2026-06-10,19:52,41
2026-06-10,19:53,31
2026-06-10,19:54,14
2026-06-10,19:55,32
2026-06-10,19:56,74
2026-06-10,19:57,21
2026-06-10,19:58,74
2026-06-10,19:59,49
2026-06-10,20:00,17
2026-06-10,20:07,37
2026-06-10,20:08,111
2026-06-10,20:09,105
2026-06-10,20:10,106
2026-06-10,20:11,115
2026-06-10,20:12,57
2026-06-10,20:18,9
2026-06-10,20:21,15
2026-06-10,20:23,17
2026-06-10,20:24,36
2026-06-10,20:25,7
2026-06-10,20:26,11
2026-06-10,20:29,17
2026-06-10,20:35,30
2026-06-10,20:36,11
2026-06-10,20:47,8
2026-06-10,20:50,18
2026-06-10,20:51,17
2026-06-10,20:52,38
2026-06-10,21:02,11
2026-06-10,21:03,1
2026-06-10,21:06,7
2026-06-10,21:08,35
2026-06-10,21:09,13
2026-06-10,21:11,53
2026-06-10,21:12,7
2026-06-10,21:13,12
2026-06-10,21:35,6
2026-06-10,22:01,7
2026-06-10,22:03,43
2026-06-10,22:19,41
2026-06-10,22:20,1
2026-06-10,22:21,22
2026-06-10,22:25,17
2026-06-10,22:33,6
2026-06-10,22:41,12
2026-06-10,22:56,5
2026-06-10,22:57,8
2026-06-10,22:58,47
2026-06-10,22:59,80
2026-06-10,23:03,56
2026-06-10,23:04,12
2026-06-10,23:05,25
2026-06-10,23:09,22
2026-06-10,23:10,3
2026-06-10,23:19,45
2026-06-10,23:20,100
2026-06-10,23:21,9
2026-06-10,23:35,7
2026-06-10,23:49,8
2026-06-11,00:00,50
2026-06-11,00:01,90
2026-06-11,00:02,29
2026-06-11,00:34,8
2026-06-11,00:36,34
2026-06-11,00:37,1
2026-06-11,00:53,6
2026-06-11,00:55,7
2026-06-11,01:05,5
2026-06-11,01:31,6
2026-06-11,01:49,7
2026-06-11,02:12,7
2026-06-11,02:14,37
2026-06-11,02:29,4
2026-06-11,02:30,26
2026-06-11,09:10,6
2026-06-11,09:42,7
2026-06-11,09:55,6
2026-06-11,09:56,17
2026-06-11,09:58,6
2026-06-11,09:59,10
2026-06-11,10:01,9
2026-06-11,10:03,13
2026-06-11,10:07,6
2026-06-11,10:09,14
2026-06-11,10:10,16
2026-06-11,10:11,41
2026-06-11,10:12,25
2026-06-11,10:13,1
2026-06-11,10:14,19
2026-06-11,10:15,117
2026-06-11,10:16,117
2026-06-11,10:17,121
2026-06-11,10:18,97
2026-06-11,10:19,24
2026-06-11,10:20,36
2026-06-11,10:21,109
2026-06-11,10:22,105
2026-06-11,10:27,7
2026-06-11,10:43,24
2026-06-11,10:44,53
2026-06-11,10:45,38
2026-06-11,10:46,39
2026-06-11,10:47,106
2026-06-11,10:48,9
2026-06-11,10:49,38
2026-06-11,10:50,21
2026-06-11,10:52,3
2026-06-11,10:55,7
2026-06-11,10:59,36
2026-06-11,11:00,82
2026-06-11,11:01,58
2026-06-11,13:06,27
2026-06-11,13:07,71
2026-06-11,13:14,10
2026-06-11,13:16,62
2026-06-11,13:19,26
2026-06-11,13:30,8
2026-06-11,13:59,12
2026-06-11,14:05,27
2026-06-11,14:10,72
2026-06-11,14:11,22
2026-06-11,14:53,15
2026-06-11,14:54,1
2026-06-11,16:24,7
2026-06-11,17:20,76
2026-06-11,17:21,68
2026-06-11,17:22,41
2026-06-11,17:23,89
2026-06-11,17:25,19
2026-06-11,17:41,11
2026-06-11,17:42,48
2026-06-11,17:43,85
2026-06-11,17:45,11
2026-06-11,17:46,9
2026-06-11,18:06,15
2026-06-11,18:07,62
2026-06-11,18:08,56
2026-06-11,18:10,87
2026-06-11,18:11,107
2026-06-11,18:12,111
2026-06-11,18:13,84
2026-06-11,18:14,95
2026-06-11,18:15,9
2026-06-11,18:16,13
2026-06-11,18:18,15
2026-06-11,18:19,1
2026-06-11,18:30,14
2026-06-11,18:31,30
2026-06-11,18:35,4
2026-06-11,18:36,1
2026-06-11,19:05,7
2026-06-11,19:09,10
2026-06-11,19:10,8
2026-06-11,19:17,10
2026-06-11,19:32,5
2026-06-11,19:33,6
2026-06-11,19:35,17
2026-06-11,19:36,31
2026-06-11,19:51,5
2026-06-11,19:56,28
2026-06-11,19:57,32
2026-06-11,19:58,8
2026-06-11,19:59,29
2026-06-11,20:00,55
2026-06-11,20:01,11
2026-06-11,20:03,5
2026-06-11,20:04,89
2026-06-11,20:05,59
2026-06-11,20:07,37
2026-06-11,20:08,28
2026-06-11,20:09,15
2026-06-11,20:13,26
2026-06-11,20:19,18
2026-06-11,20:20,6
2026-06-11,20:22,15
2026-06-11,20:23,26
2026-06-11,20:27,7
2026-06-11,20:29,20
2026-06-11,20:31,53
2026-06-11,20:32,39
2026-06-11,20:33,1
2026-06-11,20:34,27
2026-06-11,20:35,5
2026-06-11,20:36,25
2026-06-11,20:37,23
2026-06-11,20:38,6
2026-06-11,20:39,51
2026-06-11,20:40,21
2026-06-11,20:42,5
2026-06-11,20:43,31
2026-06-11,20:44,8
2026-06-11,20:46,48
2026-06-11,20:47,54
2026-06-11,20:49,61
2026-06-11,20:55,16
2026-06-11,20:56,10
2026-06-11,20:58,14
2026-06-11,21:01,31
2026-06-11,21:03,6
2026-06-11,21:04,9
2026-06-11,21:05,6
2026-06-11,21:09,4
2026-06-11,21:10,9
2026-06-11,21:11,25
2026-06-11,21:13,37
2026-06-11,21:14,81
2026-06-11,21:15,58
2026-06-11,21:16,50
2026-06-11,21:17,7
2026-06-11,21:18,24
2026-06-11,21:27,21
2026-06-11,21:28,36
2026-06-11,21:29,17
2026-06-11,21:30,9
2026-06-11,21:31,17
2026-06-11,21:32,31
2026-06-11,21:36,29
2026-06-11,21:37,15
2026-06-11,21:38,24
2026-06-11,21:55,20
2026-06-11,21:57,9
2026-06-11,21:58,13
2026-06-11,21:59,3
2026-06-11,22:01,44
2026-06-11,22:05,36
2026-06-11,22:13,6
2026-06-11,22:14,49
2026-06-11,22:28,7
2026-06-11,22:29,22
2026-06-11,22:30,20
2026-06-11,22:32,37
2026-06-11,22:35,19
2026-06-11,22:44,13
2026-06-11,22:49,3
2026-06-11,22:53,108
2026-06-11,22:54,122
2026-06-11,22:55,34
2026-06-11,22:56,39
2026-06-11,22:57,35
2026-06-11,22:58,37
2026-06-11,22:59,3
2026-06-11,23:00,75
2026-06-11,23:01,6
2026-06-12,00:15,11
2026-06-12,00:16,50
2026-06-12,00:19,55
2026-06-12,00:20,17
2026-06-12,00:23,43
2026-06-12,00:26,40
2026-06-12,00:27,66
2026-06-12,00:30,43
2026-06-12,00:31,27
2026-06-12,01:39,12
2026-06-12,01:46,93
2026-06-12,01:47,58
2026-06-12,01:48,92
2026-06-12,01:49,93
2026-06-12,01:50,8
2026-06-12,01:51,11
2026-06-12,01:52,6
2026-06-12,01:55,27
2026-06-12,01:56,13
2026-06-12,01:57,9
2026-06-12,01:58,31
2026-06-12,02:01,21
2026-06-12,02:02,19
2026-06-12,02:03,9
2026-06-12,02:05,6
2026-06-12,02:07,48
2026-06-12,02:08,51
2026-06-12,02:09,10
2026-06-12,02:10,9
2026-06-12,02:16,15
2026-06-12,02:19,8
2026-06-12,02:23,5
2026-06-12,02:46,12
2026-06-12,02:59,7
2026-06-12,03:19,3
2026-06-12,03:21,7
2026-06-12,03:25,22
2026-06-12,03:43,6
2026-06-12,03:44,6
2026-06-12,03:53,9
2026-06-12,04:01,23
2026-06-12,04:07,7
2026-06-12,04:18,16
2026-06-12,04:20,5
2026-06-12,04:21,2
2026-06-12,04:28,67
2026-06-12,04:29,20
2026-06-12,04:32,10
2026-06-12,04:34,7
2026-06-12,04:37,14
2026-06-12,04:38,19
2026-06-12,04:39,30
2026-06-12,04:40,18
2026-06-12,04:42,9
2026-06-12,04:46,10
2026-06-12,05:15,12
2026-06-12,10:04,6
2026-06-12,10:05,8
2026-06-12,10:06,31
2026-06-12,10:07,48
2026-06-12,10:09,25
2026-06-12,10:10,113
2026-06-12,10:11,117
2026-06-12,10:12,113
2026-06-12,10:13,116
2026-06-12,10:14,46
2026-06-12,10:15,114
2026-06-12,10:16,103
2026-06-12,10:21,11
2026-06-12,10:38,36
2026-06-12,10:39,90
2026-06-12,10:40,33
2026-06-12,10:41,41
2026-06-12,10:42,101
2026-06-12,10:43,13
2026-06-12,10:44,8
2026-06-12,10:45,16
2026-06-12,10:46,1
2026-06-12,10:48,27
2026-06-12,10:49,23
2026-06-12,10:50,95
2026-06-12,10:51,50
2026-06-12,10:59,3
2026-06-12,11:17,7
2026-06-12,12:14,6
2026-06-12,12:28,8
2026-06-12,12:32,9
2026-06-12,13:37,19
2026-06-12,13:38,57
2026-06-12,13:39,32
2026-06-12,13:48,12
2026-06-12,13:50,12
2026-06-12,14:01,14
2026-06-12,14:09,24
2026-06-12,14:16,6
2026-06-12,14:18,16
2026-06-12,14:22,6
2026-06-12,14:35,7
2026-06-12,14:36,25
2026-06-12,14:37,26
2026-06-12,14:44,28
2026-06-12,14:45,102
2026-06-12,14:46,32
2026-06-12,16:25,6
2026-06-12,16:52,12
2026-06-12,16:53,7
2026-06-12,17:15,7
2026-06-12,17:16,39
2026-06-12,17:17,85
2026-06-12,17:18,52
2026-06-12,17:19,53
2026-06-12,17:21,8
2026-06-12,17:32,53
2026-06-12,17:33,28
2026-06-12,17:34,94
2026-06-12,17:35,91
2026-06-12,17:55,10
2026-06-12,17:56,42
2026-06-12,17:57,72
2026-06-12,17:58,44
2026-06-12,17:59,115
2026-06-12,18:00,125
2026-06-12,18:01,116
2026-06-12,18:02,74
2026-06-12,18:03,63
2026-06-12,18:14,9
2026-06-12,18:28,8
2026-06-12,18:32,23
2026-06-12,18:33,98
2026-06-12,18:34,109
2026-06-12,18:35,97
2026-06-12,18:36,74
2026-06-12,18:38,7
2026-06-12,18:40,5
2026-06-12,18:42,54
2026-06-12,18:43,97
2026-06-12,18:44,103
2026-06-12,18:45,110
2026-06-12,18:46,106
2026-06-12,18:47,107
2026-06-12,18:48,106
2026-06-12,18:49,99
2026-06-12,18:50,107
2026-06-12,18:51,102
2026-06-12,18:52,103
2026-06-12,18:53,88
2026-06-12,18:54,105
2026-06-12,18:55,107
2026-06-12,18:56,106
2026-06-12,18:57,107
2026-06-12,18:58,107
2026-06-12,18:59,108
2026-06-12,19:00,58
2026-06-12,19:01,80
2026-06-12,19:02,106
2026-06-12,19:03,72
2026-06-12,19:04,107
2026-06-12,19:05,81
2026-06-12,19:06,26
2026-06-12,19:07,31
2026-06-12,19:32,22
2026-06-12,19:33,3
2026-06-12,19:35,21
2026-06-12,19:39,56
2026-06-12,19:40,23
2026-06-12,19:44,83
2026-06-12,19:45,67
2026-06-12,19:46,28
2026-06-12,19:47,42
2026-06-12,19:48,27
2026-06-12,19:49,22
2026-06-12,19:50,24
2026-06-12,19:51,9
2026-06-12,19:52,11
2026-06-12,19:53,1
2026-06-12,19:54,9
2026-06-12,19:55,6
2026-06-12,19:56,14
2026-06-12,19:57,11
2026-06-12,19:58,59
2026-06-12,19:59,22
2026-06-12,20:00,10
2026-06-12,20:02,14
2026-06-12,20:03,35
2026-06-12,20:04,44
2026-06-12,20:05,16
2026-06-12,20:06,53
2026-06-12,20:07,3
2026-06-12,20:08,33
2026-06-12,20:09,6
2026-06-12,20:10,23
2026-06-12,20:11,21
2026-06-12,20:13,9
2026-06-12,20:14,42
2026-06-12,20:15,29
2026-06-12,20:16,19
2026-06-12,20:17,26
2026-06-12,20:18,34
2026-06-12,20:19,47
2026-06-12,20:22,49
2026-06-12,20:23,57
2026-06-12,20:24,26
2026-06-12,20:27,50
2026-06-12,20:28,54
2026-06-12,20:29,8
2026-06-12,20:30,7
2026-06-12,20:32,27
2026-06-12,20:35,65
2026-06-12,20:36,34
2026-06-12,20:38,13
2026-06-12,20:39,9
2026-06-12,20:40,10
2026-06-12,20:41,8
2026-06-12,20:42,10
2026-06-12,20:43,6
2026-06-12,20:44,17
2026-06-12,20:45,23
2026-06-12,20:46,8
2026-06-12,20:47,11
2026-06-12,20:48,48
2026-06-12,20:49,41
2026-06-12,20:50,31
2026-06-12,20:51,26
2026-06-12,20:52,1
2026-06-12,20:53,48
2026-06-12,20:54,25
2026-06-12,20:55,41
2026-06-12,20:57,18
2026-06-12,20:58,36
2026-06-12,20:59,15
2026-06-12,21:00,7
2026-06-12,21:05,20
2026-06-12,21:06,51
2026-06-12,21:07,59
2026-06-12,21:19,21
2026-06-12,21:20,41
2026-06-12,21:25,21
2026-06-12,21:29,13
2026-06-12,21:30,50
2026-06-12,21:31,18
2026-06-12,21:34,3
2026-06-12,21:35,25
2026-06-12,21:36,5
2026-06-12,21:52,17
2026-06-12,21:55,69
2026-06-12,21:58,9
2026-06-12,21:59,3
2026-06-12,22:04,35
2026-06-12,22:05,19
2026-06-12,22:07,4
2026-06-12,22:16,7
2026-06-12,22:17,1
2026-06-12,22:40,3
2026-06-12,23:04,9
2026-06-12,23:22,15
2026-06-13,00:19,69
2026-06-13,00:21,7
2026-06-13,01:17,3
2026-06-13,01:19,8
2026-06-13,01:21,40
2026-06-13,01:22,19
2026-06-13,01:23,39
2026-06-13,01:24,10
2026-06-13,02:16,7
2026-06-13,02:17,2
2026-06-13,04:42,7
2026-06-13,04:58,6
2026-06-13,05:27,4
2026-06-13,05:28,1
2026-06-13,06:36,9
2026-06-13,07:36,6
2026-06-13,08:04,7
2026-06-13,10:30,8
2026-06-13,10:40,11
2026-06-13,10:45,13
2026-06-13,11:47,5
2026-06-13,11:57,6
2026-06-13,11:59,10
2026-06-13,12:03,7
2026-06-13,12:22,6
2026-06-13,12:23,58
2026-06-13,12:24,28
2026-06-13,12:25,24
2026-06-13,12:32,23
2026-06-13,12:39,28
2026-06-13,12:40,30
2026-06-13,12:41,28
2026-06-13,13:04,11
2026-06-13,13:06,23
2026-06-13,13:18,7
2026-06-13,13:19,18
2026-06-13,13:20,30
2026-06-13,13:21,15
2026-06-13,13:22,62
2026-06-13,13:25,25
2026-06-13,13:26,101
2026-06-13,13:27,19
2026-06-13,13:28,13
2026-06-13,13:29,32
2026-06-13,13:30,7
2026-06-13,13:32,11
2026-06-13,13:34,22
2026-06-13,13:39,5
2026-06-13,13:40,1
2026-06-13,13:41,8
2026-06-13,13:43,18
2026-06-13,13:44,73
2026-06-13,13:45,50
2026-06-13,13:46,6
2026-06-13,13:52,13
2026-06-13,13:53,59
2026-06-13,13:54,1
2026-06-13,14:01,21
2026-06-13,14:02,60
2026-06-13,14:03,25
2026-06-13,14:05,18
2026-06-13,14:07,42
2026-06-13,14:08,1
2026-06-13,14:09,6
2026-06-13,14:13,52
2026-06-13,14:14,44
2026-06-13,14:15,11
2026-06-13,14:26,19
2026-06-13,14:33,8
2026-06-13,14:34,32
2026-06-13,14:35,9
2026-06-13,14:36,49
2026-06-13,14:37,91
2026-06-13,14:47,53
2026-06-13,14:49,7
2026-06-13,15:17,3
2026-06-13,15:20,7
2026-06-13,15:34,4
2026-06-13,15:46,5
2026-06-13,16:14,23
2026-06-13,16:15,38
2026-06-13,16:16,67
2026-06-13,16:17,13
2026-06-13,16:19,91
2026-06-13,16:20,27
2026-06-13,16:21,14
2026-06-13,16:22,26
2026-06-13,16:23,49
2026-06-13,16:24,25
2026-06-13,16:26,6
2026-06-13,17:31,5
2026-06-13,17:32,17
2026-06-13,17:36,34
2026-06-13,17:37,34
2026-06-13,17:39,100
2026-06-13,17:40,28
2026-06-13,18:38,58
2026-06-13,18:39,16
2026-06-13,18:40,46
2026-06-13,18:41,99
2026-06-13,18:42,53
2026-06-13,18:44,31
2026-06-13,18:45,75
2026-06-13,18:46,82
2026-06-13,18:47,104
2026-06-13,18:48,105
2026-06-13,18:49,101
2026-06-13,18:50,99
2026-06-13,18:51,93
2026-06-13,18:52,107
2026-06-13,18:53,47
2026-06-13,18:54,105
2026-06-13,18:55,101
2026-06-13,18:56,89
2026-06-13,18:57,99
2026-06-13,18:58,51
2026-06-13,18:59,17
2026-06-13,19:38,56
2026-06-13,19:39,99
2026-06-13,19:40,86
2026-06-13,19:43,73
2026-06-13,19:44,6
2026-06-13,19:45,15
2026-06-13,19:46,29
2026-06-13,19:53,19
2026-06-13,19:55,7
2026-06-13,20:20,5
2026-06-13,20:28,3
2026-06-13,20:30,7
2026-06-13,20:31,49
2026-06-13,20:32,19
2026-06-13,20:47,9
2026-06-13,21:07,8
2026-06-13,21:08,9
2026-06-13,21:11,6
2026-06-13,21:13,12
2026-06-13,21:14,6
2026-06-13,21:16,41
2026-06-13,21:17,29
2026-06-13,21:21,8
2026-06-13,21:22,16
2026-06-13,21:24,9
2026-06-13,21:55,29
2026-06-13,21:56,28
2026-06-13,21:57,31
2026-06-13,22:01,8
2026-06-13,22:02,1
2026-06-13,22:04,6
2026-06-13,22:05,33
2026-06-13,22:06,70
2026-06-13,22:07,45
2026-06-13,22:16,9
2026-06-13,22:58,25
2026-06-13,23:15,11
2026-06-13,23:17,21
2026-06-13,23:46,10
2026-06-13,23:58,5
2026-06-14,00:00,36
2026-06-14,00:01,14
2026-06-14,00:05,51
2026-06-14,00:06,18
2026-06-14,00:45,40
2026-06-14,00:46,68
2026-06-14,00:47,10
2026-06-14,00:48,13
2026-06-14,00:59,5
2026-06-14,01:00,9
2026-06-14,03:19,7
2026-06-14,05:11,3
2026-06-14,06:16,7
2026-06-14,10:20,13
2026-06-14,10:27,14
2026-06-14,10:30,18
2026-06-14,10:32,10
2026-06-14,11:07,5
2026-06-14,11:08,1
2026-06-14,11:29,7
2026-06-14,11:37,16
2026-06-14,12:29,17
2026-06-14,12:30,5
2026-06-14,12:33,28
2026-06-14,12:34,38
2026-06-14,12:35,3
2026-06-14,12:36,6
2026-06-14,12:37,32
2026-06-14,12:38,5
2026-06-14,12:43,17
2026-06-14,12:44,68
2026-06-14,12:45,15
2026-06-14,12:46,107
2026-06-14,12:47,53
2026-06-14,12:48,21
2026-06-14,12:53,78
2026-06-14,12:55,20
2026-06-14,12:57,60
2026-06-14,12:58,92
2026-06-14,12:59,101
2026-06-14,13:00,95
2026-06-14,13:01,109
2026-06-14,13:08,16
2026-06-14,13:10,51
2026-06-14,13:12,124
2026-06-14,13:16,54
2026-06-14,13:17,38
2026-06-14,13:21,87
2026-06-14,13:23,124
2026-06-14,13:25,118
2026-06-14,13:27,93
2026-06-14,13:29,83
2026-06-14,13:34,16
2026-06-14,13:43,33
2026-06-14,14:08,15
2026-06-14,14:14,33
2026-06-14,14:15,55
2026-06-14,14:16,6
2026-06-14,14:17,40
2026-06-14,14:18,8
2026-06-14,14:33,17
2026-06-14,15:11,55
2026-06-14,15:12,18
2026-06-14,15:13,6
2026-06-14,15:15,12
2026-06-14,15:16,1
2026-06-14,16:02,4
2026-06-14,16:03,1
2026-06-14,16:34,18
2026-06-14,16:35,64
2026-06-14,16:36,36
2026-06-14,16:37,18
2026-06-14,16:49,17
2026-06-14,16:54,6
2026-06-14,16:59,28
2026-06-14,18:08,23
2026-06-14,18:09,16
2026-06-14,18:10,15
2026-06-14,18:11,57
2026-06-14,18:12,84
2026-06-14,18:13,4
2026-06-14,18:14,75
2026-06-14,18:15,110
2026-06-14,18:16,96
2026-06-14,18:17,82
2026-06-14,18:19,50
2026-06-14,18:20,107
2026-06-14,18:21,111
2026-06-14,18:22,85
2026-06-14,18:23,117
2026-06-14,18:24,107
2026-06-14,18:25,105
2026-06-14,18:26,109
2026-06-14,18:27,105
2026-06-14,18:28,106
2026-06-14,18:29,103
2026-06-14,18:30,87
2026-06-14,18:31,108
2026-06-14,18:32,115
2026-06-14,18:33,98
2026-06-14,18:34,66
2026-06-14,18:35,82
2026-06-14,18:36,103
2026-06-14,18:37,105
2026-06-14,18:38,107
2026-06-14,18:39,113
2026-06-14,18:40,67
2026-06-14,18:41,109
2026-06-14,18:42,79
2026-06-14,18:43,83
2026-06-14,18:44,89
2026-06-14,18:45,105
2026-06-14,18:46,111
2026-06-14,18:47,64
2026-06-14,18:48,105
2026-06-14,18:49,108
2026-06-14,18:50,110
2026-06-14,18:51,109
2026-06-14,18:52,109
2026-06-14,18:53,31
2026-06-14,18:54,10
2026-06-14,18:58,53
2026-06-14,18:59,54
2026-06-14,19:00,117
2026-06-14,19:01,112
2026-06-14,19:02,93
2026-06-14,19:03,114
2026-06-14,19:04,113
2026-06-14,19:05,106
2026-06-14,19:06,109
2026-06-14,19:07,92
2026-06-14,19:08,115
2026-06-14,19:09,78
2026-06-14,19:11,8
2026-06-14,19:24,7
2026-06-14,19:36,6
2026-06-14,19:51,6
2026-06-14,20:27,10
2026-06-14,20:34,44
2026-06-14,20:35,57
2026-06-14,20:36,82
2026-06-14,20:37,105
2026-06-14,20:38,100
2026-06-14,20:39,98
2026-06-14,20:40,9
2026-06-14,20:41,16
2026-06-14,20:42,1
2026-06-14,20:46,14
2026-06-14,20:47,1
2026-06-14,20:52,8
2026-06-14,20:58,5
2026-06-14,21:38,13
2026-06-14,21:41,24
2026-06-14,21:42,4
2026-06-14,21:43,73
2026-06-14,21:55,88
2026-06-14,21:58,7
2026-06-14,22:01,31
2026-06-14,22:02,49
2026-06-14,22:03,15
2026-06-14,22:04,69
2026-06-14,22:05,3
2026-06-14,22:06,16
2026-06-14,22:07,82
2026-06-14,22:08,49
2026-06-14,22:09,87
2026-06-14,22:10,110
2026-06-14,22:11,83
2026-06-14,22:12,75
2026-06-14,22:13,111
2026-06-14,22:14,107
2026-06-14,22:15,40
2026-06-14,22:16,30
2026-06-14,22:17,6
2026-06-14,22:18,48
2026-06-14,22:19,106
2026-06-14,22:20,114
2026-06-14,22:21,113
2026-06-14,22:22,92
2026-06-14,22:23,88
2026-06-14,22:24,45
2026-06-14,22:25,38
2026-06-14,22:26,111
2026-06-14,22:27,113
2026-06-14,22:28,60
2026-06-14,22:29,76
2026-06-14,22:30,61
2026-06-14,22:31,87
2026-06-14,22:32,18
2026-06-14,22:33,34
2026-06-14,22:34,71
2026-06-14,22:35,71
2026-06-14,22:36,89
2026-06-14,22:37,24
2026-06-14,22:38,27
2026-06-14,22:39,29
2026-06-14,22:40,34
2026-06-14,22:41,68
2026-06-14,22:44,11
2026-06-14,22:45,23
2026-06-14,22:46,26
2026-06-14,22:47,49
2026-06-14,22:48,40
2026-06-14,22:49,97
2026-06-14,22:50,110
2026-06-14,22:51,33
2026-06-14,22:52,55
2026-06-14,22:55,40
2026-06-14,22:56,54
2026-06-14,22:57,45
2026-06-14,22:58,80
2026-06-14,22:59,35
2026-06-14,23:00,25
2026-06-14,23:01,55
2026-06-14,23:02,108
2026-06-14,23:03,58
2026-06-14,23:04,4
2026-06-14,23:05,73
2026-06-14,23:06,44
2026-06-14,23:07,28
2026-06-14,23:08,39
2026-06-14,23:10,31
2026-06-14,23:12,32
2026-06-14,23:13,20
2026-06-14,23:14,61
2026-06-14,23:15,114
2026-06-14,23:16,66
2026-06-14,23:17,111
2026-06-14,23:18,96
2026-06-14,23:19,2
2026-06-14,23:20,1
2026-06-14,23:26,44
2026-06-14,23:28,41
2026-06-14,23:29,82
2026-06-14,23:30,28
2026-06-14,23:31,82
2026-06-14,23:32,84
2026-06-14,23:33,63
2026-06-14,23:34,60
2026-06-14,23:35,100
2026-06-14,23:36,14
2026-06-14,23:37,44
2026-06-14,23:38,25
2026-06-14,23:39,65
2026-06-14,23:40,110
2026-06-14,23:41,56
2026-06-14,23:42,35
2026-06-14,23:43,63
2026-06-14,23:44,85
2026-06-14,23:45,23
2026-06-14,23:46,65
2026-06-14,23:47,32
2026-06-14,23:48,54
2026-06-14,23:49,77
2026-06-14,23:50,42
2026-06-14,23:51,64
2026-06-14,23:52,91
2026-06-14,23:53,23
2026-06-14,23:54,7
2026-06-14,23:55,37
2026-06-14,23:56,16
2026-06-15,00:00,9
2026-06-15,00:06,21
2026-06-15,00:09,11
2026-06-15,00:36,18
2026-06-15,00:37,19
2026-06-15,00:38,5
2026-06-15,00:39,6
2026-06-15,00:40,43
2026-06-15,00:41,5
2026-06-15,00:43,11
2026-06-15,00:44,1
2026-06-15,00:45,6
2026-06-15,00:46,61
2026-06-15,00:47,15
2026-06-15,00:48,11
2026-06-15,00:57,30
2026-06-15,00:58,26
2026-06-15,00:59,38
2026-06-15,01:00,12
2026-06-15,01:03,11
2026-06-15,01:04,64
2026-06-15,01:05,5
2026-06-15,01:06,1
2026-06-15,01:08,10
2026-06-15,01:11,6
2026-06-15,01:20,26
2026-06-15,01:21,30
2026-06-15,01:23,29
2026-06-15,01:24,73
2026-06-15,01:25,63
2026-06-15,01:26,13
2026-06-15,01:27,31
2026-06-15,01:30,5
2026-06-15,01:31,3
2026-06-15,01:32,11
2026-06-15,01:35,10
2026-06-15,01:40,7
2026-06-15,01:41,17
2026-06-15,01:44,2
2026-06-15,01:45,1
2026-06-15,01:50,13
2026-06-15,01:51,6
2026-06-15,01:52,10
2026-06-15,01:56,4
2026-06-15,01:58,7
2026-06-15,02:00,2
2026-06-15,02:01,1
2026-06-15,02:02,19
2026-06-15,02:04,24
2026-06-15,02:05,99
2026-06-15,02:06,64
2026-06-15,02:08,14
2026-06-15,02:09,3
2026-06-15,02:12,23
2026-06-15,02:14,2
2026-06-15,02:15,9
2026-06-15,02:17,55
2026-06-15,02:18,8
2026-06-15,03:01,17
2026-06-15,03:07,7
2026-06-15,08:02,7
2026-06-15,09:56,20
2026-06-15,09:58,8
2026-06-15,09:59,7
2026-06-15,10:01,23
2026-06-15,10:02,9
2026-06-15,10:15,6
2026-06-15,10:16,8
2026-06-15,10:17,85
2026-06-15,10:19,72
2026-06-15,10:20,3
2026-06-15,10:22,33
2026-06-15,10:23,113
2026-06-15,10:24,113
2026-06-15,10:25,113
2026-06-15,10:26,79
2026-06-15,10:28,54
2026-06-15,10:29,82
2026-06-15,10:30,103
2026-06-15,10:32,6
2026-06-15,10:49,40
2026-06-15,10:50,77
2026-06-15,10:51,18
2026-06-15,10:52,66
2026-06-15,10:53,103
2026-06-15,10:58,7
2026-06-15,10:59,3
2026-06-15,11:02,25
2026-06-15,11:03,104
2026-06-15,11:04,35
2026-06-15,12:19,13
2026-06-15,13:47,28
2026-06-15,13:48,78
2026-06-15,13:50,23
2026-06-15,13:55,9
2026-06-15,13:58,8
2026-06-15,14:19,30
2026-06-15,14:22,51
2026-06-15,14:49,6
2026-06-15,14:52,23
2026-06-15,14:56,49
2026-06-15,14:57,94
2026-06-15,14:58,13
2026-06-15,15:48,23
2026-06-15,16:56,36
2026-06-15,16:57,102
2026-06-15,16:58,7
2026-06-15,16:59,93
2026-06-15,17:00,84
2026-06-15,17:01,76
2026-06-15,17:02,67
2026-06-15,17:03,74
2026-06-15,17:04,24
2026-06-15,17:05,21
2026-06-15,17:06,56
2026-06-15,17:07,114
2026-06-15,17:08,101
2026-06-15,17:11,24
2026-06-15,17:33,29
2026-06-15,17:34,67
2026-06-15,17:35,63
2026-06-15,17:36,110
2026-06-15,17:37,112
2026-06-15,17:38,111
2026-06-15,17:39,84
2026-06-15,17:43,24
2026-06-15,17:48,23
2026-06-15,18:35,7
2026-06-15,19:30,14
2026-06-15,19:37,4
2026-06-15,19:38,3
2026-06-15,20:30,32
2026-06-15,20:35,36
2026-06-15,20:38,29
2026-06-15,20:39,5
2026-06-15,20:40,25
2026-06-15,20:41,18
2026-06-15,20:42,22
2026-06-15,20:43,32
2026-06-15,20:44,36
2026-06-15,20:49,15
2026-06-15,20:51,10
2026-06-15,20:56,31
2026-06-15,20:57,98
2026-06-15,20:58,52
2026-06-15,21:00,30
2026-06-15,21:01,17
2026-06-15,21:05,7
2026-06-15,21:06,23
2026-06-15,21:07,26
2026-06-15,21:09,10
2026-06-15,21:10,14
2026-06-15,21:11,6
2026-06-15,21:12,10
2026-06-15,21:13,17
2026-06-15,21:17,10
2026-06-15,21:18,12
2026-06-15,21:20,14
2026-06-15,21:23,8
2026-06-15,21:24,30
2026-06-15,21:25,41
2026-06-15,21:26,29
2026-06-15,21:28,4
2026-06-15,21:29,28
2026-06-15,21:30,1
2026-06-15,21:33,9
2026-06-15,21:36,11
2026-06-15,21:37,12
2026-06-15,21:39,24
2026-06-15,21:40,85
2026-06-15,21:41,62
2026-06-15,21:42,77
2026-06-15,21:50,86
2026-06-15,21:55,5
2026-06-15,22:03,7
2026-06-15,22:07,10
2026-06-15,22:15,7
2026-06-15,22:30,8
2026-06-15,22:31,39
2026-06-15,22:32,17
2026-06-15,23:08,8
2026-06-15,23:35,12
2026-06-16,00:37,8
2026-06-16,00:43,9
2026-06-16,00:44,6
2026-06-16,01:34,8
2026-06-16,06:08,5
2026-06-16,08:07,7
2026-06-16,09:39,8
2026-06-16,09:46,14
2026-06-16,09:56,14
2026-06-16,09:57,8
2026-06-16,10:10,26
2026-06-16,10:11,9
2026-06-16,10:12,11
2026-06-16,10:13,28
2026-06-16,10:14,23
2026-06-16,10:15,73
2026-06-16,10:16,117
2026-06-16,10:17,120
2026-06-16,10:18,118
2026-06-16,10:19,63
2026-06-16,10:20,95
2026-06-16,10:21,115
2026-06-16,10:22,30
2026-06-16,10:43,37
2026-06-16,10:44,65
2026-06-16,10:45,26
2026-06-16,10:46,94
2026-06-16,10:47,57
2026-06-16,10:48,6
2026-06-16,10:49,6
2026-06-16,10:55,25
2026-06-16,10:58,14
2026-06-16,10:59,101
2026-06-16,11:00,100
2026-06-16,11:01,4
2026-06-16,13:02,53
2026-06-16,13:03,59
2026-06-16,13:08,24
2026-06-16,13:09,9
2026-06-16,13:14,5
2026-06-16,13:16,61
2026-06-16,13:17,10
2026-06-16,13:21,14
2026-06-16,13:31,6
2026-06-16,13:41,5
2026-06-16,13:42,9
2026-06-16,13:48,45
2026-06-16,13:51,9
2026-06-16,14:10,24
2026-06-16,14:11,39
2026-06-16,14:13,26
2026-06-16,14:15,97
2026-06-16,14:16,38
2026-06-16,16:22,6
2026-06-16,17:02,10
2026-06-16,17:03,11
2026-06-16,17:21,8
2026-06-16,17:22,10
2026-06-16,17:23,58
2026-06-16,17:24,30
2026-06-16,17:26,25
2026-06-16,17:27,14
2026-06-16,17:30,16
2026-06-16,17:32,43
2026-06-16,17:33,116
2026-06-16,17:34,64
2026-06-16,17:35,2
2026-06-16,17:36,81
2026-06-16,17:40,22
2026-06-16,17:41,58
2026-06-16,17:42,63
2026-06-16,17:43,44
2026-06-16,17:46,89
2026-06-16,17:47,57
2026-06-16,17:50,50
2026-06-16,17:51,1
2026-06-16,17:52,16
2026-06-16,17:53,14
2026-06-16,17:57,14
2026-06-16,18:02,23
2026-06-16,18:03,41
2026-06-16,18:04,88
2026-06-16,18:05,55
2026-06-16,18:06,47
2026-06-16,18:08,6
2026-06-16,19:14,6
2026-06-16,19:15,9
2026-06-16,19:19,77
2026-06-16,19:20,1
2026-06-16,20:40,59
2026-06-16,20:41,121
2026-06-16,20:42,120
2026-06-16,20:43,35
2026-06-16,20:44,30
2026-06-16,20:45,26
2026-06-16,20:46,10
2026-06-16,20:48,17
2026-06-16,20:49,24
2026-06-16,20:53,32
2026-06-16,20:54,71
2026-06-16,20:55,38
2026-06-16,20:56,40
2026-06-16,20:57,31
2026-06-16,20:58,65
2026-06-16,20:59,24
2026-06-16,21:00,17
2026-06-16,21:01,39
2026-06-16,21:02,51
2026-06-16,21:03,36
2026-06-16,21:04,23
2026-06-16,21:06,26
2026-06-16,21:08,30
2026-06-16,21:09,9
2026-06-16,21:10,65
2026-06-16,21:11,37
2026-06-16,21:12,16
2026-06-16,21:13,9
2026-06-16,21:14,7
2026-06-16,21:15,26
2026-06-16,21:16,87
2026-06-16,21:17,52
2026-06-16,21:18,33
2026-06-16,21:19,7
2026-06-16,21:20,19
2026-06-16,21:21,18
2026-06-16,22:19,7
2026-06-16,22:20,68
2026-06-16,22:21,17
2026-06-16,22:22,5
2026-06-16,22:26,18
2026-06-16,22:27,43
2026-06-16,22:28,41
2026-06-16,22:29,11
2026-06-16,22:30,14
2026-06-16,22:36,13
2026-06-16,22:45,7
2026-06-16,22:50,8
2026-06-16,22:52,23
2026-06-16,22:53,48
2026-06-16,22:54,12
2026-06-16,22:55,6
2026-06-16,22:56,30
2026-06-16,23:02,8
2026-06-16,23:03,3
2026-06-16,23:08,3
2026-06-16,23:09,9
2026-06-16,23:26,19
2026-06-16,23:27,26
2026-06-16,23:28,3
2026-06-16,23:46,7
2026-06-16,23:49,5
2026-06-17,03:24,9
2026-06-17,04:12,7
2026-06-17,04:45,21
2026-06-17,04:46,12
2026-06-17,04:54,11
2026-06-17,04:58,7
2026-06-17,05:31,68
2026-06-17,05:41,11
2026-06-17,05:43,18
2026-06-17,05:46,12
2026-06-17,05:47,29
2026-06-17,05:48,20
2026-06-17,05:49,27
2026-06-17,05:50,85
2026-06-17,06:40,26
2026-06-17,06:42,15
2026-06-17,06:43,9
2026-06-17,06:54,20
2026-06-17,07:38,3
2026-06-17,08:11,7
2026-06-17,08:31,12
2026-06-17,08:32,8
2026-06-17,08:33,3
2026-06-17,08:34,3
2026-06-17,08:38,22
2026-06-17,08:39,79
2026-06-17,08:40,3
2026-06-17,08:41,9
2026-06-17,09:00,40
2026-06-17,09:07,7
2026-06-17,09:08,37
2026-06-17,09:17,41
2026-06-17,09:18,6
2026-06-17,09:57,11
2026-06-17,09:58,13
2026-06-17,10:04,7
2026-06-17,10:05,12
2026-06-17,10:08,25
2026-06-17,10:09,11
2026-06-17,10:11,88
2026-06-17,10:12,116
2026-06-17,10:13,116
2026-06-17,10:14,113
2026-06-17,10:15,30
2026-06-17,10:16,20
2026-06-17,10:17,69
2026-06-17,10:18,123
2026-06-17,10:19,53
2026-06-17,10:21,12
2026-06-17,10:22,1
2026-06-17,10:36,9
2026-06-17,10:38,65
2026-06-17,10:39,62
2026-06-17,10:40,25
2026-06-17,10:41,68
2026-06-17,10:42,105
2026-06-17,10:44,6
2026-06-17,10:51,41
2026-06-17,10:52,80
2026-06-17,13:01,14
2026-06-17,13:02,79
2026-06-17,13:03,84
2026-06-17,13:04,27
2026-06-17,13:06,13
2026-06-17,13:07,69
2026-06-17,13:13,16
2026-06-17,13:14,17
2026-06-17,13:49,21
2026-06-17,13:50,41
2026-06-17,13:52,23
2026-06-17,13:54,48
2026-06-17,13:55,8
2026-06-17,14:00,42
2026-06-17,14:01,97
2026-06-17,14:02,1
2026-06-17,14:42,8
2026-06-17,14:55,7
2026-06-17,14:57,4
2026-06-17,15:57,6
2026-06-17,16:35,63
2026-06-17,16:36,37
2026-06-17,16:37,66
2026-06-17,16:46,9
2026-06-17,16:47,15
2026-06-17,16:48,43
2026-06-17,16:50,64
2026-06-17,17:10,7
2026-06-17,17:11,40
2026-06-17,17:12,40
2026-06-17,17:13,6
2026-06-17,17:14,101
2026-06-17,17:15,112
2026-06-17,17:16,114
2026-06-17,17:17,113
2026-06-17,17:18,12
2026-06-17,17:24,8
2026-06-17,19:45,6
2026-06-17,20:35,14
2026-06-17,20:36,6
2026-06-17,20:37,1
2026-06-17,20:49,45
2026-06-17,20:52,25
2026-06-17,21:11,10
2026-06-17,21:12,13
2026-06-17,21:13,21
2026-06-17,21:14,54
2026-06-17,21:20,3
2026-06-17,21:26,8
2026-06-17,22:05,8
2026-06-17,22:07,3
2026-06-17,22:13,41
2026-06-17,22:14,59
2026-06-17,22:15,26
2026-06-17,22:18,8
2026-06-17,22:21,47
2026-06-17,22:22,63
2026-06-17,22:23,42
2026-06-17,22:24,102
2026-06-17,22:25,103
2026-06-17,22:26,99
2026-06-17,22:27,101
2026-06-17,22:28,105
2026-06-17,22:29,104
2026-06-17,22:30,105
2026-06-17,22:31,101
2026-06-17,22:32,104
2026-06-17,22:33,103
2026-06-17,22:34,101
2026-06-17,22:35,107
2026-06-17,22:36,104
2026-06-17,22:37,99
2026-06-17,22:38,109
2026-06-17,22:39,109
2026-06-17,22:40,110
2026-06-17,22:41,109
2026-06-17,22:42,107
2026-06-17,22:43,107
2026-06-17,22:44,107
2026-06-17,22:45,109
2026-06-17,22:46,105
2026-06-17,22:47,101
2026-06-17,22:48,104
2026-06-17,22:49,103
2026-06-17,22:50,113
2026-06-17,22:51,111
2026-06-17,22:52,81
2026-06-17,22:53,114
2026-06-17,22:54,106
2026-06-17,22:55,97
2026-06-17,22:56,105
2026-06-17,22:57,108
2026-06-17,22:58,101
2026-06-17,22:59,111
2026-06-17,23:00,109
2026-06-17,23:01,112
2026-06-17,23:02,105
2026-06-17,23:03,81
2026-06-17,23:04,105
2026-06-17,23:05,108
2026-06-17,23:06,55
2026-06-17,23:15,12
2026-06-17,23:19,10
2026-06-17,23:42,9
2026-06-17,23:49,65
2026-06-17,23:50,1
2026-06-17,23:51,21
2026-06-17,23:52,7
2026-06-18,00:18,5
2026-06-18,01:05,21
2026-06-18,01:08,36
2026-06-18,01:10,16
2026-06-18,01:13,42
2026-06-18,01:15,5
2026-06-18,01:24,24
2026-06-18,01:25,19
2026-06-18,01:26,88
2026-06-18,01:27,15
2026-06-18,01:28,52
2026-06-18,01:29,29
2026-06-18,01:31,18
2026-06-18,02:04,28
2026-06-18,02:17,39
2026-06-18,02:18,1
2026-06-18,02:22,4
2026-06-18,02:23,21
2026-06-18,02:43,6
2026-06-18,03:05,25
2026-06-18,03:15,11
2026-06-18,03:22,7
2026-06-18,03:35,9
2026-06-18,03:36,16
2026-06-18,03:37,26
2026-06-18,03:38,60
2026-06-18,03:39,63
2026-06-18,03:47,47
2026-06-18,03:48,44
2026-06-18,03:49,8
2026-06-18,03:50,26
2026-06-18,03:58,13
2026-06-18,03:59,28
2026-06-18,09:58,8
2026-06-18,11:14,34
2026-06-18,11:15,34
2026-06-18,11:16,7
2026-06-18,11:22,7
2026-06-18,11:23,21
2026-06-18,11:25,15
2026-06-18,11:26,36
2026-06-18,11:27,9
2026-06-18,11:28,9
2026-06-18,11:29,9
2026-06-18,11:30,3
2026-06-18,11:33,68
2026-06-18,11:34,114
2026-06-18,11:35,114
2026-06-18,11:36,108
2026-06-18,11:37,70
2026-06-18,11:39,74
2026-06-18,11:41,38
2026-06-18,11:47,17
2026-06-18,12:03,41
2026-06-18,12:04,76
2026-06-18,12:05,24
2026-06-18,12:06,61
2026-06-18,12:07,71
2026-06-18,12:13,7
2026-06-18,12:16,8
2026-06-18,12:17,30
2026-06-18,12:18,96
2026-06-18,12:59,9
2026-06-18,13:29,15
2026-06-18,13:40,43
2026-06-18,13:41,79
2026-06-18,13:42,62
2026-06-18,13:44,8
2026-06-18,13:45,18
2026-06-18,13:46,62
2026-06-18,13:51,28
2026-06-18,14:11,6
2026-06-18,14:42,12
2026-06-18,14:43,7
2026-06-18,14:44,37
2026-06-18,14:51,49
2026-06-18,14:52,12
2026-06-18,14:53,104
2026-06-18,14:54,11
2026-06-18,15:29,10
2026-06-18,15:30,7
2026-06-18,16:36,7
2026-06-18,16:48,9
2026-06-18,16:49,8
2026-06-18,16:53,3
2026-06-18,17:29,6
2026-06-18,17:31,13
2026-06-18,17:32,85
2026-06-18,17:33,8
2026-06-18,17:38,8
2026-06-18,17:39,8
2026-06-18,17:58,5
2026-06-18,18:00,33
2026-06-18,18:01,9
2026-06-18,18:02,8
2026-06-18,18:04,98
2026-06-18,18:05,90
2026-06-18,18:06,56
2026-06-18,18:07,5
2026-06-18,18:12,12
2026-06-18,18:13,7
2026-06-18,18:14,41
2026-06-18,18:15,9
2026-06-18,18:16,9
2026-06-18,18:17,66
2026-06-18,18:18,19
2026-06-18,18:19,1
2026-06-18,18:20,38
2026-06-18,18:21,14
2026-06-18,18:22,45
2026-06-18,18:23,28
2026-06-18,18:24,44
2026-06-18,18:25,70
2026-06-18,18:26,88
2026-06-18,18:27,19
2026-06-18,18:29,33
2026-06-18,18:30,24
2026-06-18,18:31,16
2026-06-18,18:32,10
2026-06-18,18:35,29
2026-06-18,18:36,43
2026-06-18,18:37,5
2026-06-18,18:38,7
2026-06-18,18:39,5
2026-06-18,18:41,57
2026-06-18,18:43,13
2026-06-18,18:45,6
2026-06-18,18:46,28
2026-06-18,18:47,8
2026-06-18,18:48,14
2026-06-18,18:49,5
2026-06-18,18:50,5
2026-06-18,18:51,16
2026-06-18,18:52,61
2026-06-18,18:53,40
2026-06-18,18:54,46
2026-06-18,18:55,10
2026-06-18,18:56,9
2026-06-18,18:57,42
2026-06-18,18:58,22
2026-06-18,18:59,20
2026-06-18,19:00,30
2026-06-18,19:01,7
2026-06-18,19:02,22
2026-06-18,19:05,8
2026-06-18,19:06,18
2026-06-18,19:07,28
2026-06-18,19:08,6
2026-06-18,19:09,38
2026-06-18,19:10,8
2026-06-18,19:11,10
2026-06-18,19:13,18
2026-06-18,19:14,22
2026-06-18,19:15,49
2026-06-18,19:16,47
2026-06-18,19:19,18
2026-06-18,19:21,16
2026-06-18,19:22,18
2026-06-18,19:23,13
2026-06-18,19:26,52
2026-06-18,19:27,13
2026-06-18,19:29,69
2026-06-18,19:31,13
2026-06-18,19:32,3
2026-06-18,19:33,5
2026-06-18,19:34,6
2026-06-18,19:35,13
2026-06-18,19:36,24
2026-06-18,19:37,12
2026-06-18,19:39,9
2026-06-18,19:40,18
2026-06-18,19:41,16
2026-06-18,19:42,23
2026-06-18,19:43,29
2026-06-18,19:44,45
2026-06-18,19:47,8
2026-06-18,19:48,7
2026-06-18,19:49,18
2026-06-18,19:50,9
2026-06-18,19:52,10
2026-06-18,19:53,11
2026-06-18,19:54,9
2026-06-18,19:55,4
2026-06-18,19:56,23
2026-06-18,19:57,43
2026-06-18,19:58,62
2026-06-18,19:59,45
2026-06-18,20:00,40
2026-06-18,20:01,48
2026-06-18,20:05,5
2026-06-18,20:09,12
2026-06-18,20:11,8
2026-06-18,20:13,34
2026-06-18,20:14,6
2026-06-18,20:15,9
2026-06-18,20:17,3
2026-06-18,20:18,78
2026-06-18,20:19,88
2026-06-18,20:20,2
2026-06-18,20:21,22
2026-06-18,20:22,9
2026-06-18,20:23,14
2026-06-18,20:24,6
2026-06-18,20:25,11
2026-06-18,20:28,27
2026-06-18,20:29,44
2026-06-18,20:30,1
2026-06-18,20:31,32
2026-06-18,20:32,31
2026-06-18,20:33,24
2026-06-18,20:34,54
2026-06-18,20:35,30
2026-06-18,20:40,6
2026-06-18,20:44,7
2026-06-18,20:45,6
2026-06-18,20:46,14
2026-06-18,20:52,13
2026-06-18,20:55,22
2026-06-18,20:56,18
2026-06-18,20:59,25
2026-06-18,21:01,17
2026-06-18,21:03,8
2026-06-18,21:05,23
2026-06-18,21:09,3
2026-06-18,21:10,17
2026-06-18,21:11,6
2026-06-18,21:12,6
2026-06-18,21:16,9
2026-06-18,21:17,22
2026-06-18,21:18,8
2026-06-18,21:21,56
2026-06-18,21:22,5
2026-06-18,21:23,13
2026-06-18,21:24,11
2026-06-18,21:25,27
2026-06-18,21:26,19
2026-06-18,21:27,40
2026-06-18,21:28,101
2026-06-18,21:30,54
2026-06-18,21:31,96
2026-06-18,21:32,98
2026-06-18,21:33,64
2026-06-18,21:34,64
2026-06-18,21:35,11
2026-06-18,21:36,94
2026-06-18,21:37,37
2026-06-18,21:38,69
2026-06-18,21:40,50
2026-06-18,21:41,4
2026-06-18,22:03,5
2026-06-18,22:11,11
2026-06-18,22:13,29
2026-06-18,22:14,6
2026-06-18,22:20,3
2026-06-18,22:23,13
2026-06-18,22:24,79
2026-06-18,22:25,11
2026-06-18,22:26,99
2026-06-18,22:27,84
2026-06-18,22:28,35
2026-06-18,22:35,72
2026-06-18,22:36,17
2026-06-18,22:38,10
2026-06-18,22:41,7
2026-06-18,22:43,16
2026-06-18,22:44,87
2026-06-18,22:45,17
2026-06-18,22:46,33
2026-06-18,22:47,11
2026-06-18,22:48,40
2026-06-18,22:49,19
2026-06-18,22:50,1
2026-06-18,22:51,32
2026-06-18,22:52,50
2026-06-18,22:53,5
2026-06-18,22:54,21
2026-06-18,22:55,14
2026-06-18,22:56,47
2026-06-18,22:57,16
2026-06-18,22:58,33
2026-06-18,22:59,13
2026-06-18,23:00,29
2026-06-18,23:01,44
2026-06-18,23:02,31
2026-06-18,23:03,22
2026-06-18,23:04,17
2026-06-18,23:05,59
2026-06-18,23:06,82
2026-06-18,23:07,18
2026-06-18,23:08,14
2026-06-18,23:09,15
2026-06-18,23:10,62
2026-06-18,23:11,19
2026-06-18,23:14,35
2026-06-18,23:15,66
2026-06-18,23:16,68
2026-06-18,23:17,1
2026-06-18,23:18,24
2026-06-18,23:19,4
2026-06-18,23:20,26
2026-06-18,23:21,25
2026-06-18,23:22,45
2026-06-18,23:23,3
2026-06-18,23:24,27
2026-06-18,23:25,18
2026-06-18,23:26,32
2026-06-18,23:28,5
2026-06-18,23:30,17
2026-06-18,23:31,46
2026-06-18,23:32,54
2026-06-18,23:33,6
2026-06-18,23:34,29
2026-06-18,23:36,10
2026-06-18,23:37,32
2026-06-18,23:38,30
2026-06-18,23:40,6
2026-06-18,23:48,8
2026-06-18,23:49,14
2026-06-18,23:50,66
2026-06-18,23:51,86
2026-06-18,23:52,113
2026-06-18,23:53,13
2026-06-19,00:04,11
2026-06-19,00:05,21
2026-06-19,00:06,4
2026-06-19,00:07,3
2026-06-19,00:10,7
2026-06-19,00:16,11
2026-06-19,00:18,39
2026-06-19,00:20,16
2026-06-19,00:21,8
2026-06-19,00:24,6
2026-06-19,05:14,7
2026-06-19,08:41,34
2026-06-19,08:42,4
2026-06-19,09:03,10
2026-06-19,09:09,13
2026-06-19,10:03,26
2026-06-19,10:07,7
2026-06-19,10:17,32
2026-06-19,10:18,8
2026-06-19,10:21,25
2026-06-19,10:22,27
2026-06-19,10:31,7
2026-06-19,10:33,9
2026-06-19,10:34,8
2026-06-19,10:35,21
2026-06-19,10:36,8
2026-06-19,10:37,23
2026-06-19,10:38,31
2026-06-19,10:41,5
2026-06-19,10:46,36
2026-06-19,10:47,115
2026-06-19,10:48,114
2026-06-19,10:49,117
2026-06-19,10:50,117
2026-06-19,10:51,40
2026-06-19,10:52,117
2026-06-19,10:53,104
2026-06-19,10:54,8
2026-06-19,11:11,38
2026-06-19,11:12,61
2026-06-19,11:13,21
2026-06-19,11:14,50
2026-06-19,11:15,99
2026-06-19,11:17,7
2026-06-19,11:26,98
2026-06-19,11:27,18
2026-06-19,12:48,20
2026-06-19,12:50,5
2026-06-19,12:51,77
2026-06-19,12:53,5
2026-06-19,12:59,30
2026-06-19,13:03,18
2026-06-19,13:04,17
2026-06-19,13:55,8
2026-06-19,13:56,1
2026-06-19,14:02,6
2026-06-19,14:06,3
2026-06-19,14:10,9
2026-06-19,14:18,13
2026-06-19,14:19,8
2026-06-19,14:20,6
2026-06-19,14:22,14
2026-06-19,14:23,99
2026-06-19,14:24,28
2026-06-19,16:41,6
2026-06-19,17:03,5
2026-06-19,17:04,11
2026-06-19,17:05,58
2026-06-19,17:19,36
2026-06-19,17:20,83
2026-06-19,17:21,55
2026-06-19,17:22,119
2026-06-19,17:23,40
2026-06-19,17:24,14
2026-06-19,17:44,25
2026-06-19,17:45,78
2026-06-19,17:47,109
2026-06-19,17:48,107
2026-06-19,17:49,111
2026-06-19,17:50,110
2026-06-19,17:51,108
2026-06-19,17:52,111
2026-06-19,17:53,111
2026-06-19,17:54,69
2026-06-19,17:55,14
2026-06-19,17:56,16
2026-06-19,18:05,5
2026-06-19,18:13,49
2026-06-19,18:14,3
2026-06-19,18:23,13
2026-06-19,18:24,10
2026-06-19,18:25,8
2026-06-19,18:36,9
2026-06-19,18:37,77
2026-06-19,18:38,50
2026-06-19,18:39,101
2026-06-19,18:40,98
2026-06-19,18:41,105
2026-06-19,18:42,109
2026-06-19,18:43,105
2026-06-19,18:44,104
2026-06-19,18:45,99
2026-06-19,18:46,102
2026-06-19,18:47,100
2026-06-19,18:48,106
2026-06-19,18:49,96
2026-06-19,18:50,98
2026-06-19,18:51,99
2026-06-19,18:52,98
2026-06-19,18:53,106
2026-06-19,18:54,103
2026-06-19,18:55,107
2026-06-19,18:56,105
2026-06-19,18:57,102
2026-06-19,18:58,105
2026-06-19,18:59,100
2026-06-19,19:00,81
2026-06-19,19:01,111
2026-06-19,19:02,108
2026-06-19,19:03,101
2026-06-19,19:04,100
2026-06-19,19:05,109
2026-06-19,19:06,104
2026-06-19,19:07,62
2026-06-19,19:08,47
2026-06-19,19:16,32
2026-06-19,19:17,84
2026-06-19,19:18,7
2026-06-19,19:20,3
2026-06-19,19:21,22
2026-06-19,19:23,19
2026-06-19,19:24,31
2026-06-19,19:26,15
2026-06-19,19:27,39
2026-06-19,19:35,48
2026-06-19,19:38,6
2026-06-19,19:41,5
2026-06-19,19:47,14
2026-06-19,19:49,45
2026-06-19,19:51,5
2026-06-19,19:52,32
2026-06-19,19:54,43
2026-06-19,19:55,81
2026-06-19,19:56,9
2026-06-19,19:57,21
2026-06-19,19:58,6
2026-06-19,20:01,26
2026-06-19,20:05,12
2026-06-19,20:06,9
2026-06-19,20:09,34
2026-06-19,20:13,20
2026-06-19,20:14,69
2026-06-19,20:16,23
2026-06-19,20:17,59
2026-06-19,20:18,6
2026-06-19,20:19,1
2026-06-19,20:22,37
2026-06-19,20:23,22
2026-06-19,20:24,37
2026-06-19,20:25,13
2026-06-19,20:26,19
2026-06-19,20:27,3
2026-06-19,20:39,6
2026-06-19,20:40,10
2026-06-19,20:42,64
2026-06-19,20:45,41
2026-06-19,22:01,50
2026-06-19,22:04,62
2026-06-19,22:05,110
2026-06-19,22:06,107
2026-06-19,22:07,43
2026-06-19,22:08,15
2026-06-19,22:10,12
2026-06-19,22:11,10
2026-06-19,22:12,25
2026-06-19,22:14,25
2026-06-19,22:15,18
2026-06-19,22:16,20
2026-06-19,22:17,5
2026-06-19,22:18,33
2026-06-19,22:19,28
2026-06-19,22:20,19
2026-06-19,22:21,15
2026-06-19,22:22,32
2026-06-19,22:23,16
2026-06-19,22:24,6
2026-06-19,22:26,17
2026-06-19,22:27,18
2026-06-19,22:28,42
2026-06-19,22:29,22
2026-06-19,22:31,19
2026-06-19,22:32,44
2026-06-19,22:33,77
2026-06-19,22:34,17
2026-06-19,22:36,32
2026-06-19,22:37,4
2026-06-19,22:38,3
2026-06-19,22:40,7
2026-06-19,22:41,19
2026-06-19,22:42,14
2026-06-19,22:43,13
2026-06-19,22:44,39
2026-06-19,22:45,5
2026-06-19,22:46,13
2026-06-19,22:47,13
2026-06-19,22:48,11
2026-06-19,22:49,5
2026-06-19,22:51,28
2026-06-19,22:52,17
2026-06-19,22:55,9
2026-06-19,22:56,13
2026-06-19,22:58,8
2026-06-19,22:59,41
2026-06-19,23:00,14
2026-06-19,23:01,68
2026-06-19,23:05,8
2026-06-19,23:06,90
2026-06-19,23:07,89
2026-06-19,23:08,42
2026-06-19,23:13,6
2026-06-19,23:17,6
2026-06-19,23:26,10
2026-06-19,23:27,35
2026-06-19,23:28,98
2026-06-19,23:29,32
2026-06-19,23:37,7
2026-06-19,23:38,8
2026-06-19,23:39,5
2026-06-19,23:45,6
2026-06-19,23:51,33
2026-06-19,23:52,84
2026-06-19,23:53,14
2026-06-19,23:58,14
2026-06-20,00:00,12
2026-06-20,00:01,5
2026-06-20,00:02,7
2026-06-20,00:10,32
2026-06-20,00:20,5
2026-06-20,00:33,25
2026-06-20,00:39,14
2026-06-20,00:43,21
2026-06-20,00:44,72
2026-06-20,00:45,37
2026-06-20,00:46,19
2026-06-20,00:48,5
2026-06-20,01:01,8
2026-06-20,01:20,5
2026-06-20,01:23,6
2026-06-20,01:24,7
2026-06-20,01:58,10
2026-06-20,03:03,7
2026-06-20,03:04,47
2026-06-20,03:05,15
2026-06-20,03:06,6
2026-06-20,03:07,46
2026-06-20,03:19,4
2026-06-20,03:20,39
2026-06-20,06:26,9
2026-06-20,10:10,18
2026-06-20,10:11,16
2026-06-20,10:12,17
2026-06-20,12:58,36
2026-06-20,12:59,33
2026-06-20,13:00,42
2026-06-20,13:01,44
2026-06-20,13:35,3
2026-06-20,13:44,9
2026-06-20,13:45,66
2026-06-20,13:46,6
2026-06-20,13:58,33
2026-06-20,14:00,44
2026-06-20,14:01,17
2026-06-20,14:22,9
2026-06-20,14:30,77
2026-06-20,14:31,9
2026-06-20,15:29,13
2026-06-20,15:43,6
2026-06-20,15:50,8
2026-06-20,15:51,35
2026-06-20,15:52,59
2026-06-20,15:53,1
2026-06-20,15:56,80
2026-06-20,15:57,52
2026-06-20,15:59,13
2026-06-20,16:01,33
2026-06-20,16:02,24
2026-06-20,16:03,6
2026-06-20,16:05,9
2026-06-20,16:06,6
2026-06-20,16:07,5
2026-06-20,16:09,7
2026-06-20,16:19,19
2026-06-20,16:22,8
2026-06-20,16:23,21
2026-06-20,16:24,9
2026-06-20,16:25,10
2026-06-20,16:26,12
2026-06-20,16:29,26
2026-06-20,16:30,32
2026-06-20,16:32,9
2026-06-20,16:33,2
2026-06-20,16:34,19
2026-06-20,16:35,13
2026-06-20,16:38,9
2026-06-20,16:44,12
2026-06-20,16:45,47
2026-06-20,16:46,13
2026-06-20,16:47,12
2026-06-20,16:48,7
2026-06-20,16:52,40
2026-06-20,16:54,27
2026-06-20,16:55,11
2026-06-20,17:00,23
2026-06-20,17:01,15
2026-06-20,17:02,46
2026-06-20,17:03,44
2026-06-20,17:04,6
2026-06-20,17:05,11
2026-06-20,17:06,1
2026-06-20,17:15,106
2026-06-20,17:16,107
2026-06-20,17:17,101
2026-06-20,17:18,95
2026-06-20,17:19,104
2026-06-20,17:20,105
2026-06-20,17:21,108
2026-06-20,17:22,106
2026-06-20,17:23,105
2026-06-20,17:24,108
2026-06-20,17:25,85
2026-06-20,17:26,103
2026-06-20,17:27,101
2026-06-20,17:28,105
2026-06-20,17:29,86
2026-06-20,17:30,103
2026-06-20,17:31,104
2026-06-20,17:32,81
2026-06-20,17:33,105
2026-06-20,17:34,100
2026-06-20,17:35,74
2026-06-20,17:36,103
2026-06-20,17:37,105
2026-06-20,17:38,104
2026-06-20,17:39,104
2026-06-20,17:40,98
2026-06-20,17:41,59
2026-06-20,17:42,104
2026-06-20,17:43,106
2026-06-20,17:44,105
2026-06-20,17:45,53
2026-06-20,17:46,104
2026-06-20,17:47,104
2026-06-20,17:48,102
2026-06-20,17:49,105
2026-06-20,17:50,94
2026-06-20,17:51,103
2026-06-20,17:52,102
2026-06-20,17:53,104
2026-06-20,17:54,103
2026-06-20,17:55,107
2026-06-20,17:56,105
2026-06-20,17:57,82
2026-06-20,17:58,101
2026-06-20,17:59,102
2026-06-20,18:00,106
2026-06-20,18:01,100
2026-06-20,18:02,102
2026-06-20,18:03,107
2026-06-20,18:04,109
2026-06-20,18:05,98
2026-06-20,18:06,102
2026-06-20,18:07,106
2026-06-20,18:08,102
2026-06-20,18:09,105
2026-06-20,18:10,100
2026-06-20,18:11,99
2026-06-20,18:12,85
2026-06-20,18:13,6
2026-06-20,18:14,6
2026-06-20,18:20,9
2026-06-20,18:21,1
2026-06-20,18:29,3
2026-06-20,18:35,84
2026-06-20,18:36,36
2026-06-20,18:39,15
2026-06-20,19:01,12
2026-06-20,19:07,8
2026-06-20,19:08,7
2026-06-20,19:10,57
2026-06-20,19:11,77
2026-06-20,19:19,9
2026-06-20,19:25,7
2026-06-20,19:27,35
2026-06-20,19:28,23
2026-06-20,19:29,42
2026-06-20,19:30,1
2026-06-20,19:38,6
2026-06-20,19:39,5
2026-06-20,19:41,12
2026-06-20,19:43,3
2026-06-20,19:50,6
2026-06-20,19:56,26
2026-06-20,19:59,35
2026-06-20,20:01,62
2026-06-20,20:02,105
2026-06-20,20:03,1
2026-06-20,20:22,12
2026-06-20,20:49,21
2026-06-20,21:03,11
2026-06-20,21:04,1
2026-06-20,21:19,10
2026-06-20,21:36,22
2026-06-20,21:37,94
2026-06-20,21:38,24
2026-06-20,21:57,9
2026-06-20,21:58,10
2026-06-20,22:00,6
2026-06-20,22:10,31
2026-06-20,22:12,8
2026-06-20,22:14,38
2026-06-20,22:15,14
2026-06-20,22:18,30
2026-06-20,22:19,8
2026-06-20,22:21,3
2026-06-20,22:22,29
2026-06-20,22:23,14
2026-06-20,22:30,11
2026-06-20,22:32,9
2026-06-20,22:37,3
2026-06-20,23:46,20
2026-06-21,00:22,23
2026-06-21,00:24,5
2026-06-21,00:25,33
2026-06-21,00:26,13
2026-06-21,00:27,21
2026-06-21,00:30,28
2026-06-21,00:31,58
2026-06-21,00:32,9
2026-06-21,00:33,10
2026-06-21,00:40,11
2026-06-21,00:41,1
2026-06-21,00:42,12
2026-06-21,00:43,22
2026-06-21,00:44,8
2026-06-21,00:45,15
2026-06-21,01:57,8
2026-06-21,01:58,1
2026-06-21,02:49,8
2026-06-21,05:40,19
2026-06-21,06:43,19
2026-06-21,06:45,7
2026-06-21,06:46,17
2026-06-21,06:47,9
2026-06-21,06:49,58
2026-06-21,06:50,30
2026-06-21,06:51,28
2026-06-21,06:53,22
2026-06-21,06:54,3
2026-06-21,06:58,10
2026-06-21,07:03,6
2026-06-21,07:09,3
2026-06-21,07:12,5
2026-06-21,07:16,11
2026-06-21,07:20,17
2026-06-21,07:21,5
2026-06-21,07:34,65
2026-06-21,07:35,112
2026-06-21,07:36,64
2026-06-21,07:37,20
2026-06-21,07:38,70
2026-06-21,07:39,104
2026-06-21,07:40,102
2026-06-21,07:41,102
2026-06-21,07:42,103
2026-06-21,07:43,102
2026-06-21,07:44,104
2026-06-21,07:45,109
2026-06-21,07:46,106
2026-06-21,07:47,105
2026-06-21,07:48,104
2026-06-21,07:49,52
2026-06-21,07:50,80
2026-06-21,07:51,102
2026-06-21,07:52,85
2026-06-21,07:54,35
2026-06-21,07:55,58
2026-06-21,07:59,12
2026-06-21,08:02,116
2026-06-21,08:06,15
2026-06-21,08:07,3
2026-06-21,08:11,4
2026-06-21,08:13,14
2026-06-21,08:17,31
2026-06-21,08:27,10
2026-06-21,08:30,14
2026-06-21,08:31,18
2026-06-21,08:32,28
2026-06-21,08:36,9
2026-06-21,08:40,7
2026-06-21,08:45,16
2026-06-21,08:47,7
2026-06-21,08:52,8
2026-06-21,08:53,8
2026-06-21,08:55,15
2026-06-21,09:01,13
2026-06-21,09:07,9
2026-06-21,09:16,6
2026-06-21,09:21,6
2026-06-21,09:29,4
2026-06-21,09:30,1
2026-06-21,09:46,8
2026-06-21,09:47,11
2026-06-21,09:54,17
2026-06-21,09:56,6
2026-06-21,09:58,6
2026-06-21,10:04,5
2026-06-21,10:06,7
2026-06-21,10:08,5
2026-06-21,10:11,22
2026-06-21,10:12,38
2026-06-21,10:13,100
2026-06-21,10:14,10
2026-06-21,10:35,8
2026-06-21,10:37,4
2026-06-21,10:43,11
2026-06-21,10:57,17
2026-06-21,11:18,6
2026-06-21,11:20,6
2026-06-21,11:27,24
2026-06-21,11:29,56
2026-06-21,11:30,98
2026-06-21,11:31,10
2026-06-21,11:33,10
2026-06-21,11:34,18
2026-06-21,11:35,1
2026-06-21,11:42,8
2026-06-21,11:43,37
2026-06-21,11:44,21
2026-06-21,11:46,5
2026-06-21,11:47,1
2026-06-21,14:47,22
2026-06-21,14:48,2
2026-06-21,15:00,47
2026-06-21,15:03,14
2026-06-21,16:08,20
2026-06-21,16:09,8
2026-06-21,16:38,10
2026-06-21,17:04,9
2026-06-21,17:45,41
2026-06-21,17:46,19
2026-06-21,18:23,14
2026-06-21,18:25,9
2026-06-21,18:26,19
2026-06-21,18:28,7
2026-06-21,18:29,39
2026-06-21,18:30,23
2026-06-21,18:31,57
2026-06-21,18:42,6
2026-06-21,19:02,14
2026-06-21,19:03,13
2026-06-21,19:06,8
2026-06-21,19:15,7
2026-06-21,19:16,37
2026-06-21,19:17,108
2026-06-21,19:18,10
2026-06-21,19:49,3
2026-06-21,19:56,8
2026-06-21,20:09,26
2026-06-21,20:10,2
2026-06-21,20:18,11
2026-06-21,20:25,6
2026-06-21,20:59,26
2026-06-21,21:00,32
2026-06-21,21:02,65
2026-06-21,21:12,3
2026-06-21,21:13,26
2026-06-21,21:33,10
2026-06-21,22:11,6
2026-06-21,22:15,20
2026-06-21,22:44,35
2026-06-21,22:45,48
2026-06-21,22:50,3
2026-06-21,22:52,13
2026-06-21,22:54,3
2026-06-21,22:55,9
2026-06-21,22:58,22
2026-06-21,23:01,12
2026-06-21,23:02,120
2026-06-21,23:03,119
2026-06-21,23:04,118
2026-06-21,23:05,66
2026-06-21,23:06,29
2026-06-21,23:10,5
2026-06-21,23:12,5
2026-06-21,23:13,20
2026-06-21,23:14,20
2026-06-21,23:15,14
2026-06-21,23:16,7
2026-06-21,23:17,15
2026-06-21,23:19,9
2026-06-21,23:20,55
2026-06-21,23:21,22
2026-06-21,23:22,5
2026-06-21,23:23,26
2026-06-21,23:25,19
2026-06-21,23:26,7
2026-06-21,23:27,45
2026-06-21,23:28,16
2026-06-21,23:29,40
2026-06-21,23:30,11
2026-06-21,23:32,39
2026-06-21,23:33,22
2026-06-21,23:34,25
2026-06-21,23:35,6
2026-06-21,23:36,29
2026-06-21,23:37,40
2026-06-21,23:38,17
2026-06-21,23:39,19
2026-06-21,23:40,31
2026-06-21,23:41,28
2026-06-21,23:42,47
2026-06-21,23:43,39
2026-06-21,23:44,9
2026-06-21,23:45,35
2026-06-21,23:46,62
2026-06-21,23:47,77
2026-06-21,23:48,88
2026-06-21,23:49,99
2026-06-21,23:50,51
2026-06-21,23:51,33
2026-06-21,23:52,27
2026-06-21,23:53,57
2026-06-21,23:54,27
2026-06-21,23:55,12
2026-06-21,23:56,23
2026-06-21,23:57,39
2026-06-21,23:58,22
2026-06-21,23:59,60
2026-06-22,00:00,8
2026-06-22,00:01,14
2026-06-22,00:02,32
2026-06-22,00:03,13
2026-06-22,00:04,44
2026-06-22,00:05,1
2026-06-22,00:06,25
2026-06-22,00:07,22
2026-06-22,00:08,90
2026-06-22,00:09,39
2026-06-22,00:12,13
2026-06-22,00:13,42
2026-06-22,00:16,60
2026-06-22,00:17,73
2026-06-22,00:18,71
2026-06-22,00:19,107
2026-06-22,00:20,111
2026-06-22,00:21,57
2026-06-22,00:33,28
2026-06-22,00:34,6
2026-06-22,00:39,6
2026-06-22,00:49,9
2026-06-22,01:03,8
2026-06-22,01:04,8
2026-06-22,01:09,11
2026-06-22,01:13,51
2026-06-22,01:14,47
2026-06-22,01:36,126
2026-06-22,01:37,10
2026-06-22,01:40,6
2026-06-22,01:46,3
2026-06-22,01:51,20
2026-06-22,01:52,23
2026-06-22,01:53,61
2026-06-22,01:54,26
2026-06-22,01:55,24
2026-06-22,08:20,8
2026-06-22,09:40,5
2026-06-22,09:41,4
2026-06-22,10:26,21
2026-06-22,10:28,40
2026-06-22,10:29,6
2026-06-22,10:35,21
2026-06-22,10:36,7
2026-06-22,10:37,10
2026-06-22,10:38,3
2026-06-22,10:40,49
2026-06-22,10:41,16
2026-06-22,10:42,104
2026-06-22,10:43,112
2026-06-22,10:44,109
2026-06-22,10:45,111
2026-06-22,10:46,60
2026-06-22,10:47,93
2026-06-22,10:48,114
2026-06-22,10:49,31
2026-06-22,11:08,42
2026-06-22,11:09,73
2026-06-22,11:10,64
2026-06-22,11:11,60
2026-06-22,11:12,95
2026-06-22,11:23,25
2026-06-22,11:24,69
2026-06-22,11:25,63
2026-06-22,11:54,11
2026-06-22,13:56,89
2026-06-22,13:57,101
2026-06-22,13:58,101
2026-06-22,13:59,99
2026-06-22,14:00,46
2026-06-22,14:01,7
2026-06-22,14:03,3
2026-06-22,14:14,6
2026-06-22,14:15,3
2026-06-22,14:28,11
2026-06-22,14:30,3
2026-06-22,14:32,7
2026-06-22,14:51,3
2026-06-22,14:55,10
2026-06-22,14:57,9
2026-06-22,15:10,3
2026-06-22,15:11,11
2026-06-22,15:19,55
2026-06-22,15:20,6
2026-06-22,15:21,2
2026-06-22,15:22,5
2026-06-22,15:24,16
2026-06-22,15:25,81
2026-06-22,15:26,75
2026-06-22,15:27,94
2026-06-22,15:28,43
2026-06-22,15:29,51
2026-06-22,15:30,50
2026-06-22,15:31,65
2026-06-22,16:54,8
2026-06-22,17:03,34
2026-06-22,17:04,95
2026-06-22,17:06,3
2026-06-22,17:09,17
2026-06-22,17:10,8
2026-06-22,17:11,11
2026-06-22,17:12,37
2026-06-22,17:13,70
2026-06-22,17:14,39
2026-06-22,17:15,62
2026-06-22,17:35,17
2026-06-22,17:36,105
2026-06-22,17:37,10
2026-06-22,17:39,98
2026-06-22,17:40,108
2026-06-22,17:41,107
2026-06-22,17:42,108
2026-06-22,17:43,87
2026-06-22,17:44,26
2026-06-22,17:45,28
2026-06-22,17:53,8
2026-06-22,17:57,19
2026-06-22,19:23,34
2026-06-22,19:24,3
2026-06-22,19:25,13
2026-06-22,19:26,11
2026-06-22,19:27,8
2026-06-22,19:28,42
2026-06-22,19:29,32
2026-06-22,19:36,38
2026-06-22,19:37,91
2026-06-22,19:38,12
2026-06-22,19:39,31
2026-06-22,19:40,16
2026-06-22,19:43,8
2026-06-22,19:44,17
2026-06-22,19:45,2
2026-06-22,19:50,24
2026-06-22,19:51,34
2026-06-22,19:58,25
2026-06-22,19:59,31
2026-06-22,20:00,4
2026-06-22,20:01,6
2026-06-22,20:03,7
2026-06-22,20:04,50
2026-06-22,20:05,26
2026-06-22,20:06,4
2026-06-22,20:07,10
2026-06-22,20:08,7
2026-06-22,20:09,18
2026-06-22,20:10,55
2026-06-22,20:16,5
2026-06-22,20:20,6
2026-06-22,20:24,30
2026-06-22,20:26,7
2026-06-22,20:27,55
2026-06-22,20:28,24
2026-06-22,20:29,8
2026-06-22,20:31,6
2026-06-22,20:32,23
2026-06-22,20:33,10
2026-06-22,20:34,65
2026-06-22,20:43,5
2026-06-22,20:48,65
2026-06-22,20:50,46
2026-06-22,21:00,16
2026-06-22,21:02,24
2026-06-22,21:03,42
2026-06-22,21:04,32
2026-06-22,21:05,14
2026-06-22,21:06,11
2026-06-23,00:04,21
2026-06-23,00:06,13
2026-06-23,00:14,5
2026-06-23,00:18,13
2026-06-23,00:24,3
2026-06-23,00:28,5
2026-06-23,00:29,8
2026-06-23,01:00,7
2026-06-23,01:09,8
2026-06-23,01:26,7
2026-06-23,01:34,14
2026-06-23,01:37,20
2026-06-23,01:38,6
2026-06-23,01:42,25
2026-06-23,01:43,8
2026-06-23,01:44,16
2026-06-23,01:51,8
2026-06-23,01:53,5
2026-06-23,01:54,7
2026-06-23,01:55,7
2026-06-23,01:56,16
2026-06-23,01:59,7
2026-06-23,02:03,16
2026-06-23,02:13,13
2026-06-23,02:14,8
2026-06-23,02:20,14
2026-06-23,02:21,5
2026-06-23,02:28,5
2026-06-23,02:29,7
2026-06-23,02:33,6
2026-06-23,02:41,3
2026-06-23,02:44,12
2026-06-23,02:45,15
2026-06-23,02:46,5
2026-06-23,02:59,9
2026-06-23,03:00,13
2026-06-23,03:16,11
2026-06-23,06:16,8
2026-06-23,10:32,14
2026-06-23,10:43,5
2026-06-23,10:46,66
2026-06-23,10:47,1
2026-06-23,10:55,6
2026-06-23,10:56,26
2026-06-23,10:57,14
2026-06-23,10:58,26
2026-06-23,10:59,40
2026-06-23,11:00,21
2026-06-23,11:01,13
2026-06-23,11:08,55
2026-06-23,11:10,56
2026-06-23,11:11,127
2026-06-23,11:12,83
2026-06-23,11:14,13
2026-06-23,11:30,49
2026-06-23,11:31,64
2026-06-23,11:32,27
2026-06-23,11:33,38
2026-06-23,11:34,95
2026-06-23,11:35,18
2026-06-23,11:36,5
2026-06-23,11:40,5
2026-06-23,11:42,6
2026-06-23,11:43,7
2026-06-23,11:44,102
2026-06-23,11:45,29
2026-06-23,13:16,63
2026-06-23,13:17,70
2026-06-23,13:19,6
2026-06-23,13:28,66
2026-06-23,13:30,33
2026-06-23,13:32,17
2026-06-23,13:33,31
2026-06-23,13:34,1
2026-06-23,14:08,62
2026-06-23,14:09,1
2026-06-23,14:11,10
2026-06-23,14:12,12
2026-06-23,14:13,85
2026-06-23,14:14,75
2026-06-23,17:05,8
2026-06-23,17:06,30
2026-06-23,17:07,106
2026-06-23,17:08,100
2026-06-23,17:09,1
2026-06-23,17:10,9
2026-06-23,17:12,19
2026-06-23,17:13,1
2026-06-23,17:27,7
2026-06-23,17:28,23
2026-06-23,17:29,69
2026-06-23,17:30,39
2026-06-23,17:31,53
2026-06-23,17:52,39
2026-06-23,17:53,46
2026-06-23,17:54,70
2026-06-23,17:55,113
2026-06-23,17:56,116
2026-06-23,17:57,116
2026-06-23,17:58,33
2026-06-23,17:59,30
2026-06-23,18:00,3
2026-06-23,18:01,10
2026-06-23,18:02,25
2026-06-23,18:03,10
2026-06-23,18:06,3
2026-06-23,18:07,14
2026-06-23,18:08,7
2026-06-23,18:09,80
2026-06-23,18:10,19
2026-06-23,18:11,51
2026-06-23,18:12,29
2026-06-23,18:20,7
2026-06-23,18:30,9
2026-06-23,18:36,3
2026-06-23,18:39,10
2026-06-23,18:52,17
2026-06-23,18:53,49
2026-06-23,18:54,99
2026-06-23,18:55,99
2026-06-23,18:56,99
2026-06-23,18:57,106
2026-06-23,18:58,103
2026-06-23,18:59,101
2026-06-23,19:00,96
2026-06-23,19:01,100
2026-06-23,19:02,99
2026-06-23,19:03,106
2026-06-23,19:04,102
2026-06-23,19:05,103
2026-06-23,19:06,103
2026-06-23,19:07,96
2026-06-23,19:13,44
2026-06-23,19:14,106
2026-06-23,19:15,53
2026-06-23,20:26,78
2026-06-23,20:27,106
2026-06-23,20:28,111
2026-06-23,20:29,91
2026-06-23,20:45,3
2026-06-23,20:46,107
2026-06-23,20:47,118
2026-06-23,20:48,113
2026-06-23,20:49,117
2026-06-23,20:50,121
2026-06-23,20:51,108
2026-06-23,20:52,116
2026-06-23,20:53,108
2026-06-23,20:54,104
2026-06-23,20:55,86
2026-06-23,21:01,4
2026-06-23,21:11,5
2026-06-23,21:14,8
2026-06-23,21:25,14
2026-06-23,21:32,8
2026-06-23,21:38,9
2026-06-23,21:40,5
2026-06-23,21:43,89
2026-06-23,21:44,63
2026-06-23,21:45,64
2026-06-23,21:46,6
2026-06-23,21:50,30
2026-06-23,21:51,19
2026-06-23,21:52,51
2026-06-23,21:54,6
2026-06-23,21:56,8
2026-06-23,21:58,15
2026-06-23,22:12,6
2026-06-23,22:13,10
2026-06-23,22:25,12
2026-06-23,22:38,3
2026-06-23,22:40,9
2026-06-23,22:49,13
2026-06-23,22:50,13
2026-06-23,22:54,17
2026-06-23,22:55,25
2026-06-23,22:57,12
2026-06-23,22:58,15
2026-06-23,22:59,8
2026-06-23,23:00,7
2026-06-23,23:02,3
2026-06-23,23:08,7
2026-06-23,23:09,15
2026-06-23,23:17,4
2026-06-23,23:18,1
2026-06-23,23:22,6
2026-06-23,23:31,9
2026-06-23,23:38,13
2026-06-23,23:48,11
2026-06-24,00:28,13
2026-06-24,00:29,17
2026-06-24,00:31,17
2026-06-24,00:33,14
2026-06-24,00:34,10
2026-06-24,00:35,8
2026-06-24,00:36,13
2026-06-24,00:54,7
2026-06-24,01:38,5
2026-06-24,02:38,3
2026-06-24,02:39,9
2026-06-24,03:58,3
2026-06-24,08:01,10
2026-06-24,10:51,20
2026-06-24,10:54,5
2026-06-24,11:10,6
2026-06-24,11:11,15
2026-06-24,11:13,17
2026-06-24,11:25,8
2026-06-24,11:26,8
2026-06-24,11:27,7
2026-06-24,11:28,10
2026-06-24,11:29,13
2026-06-24,11:30,35
2026-06-24,11:31,95
2026-06-24,11:32,114
2026-06-24,11:33,113
2026-06-24,11:34,114
2026-06-24,11:35,50
2026-06-24,11:36,48
2026-06-24,11:37,74
2026-06-24,11:38,122
2026-06-24,11:39,41
2026-06-24,11:58,52
2026-06-24,11:59,76
2026-06-24,12:00,24
2026-06-24,12:01,49
2026-06-24,12:02,96
2026-06-24,12:03,98
2026-06-24,12:04,1
2026-06-24,12:06,8
2026-06-24,12:08,9
2026-06-24,12:11,8
2026-06-24,12:12,7
2026-06-24,12:15,36
2026-06-24,12:16,61
2026-06-24,12:17,98
2026-06-24,12:18,28
2026-06-24,12:19,6
2026-06-24,12:20,19
2026-06-24,12:54,8
2026-06-24,12:55,5
2026-06-24,13:52,7
2026-06-24,13:57,53
2026-06-24,13:58,104
2026-06-24,13:59,44
2026-06-24,14:00,3
2026-06-24,14:02,7
2026-06-24,14:03,57
2026-06-24,14:05,16
2026-06-24,14:06,12
2026-06-24,14:35,7
2026-06-24,14:54,30
2026-06-24,14:59,83
2026-06-24,15:00,66
2026-06-24,15:01,86
2026-06-24,15:02,6
2026-06-24,16:04,3
2026-06-24,16:06,9
2026-06-24,16:49,6
2026-06-24,16:50,92
2026-06-24,16:51,83
2026-06-24,16:52,17
2026-06-24,16:53,7
2026-06-24,17:00,5
2026-06-24,17:01,23
2026-06-24,17:02,60
2026-06-24,17:03,8
2026-06-24,17:04,41
2026-06-24,17:05,28
2026-06-24,17:06,11
2026-06-24,17:29,7
2026-06-24,17:30,61
2026-06-24,17:31,15
2026-06-24,17:32,89
2026-06-24,17:33,106
2026-06-24,17:34,108
2026-06-24,17:35,109
2026-06-24,17:36,20
2026-06-24,17:37,15
2026-06-24,17:38,48
2026-06-24,17:39,27
2026-06-24,17:40,14
2026-06-24,17:47,15
2026-06-24,17:52,18
2026-06-24,17:53,19
2026-06-24,17:54,3
2026-06-24,17:56,17
2026-06-24,17:59,13
2026-06-24,18:00,31
2026-06-24,18:31,5
2026-06-24,18:32,14
2026-06-24,18:34,27
2026-06-24,18:35,32
2026-06-24,18:36,55
2026-06-24,18:37,93
2026-06-24,18:38,106
2026-06-24,18:39,109
2026-06-24,18:40,109
2026-06-24,18:41,109
2026-06-24,18:42,30
2026-06-24,18:43,113
2026-06-24,18:44,105
2026-06-24,18:45,105
2026-06-24,18:46,117
2026-06-24,18:47,117
2026-06-24,18:48,110
2026-06-24,18:49,111
2026-06-24,18:50,123
2026-06-24,18:51,114
2026-06-24,18:52,127
2026-06-24,18:53,115
2026-06-24,18:54,116
2026-06-24,18:55,103
2026-06-24,18:56,48
2026-06-24,18:57,86
2026-06-24,18:58,48
2026-06-24,18:59,107
2026-06-24,19:00,110
2026-06-24,19:01,103
2026-06-24,19:02,106
2026-06-24,19:03,105
2026-06-24,19:04,105
2026-06-24,19:05,116
2026-06-24,19:06,116
2026-06-24,19:07,118
2026-06-24,19:08,100
2026-06-24,19:09,111
2026-06-24,19:10,90
2026-06-24,19:11,123
2026-06-24,19:12,110
2026-06-24,19:13,101
2026-06-24,19:14,105
2026-06-24,19:15,109
2026-06-24,19:16,105
2026-06-24,19:17,105
2026-06-24,19:18,108
2026-06-24,19:19,102
2026-06-24,19:20,92
2026-06-24,19:21,79
2026-06-24,19:22,99
2026-06-24,19:23,41
2026-06-24,19:24,111
2026-06-24,19:25,107
2026-06-24,19:26,10
2026-06-24,19:29,46
2026-06-24,19:34,18
2026-06-24,19:35,100
2026-06-24,19:36,10
2026-06-24,19:38,44
2026-06-24,19:41,24
2026-06-24,19:42,16
2026-06-24,19:43,73
2026-06-24,19:44,10
2026-06-24,19:46,11
2026-06-24,19:52,7
2026-06-24,19:53,93
2026-06-24,19:54,42
2026-06-24,19:57,21
2026-06-24,19:58,44
2026-06-24,20:01,59
2026-06-24,20:02,33
2026-06-24,20:03,8
2026-06-24,20:04,17
2026-06-24,20:07,21
2026-06-24,20:08,58
2026-06-24,20:10,6
2026-06-24,20:13,77
2026-06-24,20:14,31
2026-06-24,20:20,14
2026-06-24,20:21,19
2026-06-24,20:22,14
2026-06-24,20:23,10
2026-06-24,20:24,4
2026-06-24,20:25,1
2026-06-24,20:26,43
2026-06-24,20:27,9
2026-06-24,20:28,14
2026-06-24,20:29,23
2026-06-24,20:33,33
2026-06-24,20:34,62
2026-06-24,20:45,18
2026-06-24,20:46,37
2026-06-24,20:47,13
2026-06-24,20:48,25
2026-06-24,20:49,20
2026-06-24,20:50,23
2026-06-24,20:59,7
2026-06-24,21:00,11
2026-06-24,21:01,9
2026-06-24,21:02,37
2026-06-24,21:03,28
2026-06-24,21:05,27
2026-06-24,21:06,29
2026-06-24,21:07,18
2026-06-24,21:08,18
2026-06-24,21:09,39
2026-06-24,21:10,50
2026-06-24,21:11,36
2026-06-24,21:12,26
2026-06-24,21:13,7
2026-06-24,21:14,1
2026-06-24,21:19,12
2026-06-24,21:24,20
2026-06-24,21:25,6
2026-06-24,21:30,7
2026-06-24,21:32,6
2026-06-24,21:38,7
2026-06-24,21:39,5
2026-06-24,21:40,7
2026-06-24,21:42,5
2026-06-24,21:44,9
2026-06-24,21:49,6
2026-06-24,21:50,1
2026-06-24,22:01,7
2026-06-24,22:36,8
2026-06-24,22:47,4
2026-06-24,23:21,5
2026-06-24,23:26,43
2026-06-24,23:27,26
2026-06-24,23:28,24
2026-06-24,23:30,18
2026-06-24,23:32,34
2026-06-24,23:34,18
2026-06-24,23:36,8
2026-06-24,23:41,9
2026-06-24,23:52,7
2026-06-24,23:53,4
2026-06-24,23:54,6
2026-06-24,23:55,6
2026-06-24,23:56,8
2026-06-24,23:57,15
2026-06-24,23:58,17
2026-06-24,23:59,64
2026-06-25,00:00,85
2026-06-25,00:01,67
2026-06-25,00:06,14
2026-06-25,00:07,32
2026-06-25,00:08,11
2026-06-25,00:10,9
2026-06-25,00:11,10
2026-06-25,00:12,24
2026-06-25,00:15,6
2026-06-25,00:16,5
2026-06-25,00:18,10
2026-06-25,00:19,40
2026-06-25,00:23,4
2026-06-25,00:24,66
2026-06-25,00:25,5
2026-06-25,00:28,20
2026-06-25,00:29,8
2026-06-25,00:31,6
2026-06-25,00:35,16
2026-06-25,00:36,35
2026-06-25,00:37,11
2026-06-25,00:38,53
2026-06-25,00:39,103
2026-06-25,00:40,93
2026-06-25,00:41,18
2026-06-25,00:42,18
2026-06-25,00:43,9
2026-06-25,00:48,36
2026-06-25,00:55,22
2026-06-25,00:56,12
2026-06-25,00:57,45
2026-06-25,01:27,5
2026-06-25,01:41,4
2026-06-25,01:49,6
2026-06-25,01:50,10
2026-06-25,02:29,8
2026-06-25,03:39,6
2026-06-25,03:42,14
2026-06-25,07:37,5
2026-06-25,09:05,5
2026-06-25,09:27,4
2026-06-25,09:48,7
2026-06-25,09:49,9
2026-06-25,09:54,58
2026-06-25,09:58,13
2026-06-25,11:10,11
2026-06-25,11:14,18
2026-06-25,11:18,16
2026-06-25,11:20,22
2026-06-25,11:22,41
2026-06-25,11:23,112
2026-06-25,11:24,111
2026-06-25,11:25,107
2026-06-25,11:26,103
2026-06-25,11:27,59
2026-06-25,11:28,108
2026-06-25,11:29,99
2026-06-25,11:30,4
2026-06-25,11:33,8
2026-06-25,11:50,42
2026-06-25,11:51,74
2026-06-25,11:52,19
2026-06-25,11:53,40
2026-06-25,11:54,110
2026-06-25,11:55,6
2026-06-25,11:56,16
2026-06-25,12:02,15
2026-06-25,12:03,8
2026-06-25,12:04,92
2026-06-25,12:05,65
2026-06-25,12:25,7
2026-06-25,13:16,101
2026-06-25,13:17,112
2026-06-25,13:18,3
2026-06-25,13:20,20
2026-06-25,13:21,55
2026-06-25,13:22,19
2026-06-25,13:24,32
2026-06-25,13:26,5
2026-06-25,14:00,52
2026-06-25,14:05,12
2026-06-25,14:06,107
2026-06-25,14:07,9
2026-06-25,14:31,10
2026-06-25,15:08,3
2026-06-25,16:09,5
2026-06-25,16:32,8
2026-06-25,16:52,67
2026-06-25,16:53,89
2026-06-25,16:54,26
2026-06-25,16:55,6
2026-06-25,16:56,1
2026-06-25,17:13,19
2026-06-25,17:18,98
2026-06-25,17:19,29
2026-06-25,17:20,27
2026-06-25,17:21,19
2026-06-25,17:22,95
2026-06-25,17:23,47
2026-06-25,17:24,113
2026-06-25,17:25,77
2026-06-25,17:26,28
2026-06-25,17:27,114
2026-06-25,17:28,111
2026-06-25,17:29,34
2026-06-25,17:32,4
2026-06-25,17:49,3
2026-06-25,18:04,33
2026-06-25,18:05,37
2026-06-25,18:06,86
2026-06-25,18:07,9
2026-06-25,18:08,21
2026-06-25,18:09,76
2026-06-25,18:10,52
2026-06-25,18:11,59
2026-06-25,18:12,105
2026-06-25,18:13,79
2026-06-25,18:15,11
2026-06-25,18:16,7
2026-06-25,18:17,5
2026-06-25,18:18,92
2026-06-25,18:32,78
2026-06-25,18:33,19
2026-06-25,18:35,3
2026-06-25,18:36,102
2026-06-25,18:38,84
2026-06-25,18:40,104
2026-06-25,18:42,68
2026-06-25,18:46,43
2026-06-25,18:51,23
2026-06-25,18:53,91
2026-06-25,18:55,120
2026-06-25,19:00,112
2026-06-25,19:04,3
2026-06-25,19:08,28
2026-06-25,19:09,78
2026-06-25,19:10,97
2026-06-25,19:11,106
2026-06-25,19:12,75
2026-06-25,19:13,24
2026-06-25,19:14,43
2026-06-25,19:18,91
2026-06-25,19:19,21
2026-06-25,19:20,48
2026-06-25,19:23,17
2026-06-25,19:34,9
2026-06-25,19:37,7
2026-06-25,19:39,40
2026-06-25,19:40,69
2026-06-25,19:41,8
2026-06-25,19:43,28
2026-06-25,19:44,13
2026-06-25,19:46,5
2026-06-25,20:12,24
2026-06-25,20:14,24
2026-06-25,20:15,43
2026-06-25,20:19,7
2026-06-25,20:20,1
2026-06-25,20:22,8
2026-06-25,20:24,8
2026-06-25,20:25,14
2026-06-25,20:43,12
2026-06-25,21:21,5
2026-06-25,21:57,10
2026-06-25,21:58,1
2026-06-25,22:04,6
2026-06-25,22:05,8
2026-06-25,22:07,20
2026-06-25,22:08,29
2026-06-25,22:09,60
2026-06-25,22:17,3
2026-06-25,22:18,34
2026-06-25,22:21,16
2026-06-25,22:30,3
2026-06-25,22:44,8
2026-06-25,22:56,14
2026-06-25,22:57,97
2026-06-25,22:58,44
2026-06-25,23:10,51
2026-06-25,23:11,96
2026-06-25,23:12,34
2026-06-25,23:15,8
2026-06-25,23:16,4
2026-06-25,23:23,63
2026-06-25,23:24,95
2026-06-25,23:26,8
2026-06-25,23:27,54
2026-06-25,23:29,28
2026-06-25,23:30,31
2026-06-25,23:31,9
2026-06-25,23:32,16
2026-06-25,23:33,9
2026-06-26,00:00,7
2026-06-26,01:06,9
2026-06-26,01:24,9
2026-06-26,01:29,7
2026-06-26,01:35,14
2026-06-26,03:08,6
2026-06-26,03:09,8
2026-06-26,11:38,54
2026-06-26,11:39,1
2026-06-26,11:43,8
2026-06-26,11:49,12
2026-06-26,11:53,21
2026-06-26,11:54,14
2026-06-26,11:59,19
2026-06-26,12:00,42
2026-06-26,12:01,51
2026-06-26,12:04,11
2026-06-26,12:06,15
2026-06-26,12:07,16
2026-06-26,12:08,7
2026-06-26,12:09,17
2026-06-26,12:10,17
2026-06-26,12:11,33
2026-06-26,12:12,12
2026-06-26,12:13,13
2026-06-26,12:15,10
2026-06-26,12:16,63
2026-06-26,12:18,51
2026-06-26,12:19,12
2026-06-26,12:20,8
2026-06-26,12:22,21
2026-06-26,12:23,14
2026-06-26,12:24,1
2026-06-26,12:27,35
2026-06-26,12:28,26
2026-06-26,12:32,17
2026-06-26,12:34,11
2026-06-26,12:42,7
2026-06-26,12:48,8
2026-06-26,12:54,14
2026-06-26,12:55,28
2026-06-26,13:08,6
2026-06-26,13:41,7
2026-06-26,14:05,7
2026-06-26,14:09,8
2026-06-26,14:11,30
2026-06-26,14:13,28
2026-06-26,14:14,8
2026-06-26,14:18,7
2026-06-26,14:28,6
2026-06-26,14:31,8
2026-06-26,14:38,28
2026-06-26,14:40,13
2026-06-26,14:41,52
2026-06-26,15:02,83
2026-06-26,15:03,23
2026-06-26,15:04,8
2026-06-26,15:20,20
2026-06-26,15:24,5
2026-06-26,15:28,7
2026-06-26,15:46,5
2026-06-26,15:47,10
2026-06-26,15:55,6
2026-06-26,15:58,6
2026-06-26,15:59,1
2026-06-26,16:02,3
2026-06-26,16:05,6
2026-06-26,16:06,5
2026-06-26,16:22,15
2026-06-26,16:31,36
2026-06-26,16:32,25
2026-06-26,16:37,5
2026-06-26,19:05,44
2026-06-26,19:07,20
2026-06-26,19:09,15
2026-06-26,19:11,9
2026-06-26,19:19,6
2026-06-26,19:36,10
2026-06-26,19:37,41
2026-06-26,19:50,6
2026-06-26,20:30,10
2026-06-26,20:32,8
2026-06-26,20:33,8
2026-06-26,20:34,8
2026-06-26,20:37,36
2026-06-26,20:38,3
2026-06-26,20:39,38
2026-06-26,20:40,12
2026-06-26,20:45,57
2026-06-26,20:46,48
2026-06-26,20:47,10
2026-06-26,20:49,9
2026-06-26,20:50,42
2026-06-26,20:51,37
2026-06-26,20:52,23
2026-06-26,20:53,8
2026-06-26,20:55,26
2026-06-26,20:57,69
2026-06-26,21:02,26
2026-06-26,21:03,30
2026-06-26,21:05,41
2026-06-26,21:12,6
2026-06-26,21:13,12
2026-06-26,21:15,10
2026-06-26,21:16,21
2026-06-26,21:19,13
2026-06-26,21:23,20
2026-06-26,21:24,2
2026-06-26,21:25,12
2026-06-26,21:28,14
2026-06-26,21:29,18
2026-06-26,21:30,14
2026-06-26,21:31,13
2026-06-26,21:32,9
2026-06-26,21:34,6
2026-06-26,21:38,47
2026-06-26,21:39,14
2026-06-26,21:47,13
2026-06-26,21:56,87
2026-06-26,21:57,4
2026-06-26,21:59,20
2026-06-26,22:00,59
2026-06-26,22:01,11
2026-06-26,22:06,10
2026-06-26,22:08,68
2026-06-26,22:10,12
2026-06-26,22:12,5
2026-06-26,22:28,8
2026-06-26,22:29,21
2026-06-26,22:36,10
2026-06-26,22:39,8
2026-06-26,22:44,3
2026-06-26,22:51,8
2026-06-26,22:56,64
2026-06-26,22:57,10
2026-06-26,22:58,112
2026-06-26,22:59,25
2026-06-26,23:00,32
2026-06-26,23:01,84
2026-06-26,23:20,6
2026-06-26,23:49,39
2026-06-26,23:50,34
2026-06-26,23:52,10
2026-06-26,23:55,13
2026-06-26,23:56,94
2026-06-26,23:57,2
2026-06-27,00:00,6
2026-06-27,00:46,7
2026-06-27,00:47,58
2026-06-27,00:48,18
2026-06-27,00:49,79
2026-06-27,00:50,62
2026-06-27,00:51,36
2026-06-27,00:52,53
2026-06-27,00:53,21
2026-06-27,00:55,8
2026-06-27,01:04,3
2026-06-27,01:06,7
2026-06-27,01:13,29
2026-06-27,01:14,7
2026-06-27,01:16,8
2026-06-27,01:17,9
2026-06-27,01:19,7
2026-06-27,01:20,13
2026-06-27,01:22,18
2026-06-27,01:25,5
2026-06-27,01:26,8
2026-06-27,01:27,23
2026-06-27,01:53,23
2026-06-27,01:54,6
2026-06-27,02:02,10
2026-06-27,02:08,8
2026-06-27,02:10,10
2026-06-27,02:13,13
2026-06-27,02:33,10
2026-06-27,02:34,7
2026-06-27,02:38,3
2026-06-27,02:39,21
2026-06-27,02:42,25
2026-06-27,02:47,22
2026-06-27,02:48,1
2026-06-27,02:51,15
2026-06-27,02:52,32
2026-06-27,02:53,19
2026-06-27,02:54,6
2026-06-27,03:00,47
2026-06-27,03:01,48
2026-06-27,03:02,1
2026-06-27,03:03,72
2026-06-27,03:04,20
2026-06-27,03:06,14
2026-06-27,03:07,8
2026-06-27,03:08,23
2026-06-27,03:10,8
2026-06-27,03:11,36
2026-06-27,03:12,16
2026-06-27,03:13,13
2026-06-27,03:14,40
2026-06-27,03:15,25
2026-06-27,03:16,15
2026-06-27,03:17,42
2026-06-27,03:18,22
2026-06-27,03:19,20
2026-06-27,03:20,33
2026-06-27,03:21,46
2026-06-27,03:22,4
2026-06-27,03:23,10
2026-06-27,03:24,47
2026-06-27,03:25,7
2026-06-27,03:26,19
2026-06-27,03:28,9
2026-06-27,03:29,32
2026-06-27,03:30,33
2026-06-27,03:32,57
2026-06-27,03:35,26
2026-06-27,03:36,61
2026-06-27,03:37,16
2026-06-27,03:38,30
2026-06-27,03:39,12
2026-06-27,03:41,30
2026-06-27,03:42,10
2026-06-27,03:43,49
2026-06-27,03:44,32
2026-06-27,03:48,6
2026-06-27,03:49,19
2026-06-27,03:50,24
2026-06-27,03:51,23
2026-06-27,03:52,47
2026-06-27,03:53,5
2026-06-27,03:54,15
2026-06-27,03:55,32
2026-06-27,03:56,9
2026-06-27,03:57,23
2026-06-27,03:58,44
2026-06-27,03:59,20
2026-06-27,04:09,7
2026-06-27,04:10,8
2026-06-27,04:11,11
2026-06-27,04:12,110
2026-06-27,04:13,109
2026-06-27,04:14,110
2026-06-27,04:15,113
2026-06-27,04:16,106
2026-06-27,04:17,111
2026-06-27,04:18,109
2026-06-27,04:19,114
2026-06-27,04:20,111
2026-06-27,04:21,76
2026-06-27,04:22,28
2026-06-27,04:23,106
2026-06-27,04:24,111
2026-06-27,04:25,95
2026-06-27,04:26,2
2026-06-27,04:27,53
2026-06-27,04:28,112
2026-06-27,04:29,112
2026-06-27,04:30,106
2026-06-27,04:31,112
2026-06-27,04:32,116
2026-06-27,04:33,114
2026-06-27,04:34,109
2026-06-27,04:35,107
2026-06-27,04:36,113
2026-06-27,04:37,106
2026-06-27,04:38,110
2026-06-27,04:39,109
2026-06-27,04:40,114
2026-06-27,04:41,112
2026-06-27,04:42,106
2026-06-27,04:43,108
2026-06-27,04:44,105
2026-06-27,04:45,102
2026-06-27,04:46,76
2026-06-27,04:47,3
2026-06-27,04:52,13
2026-06-27,04:53,8
2026-06-27,05:01,5
2026-06-27,05:28,10
2026-06-27,05:30,48
2026-06-27,05:31,44
2026-06-27,05:32,25
2026-06-27,05:33,22
2026-06-27,05:34,14
2026-06-27,14:15,6
2026-06-27,14:17,8
2026-06-27,14:20,19
2026-06-27,14:21,51
2026-06-27,14:22,37
2026-06-27,14:24,32
2026-06-27,14:26,10
2026-06-27,14:27,1
2026-06-27,14:35,11
2026-06-27,14:50,6
2026-06-27,14:51,1
2026-06-27,15:16,12
2026-06-27,15:19,42
2026-06-27,15:29,8
2026-06-27,15:36,5
2026-06-27,15:39,15
2026-06-27,15:40,1
2026-06-27,15:57,3
2026-06-27,15:58,18
2026-06-27,16:02,29
2026-06-27,16:03,6
2026-06-27,16:07,7
2026-06-27,16:08,14
2026-06-27,16:13,6
2026-06-27,16:43,6
2026-06-27,16:45,12
2026-06-27,16:51,5
2026-06-27,16:53,34
2026-06-27,16:54,73
2026-06-27,16:57,31
2026-06-27,17:00,9
2026-06-27,17:11,52
2026-06-27,17:12,107
2026-06-27,17:13,73
2026-06-27,17:14,111
2026-06-27,17:15,74
2026-06-27,17:16,62
2026-06-27,17:17,9
2026-06-27,17:18,14
2026-06-27,17:19,29
2026-06-27,17:20,22
2026-06-27,17:21,31
2026-06-27,17:22,113
2026-06-27,17:23,71
2026-06-27,17:24,76
2026-06-27,17:25,47
2026-06-27,17:26,100
2026-06-27,17:27,38
2026-06-27,17:28,110
2026-06-27,17:29,111
2026-06-27,17:30,107
2026-06-27,17:31,113
2026-06-27,17:32,109
2026-06-27,17:33,112
2026-06-27,17:34,56
2026-06-27,17:35,47
2026-06-27,17:36,102
2026-06-27,17:37,108
2026-06-27,17:38,105
2026-06-27,17:39,74
2026-06-27,17:40,63
2026-06-27,17:41,96
2026-06-27,17:42,59
2026-06-27,17:43,119
2026-06-27,17:44,79
2026-06-27,17:45,117
2026-06-27,17:46,108
2026-06-27,17:47,99
2026-06-27,17:48,117
2026-06-27,17:49,93
2026-06-27,17:50,39
2026-06-27,17:51,110
2026-06-27,17:52,111
2026-06-27,17:53,97
2026-06-27,17:54,99
2026-06-27,17:55,42
2026-06-27,17:58,17
2026-06-27,17:59,12
2026-06-27,18:00,12
2026-06-27,18:01,13
2026-06-27,18:03,74
2026-06-27,18:04,60
2026-06-27,18:05,46
2026-06-27,18:06,71
2026-06-27,18:07,68
2026-06-27,18:08,120
2026-06-27,18:09,105
2026-06-27,18:10,95
2026-06-27,18:11,28
2026-06-27,18:12,111
2026-06-27,18:13,90
2026-06-27,18:14,71
2026-06-27,18:15,67
2026-06-27,18:16,85
2026-06-27,18:17,111
2026-06-27,18:18,59
2026-06-27,18:19,107
2026-06-27,18:20,55
2026-06-27,18:21,51
2026-06-27,18:22,35
2026-06-27,18:23,23
2026-06-27,18:24,116
2026-06-27,18:25,52
2026-06-27,18:26,53
2026-06-27,18:27,10
2026-06-27,18:31,9
2026-06-27,18:32,31
2026-06-27,18:33,52
2026-06-27,18:34,28
2026-06-27,18:35,52
2026-06-27,18:36,97
2026-06-27,18:37,107
2026-06-27,18:38,90
2026-06-27,18:39,35
2026-06-27,18:40,16
2026-06-27,18:41,103
2026-06-27,18:42,36
2026-06-27,18:43,58
2026-06-27,18:44,37
2026-06-27,18:45,96
2026-06-27,18:46,39
2026-06-27,18:47,46
2026-06-27,18:48,34
2026-06-27,18:49,26
2026-06-27,18:50,94
2026-06-27,18:51,55
2026-06-27,18:52,58
2026-06-27,18:53,33
2026-06-27,18:54,36
2026-06-27,18:55,93
2026-06-27,18:56,113
2026-06-27,18:57,94
2026-06-27,18:58,70
2026-06-27,18:59,48
2026-06-27,19:00,11
2026-06-27,19:01,44
2026-06-27,19:03,9
2026-06-27,19:04,61
2026-06-27,19:05,98
2026-06-27,19:06,91
2026-06-27,19:07,110
2026-06-27,19:08,24
2026-06-27,19:24,6
2026-06-27,19:26,51
2026-06-27,19:27,13
2026-06-27,19:28,1
2026-06-27,19:29,7
2026-06-27,19:30,9
2026-06-27,19:52,12
2026-06-27,19:58,3
2026-06-27,20:04,41
2026-06-27,20:08,8
2026-06-27,20:39,35
2026-06-27,20:41,69
2026-06-27,20:42,12
2026-06-27,21:18,7
2026-06-27,21:21,5
2026-06-27,21:22,52
2026-06-27,22:08,3
2026-06-27,22:12,9
2026-06-27,22:26,71
2026-06-27,22:27,6
2026-06-27,22:38,20
2026-06-27,22:55,6
2026-06-27,23:01,35
2026-06-27,23:08,6
2026-06-27,23:13,5
2026-06-27,23:14,21
2026-06-27,23:15,46
2026-06-27,23:16,21
2026-06-27,23:17,9
2026-06-28,00:00,3
2026-06-28,00:16,60
2026-06-28,00:17,35
2026-06-28,00:21,6
2026-06-28,00:28,3
2026-06-28,00:30,7
2026-06-28,00:31,12
2026-06-28,00:32,10
2026-06-28,07:08,6
2026-06-28,07:09,17
2026-06-28,07:25,5
2026-06-28,07:26,6
2026-06-28,07:31,3
2026-06-28,07:32,6
2026-06-28,07:33,10
2026-06-28,07:34,50
2026-06-28,07:35,36
2026-06-28,07:36,4
2026-06-28,07:37,19
2026-06-28,07:38,23
2026-06-28,07:39,18
2026-06-28,07:41,12
2026-06-28,07:42,3
2026-06-28,07:50,12
2026-06-28,07:56,11
2026-06-28,07:59,10
2026-06-28,08:00,5
2026-06-28,08:01,96
2026-06-28,08:02,119
2026-06-28,08:03,42
2026-06-28,08:06,36
2026-06-28,08:07,14
2026-06-28,08:08,15
2026-06-28,08:09,7
2026-06-28,08:10,9
2026-06-28,08:11,44
2026-06-28,08:12,2
2026-06-28,08:13,6
2026-06-28,08:42,98
2026-06-28,08:44,120
2026-06-28,08:45,121
2026-06-28,08:50,73
2026-06-28,08:51,103
2026-06-28,08:52,82
2026-06-28,08:54,7
2026-06-28,08:58,7
2026-06-28,08:59,38
2026-06-28,09:00,105
2026-06-28,09:01,4
2026-06-28,09:03,12
2026-06-28,09:06,17
2026-06-28,09:12,8
2026-06-28,09:13,13
2026-06-28,09:14,8
2026-06-28,09:22,9
2026-06-28,09:23,9
2026-06-28,09:32,9
2026-06-28,09:34,5
2026-06-28,09:35,9
2026-06-28,09:43,16
2026-06-28,09:48,35
2026-06-28,09:50,17
2026-06-28,09:51,6
2026-06-28,09:57,10
2026-06-28,10:02,6
2026-06-28,10:06,12
2026-06-28,10:09,6
2026-06-28,10:14,11
2026-06-28,10:15,14
2026-06-28,10:18,12
2026-06-28,10:19,13
2026-06-28,10:21,6
2026-06-28,10:25,27
2026-06-28,10:28,27
2026-06-28,10:30,19
2026-06-28,10:31,6
2026-06-28,10:35,12
2026-06-28,10:38,8
2026-06-28,10:42,49
2026-06-28,10:43,1
2026-06-28,10:44,25
2026-06-28,10:45,11
2026-06-28,10:47,11
2026-06-28,10:50,36
2026-06-28,10:53,59
2026-06-28,10:54,52
2026-06-28,10:55,1
2026-06-28,10:57,7
2026-06-28,10:58,15
2026-06-28,11:02,12
2026-06-28,11:18,5
2026-06-28,11:25,8
2026-06-28,12:03,8
2026-06-28,12:04,19
2026-06-28,12:06,20
2026-06-28,12:07,88
2026-06-28,15:31,29
2026-06-28,15:32,12
2026-06-28,15:44,12
2026-06-28,15:45,51
2026-06-28,15:51,13
2026-06-28,15:52,11
2026-06-28,15:55,7
2026-06-28,16:08,16
2026-06-28,17:15,5
2026-06-28,17:40,12
2026-06-28,17:45,3
2026-06-28,19:00,29
2026-06-28,19:02,82
2026-06-28,19:03,13
2026-06-28,19:04,49
2026-06-28,19:05,1
2026-06-28,19:41,7
2026-06-28,20:17,30
2026-06-28,20:18,4
2026-06-28,20:21,10
2026-06-28,20:22,9
2026-06-28,20:24,10
2026-06-28,20:25,20
2026-06-28,20:28,16
2026-06-28,20:32,8
2026-06-28,20:33,22
2026-06-28,20:34,42
2026-06-28,20:35,8
2026-06-28,20:36,74
2026-06-28,20:37,21
2026-06-28,20:42,8
2026-06-28,20:45,9
2026-06-28,20:58,3
2026-06-28,20:59,9
2026-06-28,21:05,10
2026-06-28,21:07,6
2026-06-28,21:08,21
2026-06-28,21:12,6
2026-06-28,21:16,13
2026-06-28,21:17,10
2026-06-28,21:18,21
2026-06-28,21:19,11
2026-06-28,21:29,9
2026-06-28,21:30,24
2026-06-28,21:32,7
2026-06-28,21:34,8
2026-06-28,21:47,7
2026-06-28,22:02,21
2026-06-28,22:13,25
2026-06-28,22:14,58
2026-06-28,22:15,7
2026-06-28,22:16,12
2026-06-28,22:19,28
2026-06-28,22:20,17
2026-06-28,22:21,3
2026-06-28,22:24,66
2026-06-28,22:27,13
2026-06-28,22:28,13
2026-06-28,22:29,110
2026-06-28,22:30,53
2026-06-28,22:31,33
2026-06-28,22:39,31
2026-06-28,22:40,65
2026-06-28,22:41,50
2026-06-28,22:42,46
2026-06-28,22:43,62
2026-06-28,22:44,42
2026-06-28,22:47,85
2026-06-28,22:48,19
2026-06-28,22:50,20
2026-06-28,22:52,36
2026-06-28,22:53,95
2026-06-28,22:54,90
2026-06-28,22:58,9
2026-06-28,23:08,47
2026-06-28,23:09,96
2026-06-28,23:11,19
2026-06-28,23:12,117
2026-06-28,23:13,43
2026-06-28,23:25,14
2026-06-28,23:26,7
2026-06-28,23:30,7
2026-06-28,23:31,81
2026-06-28,23:33,92
2026-06-28,23:34,123
2026-06-28,23:35,43
2026-06-28,23:38,70
2026-06-28,23:39,66
2026-06-28,23:40,10
2026-06-28,23:45,44
2026-06-28,23:46,57
2026-06-28,23:48,12
2026-06-28,23:49,26
2026-06-28,23:53,11
2026-06-29,00:01,10
2026-06-29,00:03,6
2026-06-29,00:04,7
2026-06-29,00:05,37
2026-06-29,00:06,20
2026-06-29,00:07,28
2026-06-29,00:08,21
2026-06-29,00:09,20
2026-06-29,00:10,84
2026-06-29,00:11,96
2026-06-29,00:12,92
2026-06-29,00:13,94
2026-06-29,00:14,1
2026-06-29,00:21,8
2026-06-29,00:22,11
2026-06-29,00:24,58
2026-06-29,00:42,21
2026-06-29,00:43,12
2026-06-29,00:49,17
2026-06-29,00:50,5
2026-06-29,00:58,13
2026-06-29,01:04,10
2026-06-29,02:01,18
2026-06-29,02:04,9
2026-06-29,02:05,16
2026-06-29,02:06,15
2026-06-29,02:11,5
2026-06-29,02:13,24
2026-06-29,02:15,16
2026-06-29,02:42,17
2026-06-29,10:20,5
2026-06-29,10:55,14
2026-06-29,10:56,9
2026-06-29,10:58,20
2026-06-29,10:59,1
2026-06-29,11:14,3
2026-06-29,11:15,16
2026-06-29,11:18,28
2026-06-29,11:19,4
2026-06-29,11:20,3
2026-06-29,11:21,12
2026-06-29,11:23,19
2026-06-29,11:26,40
2026-06-29,11:27,11
2026-06-29,11:31,111
2026-06-29,11:32,55
2026-06-29,11:33,111
2026-06-29,11:34,56
2026-06-29,11:58,56
2026-06-29,11:59,64
2026-06-29,12:00,34
2026-06-29,12:01,58
2026-06-29,12:02,90
2026-06-29,12:09,8
2026-06-29,12:13,49
2026-06-29,12:14,75
2026-06-29,13:21,6
2026-06-29,13:43,19
2026-06-29,13:44,99
2026-06-29,13:45,14
2026-06-29,13:47,9
2026-06-29,13:49,17
2026-06-29,13:51,67
2026-06-29,13:52,31
2026-06-29,13:55,36
2026-06-29,13:56,1
2026-06-29,14:12,7
2026-06-29,14:25,7
2026-06-29,14:33,9
2026-06-29,14:36,3
2026-06-29,14:48,9
2026-06-29,15:02,3
2026-06-29,15:14,3
2026-06-29,15:20,7
2026-06-29,15:22,7
2026-06-29,15:29,17
2026-06-29,15:30,37
2026-06-29,15:34,29
2026-06-29,15:35,93
2026-06-29,17:06,8
2026-06-29,17:07,53
2026-06-29,17:08,91
2026-06-29,17:09,6
2026-06-29,17:15,5
2026-06-29,17:16,1
2026-06-29,17:17,54
2026-06-29,17:18,67
2026-06-29,17:19,41
2026-06-29,17:20,54
2026-06-29,17:21,78
2026-06-29,17:22,55
2026-06-29,17:23,3
2026-06-29,17:24,10
2026-06-29,17:41,49
2026-06-29,17:42,82
2026-06-29,17:44,74
2026-06-29,17:45,87
2026-06-29,17:46,109
2026-06-29,17:47,113
2026-06-29,17:48,84
2026-06-29,17:49,26
2026-06-29,18:02,8
2026-06-29,18:05,6
2026-06-29,18:06,1
2026-06-29,19:35,5
2026-06-29,19:39,23
2026-06-29,19:42,20
2026-06-29,19:43,6
2026-06-29,20:00,38
2026-06-29,20:31,22
2026-06-29,20:32,5
2026-06-29,20:35,6
2026-06-29,20:43,38
2026-06-29,20:44,63
2026-06-29,20:45,40
2026-06-29,20:46,39
2026-06-29,20:54,7
2026-06-29,21:38,13
2026-06-29,21:39,84
2026-06-29,21:40,43
2026-06-29,21:41,18
2026-06-29,21:46,22
2026-06-29,21:47,5
2026-06-29,21:52,26
2026-06-29,21:54,6
2026-06-29,21:57,11
2026-06-29,22:02,17
2026-06-29,22:03,87
2026-06-29,22:04,75
2026-06-29,22:05,21
2026-06-29,22:11,79
2026-06-29,22:12,7
2026-06-29,22:23,6
2026-06-29,22:24,35
2026-06-29,22:25,12
2026-06-29,22:27,11
2026-06-29,23:01,49
2026-06-29,23:02,56
2026-06-29,23:03,22
2026-06-29,23:20,6
2026-06-29,23:44,9
2026-06-29,23:54,94
2026-06-29,23:55,1
2026-06-29,23:57,85
2026-06-29,23:58,13
2026-06-30,00:00,20
2026-06-30,00:01,59
2026-06-30,00:02,6
2026-06-30,00:03,18
2026-06-30,00:04,19
2026-06-30,00:56,16
2026-06-30,01:03,8
2026-06-30,01:04,7
2026-06-30,02:01,8
2026-06-30,02:02,25
2026-06-30,02:03,120
2026-06-30,02:04,1
2026-06-30,02:05,5
2026-06-30,02:15,17
2026-06-30,02:16,11
2026-06-30,02:17,7
2026-06-30,10:37,13
2026-06-30,11:35,6
2026-06-30,11:37,27
2026-06-30,11:40,7
2026-06-30,11:41,15
2026-06-30,11:44,52
2026-06-30,11:45,54
2026-06-30,11:46,104
2026-06-30,11:47,96
2026-06-30,11:48,1
2026-06-30,11:49,6
2026-06-30,12:06,42
2026-06-30,12:07,71
2026-06-30,12:08,46
2026-06-30,12:09,62
2026-06-30,12:10,65
2026-06-30,12:20,3
2026-06-30,12:21,85
2026-06-30,12:22,18
2026-06-30,13:41,88
2026-06-30,13:42,64
2026-06-30,13:47,8
2026-06-30,13:48,13
2026-06-30,13:49,35
2026-06-30,13:52,6
2026-06-30,13:54,6
2026-06-30,14:17,8
2026-06-30,14:19,7
2026-06-30,14:45,11
2026-06-30,14:58,9
2026-06-30,15:14,9
2026-06-30,15:15,7
2026-06-30,15:22,44
2026-06-30,15:23,88
2026-06-30,17:08,9
2026-06-30,17:10,29
2026-06-30,17:11,110
2026-06-30,17:12,10
2026-06-30,17:13,8
2026-06-30,17:15,30
2026-06-30,17:17,7
2026-06-30,17:18,34
2026-06-30,17:19,113
2026-06-30,17:20,25
2026-06-30,17:21,99
2026-06-30,17:22,59
2026-06-30,17:23,8
2026-06-30,17:24,5
2026-06-30,17:38,8
2026-06-30,17:41,54
2026-06-30,17:42,74
2026-06-30,17:43,23
2026-06-30,17:44,111
2026-06-30,17:45,115
2026-06-30,17:46,114
2026-06-30,17:47,111
2026-06-30,17:48,16
2026-06-30,17:49,38
2026-06-30,17:50,9
2026-06-30,19:01,5
2026-06-30,19:02,7
2026-06-30,19:04,9
2026-06-30,19:26,7
2026-06-30,19:27,44
2026-06-30,19:29,8
2026-06-30,19:30,43
2026-06-30,19:31,19
2026-06-30,19:35,34
2026-06-30,19:36,74
2026-06-30,19:37,8
2026-06-30,19:38,7
2026-06-30,19:39,11
2026-06-30,19:40,6
2026-06-30,19:41,16
2026-06-30,19:42,11
2026-06-30,19:43,19
2026-06-30,19:52,3
2026-06-30,19:53,18
2026-06-30,19:54,8
2026-06-30,19:56,69
2026-06-30,19:57,91
2026-06-30,19:58,22
2026-06-30,20:06,21
2026-06-30,20:07,86
2026-06-30,20:08,60
2026-06-30,20:09,36
2026-06-30,20:10,36
2026-06-30,20:16,4
2026-06-30,20:17,47
2026-06-30,20:24,9
2026-06-30,20:26,28
2026-06-30,20:27,1
2026-06-30,20:29,83
2026-06-30,20:30,24
2026-06-30,20:31,6
2026-06-30,20:32,31
2026-06-30,20:33,80
2026-06-30,20:34,40
2026-06-30,20:44,32
2026-06-30,20:45,11
2026-06-30,20:46,21
2026-06-30,20:50,7
2026-06-30,20:51,82
2026-06-30,20:52,42
2026-06-30,20:53,15
2026-06-30,20:55,3
2026-06-30,20:57,8
2026-06-30,20:58,88
2026-06-30,20:59,13
2026-06-30,21:01,26
2026-06-30,21:15,4
2026-06-30,21:16,5
2026-06-30,21:19,37
2026-06-30,21:28,25
2026-06-30,21:29,6
2026-06-30,22:12,8
2026-06-30,22:13,21
2026-06-30,22:14,12
2026-06-30,22:32,3
2026-06-30,22:46,8
2026-06-30,23:32,7
2026-06-30,23:41,23
2026-06-30,23:42,18
2026-07-01,01:35,6
2026-07-01,04:20,14
2026-07-01,04:40,22
2026-07-01,04:42,6
2026-07-01,04:43,6
2026-07-01,04:48,20
2026-07-01,04:51,6
2026-07-01,04:55,9
2026-07-01,05:14,9
2026-07-01,05:18,22
2026-07-01,05:49,7
2026-07-01,05:52,26
2026-07-01,05:56,8
2026-07-01,05:57,1
2026-07-01,06:15,53
2026-07-01,06:21,45
2026-07-01,06:23,59
2026-07-01,06:28,36
2026-07-01,06:29,9
2026-07-01,06:30,27
2026-07-01,06:32,23
2026-07-01,06:33,51
2026-07-01,06:36,14
2026-07-01,06:37,13
2026-07-01,06:38,123
2026-07-01,08:20,117
2026-07-01,08:22,35
2026-07-01,08:24,22
2026-07-01,08:25,25
2026-07-01,08:26,37
2026-07-01,08:27,66
2026-07-01,08:28,104
2026-07-01,08:29,63
2026-07-01,08:30,80
2026-07-01,08:31,23
2026-07-01,08:32,29
2026-07-01,08:33,95
2026-07-01,08:34,67
2026-07-01,08:35,68
2026-07-01,08:36,20
2026-07-01,08:37,23
2026-07-01,08:38,15
2026-07-01,08:39,5
2026-07-01,08:40,31
2026-07-01,08:41,3
2026-07-01,08:42,15
2026-07-01,08:43,1
2026-07-01,08:44,99
2026-07-01,08:45,10
2026-07-01,08:46,20
2026-07-01,08:49,23
2026-07-01,08:50,30
2026-07-01,08:51,98
2026-07-01,08:52,51
2026-07-01,09:01,29
2026-07-01,09:02,101
2026-07-01,09:03,19
2026-07-01,09:06,16
2026-07-01,09:07,10
2026-07-01,09:11,4
2026-07-01,09:12,34
2026-07-01,09:15,55
2026-07-01,09:16,79
2026-07-01,09:17,21
2026-07-01,09:18,22
2026-07-01,09:19,3
2026-07-01,09:41,13
2026-07-01,09:42,19
2026-07-01,10:32,77
2026-07-01,10:33,3
2026-07-01,10:48,25
2026-07-01,10:54,6
2026-07-01,11:02,38
2026-07-01,11:28,7
2026-07-01,11:29,21
2026-07-01,11:31,38
2026-07-01,11:32,68
2026-07-01,11:34,57
2026-07-01,11:35,19
2026-07-01,11:37,7
2026-07-01,11:44,15
2026-07-01,11:45,7
2026-07-01,11:46,15
2026-07-01,11:47,12
2026-07-01,11:48,20
2026-07-01,11:49,80
2026-07-01,11:52,30
2026-07-01,11:55,79
2026-07-01,11:56,110
2026-07-01,11:57,125
2026-07-01,11:58,72
2026-07-01,12:05,11
2026-07-01,12:21,26
2026-07-01,12:22,44
2026-07-01,12:23,58
2026-07-01,12:24,37
2026-07-01,12:25,18
2026-07-01,12:27,82
2026-07-01,12:28,5
2026-07-01,12:34,16
2026-07-01,12:39,29
2026-07-01,12:40,63
2026-07-01,12:41,50
2026-07-01,12:42,9
2026-07-01,12:45,7
2026-07-01,14:18,10
2026-07-01,14:19,36
2026-07-01,14:20,31
2026-07-01,14:21,70
2026-07-01,14:26,22
2026-07-01,14:27,29
2026-07-01,14:29,26
2026-07-01,14:50,8
2026-07-01,14:59,3
2026-07-01,15:05,3
2026-07-01,15:32,10
2026-07-01,15:45,7
2026-07-01,15:51,19
2026-07-01,15:53,17
2026-07-01,15:54,14
2026-07-01,15:56,30
2026-07-01,15:57,45
2026-07-01,15:58,33
2026-07-01,15:59,50
2026-07-01,16:00,109
2026-07-01,16:01,1
2026-07-01,17:19,50
2026-07-01,17:20,117
2026-07-01,17:21,9
2026-07-01,17:23,8
2026-07-01,17:29,74
2026-07-01,17:30,115
2026-07-01,17:31,47
2026-07-01,17:32,43
2026-07-01,17:34,17
2026-07-01,17:35,37
2026-07-01,17:36,3
2026-07-01,17:37,105
2026-07-01,17:38,4
2026-07-01,17:40,19
2026-07-01,17:41,5
2026-07-01,17:57,14
2026-07-01,17:58,57
2026-07-01,17:59,59
2026-07-01,18:02,27
2026-07-01,18:03,101
2026-07-01,18:04,112
2026-07-01,18:05,114
2026-07-01,18:06,111
2026-07-01,18:07,6
2026-07-01,18:08,27
2026-07-01,20:19,11
2026-07-01,20:22,9
2026-07-01,20:25,3
2026-07-01,20:27,8
2026-07-01,20:32,13
2026-07-01,20:38,5
2026-07-01,20:45,34
2026-07-01,20:50,25
2026-07-01,20:51,3
2026-07-01,20:53,8
2026-07-01,20:54,14
2026-07-01,21:09,13
2026-07-01,21:16,17
2026-07-01,21:25,12
2026-07-01,21:26,17
2026-07-01,21:28,13
2026-07-01,21:29,1
2026-07-01,21:37,12
2026-07-01,21:39,8
2026-07-01,22:13,17
2026-07-01,22:37,8
2026-07-01,22:38,11
2026-07-01,22:44,3
2026-07-01,22:46,18
2026-07-01,22:54,18
2026-07-01,23:00,14
2026-07-01,23:18,6
2026-07-01,23:23,7
2026-07-01,23:27,5
2026-07-01,23:29,9
2026-07-01,23:30,28
2026-07-01,23:31,43
2026-07-01,23:33,50
2026-07-01,23:36,11
2026-07-01,23:37,5
2026-07-01,23:40,12
2026-07-01,23:47,18
2026-07-01,23:48,1
2026-07-01,23:49,5
2026-07-01,23:50,24
2026-07-01,23:51,27
2026-07-01,23:55,7
2026-07-01,23:56,9
2026-07-02,00:00,10
2026-07-02,00:13,7
2026-07-02,00:41,8
2026-07-02,01:01,3
2026-07-02,01:20,12
2026-07-02,01:21,10
2026-07-02,01:23,56
2026-07-02,01:24,37
2026-07-02,01:27,8
2026-07-02,01:37,29
2026-07-02,01:38,1
2026-07-02,01:39,15
2026-07-02,02:02,13
2026-07-02,02:07,15
2026-07-02,06:19,21
2026-07-02,10:44,10
2026-07-02,10:45,7
2026-07-02,10:46,56
2026-07-02,10:47,22
2026-07-02,10:53,66
2026-07-02,10:54,112
2026-07-02,10:55,104
2026-07-02,10:56,94
2026-07-02,11:13,24
2026-07-02,11:14,43
2026-07-02,11:15,40
2026-07-02,11:16,33
2026-07-02,11:17,97
2026-07-02,11:18,23
2026-07-02,11:29,86
2026-07-02,11:30,26
2026-07-02,12:14,6
2026-07-02,13:19,19
2026-07-02,13:22,19
2026-07-02,13:23,59
2026-07-02,13:24,1
2026-07-02,13:26,3
2026-07-02,13:28,12
2026-07-02,13:29,11
2026-07-02,13:30,7
2026-07-02,13:33,24
2026-07-02,13:35,28
2026-07-02,13:36,4
2026-07-02,13:37,16
2026-07-02,13:38,7
2026-07-02,13:58,36
2026-07-02,14:10,8
2026-07-02,14:17,8
2026-07-02,14:29,27
2026-07-02,14:30,114
2026-07-02,14:31,111
2026-07-02,14:32,64
2026-07-02,14:33,80
2026-07-02,14:34,24
2026-07-02,14:49,9
2026-07-02,14:52,6
2026-07-02,15:04,68
2026-07-02,15:05,50
2026-07-02,15:06,40
2026-07-02,15:07,17
2026-07-02,15:10,40
2026-07-02,15:11,13
2026-07-02,15:12,111
2026-07-02,15:13,7
2026-07-02,15:16,10
2026-07-02,15:32,47
2026-07-02,15:35,13
2026-07-02,15:37,5
2026-07-02,15:38,21
2026-07-02,16:26,12
2026-07-02,16:31,45
2026-07-02,16:33,37
2026-07-02,16:34,8
2026-07-02,16:38,8
2026-07-02,16:39,32
2026-07-02,16:40,7
2026-07-02,16:41,67
2026-07-02,16:45,113
2026-07-02,16:46,27
2026-07-02,16:47,13
2026-07-02,16:48,31
2026-07-02,16:49,11
2026-07-02,16:53,51
2026-07-02,17:00,15
2026-07-02,17:02,36
2026-07-02,17:03,6
2026-07-02,17:09,38
2026-07-02,17:10,13
2026-07-02,17:12,7
2026-07-02,17:13,38
2026-07-02,17:14,27
2026-07-02,17:22,14
2026-07-02,17:23,33
2026-07-02,17:24,46
2026-07-02,17:25,1
2026-07-02,17:26,103
2026-07-02,17:27,8
2026-07-02,17:34,41
2026-07-02,17:35,18
2026-07-02,17:36,37
2026-07-02,17:55,5
2026-07-02,17:56,30
2026-07-02,17:58,20
2026-07-02,17:59,18
2026-07-02,18:00,8
2026-07-02,18:01,25
2026-07-02,18:02,3
2026-07-02,18:03,26
2026-07-02,18:04,22
2026-07-02,18:11,5
2026-07-02,18:12,76
2026-07-02,18:13,109
2026-07-02,18:14,34
2026-07-02,19:02,6
2026-07-02,19:29,19
2026-07-02,19:43,7
2026-07-02,19:59,10
2026-07-02,20:09,7
2026-07-02,20:41,10
2026-07-02,20:52,3
2026-07-02,20:54,10
2026-07-02,20:55,10
2026-07-02,20:56,8
2026-07-02,20:57,6
2026-07-02,21:03,8
2026-07-02,21:04,1
2026-07-02,21:29,16
2026-07-02,21:36,10
2026-07-02,21:39,7
2026-07-02,22:05,11
2026-07-02,22:08,24
2026-07-02,22:36,7
2026-07-02,23:48,7
2026-07-02,23:49,11
2026-07-02,23:52,9
2026-07-02,23:53,8
2026-07-02,23:58,54
2026-07-02,23:59,83
2026-07-03,00:00,6
2026-07-03,00:11,10
2026-07-03,00:16,3
2026-07-03,00:19,10
2026-07-03,00:29,6
2026-07-03,00:41,10
2026-07-03,00:44,8
2026-07-03,00:53,7
2026-07-03,01:08,16
2026-07-03,01:18,9
2026-07-03,01:21,11
2026-07-03,01:24,29
2026-07-03,01:26,57
2026-07-03,01:44,6
2026-07-03,01:50,16
2026-07-03,01:51,31
2026-07-03,02:00,8
2026-07-03,02:02,51
2026-07-03,02:03,107
2026-07-03,02:07,19
2026-07-03,02:08,7
2026-07-03,02:11,25
2026-07-03,02:21,41
2026-07-03,04:15,10
2026-07-03,11:09,14
2026-07-03,11:10,27
2026-07-03,11:11,15
2026-07-03,11:12,6
2026-07-03,11:13,43
2026-07-03,12:15,7
2026-07-03,12:42,7
2026-07-03,12:46,44
2026-07-03,12:47,1
2026-07-03,18:56,13
2026-07-03,19:00,3
2026-07-03,19:01,5
2026-07-03,19:06,5
2026-07-03,19:17,10
2026-07-03,19:18,28
2026-07-03,19:20,9
2026-07-03,19:21,15
2026-07-03,19:31,12
2026-07-03,19:32,17
2026-07-03,19:33,1
2026-07-03,19:50,13
2026-07-03,20:12,11
2026-07-03,20:13,28
2026-07-03,20:14,19
2026-07-03,20:15,7
2026-07-03,20:24,6
2026-07-03,20:25,16
2026-07-03,20:30,46
2026-07-03,20:35,59
2026-07-03,20:36,7
2026-07-03,20:37,11
2026-07-03,20:38,3
2026-07-03,20:40,20
2026-07-03,20:41,20
2026-07-03,20:43,62
2026-07-03,20:44,53
2026-07-03,20:45,24
2026-07-03,20:46,14
2026-07-03,21:10,15
2026-07-03,21:13,6
2026-07-03,21:22,18
2026-07-03,21:23,9
2026-07-03,21:26,31
2026-07-03,21:27,26
2026-07-03,21:28,89
2026-07-03,21:29,13
2026-07-03,21:39,7
2026-07-03,21:40,1
2026-07-03,21:41,26
2026-07-03,21:42,46
2026-07-03,21:43,1
2026-07-03,21:50,42
2026-07-03,21:54,12
2026-07-03,22:17,6
2026-07-03,22:21,51
2026-07-03,22:22,75
2026-07-03,22:25,10
2026-07-03,22:28,3
2026-07-03,22:29,41
2026-07-03,22:30,44
2026-07-03,22:40,5
2026-07-03,23:13,9
2026-07-03,23:32,5
2026-07-03,23:40,20
2026-07-03,23:57,18
2026-07-04,00:00,6
2026-07-04,02:13,13
2026-07-04,02:53,11
2026-07-04,03:05,36
2026-07-04,03:09,7
2026-07-04,03:10,20
2026-07-04,03:11,21
2026-07-04,03:15,55
2026-07-04,03:16,54
2026-07-04,03:17,8
2026-07-04,03:18,6
2026-07-04,03:21,66
2026-07-04,03:23,87
2026-07-04,03:24,10
2026-07-04,03:28,25
2026-07-04,03:31,17
2026-07-04,03:32,27
2026-07-04,03:33,9
2026-07-04,03:34,7
2026-07-04,03:44,7
2026-07-04,03:59,36
2026-07-04,04:21,4
2026-07-04,05:35,22
2026-07-04,05:36,22
2026-07-04,05:37,21
2026-07-04,05:47,8
2026-07-04,05:51,8
2026-07-04,06:15,9
2026-07-04,06:17,7
2026-07-04,06:18,8
2026-07-04,06:19,26
2026-07-04,06:20,11
2026-07-04,06:21,5
2026-07-04,06:22,1
2026-07-04,12:58,8
2026-07-04,13:07,9
2026-07-04,13:09,12
2026-07-04,13:10,8
2026-07-04,13:11,16
2026-07-04,13:17,24
2026-07-04,13:34,15
2026-07-04,13:36,10
2026-07-04,13:56,7
2026-07-04,14:13,28
2026-07-04,14:14,43
2026-07-04,14:16,8
2026-07-04,14:17,25
2026-07-04,14:52,9
2026-07-04,14:53,5
2026-07-04,14:54,1
2026-07-04,14:55,7
2026-07-04,14:59,3
2026-07-04,15:01,31
2026-07-04,15:03,7
2026-07-04,15:10,52
2026-07-04,15:11,78
2026-07-04,15:12,7
2026-07-04,15:13,10
2026-07-04,15:14,38
2026-07-04,15:18,48
2026-07-04,15:26,5
2026-07-04,15:51,21
2026-07-04,15:52,5
2026-07-04,15:57,6
2026-07-04,15:59,120
2026-07-04,16:00,106
2026-07-04,16:01,24
2026-07-04,16:02,13
2026-07-04,16:03,14
2026-07-04,16:04,24
2026-07-04,16:19,10
2026-07-04,16:58,13
2026-07-04,18:21,8
2026-07-04,18:48,11
2026-07-04,19:05,21
2026-07-04,19:06,4
2026-07-04,19:57,7
2026-07-04,19:58,106
2026-07-04,19:59,117
2026-07-04,20:00,73
2026-07-04,20:01,1
2026-07-04,20:22,11
2026-07-04,20:24,17
2026-07-04,20:25,11
2026-07-04,20:41,23
2026-07-04,20:42,43
2026-07-04,20:43,41
2026-07-04,23:20,11
2026-07-04,23:50,5
2026-07-04,23:55,4
2026-07-05,00:00,6
2026-07-05,01:30,4
2026-07-05,01:31,1
2026-07-05,01:38,25
2026-07-05,01:39,9
2026-07-05,01:40,18
2026-07-05,01:44,6
2026-07-05,04:20,6
2026-07-05,04:22,6
2026-07-05,04:53,22
2026-07-05,04:54,1
2026-07-05,04:55,9
2026-07-05,04:56,4
2026-07-05,04:57,47
2026-07-05,04:59,22
2026-07-05,05:01,50
2026-07-05,05:02,23
2026-07-05,05:03,12
2026-07-05,05:04,9
2026-07-05,05:05,36
2026-07-05,05:09,12
2026-07-05,05:12,18
2026-07-05,05:16,18
2026-07-05,05:17,1
2026-07-05,05:19,8
2026-07-05,05:20,9
2026-07-05,05:26,9
2026-07-05,05:30,65
2026-07-05,05:31,42
2026-07-05,05:33,41
2026-07-05,05:35,32
2026-07-05,07:49,126
2026-07-05,07:50,8
2026-07-05,07:51,28
2026-07-05,07:52,17
2026-07-05,07:53,15
2026-07-05,07:55,6
2026-07-05,07:58,17
2026-07-05,07:59,37
2026-07-05,08:01,5
2026-07-05,08:12,80
2026-07-05,08:13,63
2026-07-05,08:31,24
2026-07-05,08:42,3
2026-07-05,09:15,9
2026-07-05,09:24,20
2026-07-05,09:25,92
2026-07-05,09:26,6
2026-07-05,09:27,6
2026-07-05,09:37,8
2026-07-05,09:42,3
2026-07-05,09:48,7
2026-07-05,09:49,62
2026-07-05,09:50,14
2026-07-05,10:17,12
2026-07-05,10:18,14
2026-07-05,10:34,23
2026-07-05,10:48,30
2026-07-05,10:49,1
2026-07-05,11:02,4
2026-07-05,11:03,5
2026-07-05,11:33,10
2026-07-05,11:34,8
2026-07-05,11:42,9
2026-07-05,12:08,7
2026-07-05,12:12,16
2026-07-05,12:13,70
2026-07-05,12:14,17
2026-07-05,12:17,9
2026-07-05,12:32,5
2026-07-05,15:02,7
2026-07-05,15:03,8
2026-07-05,15:05,29
2026-07-05,15:06,1
2026-07-05,15:09,15
2026-07-05,17:52,5
2026-07-05,17:53,7
2026-07-05,18:02,55
2026-07-05,18:03,6
2026-07-05,18:06,5
2026-07-05,18:07,14
2026-07-05,18:08,4
2026-07-05,18:09,15
2026-07-05,18:11,8
2026-07-05,18:12,14
2026-07-05,18:13,48
2026-07-05,18:15,55
2026-07-05,18:16,8
2026-07-05,18:19,6
2026-07-05,18:21,55
2026-07-05,18:22,19
2026-07-05,18:24,14
2026-07-05,19:47,18
2026-07-05,19:48,1
2026-07-05,19:50,22
2026-07-05,19:51,14
2026-07-05,19:52,17
2026-07-05,19:53,6
2026-07-05,19:56,30
2026-07-05,19:57,89
2026-07-05,19:58,13
2026-07-05,20:01,6
2026-07-05,20:02,8
2026-07-05,20:03,14
2026-07-05,20:11,71
2026-07-05,20:12,1
2026-07-05,20:18,8
2026-07-05,20:19,11
2026-07-05,20:20,18
2026-07-05,20:21,6
2026-07-05,20:22,55
2026-07-05,20:36,6
2026-07-05,20:37,49
2026-07-05,20:38,3
2026-07-05,20:39,72
2026-07-05,20:57,8
2026-07-05,21:06,34
2026-07-05,21:10,32
2026-07-05,21:12,20
2026-07-05,21:13,1
2026-07-05,21:20,16
2026-07-05,21:22,19
2026-07-05,21:24,6
2026-07-05,21:25,1
2026-07-05,21:26,4
2026-07-05,21:29,13
2026-07-05,21:30,1
2026-07-05,21:33,6
2026-07-05,21:38,27
2026-07-05,22:02,9
2026-07-05,22:24,7
2026-07-05,22:25,9
2026-07-05,23:28,13
2026-07-05,23:31,19
2026-07-05,23:32,17
2026-07-05,23:34,10
2026-07-05,23:35,34
2026-07-06,00:03,6
2026-07-06,00:20,5
2026-07-06,00:56,30
2026-07-06,00:57,16
2026-07-06,01:11,16
2026-07-06,01:12,13
2026-07-06,01:22,4
2026-07-06,01:32,21
2026-07-06,01:35,13
2026-07-06,02:24,18
2026-07-06,02:25,6
2026-07-06,02:26,10
2026-07-06,02:29,6
2026-07-06,02:30,12
2026-07-06,02:31,10
2026-07-06,02:32,1
2026-07-06,08:45,4
2026-07-06,08:46,1
2026-07-06,13:04,24
2026-07-06,13:05,119
2026-07-06,13:06,1
2026-07-06,13:09,13
2026-07-06,13:35,9
2026-07-06,14:19,25
2026-07-06,14:31,15
2026-07-06,14:32,14
2026-07-06,14:55,11
2026-07-06,14:56,19
2026-07-06,16:19,17
2026-07-06,16:20,11
2026-07-06,16:30,9
2026-07-06,16:31,12
2026-07-06,16:32,65
2026-07-06,16:34,7
2026-07-06,16:35,16
2026-07-06,16:45,22
2026-07-06,16:47,36
2026-07-06,16:48,28
2026-07-06,16:49,13
2026-07-06,16:50,61
2026-07-06,16:51,76
2026-07-06,16:54,6
2026-07-06,16:55,68
2026-07-06,16:59,11
2026-07-06,17:00,19
2026-07-06,17:13,9
2026-07-06,17:33,60
2026-07-06,17:34,35
2026-07-06,17:35,1
2026-07-06,17:41,68
2026-07-06,17:42,38
2026-07-06,17:46,42
2026-07-06,17:47,30
2026-07-06,17:52,36
2026-07-06,17:53,1
2026-07-06,17:56,17
2026-07-06,17:59,5
2026-07-06,18:00,6
2026-07-06,18:02,5
2026-07-06,18:05,5
2026-07-06,18:10,57
2026-07-06,18:13,10
2026-07-06,18:15,63
2026-07-06,18:18,27
2026-07-06,18:19,14
2026-07-06,18:22,7
2026-07-06,18:23,17
2026-07-06,18:24,35
2026-07-06,18:25,16
2026-07-06,18:27,14
2026-07-06,18:28,29
2026-07-06,18:30,23
2026-07-06,18:31,1
2026-07-06,18:32,9
2026-07-06,18:33,18
2026-07-06,18:34,24
2026-07-06,18:35,20
2026-07-06,18:37,9
2026-07-06,18:44,30
2026-07-06,18:45,6
2026-07-06,18:46,21
2026-07-06,18:47,87
2026-07-06,18:48,41
2026-07-06,18:53,54
2026-07-06,18:54,7
2026-07-06,18:55,67
2026-07-06,18:58,77
2026-07-06,18:59,28
2026-07-06,19:00,22
2026-07-06,19:01,28
2026-07-06,19:37,24
2026-07-06,19:39,8
2026-07-06,19:41,8
2026-07-06,19:44,11
2026-07-06,19:45,29
2026-07-06,19:46,49
2026-07-06,19:47,49
2026-07-06,19:48,12
2026-07-06,19:49,7
2026-07-06,19:53,8
2026-07-06,19:54,6
2026-07-06,19:57,13
2026-07-06,20:03,15
2026-07-06,20:09,7
2026-07-06,20:15,60
2026-07-06,20:16,7
2026-07-06,20:18,17
2026-07-06,20:19,3
2026-07-06,20:20,7
2026-07-06,20:48,7
2026-07-06,22:45,7
2026-07-06,22:46,43
2026-07-06,22:55,5
2026-07-06,23:08,12
2026-07-06,23:20,10
2026-07-06,23:22,6
2026-07-06,23:26,7
2026-07-06,23:28,8
2026-07-06,23:34,5
2026-07-06,23:43,7
2026-07-06,23:44,5
2026-07-06,23:45,1
2026-07-06,23:51,6
2026-07-06,23:55,12
2026-07-06,23:57,9
2026-07-06,23:58,3
2026-07-06,23:59,39
2026-07-07,00:00,22
2026-07-07,00:01,7
2026-07-07,00:04,3
2026-07-07,00:05,17
2026-07-07,00:07,9
2026-07-07,00:08,11
2026-07-07,00:09,8
2026-07-07,00:11,3
2026-07-07,00:18,11
2026-07-07,00:20,22
2026-07-07,00:21,5
2026-07-07,00:29,8
2026-07-07,00:30,15
2026-07-07,00:32,13
2026-07-07,00:47,13
2026-07-07,00:48,3
2026-07-07,01:03,6
2026-07-07,02:22,3
2026-07-07,02:33,21
2026-07-07,03:13,6
2026-07-07,03:16,6
2026-07-07,03:18,9
2026-07-07,08:20,7
2026-07-07,11:14,6
2026-07-07,11:15,28
2026-07-07,11:27,7
2026-07-07,11:28,10
2026-07-07,11:30,37
2026-07-07,11:31,35
2026-07-07,11:36,20
2026-07-07,11:37,108
2026-07-07,11:38,111
2026-07-07,11:39,115
2026-07-07,11:40,115
2026-07-07,11:41,34
2026-07-07,11:42,78
2026-07-07,11:43,115
2026-07-07,11:44,71
2026-07-07,11:49,3
2026-07-07,11:56,9
2026-07-07,12:05,24
2026-07-07,12:06,58
2026-07-07,12:07,60
2026-07-07,12:08,32
2026-07-07,12:09,68
2026-07-07,12:10,65
2026-07-07,12:11,9
2026-07-07,12:16,17
2026-07-07,12:19,54
2026-07-07,12:20,99
2026-07-07,12:21,1
2026-07-07,14:11,66
2026-07-07,14:12,91
2026-07-07,14:13,1
2026-07-07,14:17,12
2026-07-07,14:20,48
2026-07-07,14:22,26
2026-07-07,14:30,7
2026-07-07,14:31,1
2026-07-07,14:43,8
2026-07-07,15:00,6
2026-07-07,15:01,1
2026-07-07,15:04,9
2026-07-07,15:31,15
2026-07-07,15:32,46
2026-07-07,15:39,15
2026-07-07,15:51,51
2026-07-07,20:12,24
2026-07-07,20:15,7
2026-07-07,20:16,3
2026-07-07,20:22,7
2026-07-07,20:25,5
2026-07-07,20:26,8
2026-07-07,20:31,30
2026-07-07,20:33,35
2026-07-07,20:34,50
2026-07-07,20:35,36
2026-07-07,20:36,6
2026-07-07,20:37,21
2026-07-07,20:40,7
2026-07-07,20:41,13
2026-07-07,20:42,19
2026-07-07,21:00,5
2026-07-07,21:01,8
2026-07-07,21:27,3
2026-07-07,21:31,30
2026-07-07,21:34,7
2026-07-07,21:51,17
2026-07-07,22:05,7
2026-07-07,22:10,4
2026-07-07,22:11,1
2026-07-07,22:54,12
2026-07-07,23:05,9
2026-07-07,23:06,6
2026-07-07,23:07,3
2026-07-07,23:14,8
2026-07-07,23:24,6
2026-07-07,23:26,23
2026-07-07,23:29,5
2026-07-07,23:30,30
2026-07-07,23:31,1
2026-07-07,23:34,10
2026-07-07,23:36,7
2026-07-07,23:39,19
2026-07-07,23:40,1
2026-07-07,23:41,5
2026-07-07,23:44,11
2026-07-07,23:49,6
2026-07-08,00:13,12
2026-07-08,00:14,21
2026-07-08,00:15,5
2026-07-08,00:16,16
2026-07-08,00:19,7
2026-07-08,00:20,10
2026-07-08,00:23,10
2026-07-08,00:25,21
2026-07-08,01:08,12
2026-07-08,01:37,9
2026-07-08,01:40,12
2026-07-08,08:41,7
2026-07-08,11:45,8
2026-07-08,11:48,9
2026-07-08,11:49,21
2026-07-08,11:51,20
2026-07-08,11:52,12
2026-07-08,11:53,14
2026-07-08,11:54,27
2026-07-08,11:55,19
2026-07-08,11:57,3
2026-07-08,11:58,76
2026-07-08,11:59,116
2026-07-08,12:00,115
2026-07-08,12:01,113
2026-07-08,12:02,61
2026-07-08,12:03,52
2026-07-08,12:04,127
2026-07-08,12:05,98
2026-07-08,12:12,5
2026-07-08,12:13,1
2026-07-08,12:31,22
2026-07-08,12:39,37
2026-07-08,12:40,59
2026-07-08,12:41,54
2026-07-08,12:42,108
2026-07-08,12:43,82
2026-07-08,12:53,8
2026-07-08,12:55,32
2026-07-08,12:56,100
2026-07-08,12:57,31
2026-07-08,13:43,12
2026-07-08,13:44,53
2026-07-08,13:45,20
2026-07-08,13:48,15
2026-07-08,13:49,12
2026-07-08,13:51,43
2026-07-08,14:31,6
2026-07-08,14:32,12
2026-07-08,14:39,48
2026-07-08,14:40,100
2026-07-08,14:41,30
2026-07-08,15:51,10
2026-07-08,15:52,5
2026-07-08,15:53,1
2026-07-08,17:10,17
2026-07-08,17:11,57
2026-07-08,17:12,30
2026-07-08,17:17,8
2026-07-08,17:20,36
2026-07-08,17:21,62
2026-07-08,17:22,43
2026-07-08,17:23,53
2026-07-08,17:24,68
2026-07-08,17:25,33
2026-07-08,17:40,11
2026-07-08,17:41,67
2026-07-08,17:42,56
2026-07-08,17:43,98
2026-07-08,17:44,125
2026-07-08,17:45,123
2026-07-08,17:46,15
2026-07-08,17:48,9
2026-07-08,17:49,95
2026-07-08,17:50,126
2026-07-08,17:51,122
2026-07-08,17:52,115
2026-07-08,17:53,112
2026-07-08,17:54,23
2026-07-08,18:07,21
2026-07-08,18:08,21
2026-07-08,18:15,6
2026-07-08,18:17,24
2026-07-08,18:18,103
2026-07-08,18:19,71
2026-07-08,18:20,103
2026-07-08,18:21,75
2026-07-08,18:22,47
2026-07-08,18:23,44
2026-07-08,18:24,69
2026-07-08,18:25,34
2026-07-08,18:26,99
2026-07-08,18:27,99
2026-07-08,18:28,104
2026-07-08,18:29,103
2026-07-08,18:30,93
2026-07-08,18:31,108
2026-07-08,18:32,97
2026-07-08,18:33,105
2026-07-08,18:34,101
2026-07-08,18:35,108
2026-07-08,18:36,104
2026-07-08,18:37,106
2026-07-08,18:38,65
2026-07-08,18:39,102
2026-07-08,18:40,108
2026-07-08,18:41,94
2026-07-08,18:42,107
2026-07-08,18:43,110
2026-07-08,18:44,55
2026-07-08,18:45,99
2026-07-08,18:46,112
2026-07-08,18:47,105
2026-07-08,18:48,111
2026-07-08,18:49,93
2026-07-08,18:50,13
2026-07-08,18:51,53
2026-07-08,18:52,102
2026-07-08,18:53,113
2026-07-08,18:54,111
2026-07-08,18:55,109
2026-07-08,18:56,52
2026-07-08,18:57,51
2026-07-08,18:58,44
2026-07-08,18:59,104
2026-07-08,19:00,103
2026-07-08,19:01,105
2026-07-08,19:02,107
2026-07-08,19:03,73
2026-07-08,19:04,58
2026-07-08,19:05,106
2026-07-08,19:06,107
2026-07-08,19:07,63
2026-07-08,19:08,44
2026-07-08,19:09,55
2026-07-08,19:10,6
2026-07-08,19:11,42
2026-07-08,19:14,8
2026-07-08,19:15,71
2026-07-08,19:16,57
2026-07-08,19:19,20
2026-07-08,19:20,15
2026-07-08,19:21,22
2026-07-08,19:22,12
2026-07-08,19:23,13
2026-07-08,19:31,10
2026-07-08,19:41,5
2026-07-08,19:42,59
2026-07-08,19:43,31
2026-07-08,19:44,84
2026-07-08,19:47,6
2026-07-08,19:48,37
2026-07-08,19:51,48
2026-07-08,19:52,51
2026-07-08,19:59,6
2026-07-08,20:00,1
2026-07-08,20:03,23
2026-07-08,20:06,13
2026-07-08,20:07,30
2026-07-08,20:09,12
2026-07-08,20:24,25
2026-07-08,20:25,16
2026-07-08,20:27,22
2026-07-08,20:28,53
2026-07-08,20:29,40
2026-07-08,20:32,6
2026-07-08,20:33,3
2026-07-08,20:38,20
2026-07-08,20:41,49
2026-07-08,20:42,24
2026-07-08,20:43,36
2026-07-08,20:44,35
2026-07-08,20:45,25
2026-07-08,20:46,13
2026-07-08,20:47,28
2026-07-08,21:05,7
2026-07-08,21:06,16
2026-07-08,21:33,33
2026-07-08,21:37,12
2026-07-08,21:47,22
2026-07-08,21:48,3
2026-07-08,21:49,4
2026-07-08,21:50,1
2026-07-08,21:51,28
2026-07-08,21:52,43
2026-07-08,21:53,28
2026-07-08,21:54,1
2026-07-08,22:06,14
2026-07-08,22:11,11
2026-07-08,22:49,47
2026-07-08,22:51,33
2026-07-08,22:52,25
2026-07-08,22:58,15
2026-07-08,22:59,65
2026-07-08,23:01,8
2026-07-08,23:03,82
2026-07-08,23:04,20
2026-07-08,23:07,13
2026-07-08,23:21,35
2026-07-08,23:22,6
2026-07-08,23:23,40
2026-07-08,23:24,19
2026-07-08,23:50,6
2026-07-08,23:51,55
2026-07-08,23:53,49
2026-07-08,23:54,1
2026-07-08,23:57,28
2026-07-08,23:58,30
2026-07-09,00:00,4
2026-07-09,01:13,15
2026-07-09,01:30,3
2026-07-09,01:38,12
2026-07-09,01:40,9
2026-07-09,01:41,12
2026-07-09,01:44,19
2026-07-09,02:36,62
2026-07-09,02:37,123
2026-07-09,02:38,63
2026-07-09,02:44,7
2026-07-09,02:46,16
2026-07-09,02:47,70
2026-07-09,02:48,28
2026-07-09,02:55,9
2026-07-09,02:56,45
2026-07-09,02:58,12
2026-07-09,02:59,29
2026-07-09,06:41,3
2026-07-09,08:58,3
2026-07-09,10:00,6
2026-07-09,10:35,8
2026-07-09,10:49,8
2026-07-09,10:59,5
2026-07-09,11:45,12
2026-07-09,11:46,36
2026-07-09,11:47,44
2026-07-09,11:49,46
2026-07-09,11:50,115
2026-07-09,11:51,115
2026-07-09,11:52,111
2026-07-09,11:53,105
2026-07-09,11:54,36
2026-07-09,11:55,12
2026-07-09,11:56,91
2026-07-09,11:57,104
2026-07-09,11:58,9
2026-07-09,12:05,7
2026-07-09,12:21,41
2026-07-09,12:22,63
2026-07-09,12:23,45
2026-07-09,12:24,74
2026-07-09,12:25,101
2026-07-09,12:35,46
2026-07-09,12:36,48
2026-07-09,12:37,104
2026-07-09,12:38,22
2026-07-09,13:59,20
2026-07-09,14:00,110
2026-07-09,14:02,5
2026-07-09,14:06,9
2026-07-09,14:07,1
2026-07-09,14:10,22
2026-07-09,14:11,7
2026-07-09,14:13,32
2026-07-09,14:14,48
2026-07-09,14:18,23
2026-07-09,14:19,23
2026-07-09,14:25,8
2026-07-09,14:28,5
2026-07-09,14:31,6
2026-07-09,14:35,8
2026-07-09,14:38,12
2026-07-09,14:40,5
2026-07-09,14:50,21
2026-07-09,14:52,6
2026-07-09,14:57,12
2026-07-09,14:58,1
2026-07-09,15:06,5
2026-07-09,15:16,16
2026-07-09,15:19,9
2026-07-09,15:20,8
2026-07-09,15:22,8
2026-07-09,15:27,8
2026-07-09,15:33,11
2026-07-09,15:37,17
2026-07-09,15:43,13
2026-07-09,15:45,8
2026-07-09,15:47,89
2026-07-09,15:48,48
2026-07-09,16:07,6
2026-07-09,16:12,6
2026-07-09,16:52,8
2026-07-09,16:53,10
2026-07-09,16:54,13
2026-07-09,16:55,8
2026-07-09,17:17,15
2026-07-09,17:18,30
2026-07-09,17:19,49
2026-07-09,17:26,10
2026-07-09,17:27,96
2026-07-09,17:28,42
2026-07-09,17:29,38
2026-07-09,17:30,82
2026-07-09,17:31,59
2026-07-09,17:32,1
2026-07-09,17:35,4
2026-07-09,17:36,2
2026-07-09,17:52,38
2026-07-09,17:53,100
2026-07-09,17:54,62
2026-07-09,17:55,33
2026-07-09,17:56,110
2026-07-09,17:57,112
2026-07-09,17:58,111
2026-07-09,17:59,115
2026-07-09,18:00,102
2026-07-09,18:01,98
2026-07-09,18:02,104
2026-07-09,18:03,49
2026-07-09,18:04,98
2026-07-09,18:05,78
2026-07-09,18:06,1
2026-07-09,18:07,6
2026-07-09,18:11,4
2026-07-09,18:12,39
2026-07-09,18:13,25
2026-07-09,19:05,9
2026-07-09,19:13,7
2026-07-09,19:24,11
2026-07-09,19:25,13
2026-07-09,19:57,3
2026-07-09,19:58,18
2026-07-09,19:59,14
2026-07-09,20:00,1
2026-07-09,20:02,6
2026-07-09,20:05,4
2026-07-09,20:06,2
2026-07-09,20:07,14
2026-07-09,20:08,10
2026-07-09,20:09,6
2026-07-09,20:13,25
2026-07-09,20:14,13
2026-07-09,20:15,14
2026-07-09,20:16,30
2026-07-09,20:24,7
2026-07-09,20:25,103
2026-07-09,20:26,57
2026-07-09,20:28,39
2026-07-09,20:29,3
2026-07-09,20:44,3
2026-07-09,20:47,8
2026-07-09,20:49,16
2026-07-09,20:51,8
2026-07-09,20:55,19
2026-07-09,20:56,14
2026-07-09,21:04,8
2026-07-09,21:15,87
2026-07-09,21:16,54
2026-07-09,21:23,64
2026-07-09,21:24,1
2026-07-09,21:26,17
2026-07-09,21:33,29
2026-07-09,21:34,20
2026-07-09,21:35,8
2026-07-09,21:36,3
2026-07-09,21:48,8
2026-07-09,22:11,30
2026-07-09,22:12,38
2026-07-09,22:13,62
2026-07-09,22:14,44
2026-07-09,22:16,15
2026-07-09,22:17,77
2026-07-09,22:18,38
2026-07-09,22:19,43
2026-07-09,22:25,7
2026-07-09,22:30,27
2026-07-09,22:54,37
2026-07-09,22:57,8
2026-07-09,22:58,43
2026-07-09,22:59,29
2026-07-09,23:00,26
2026-07-09,23:03,54
2026-07-09,23:53,29
2026-07-09,23:54,10
2026-07-09,23:55,38
2026-07-09,23:56,100
2026-07-09,23:57,98
2026-07-09,23:58,7
2026-07-09,23:59,92
2026-07-10,00:00,24
2026-07-10,00:01,14
2026-07-10,00:03,13
2026-07-10,00:04,5
2026-07-10,00:06,16
2026-07-10,00:12,26
2026-07-10,00:13,17
2026-07-10,00:19,41
2026-07-10,00:42,22
2026-07-10,00:43,55
2026-07-10,00:44,16
2026-07-10,00:47,84
2026-07-10,00:48,113
2026-07-10,00:49,107
2026-07-10,00:50,113
2026-07-10,00:51,110
2026-07-10,00:52,107
2026-07-10,00:53,112
2026-07-10,00:54,112
2026-07-10,00:55,106
2026-07-10,00:56,106
2026-07-10,00:57,101
2026-07-10,00:58,81
2026-07-10,00:59,107
2026-07-10,01:00,110
2026-07-10,01:01,84
2026-07-10,01:02,91
2026-07-10,01:03,102
2026-07-10,01:04,108
2026-07-10,01:05,105
2026-07-10,01:06,106
2026-07-10,01:07,97
2026-07-10,01:08,86
2026-07-10,01:09,109
2026-07-10,01:10,83
2026-07-10,01:11,103
2026-07-10,01:12,113
2026-07-10,01:13,99
2026-07-10,01:14,107
2026-07-10,01:15,107
2026-07-10,01:16,110
2026-07-10,01:17,105
2026-07-10,01:18,113
2026-07-10,01:19,108
2026-07-10,01:20,111
2026-07-10,01:21,108
2026-07-10,01:22,113
2026-07-10,01:23,108
2026-07-10,01:24,32
2026-07-10,01:25,22
2026-07-10,01:26,12
2026-07-10,01:27,16
2026-07-10,01:28,16
2026-07-10,01:29,17
2026-07-10,01:30,53
2026-07-10,01:31,11
2026-07-10,01:34,6
2026-07-10,01:35,34
2026-07-10,01:36,66
2026-07-10,01:37,9
2026-07-10,01:38,9
2026-07-10,01:47,14
2026-07-10,02:03,50
2026-07-10,02:23,8
2026-07-10,02:39,9
2026-07-10,03:31,10
2026-07-10,03:32,7
2026-07-10,03:33,48
2026-07-10,03:34,97
2026-07-10,03:35,1
2026-07-10,03:38,8
2026-07-10,03:39,13
2026-07-10,03:42,91
2026-07-10,03:44,34
2026-07-10,03:45,34
2026-07-10,03:46,27
2026-07-10,03:49,12
2026-07-10,03:50,9
2026-07-10,03:52,15
2026-07-10,03:53,10
2026-07-10,03:54,15
2026-07-10,04:25,10
2026-07-10,04:29,6
2026-07-10,10:44,7
2026-07-10,11:00,6
2026-07-10,11:03,10
2026-07-10,11:08,12
2026-07-10,11:57,5
2026-07-10,11:59,8
2026-07-10,12:00,29
2026-07-10,12:01,35
2026-07-10,12:02,42
2026-07-10,12:03,81
2026-07-10,12:04,110
2026-07-10,12:05,116
2026-07-10,12:06,113
2026-07-10,12:07,115
2026-07-10,12:09,91
2026-07-10,12:10,122
2026-07-10,12:11,69
2026-07-10,12:12,23
2026-07-10,12:28,50
2026-07-10,12:29,83
2026-07-10,12:30,23
2026-07-10,12:31,33
2026-07-10,12:32,102
2026-07-10,12:33,13
2026-07-10,12:35,8
2026-07-10,12:39,14
2026-07-10,12:42,29
2026-07-10,12:44,78
2026-07-10,12:45,42
2026-07-10,12:49,11
2026-07-10,14:15,20
2026-07-10,14:16,73
2026-07-10,14:22,21
2026-07-10,14:23,19
2026-07-10,14:27,42
2026-07-10,14:28,1
2026-07-10,14:37,5
2026-07-10,14:38,1
2026-07-10,14:54,7
2026-07-10,15:14,5
2026-07-10,15:15,6
2026-07-10,15:25,81
2026-07-10,15:26,80
2026-07-10,15:47,19
2026-07-10,16:49,8
2026-07-10,17:15,22
2026-07-10,17:16,58
2026-07-10,17:20,6
2026-07-10,17:21,8
2026-07-10,17:28,66
2026-07-10,17:29,59
2026-07-10,17:30,50
2026-07-10,17:31,36
2026-07-10,17:32,71
2026-07-10,17:33,78
2026-07-10,17:34,1
2026-07-10,17:36,13
2026-07-10,17:52,34
2026-07-10,17:53,97
2026-07-10,17:55,38
2026-07-10,17:56,112
2026-07-10,17:57,116
2026-07-10,17:58,107
2026-07-10,17:59,101
2026-07-10,18:00,73
2026-07-10,18:01,73
2026-07-10,18:21,32
2026-07-10,18:22,1
2026-07-10,18:26,23
2026-07-10,19:17,11
2026-07-10,19:18,4
2026-07-10,19:21,10
2026-07-10,19:22,47
2026-07-10,19:23,22
2026-07-10,19:24,8
2026-07-10,19:26,47
2026-07-10,19:30,31
2026-07-10,19:31,109
2026-07-10,19:32,1
2026-07-10,19:33,9
2026-07-10,19:34,62
2026-07-10,19:36,18
2026-07-10,19:37,1
2026-07-10,19:38,6
2026-07-10,19:40,22
2026-07-10,19:41,11
2026-07-10,19:42,13
2026-07-10,19:43,22
2026-07-10,19:48,9
2026-07-10,19:52,10
2026-07-10,19:53,11
2026-07-10,19:54,6
2026-07-10,19:58,48
2026-07-10,19:59,29
2026-07-10,20:00,8
2026-07-10,20:01,8
2026-07-10,20:02,13
2026-07-10,20:06,22
2026-07-10,20:07,5
2026-07-10,20:08,39
2026-07-10,20:09,12
2026-07-10,20:10,17
2026-07-10,20:11,16
2026-07-10,20:13,7
2026-07-10,20:14,12
2026-07-10,20:15,6
2026-07-10,20:16,33
2026-07-10,20:18,7
2026-07-10,20:19,23
2026-07-10,20:20,7
2026-07-10,20:21,60
2026-07-10,20:22,6
2026-07-10,20:23,27
2026-07-10,20:24,61
2026-07-10,20:34,58
2026-07-10,20:35,11
2026-07-10,20:36,65
2026-07-10,20:54,16
2026-07-10,20:55,39
2026-07-10,20:56,6
2026-07-10,20:57,48
2026-07-10,21:04,4
2026-07-10,21:05,36
2026-07-10,21:06,11
2026-07-10,21:07,55
2026-07-10,21:14,14
2026-07-10,21:19,11
2026-07-10,21:25,6
2026-07-10,21:26,4
2026-07-10,21:32,6
2026-07-10,21:58,6
2026-07-10,22:02,28
2026-07-10,22:03,31
2026-07-10,22:26,17
2026-07-10,22:27,12
2026-07-10,22:41,18
2026-07-10,22:44,6
2026-07-10,22:45,3
2026-07-10,22:46,11
2026-07-10,22:47,3
2026-07-10,22:50,17
2026-07-10,23:00,7
2026-07-10,23:02,15
2026-07-10,23:26,8
2026-07-10,23:31,14
2026-07-10,23:33,39
2026-07-10,23:34,19
2026-07-10,23:50,12
2026-07-10,23:51,59
2026-07-10,23:58,8
2026-07-11,00:00,4
2026-07-11,00:03,25
2026-07-11,00:04,16
2026-07-11,00:05,1
2026-07-11,00:10,14
2026-07-11,00:14,22
2026-07-11,00:19,6
2026-07-11,00:23,19
2026-07-11,00:24,29
2026-07-11,00:36,33
2026-07-11,01:06,87
2026-07-11,01:07,94
2026-07-11,01:08,92
2026-07-11,01:09,19
2026-07-11,01:11,65
2026-07-11,01:12,7
2026-07-11,01:13,105
2026-07-11,01:14,114
2026-07-11,01:15,101
2026-07-11,01:16,118
2026-07-11,01:17,109
2026-07-11,01:18,107
2026-07-11,01:19,101
2026-07-11,01:20,107
2026-07-11,01:21,107
2026-07-11,01:22,107
2026-07-11,01:23,97
2026-07-11,01:24,12
2026-07-11,01:38,14
2026-07-11,01:47,23
2026-07-11,01:52,9
2026-07-11,02:24,7
2026-07-11,02:25,8
2026-07-11,02:33,5
2026-07-11,02:34,10
2026-07-11,04:38,5
2026-07-11,04:39,3
2026-07-11,10:25,3
2026-07-11,14:16,29
2026-07-11,14:17,37
2026-07-11,14:18,17
2026-07-11,14:30,9
2026-07-11,15:20,36
2026-07-11,15:21,22
2026-07-11,15:32,18
2026-07-11,15:49,21
2026-07-11,15:50,17
2026-07-11,17:29,27
2026-07-11,17:31,8
2026-07-11,17:32,35
2026-07-11,17:33,47
2026-07-11,18:17,3
2026-07-11,18:18,16
2026-07-11,18:20,35
2026-07-11,18:21,82
2026-07-11,18:22,45
2026-07-11,18:27,32
2026-07-11,18:28,62
2026-07-11,18:29,52
2026-07-11,18:30,12
2026-07-11,18:31,11
2026-07-11,18:36,10
2026-07-11,18:38,18
2026-07-11,18:40,6
2026-07-11,18:42,11
2026-07-11,18:43,12
2026-07-11,18:44,23
2026-07-11,18:45,16
2026-07-11,18:53,38
2026-07-11,18:54,6
2026-07-11,18:58,8
2026-07-11,18:59,13
2026-07-11,19:01,19
2026-07-11,19:05,8
2026-07-11,19:08,22
2026-07-11,19:09,38
2026-07-11,19:10,64
2026-07-11,19:11,67
2026-07-11,19:12,14
2026-07-11,19:17,8
2026-07-11,19:24,8
2026-07-11,19:26,10
2026-07-11,19:32,6
2026-07-11,19:37,20
2026-07-11,19:38,8
2026-07-11,19:39,25
2026-07-11,19:40,9
2026-07-11,19:46,49
2026-07-11,19:47,4
2026-07-11,19:48,1
2026-07-11,19:49,4
2026-07-11,19:50,1
2026-07-11,19:53,8
2026-07-11,19:54,57
2026-07-11,19:55,80
2026-07-11,20:04,48
2026-07-11,20:05,6
2026-07-11,20:06,58
2026-07-11,20:07,1
2026-07-11,20:15,15
2026-07-11,20:17,29
2026-07-11,20:19,39
2026-07-11,20:20,9
2026-07-11,20:21,23
2026-07-11,20:22,2
2026-07-11,20:23,15
2026-07-11,20:25,11
2026-07-11,20:26,15
2026-07-11,20:27,6
2026-07-11,20:31,13
2026-07-11,20:33,36
2026-07-11,20:35,7
2026-07-11,21:08,7
2026-07-11,21:09,7
2026-07-11,21:12,31
2026-07-11,21:14,7
2026-07-11,21:25,5
2026-07-11,21:35,11
2026-07-11,21:37,6
2026-07-11,21:45,6
2026-07-11,22:14,9
2026-07-11,22:18,6
2026-07-11,22:22,16
2026-07-11,22:25,8
2026-07-11,22:26,35
2026-07-11,22:27,50
2026-07-11,22:28,83
2026-07-11,22:29,122
2026-07-11,22:30,93
2026-07-11,22:33,13
2026-07-11,22:34,4
2026-07-11,22:35,1
2026-07-11,22:38,5
2026-07-11,22:53,92
2026-07-11,22:54,98
2026-07-11,22:55,50
2026-07-11,22:56,35
2026-07-11,22:57,21
2026-07-11,22:58,37
2026-07-11,23:00,21
2026-07-11,23:01,12
2026-07-11,23:03,103
2026-07-11,23:04,46
2026-07-11,23:07,8
2026-07-11,23:09,32
2026-07-11,23:10,1
2026-07-11,23:17,6
2026-07-11,23:20,8
2026-07-11,23:32,8
2026-07-11,23:34,10
2026-07-11,23:36,11
2026-07-11,23:38,7
2026-07-11,23:39,1
2026-07-11,23:49,3
2026-07-12,00:01,7
2026-07-12,00:03,13
2026-07-12,00:08,3
2026-07-12,00:12,17
2026-07-12,00:24,19
2026-07-12,00:25,18
2026-07-12,00:26,24
2026-07-12,00:27,35
2026-07-12,00:29,6
2026-07-12,00:30,3
2026-07-12,00:38,3
2026-07-12,00:39,10
2026-07-12,00:40,88
2026-07-12,00:41,104
2026-07-12,00:42,46
2026-07-12,00:43,6
2026-07-12,00:50,3
2026-07-12,00:54,58
2026-07-12,00:55,109
2026-07-12,00:56,123
2026-07-12,00:57,30
2026-07-12,00:58,7
2026-07-12,01:00,12
2026-07-12,01:03,7
2026-07-12,01:08,54
2026-07-12,01:10,15
2026-07-12,01:11,43
2026-07-12,01:14,8
2026-07-12,01:16,10
2026-07-12,01:18,19
2026-07-12,01:20,5
2026-07-12,01:21,8
2026-07-12,01:24,11
2026-07-12,01:25,59
2026-07-12,01:26,12
2026-07-12,01:44,6
2026-07-12,01:46,26
2026-07-12,02:04,10
2026-07-12,02:05,3
2026-07-12,02:07,10
2026-07-12,02:09,9
2026-07-12,02:15,17
2026-07-12,02:16,1
2026-07-12,02:20,19
2026-07-12,02:21,2
2026-07-12,02:58,10
2026-07-12,02:59,1
2026-07-12,03:00,3
2026-07-12,03:06,10
2026-07-12,03:07,1
2026-07-12,03:15,11
2026-07-12,03:20,12
2026-07-12,03:29,7
2026-07-12,04:08,8
2026-07-12,05:23,57
2026-07-12,05:24,8
2026-07-12,05:32,24
2026-07-12,05:34,69
2026-07-12,05:35,22
2026-07-12,05:36,5
2026-07-12,05:38,8
2026-07-12,05:39,11
2026-07-12,05:40,30
2026-07-12,05:45,14
2026-07-12,05:52,39
2026-07-12,05:53,57
2026-07-12,05:54,13
2026-07-12,05:55,29
2026-07-12,05:56,40
2026-07-12,05:57,35
2026-07-12,05:58,15
2026-07-12,06:00,6
2026-07-12,06:01,6
2026-07-12,06:02,20
2026-07-12,06:04,5
2026-07-12,06:05,21
2026-07-12,06:07,16
2026-07-12,06:10,7
2026-07-12,06:11,16
2026-07-12,06:36,9
2026-07-12,07:03,2
2026-07-12,07:04,1
2026-07-12,07:39,12
2026-07-12,08:17,3
2026-07-12,08:31,6
2026-07-12,08:36,9
2026-07-12,08:38,6
2026-07-12,09:02,8
2026-07-12,09:17,11
2026-07-12,09:18,21
2026-07-12,09:19,15
2026-07-12,10:32,8
2026-07-12,10:33,6
2026-07-12,10:46,9
2026-07-12,10:49,9
2026-07-12,13:03,9
2026-07-12,13:19,20
2026-07-12,13:32,20
2026-07-12,19:00,11
2026-07-12,19:22,15
2026-07-12,19:23,1
2026-07-12,19:44,7
2026-07-12,19:45,5
2026-07-12,19:46,53
2026-07-12,19:48,12
2026-07-12,19:53,3
2026-07-12,19:57,21
2026-07-12,20:32,15
2026-07-12,21:23,7
2026-07-12,21:24,9
2026-07-12,21:25,47
2026-07-12,21:26,2
2026-07-12,21:28,12
2026-07-12,21:34,6
2026-07-12,22:06,11
2026-07-12,22:27,10
2026-07-12,22:42,58
2026-07-12,22:43,35
2026-07-12,22:44,9
2026-07-12,22:51,9
2026-07-12,22:52,1
2026-07-12,23:00,12
2026-07-12,23:23,6
2026-07-12,23:24,13
2026-07-12,23:26,11
2026-07-13,00:28,11
2026-07-13,00:53,5
2026-07-13,00:54,9
2026-07-13,00:58,3
2026-07-13,01:00,7
2026-07-13,01:03,16
2026-07-13,01:04,14
2026-07-13,01:11,5
2026-07-13,01:14,7
2026-07-13,02:06,20
2026-07-13,02:07,11
2026-07-13,02:11,7
2026-07-13,02:49,15
2026-07-13,02:50,14
2026-07-13,03:04,7
2026-07-13,03:33,8
2026-07-13,03:34,7
2026-07-13,03:39,20
2026-07-13,03:40,15
2026-07-13,03:47,5
2026-07-13,04:45,28
2026-07-13,11:09,7
2026-07-13,13:54,21
2026-07-13,14:08,15
2026-07-13,14:10,16
2026-07-13,14:11,55
2026-07-13,14:24,12
2026-07-13,16:14,12
2026-07-13,16:15,13
2026-07-13,16:16,16
2026-07-13,16:17,38
2026-07-13,16:22,5
2026-07-13,16:26,30
2026-07-13,16:27,112
2026-07-13,16:28,63
2026-07-13,16:30,6
2026-07-13,16:31,10
2026-07-13,16:33,55
2026-07-13,16:34,68
2026-07-13,16:42,74
2026-07-13,16:43,56
2026-07-13,16:44,6
2026-07-13,16:45,35
2026-07-13,16:46,30
2026-07-13,16:50,20
2026-07-13,16:57,22
2026-07-13,16:58,10
2026-07-13,17:01,15
2026-07-13,17:02,1
2026-07-13,17:03,31
2026-07-13,17:04,1
2026-07-13,17:05,19
2026-07-13,17:06,45
2026-07-13,17:09,17
2026-07-13,17:11,7
2026-07-13,17:12,6
2026-07-13,17:14,33
2026-07-13,17:15,25
2026-07-13,17:16,53
2026-07-13,17:17,30
2026-07-13,17:18,5
2026-07-13,17:19,35
2026-07-13,17:20,7
2026-07-13,17:22,10
2026-07-13,17:23,35
2026-07-13,17:24,6
2026-07-13,17:25,16
2026-07-13,17:26,1
2026-07-13,17:27,11
2026-07-13,17:28,36
2026-07-13,17:29,20
2026-07-13,17:30,10
2026-07-13,17:31,9
2026-07-13,17:32,9
2026-07-13,17:33,46
2026-07-13,17:34,103
2026-07-13,17:35,75
2026-07-13,17:42,80
2026-07-13,17:43,21
2026-07-13,17:48,7
2026-07-13,17:49,1
2026-07-13,17:53,13
2026-07-13,17:54,11
2026-07-13,17:56,28
2026-07-13,17:57,13
2026-07-13,17:58,15
2026-07-13,17:59,14
2026-07-13,18:02,5
2026-07-13,18:03,8
2026-07-13,18:13,25
2026-07-13,18:19,16
2026-07-13,18:21,5
2026-07-13,18:28,12
2026-07-13,18:29,1
2026-07-13,18:31,39
2026-07-13,18:32,57
2026-07-13,18:35,51
2026-07-13,18:36,24
2026-07-13,18:41,7
2026-07-13,18:46,11
2026-07-13,19:03,10
2026-07-13,19:07,20
2026-07-13,19:08,81
2026-07-13,19:09,107
2026-07-13,19:10,108
2026-07-13,19:11,96
2026-07-13,19:12,107
2026-07-13,19:13,103
2026-07-13,19:14,110
2026-07-13,19:15,99
2026-07-13,19:16,100
2026-07-13,19:17,101
2026-07-13,19:18,95
2026-07-13,19:19,106
2026-07-13,19:20,100
2026-07-13,19:21,95
2026-07-13,19:22,99
2026-07-13,19:23,97
2026-07-13,19:24,104
2026-07-13,19:25,85
2026-07-13,19:26,98
2026-07-13,19:27,101
2026-07-13,19:28,98
2026-07-13,19:29,27
2026-07-13,19:32,4
2026-07-13,19:48,8
2026-07-13,20:01,12
2026-07-13,20:11,9
2026-07-13,20:30,46
2026-07-13,20:31,103
2026-07-13,20:32,98
2026-07-13,20:33,105
2026-07-13,20:34,102
2026-07-13,20:35,124
2026-07-13,20:36,44
2026-07-13,20:37,126
2026-07-13,20:38,113
2026-07-13,20:39,119
2026-07-13,20:40,97
2026-07-13,20:41,84
2026-07-13,20:44,28
2026-07-13,20:45,113
2026-07-13,20:46,111
2026-07-13,20:47,120
2026-07-13,20:48,115
2026-07-13,20:49,109
2026-07-13,20:50,115
2026-07-13,20:51,92
2026-07-13,20:52,114
2026-07-13,20:53,73
2026-07-13,20:54,9
2026-07-13,21:02,7
2026-07-13,21:03,1
2026-07-13,21:16,4
2026-07-13,21:17,1
2026-07-13,21:35,6
2026-07-13,21:36,47
2026-07-13,21:37,1
2026-07-13,21:38,31
2026-07-13,21:39,11
2026-07-13,21:49,2
2026-07-13,21:50,7
2026-07-13,21:52,5
2026-07-13,21:58,7
2026-07-13,21:59,22
2026-07-13,22:00,15
2026-07-13,22:01,1
2026-07-13,22:16,4
2026-07-13,23:20,9
2026-07-13,23:21,14
2026-07-13,23:30,8
2026-07-13,23:46,7
2026-07-13,23:53,9
2026-07-14,00:32,5
2026-07-14,01:24,7
2026-07-14,01:42,12
2026-07-14,01:43,5
2026-07-14,01:49,6
2026-07-14,03:26,7
2026-07-14,03:27,1
2026-07-14,03:31,4
2026-07-14,03:32,8
2026-07-14,03:33,108
2026-07-14,03:34,23
2026-07-14,03:35,9
2026-07-14,04:03,32
2026-07-14,07:02,11
2026-07-14,07:03,58
2026-07-14,07:15,24
2026-07-14,07:16,111
2026-07-14,07:17,16
2026-07-14,14:36,24
2026-07-14,14:51,5
2026-07-14,15:09,10
2026-07-14,15:11,18
2026-07-14,15:12,21
2026-07-14,15:13,86
2026-07-14,15:14,42
2026-07-14,15:15,58
2026-07-14,15:16,23
2026-07-14,15:22,13
2026-07-14,15:32,6
2026-07-14,15:34,17
2026-07-14,15:39,5
2026-07-14,15:40,6
2026-07-14,15:43,8
2026-07-14,15:48,28
2026-07-14,15:49,16
2026-07-14,15:50,3
2026-07-14,15:53,29
2026-07-14,16:04,10
2026-07-14,16:19,12
2026-07-14,16:23,33
2026-07-14,16:24,100
2026-07-14,16:25,102
2026-07-14,16:26,1
2026-07-14,16:35,20
2026-07-14,16:38,19
2026-07-14,16:41,16
2026-07-14,16:42,40
2026-07-14,16:44,17
2026-07-14,17:15,14
2026-07-14,18:51,11
2026-07-14,18:52,2
2026-07-14,19:23,25
2026-07-14,19:25,7
2026-07-14,19:26,7
2026-07-14,19:31,8
2026-07-14,19:33,3
2026-07-14,19:34,22
2026-07-14,19:35,29
2026-07-14,19:36,63
2026-07-14,19:37,26
2026-07-14,19:40,9
2026-07-14,19:41,79
2026-07-14,19:42,58
2026-07-14,19:45,10
2026-07-14,19:46,10
2026-07-14,19:48,24
2026-07-14,19:53,12
2026-07-14,20:01,8
2026-07-14,20:02,26
2026-07-14,20:07,27
2026-07-14,20:10,5
2026-07-14,20:11,26
2026-07-14,20:12,33
2026-07-14,20:14,14
2026-07-14,20:16,13
2026-07-14,20:17,5
2026-07-14,20:18,13
2026-07-14,20:19,23
2026-07-14,20:20,7
2026-07-14,20:22,5
2026-07-14,20:23,9
2026-07-14,20:25,6
2026-07-14,20:26,35
2026-07-14,20:27,18
2026-07-14,20:41,8
2026-07-14,20:45,9
2026-07-14,20:46,12
2026-07-14,20:48,61
2026-07-14,20:49,46
2026-07-14,20:54,49
2026-07-14,20:55,56
2026-07-14,20:56,28
2026-07-14,20:57,96
2026-07-14,20:58,27
2026-07-14,21:00,8
2026-07-14,21:01,8
2026-07-14,21:04,35
2026-07-14,21:05,54
2026-07-14,21:06,46
2026-07-14,21:07,9
2026-07-14,21:23,9
2026-07-14,21:34,48
2026-07-14,21:35,11
2026-07-14,21:36,26
2026-07-14,21:38,12
2026-07-14,21:39,22
2026-07-14,21:40,11
2026-07-14,21:42,12
2026-07-14,21:47,25
2026-07-14,21:48,26
2026-07-14,21:51,6
2026-07-14,21:52,11
2026-07-14,21:53,49
2026-07-14,21:54,10
2026-07-14,21:55,42
2026-07-14,21:56,11
2026-07-14,21:57,99
2026-07-14,21:58,40
2026-07-14,21:59,89
2026-07-14,22:00,13
2026-07-14,22:01,23
2026-07-14,22:10,28
2026-07-14,22:19,30
2026-07-14,22:20,26
2026-07-14,22:24,5
2026-07-14,22:26,12
2026-07-14,22:33,10
2026-07-14,22:37,4
2026-07-14,22:40,19
2026-07-14,23:04,35
2026-07-14,23:11,7
2026-07-14,23:13,6
2026-07-14,23:28,3
2026-07-14,23:34,7
2026-07-14,23:43,25
2026-07-14,23:44,5
2026-07-14,23:58,7
2026-07-15,00:00,10
2026-07-15,00:01,14
2026-07-15,00:06,15
2026-07-15,00:07,7
2026-07-15,00:58,8
2026-07-15,01:07,12
2026-07-15,01:46,9
2026-07-15,02:03,7
2026-07-15,02:07,19
2026-07-15,02:09,7
2026-07-15,02:52,3
2026-07-15,03:43,12
2026-07-15,03:44,5
2026-07-15,03:45,3
2026-07-15,03:46,12
2026-07-15,03:47,62
2026-07-15,03:53,8
2026-07-15,03:58,25
2026-07-15,04:01,25
2026-07-15,04:02,12
2026-07-15,04:04,33
2026-07-15,04:05,1
2026-07-15,04:31,13
2026-07-15,05:24,12
2026-07-15,05:27,8
2026-07-15,05:28,44
2026-07-15,12:25,12
2026-07-15,12:26,1
2026-07-15,14:15,66
2026-07-15,14:16,1
2026-07-15,15:14,19
2026-07-15,15:20,3
2026-07-15,15:21,1
2026-07-15,15:22,8
2026-07-15,15:23,14
2026-07-15,15:26,54
2026-07-15,15:27,57
2026-07-15,15:28,7
2026-07-15,15:47,6
2026-07-15,15:49,46
2026-07-15,15:50,105
2026-07-15,15:51,64
2026-07-15,15:52,20
2026-07-15,15:53,61
2026-07-15,15:54,102
2026-07-15,15:55,12
2026-07-15,15:58,15
2026-07-15,16:01,78
2026-07-15,16:02,1
2026-07-15,16:06,7
2026-07-15,16:07,18
2026-07-15,16:08,46
2026-07-15,16:09,71
2026-07-15,16:10,102
2026-07-15,16:11,103
2026-07-15,16:12,31
2026-07-15,16:13,1
2026-07-15,16:15,18
2026-07-15,16:18,40
2026-07-15,16:19,100
2026-07-15,16:20,80
2026-07-15,16:22,26
2026-07-15,16:23,101
2026-07-15,16:24,26
2026-07-15,16:25,81
2026-07-15,16:26,62
2026-07-15,16:27,99
2026-07-15,16:47,7
2026-07-15,16:53,6
2026-07-15,16:54,11
2026-07-15,16:55,10
2026-07-15,16:56,1
2026-07-15,16:57,5
2026-07-15,17:03,51
2026-07-15,17:04,13
2026-07-15,17:07,19
2026-07-15,17:08,28
2026-07-15,17:09,9
2026-07-15,17:42,10
2026-07-15,17:43,13
2026-07-15,17:50,43
2026-07-15,17:51,40
2026-07-15,18:40,44
2026-07-15,18:41,43
2026-07-15,18:44,47
2026-07-15,18:45,22
2026-07-15,18:46,13
2026-07-15,18:48,6
2026-07-15,18:49,13
2026-07-15,18:50,1
2026-07-15,18:55,6
2026-07-15,19:36,6
2026-07-15,19:38,12
2026-07-15,19:39,7
2026-07-15,19:42,13
2026-07-15,19:53,12
2026-07-15,20:15,5
2026-07-15,21:03,35
2026-07-15,21:05,31
2026-07-15,21:14,9
2026-07-15,21:17,16
2026-07-15,21:18,7
2026-07-15,21:20,49
2026-07-15,21:22,12
2026-07-15,21:25,33
2026-07-15,22:02,12
2026-07-15,22:03,20
2026-07-15,23:45,29
2026-07-15,23:46,50
2026-07-15,23:48,19
2026-07-15,23:49,15
2026-07-15,23:50,31
2026-07-15,23:52,9
2026-07-15,23:58,39
2026-07-15,23:59,1
2026-07-16,00:00,10
2026-07-16,00:06,3
2026-07-16,00:07,5
2026-07-16,01:20,25
2026-07-16,01:21,32
2026-07-16,01:39,73
2026-07-16,01:40,20
2026-07-16,01:41,13
2026-07-16,01:42,25
2026-07-16,01:44,12
2026-07-16,01:51,5
2026-07-16,01:59,8
2026-07-16,02:01,6
2026-07-16,02:08,7
2026-07-16,02:13,15
2026-07-16,02:16,6
2026-07-16,02:17,17
2026-07-16,02:18,1
2026-07-16,02:23,22
2026-07-16,02:47,31
2026-07-16,02:48,9
2026-07-16,02:49,13
2026-07-16,02:54,9
2026-07-16,03:00,7
2026-07-16,03:01,1
2026-07-16,03:25,14
2026-07-16,03:34,7
2026-07-16,04:22,13
2026-07-16,04:27,10
2026-07-16,10:53,22
2026-07-16,10:54,1
2026-07-16,14:34,11
2026-07-16,14:35,14
2026-07-16,14:36,78
2026-07-16,14:37,106
2026-07-16,14:38,97
2026-07-16,14:40,26
2026-07-16,14:41,53
2026-07-16,14:42,15
2026-07-16,14:46,8
2026-07-16,14:54,16
2026-07-16,14:55,106
2026-07-16,14:56,93
2026-07-16,14:57,11
2026-07-16,15:00,7
2026-07-16,15:01,103
2026-07-16,15:02,91
2026-07-16,15:03,22
2026-07-16,15:52,8
2026-07-16,15:53,84
2026-07-16,15:54,79
2026-07-16,15:55,25
2026-07-16,15:56,28
2026-07-16,17:18,37
2026-07-16,17:51,9
2026-07-16,18:05,15
2026-07-16,18:39,21
2026-07-16,18:40,14
2026-07-16,18:51,28
2026-07-16,18:52,1
2026-07-16,19:59,6
2026-07-16,20:00,26
2026-07-16,20:01,38
2026-07-16,20:02,27
2026-07-16,20:30,35
2026-07-16,20:31,59
2026-07-16,20:48,54
2026-07-16,20:49,79
2026-07-16,20:50,14
2026-07-16,20:52,15
2026-07-16,20:53,6
2026-07-16,20:54,8
2026-07-16,20:56,7
2026-07-16,20:57,6
2026-07-16,20:59,13
2026-07-16,21:00,51
2026-07-16,21:01,7
2026-07-16,21:02,26
2026-07-16,21:03,4
2026-07-16,21:04,11
2026-07-16,21:06,9
2026-07-16,21:07,5
2026-07-16,21:08,26
2026-07-16,21:11,6
2026-07-16,21:12,6
2026-07-16,21:15,5
2026-07-16,21:16,8
2026-07-16,21:17,5
2026-07-16,21:23,20
2026-07-16,21:24,22
2026-07-16,21:26,9
2026-07-16,21:27,11
2026-07-16,21:30,10
2026-07-16,21:31,21
2026-07-16,21:34,56
2026-07-16,21:35,6
2026-07-16,21:40,14
2026-07-16,21:41,31
2026-07-16,21:42,4
2026-07-16,21:43,16
2026-07-16,21:46,6
2026-07-16,21:49,45
2026-07-16,21:52,10
2026-07-16,21:53,75
2026-07-16,21:54,5
2026-07-16,21:58,10
2026-07-16,22:01,14
2026-07-16,22:02,91
2026-07-16,22:03,34
2026-07-16,22:04,9
2026-07-16,22:07,10
2026-07-16,22:08,9
2026-07-16,22:09,7
2026-07-16,22:10,34
2026-07-16,22:15,63
2026-07-16,22:16,56
2026-07-16,22:17,54
2026-07-16,22:26,20
2026-07-16,22:27,42
2026-07-16,22:28,85
2026-07-16,22:29,4
2026-07-16,22:31,20
2026-07-16,22:32,86
2026-07-16,22:33,6
2026-07-16,22:34,7
2026-07-16,22:35,6
2026-07-16,22:36,1
2026-07-16,22:37,20
2026-07-16,23:28,5
2026-07-16,23:33,12
2026-07-16,23:52,40
2026-07-16,23:54,5
2026-07-17,00:08,16
2026-07-17,00:09,9
2026-07-17,00:10,20
2026-07-17,00:12,17
2026-07-17,02:03,46
2026-07-17,02:04,47
2026-07-17,02:05,10
2026-07-17,06:46,44
2026-07-17,06:47,32
2026-07-17,06:49,3
2026-07-17,07:13,5
2026-07-17,07:14,5
2026-07-17,07:15,6
2026-07-17,07:17,12
2026-07-17,07:18,30
2026-07-17,07:20,7
2026-07-17,07:23,6
2026-07-17,07:26,15
2026-07-17,07:27,31
2026-07-17,07:31,10
2026-07-17,07:48,76
2026-07-17,07:49,53
2026-07-17,07:50,35
2026-07-17,07:51,87
2026-07-17,07:52,96
2026-07-17,08:22,108
2026-07-17,08:23,29
2026-07-17,08:33,119
2026-07-17,08:49,28
2026-07-17,08:50,61
2026-07-17,08:52,31
2026-07-17,09:05,67
2026-07-17,09:06,106
2026-07-17,09:07,79
2026-07-17,09:08,33
2026-07-17,09:11,13
2026-07-17,09:19,10
2026-07-17,09:20,34
2026-07-17,09:26,10
2026-07-17,09:41,7
2026-07-17,09:55,51
2026-07-17,09:56,72
2026-07-17,09:59,7
2026-07-17,10:14,6
2026-07-17,10:22,6
2026-07-17,10:26,36
2026-07-17,10:27,9
2026-07-17,10:28,28
2026-07-17,10:32,16
2026-07-17,10:49,19
2026-07-17,10:51,10
2026-07-17,10:54,14
2026-07-17,10:56,22
2026-07-17,10:59,41
2026-07-17,11:00,1
2026-07-17,15:56,5
2026-07-17,15:57,47
2026-07-17,16:01,41
2026-07-17,16:02,1
2026-07-17,16:07,31
2026-07-17,17:03,22
2026-07-17,17:04,13
2026-07-17,17:06,19
2026-07-17,17:07,42
2026-07-17,17:09,55
2026-07-17,17:23,67
2026-07-17,17:29,21
2026-07-17,17:30,18
2026-07-17,17:31,21
2026-07-17,17:34,18
2026-07-17,17:35,7
2026-07-17,17:38,23
2026-07-17,17:39,21
2026-07-17,17:40,38
2026-07-17,17:41,69
2026-07-17,17:42,14
2026-07-17,17:43,7
2026-07-17,17:44,7
2026-07-17,17:45,7
2026-07-17,17:46,17
2026-07-17,17:47,8
2026-07-17,17:48,7
2026-07-17,17:49,25
2026-07-17,17:50,12
2026-07-17,17:51,24
2026-07-17,17:52,23
2026-07-17,17:53,14
2026-07-17,17:55,33
2026-07-17,17:56,3
2026-07-17,17:57,22
2026-07-17,18:00,12
2026-07-17,18:01,42
2026-07-17,18:02,1
2026-07-17,18:03,20
2026-07-17,18:04,12
2026-07-17,18:05,38
2026-07-17,18:06,25
2026-07-17,18:08,17
2026-07-17,18:09,6
2026-07-17,18:10,17
2026-07-17,18:11,6
2026-07-17,18:12,49
2026-07-17,18:13,25
2026-07-17,18:14,7
2026-07-17,18:15,81
2026-07-17,18:16,29
2026-07-17,18:21,25
2026-07-17,18:23,48
2026-07-17,18:24,15
2026-07-17,18:25,13
2026-07-17,18:27,7
2026-07-17,18:28,23
2026-07-17,18:29,9
2026-07-17,18:30,13
2026-07-17,18:32,50
2026-07-17,18:33,47
2026-07-17,18:37,7
2026-07-17,18:41,36
2026-07-17,18:42,8
2026-07-17,18:43,9
2026-07-17,18:46,7
2026-07-17,18:47,18
2026-07-17,18:48,15
2026-07-17,18:49,7
2026-07-17,19:04,20
2026-07-17,19:05,60
2026-07-17,19:06,61
2026-07-17,19:07,31
2026-07-17,19:18,8
2026-07-17,19:31,12
2026-07-17,19:32,7
2026-07-17,20:00,7
2026-07-17,20:01,60
2026-07-17,20:02,40
2026-07-17,20:53,13
2026-07-17,20:54,28
2026-07-17,20:55,77
2026-07-17,20:56,28
2026-07-17,20:57,16
2026-07-17,21:12,18
2026-07-17,21:13,108
2026-07-17,21:14,74
2026-07-17,21:15,44
2026-07-17,21:16,105
2026-07-17,21:17,75
2026-07-17,21:18,55
2026-07-17,21:51,26
2026-07-17,21:52,73
2026-07-17,21:53,94
2026-07-17,21:54,117
2026-07-17,21:55,47
2026-07-17,21:56,95
2026-07-17,21:57,104
2026-07-17,21:58,11
2026-07-17,21:59,6
2026-07-17,22:25,7
2026-07-17,22:42,9
2026-07-17,22:43,33
2026-07-17,22:44,39
2026-07-17,23:23,10
2026-07-17,23:28,11
2026-07-17,23:29,6
2026-07-17,23:45,6
2026-07-18,00:37,3
2026-07-18,01:03,10
2026-07-18,01:05,24
2026-07-18,02:25,12
2026-07-18,04:09,7
2026-07-18,04:10,7
2026-07-18,07:24,9
2026-07-18,07:47,6
2026-07-18,12:44,3
2026-07-18,12:45,18
2026-07-18,12:48,36
2026-07-18,12:49,14
2026-07-18,12:50,25
2026-07-18,12:51,31
2026-07-18,12:53,72
2026-07-18,12:56,20
2026-07-18,12:57,37
2026-07-18,13:02,4
2026-07-18,13:03,3
2026-07-18,13:04,5
2026-07-18,13:08,5
2026-07-18,13:09,6
2026-07-18,13:15,4
2026-07-18,13:16,8
2026-07-18,13:23,7
2026-07-18,13:29,7
2026-07-18,13:30,1
2026-07-18,13:31,18
2026-07-18,13:32,88
2026-07-18,13:33,10
2026-07-18,13:34,106
2026-07-18,13:35,30
2026-07-18,13:38,108
2026-07-18,13:39,12
2026-07-18,13:48,8
2026-07-18,13:50,36
2026-07-18,13:51,101
2026-07-18,13:52,1
2026-07-18,13:55,17
2026-07-18,13:56,31
2026-07-18,13:58,41
2026-07-18,13:59,21
2026-07-18,14:09,48
2026-07-18,14:10,75
2026-07-18,14:12,7
2026-07-18,14:18,6
2026-07-18,14:20,62
2026-07-18,14:21,42
2026-07-18,14:28,11
2026-07-18,14:29,91
2026-07-18,14:30,25
2026-07-18,14:41,10
2026-07-18,14:43,16
2026-07-18,14:46,24
2026-07-18,14:47,77
2026-07-18,14:48,57
2026-07-18,14:49,62
2026-07-18,15:06,19
2026-07-18,15:09,12
2026-07-18,15:30,91
2026-07-18,15:32,103
2026-07-18,15:34,78
2026-07-18,15:36,21
2026-07-18,15:37,6
2026-07-18,15:38,19
2026-07-18,15:39,26
2026-07-18,15:41,1
2026-07-18,15:54,3
2026-07-18,16:01,6
2026-07-18,16:07,8
2026-07-18,16:09,69
2026-07-18,16:10,71
2026-07-18,16:15,18
2026-07-18,16:54,51
2026-07-18,16:55,110
2026-07-18,16:56,28
2026-07-18,17:00,24
2026-07-18,17:01,31
2026-07-18,17:02,9
2026-07-18,17:11,18
2026-07-18,17:12,41
2026-07-18,17:13,19
2026-07-18,17:17,15
2026-07-18,17:18,7
2026-07-18,17:19,1
2026-07-18,17:22,15
2026-07-18,17:24,14
2026-07-18,17:25,24
2026-07-18,17:26,40
2026-07-18,17:31,8
2026-07-18,17:35,120
2026-07-18,17:36,33
2026-07-18,17:37,14
2026-07-18,17:38,55
2026-07-18,17:39,63
2026-07-18,17:40,108
2026-07-18,17:41,28
2026-07-18,17:42,21
2026-07-18,17:45,31
2026-07-18,17:46,106
2026-07-18,17:47,87
2026-07-18,17:48,90
2026-07-18,17:49,76
2026-07-18,17:50,125
2026-07-18,17:51,125
2026-07-18,17:52,60
2026-07-18,17:53,114
2026-07-18,17:54,99
2026-07-18,17:55,123
2026-07-18,17:56,82
2026-07-18,17:57,99
2026-07-18,17:58,108
2026-07-18,17:59,87
2026-07-18,18:00,95
2026-07-18,18:01,107
2026-07-18,18:02,27
2026-07-18,18:03,96
2026-07-18,18:04,47
2026-07-18,18:05,83
2026-07-18,18:06,88
2026-07-18,18:07,75
2026-07-18,18:08,89
2026-07-18,18:09,78
2026-07-18,18:10,125
2026-07-18,18:11,21
2026-07-18,18:13,44
2026-07-18,18:14,111
2026-07-18,18:15,101
2026-07-18,18:16,37
2026-07-18,18:17,54
2026-07-18,18:18,28
2026-07-18,18:19,73
2026-07-18,18:20,30
2026-07-18,18:21,48
2026-07-18,18:22,74
2026-07-18,18:23,116
2026-07-18,18:24,52
2026-07-18,18:25,111
2026-07-18,18:26,75
2026-07-18,18:27,77
2026-07-18,18:28,101
2026-07-18,18:29,102
2026-07-18,18:30,70
2026-07-18,18:31,107
2026-07-18,18:32,100
2026-07-18,18:33,86
2026-07-18,18:34,66
2026-07-18,18:35,117
2026-07-18,18:36,47
2026-07-18,18:37,7
2026-07-18,18:38,114
2026-07-18,18:39,101
2026-07-18,18:40,20
2026-07-18,18:41,34
2026-07-18,18:43,74
2026-07-18,18:44,96
2026-07-18,18:45,109
2026-07-18,18:46,31
2026-07-18,18:47,16
2026-07-18,18:49,44
2026-07-18,18:50,55
2026-07-18,18:51,19
2026-07-18,18:52,72
2026-07-18,18:53,19
2026-07-18,18:54,11
2026-07-18,18:55,25
2026-07-18,18:57,78
2026-07-18,18:58,65
2026-07-18,18:59,107
2026-07-18,19:00,72
2026-07-18,19:01,38
2026-07-18,19:02,7
2026-07-18,19:03,12
2026-07-18,19:06,80
2026-07-18,19:07,70
2026-07-18,19:08,110
2026-07-18,19:09,109
2026-07-18,19:10,57
2026-07-18,19:11,21
2026-07-18,19:12,6
2026-07-18,19:25,7
2026-07-18,19:33,35
2026-07-18,19:34,38
2026-07-18,19:35,9
2026-07-18,19:36,70
2026-07-18,19:38,3
2026-07-18,19:39,15
2026-07-18,19:43,9
2026-07-18,19:44,23
2026-07-18,19:45,46
2026-07-18,19:46,46
2026-07-18,19:47,29
2026-07-18,19:48,20
2026-07-18,19:57,5
2026-07-18,20:52,5
2026-07-18,20:57,17
2026-07-18,20:58,68
2026-07-18,20:59,12
2026-07-18,21:11,6
2026-07-18,21:36,8
2026-07-18,21:39,8
2026-07-18,21:41,16
2026-07-18,21:47,7
2026-07-18,21:48,38
2026-07-18,21:49,84
2026-07-18,21:50,18
2026-07-18,21:51,55
2026-07-18,21:52,76
2026-07-18,21:53,22
2026-07-18,21:55,5
2026-07-18,21:56,10
2026-07-18,21:57,29
2026-07-18,21:58,11
2026-07-18,22:00,3
2026-07-18,22:05,4
2026-07-18,22:06,6
2026-07-18,22:34,10
2026-07-18,22:36,7
2026-07-18,22:43,9
2026-07-18,22:52,7
2026-07-18,22:58,7
2026-07-18,23:05,11
2026-07-18,23:06,14
2026-07-18,23:11,7
2026-07-18,23:15,15
2026-07-18,23:16,5
2026-07-18,23:19,61
2026-07-18,23:21,16
2026-07-18,23:22,8
2026-07-18,23:25,8
2026-07-18,23:33,7
2026-07-18,23:34,1
2026-07-18,23:37,8
2026-07-18,23:39,3
2026-07-18,23:40,6
2026-07-18,23:41,1
2026-07-18,23:43,10
2026-07-18,23:50,7
2026-07-18,23:52,4
2026-07-18,23:53,1
2026-07-19,00:00,9
2026-07-19,00:10,10
2026-07-19,00:11,35
2026-07-19,00:12,21
2026-07-19,00:13,86
2026-07-19,00:14,19
2026-07-19,00:15,38
2026-07-19,00:16,40
2026-07-19,00:20,10
2026-07-19,00:25,5
2026-07-19,00:31,10
2026-07-19,00:32,5
2026-07-19,00:39,5
2026-07-19,00:59,58
2026-07-19,01:01,19
2026-07-19,01:12,6
2026-07-19,01:13,5
2026-07-19,01:15,17
2026-07-19,01:16,35
2026-07-19,01:17,7
2026-07-19,01:18,42
2026-07-19,01:20,13
2026-07-19,01:35,22
2026-07-19,01:53,5
2026-07-19,01:54,1
2026-07-19,01:55,13
2026-07-19,01:56,34
2026-07-19,01:57,3
2026-07-19,01:58,25
2026-07-19,01:59,12
2026-07-19,02:01,9
2026-07-19,02:05,7
2026-07-19,02:39,9
2026-07-19,03:29,111
2026-07-19,03:30,14
2026-07-19,03:58,18
2026-07-19,03:59,14
2026-07-19,04:34,16
2026-07-19,04:36,10
2026-07-19,04:37,11
2026-07-19,04:38,18
2026-07-19,04:39,12
2026-07-19,04:40,7
2026-07-19,04:41,3
2026-07-19,04:42,6
2026-07-19,13:51,6
2026-07-19,14:07,6
2026-07-19,14:08,6
2026-07-19,14:17,10
2026-07-19,14:29,9
2026-07-19,14:30,1
2026-07-19,14:44,38
2026-07-19,14:53,17
2026-07-19,15:11,22
2026-07-19,15:12,21
2026-07-19,15:27,40
2026-07-19,15:32,18
2026-07-19,15:33,11
2026-07-19,15:34,26
2026-07-19,15:35,6
2026-07-19,15:37,21
2026-07-19,15:38,37
2026-07-19,15:42,22
2026-07-19,15:43,43
2026-07-19,15:44,24
2026-07-19,15:45,25
2026-07-19,15:47,8
2026-07-19,15:51,34
2026-07-19,15:52,8
2026-07-19,15:56,8
2026-07-19,15:58,10
2026-07-19,15:59,54
2026-07-19,16:11,8
2026-07-19,16:12,13
2026-07-19,16:19,7
2026-07-19,16:20,98
2026-07-19,16:21,103
2026-07-19,16:22,23
2026-07-19,16:31,3
2026-07-19,16:34,48
2026-07-19,16:35,112
2026-07-19,16:36,58
2026-07-19,16:44,9
2026-07-19,16:47,23
2026-07-19,16:48,28
2026-07-19,16:49,17
2026-07-19,16:50,9
2026-07-19,16:51,75
2026-07-19,16:52,16
2026-07-19,17:06,7
2026-07-19,17:25,7
2026-07-19,17:43,6
2026-07-19,17:44,11
2026-07-19,17:46,15
2026-07-19,17:47,11
2026-07-19,18:16,34
2026-07-19,18:17,14
2026-07-19,18:29,9
2026-07-19,18:37,9
2026-07-19,18:43,15
2026-07-19,18:44,9
2026-07-19,18:45,31
2026-07-19,18:46,14
2026-07-19,18:51,22
2026-07-19,18:53,17
2026-07-19,19:35,23
2026-07-19,19:59,12
2026-07-19,20:00,1
2026-07-19,22:11,10
2026-07-19,22:13,7
2026-07-19,22:17,7
2026-07-19,22:19,7
2026-07-19,22:26,6
2026-07-19,22:29,29
2026-07-19,22:32,11
2026-07-19,22:33,106
2026-07-19,22:34,20
2026-07-19,22:36,7
2026-07-19,22:37,7
2026-07-19,22:38,11
2026-07-19,22:42,20
2026-07-19,22:43,20
2026-07-19,22:44,96
2026-07-19,22:55,25
2026-07-19,22:58,7
2026-07-19,23:01,8
2026-07-19,23:06,7
2026-07-19,23:07,1
2026-07-19,23:09,5
2026-07-19,23:15,6
2026-07-19,23:17,39
2026-07-19,23:18,98
2026-07-19,23:19,10
2026-07-19,23:20,67
2026-07-19,23:24,47
2026-07-19,23:27,3
2026-07-19,23:29,12
2026-07-19,23:33,6
2026-07-19,23:34,9
2026-07-19,23:35,114
2026-07-19,23:36,54
2026-07-19,23:37,69
2026-07-19,23:38,69
2026-07-19,23:40,3
2026-07-19,23:49,4
2026-07-19,23:51,11
2026-07-19,23:52,7
2026-07-19,23:54,6
2026-07-19,23:55,14
2026-07-19,23:56,9
2026-07-20,00:00,12
2026-07-20,00:01,8
2026-07-20,00:04,42
2026-07-20,00:05,81
2026-07-20,00:06,54
2026-07-20,00:07,102
2026-07-20,00:08,1
2026-07-20,00:09,11
2026-07-20,00:13,5
2026-07-20,00:19,6
2026-07-20,00:27,7
2026-07-20,00:44,5
2026-07-20,01:09,10
2026-07-20,01:30,4
2026-07-20,01:42,12
2026-07-20,01:48,11
2026-07-20,01:49,1
2026-07-20,01:50,3
2026-07-20,01:51,3
2026-07-20,01:55,16
2026-07-20,02:12,4
2026-07-20,02:25,3
2026-07-20,02:37,9
2026-07-20,02:39,7
2026-07-20,02:41,6
2026-07-20,02:44,9
2026-07-20,02:58,7
2026-07-20,03:07,7
2026-07-20,03:13,13
2026-07-20,03:15,8
2026-07-20,03:31,3
2026-07-20,03:33,6
2026-07-20,03:35,6
2026-07-20,03:38,12
2026-07-20,03:40,19
2026-07-20,03:41,7
2026-07-20,03:42,46
2026-07-20,03:43,16
2026-07-20,03:45,28
2026-07-20,03:46,10
2026-07-20,03:48,5
2026-07-20,03:49,8
2026-07-20,03:53,6
2026-07-20,03:54,4
2026-07-20,03:56,10
2026-07-20,03:57,17
2026-07-20,03:58,6
2026-07-20,03:59,68
2026-07-20,04:01,6
2026-07-20,04:05,6
2026-07-20,04:06,4
2026-07-20,04:08,8
2026-07-20,04:11,8
2026-07-20,04:12,8
2026-07-20,04:13,3
2026-07-20,04:14,37
2026-07-20,04:15,34
2026-07-20,04:16,12
2026-07-20,04:17,9
2026-07-20,04:19,75
2026-07-20,04:20,51
2026-07-20,04:21,27
2026-07-20,04:22,14
2026-07-20,04:23,17
2026-07-20,04:24,35
2026-07-20,04:25,57
2026-07-20,04:26,11
2026-07-20,04:27,30
2026-07-20,04:28,25
2026-07-20,04:29,25
2026-07-20,04:30,28
2026-07-20,04:32,19
2026-07-20,04:33,49
2026-07-20,04:34,16
2026-07-20,04:36,8
2026-07-20,04:37,6
2026-07-20,04:38,35
2026-07-20,04:39,31
2026-07-20,04:40,41
2026-07-20,04:41,32
2026-07-20,04:44,9
2026-07-20,04:45,24
2026-07-20,04:46,30
2026-07-20,04:47,19
2026-07-20,04:48,24
2026-07-20,04:49,20
2026-07-20,04:50,5
2026-07-20,05:01,11
2026-07-20,05:02,24
2026-07-20,05:08,3
2026-07-20,05:12,8
2026-07-20,05:13,38
2026-07-20,05:15,52
2026-07-20,07:16,11
2026-07-20,07:20,29
2026-07-20,07:22,11
2026-07-20,07:23,9
2026-07-20,07:26,17
2026-07-20,07:27,5
2026-07-20,07:28,35
2026-07-20,07:29,36
2026-07-20,07:30,3
2026-07-20,07:34,45
2026-07-20,07:36,16
2026-07-20,07:37,74
2026-07-20,07:38,20
2026-07-20,07:40,10
2026-07-20,07:41,12
2026-07-20,07:42,7
2026-07-20,07:43,18
2026-07-20,07:44,30
2026-07-20,07:45,1
2026-07-20,07:46,3
2026-07-20,07:52,24
2026-07-20,07:53,114
2026-07-20,07:54,85
2026-07-20,07:55,76
2026-07-20,07:56,22
2026-07-20,09:20,8
2026-07-20,09:21,9
2026-07-20,09:23,45
2026-07-20,09:25,78
2026-07-20,09:26,91
2026-07-20,09:27,93
2026-07-20,09:28,7
2026-07-20,09:29,25
2026-07-20,09:37,13
2026-07-20,09:38,8
2026-07-20,09:39,50
2026-07-20,09:42,6
2026-07-20,09:43,1
2026-07-20,09:44,7
2026-07-20,09:53,9
2026-07-20,09:58,9
2026-07-20,10:00,7
2026-07-20,10:01,52
2026-07-20,10:02,57
2026-07-20,10:03,77
2026-07-20,10:04,19
2026-07-20,10:05,35
2026-07-20,10:08,52
2026-07-20,10:09,49
2026-07-20,10:21,7
2026-07-20,11:09,7
2026-07-20,11:16,9
2026-07-20,11:26,63
2026-07-20,11:27,17
2026-07-20,11:28,51
2026-07-20,11:29,43
2026-07-20,11:35,6
2026-07-20,11:40,18
2026-07-20,11:56,17
2026-07-20,11:57,99
2026-07-20,11:58,34
2026-07-20,11:59,79
2026-07-20,12:00,48
2026-07-20,12:05,7
2026-07-20,12:06,35
2026-07-20,12:15,6
2026-07-20,12:18,27
2026-07-20,12:24,29
2026-07-20,12:25,8
2026-07-20,12:26,10
2026-07-20,12:27,52
2026-07-20,12:28,22
2026-07-20,12:29,60
2026-07-20,12:30,61
2026-07-20,12:31,58
2026-07-20,12:32,28
2026-07-20,12:33,45
2026-07-20,12:42,3
2026-07-20,13:09,5
2026-07-20,13:10,6
2026-07-20,13:12,23
2026-07-20,13:13,31
2026-07-20,13:14,7
2026-07-20,13:15,21
2026-07-20,13:19,18
2026-07-20,13:20,15
2026-07-20,13:21,85
2026-07-20,13:23,21
2026-07-20,13:25,36
2026-07-20,13:26,8
2026-07-20,13:27,30
2026-07-20,13:28,18
2026-07-20,13:29,47
2026-07-20,13:30,1
2026-07-20,13:31,3
2026-07-20,13:33,43
2026-07-20,13:34,9
2026-07-20,13:39,8
2026-07-20,13:40,8
2026-07-20,13:41,7
2026-07-20,13:45,21
2026-07-20,13:46,17
2026-07-20,13:47,33
2026-07-20,13:49,9
2026-07-20,15:20,11
2026-07-20,18:04,22
2026-07-20,18:06,19
2026-07-20,18:08,44
2026-07-20,18:14,5
2026-07-20,18:16,18
2026-07-20,18:22,3
2026-07-20,19:42,17
2026-07-20,19:43,1
2026-07-20,20:12,6
2026-07-20,20:13,8
2026-07-20,20:14,23
2026-07-20,20:16,8
2026-07-20,20:18,13
2026-07-20,20:19,22
2026-07-20,20:20,1
2026-07-20,20:24,7
2026-07-20,20:25,6
2026-07-20,20:29,22
2026-07-20,20:31,11
2026-07-20,20:34,23
2026-07-20,20:35,12
2026-07-20,20:58,44
2026-07-20,21:02,49
2026-07-20,21:06,5
2026-07-20,21:10,5
2026-07-20,21:15,6
2026-07-20,21:29,37
2026-07-20,21:30,9
2026-07-20,21:33,7
2026-07-20,21:34,16
2026-07-20,22:37,10
2026-07-20,22:39,8
2026-07-20,22:41,18
2026-07-20,22:45,35
2026-07-20,22:46,15
2026-07-20,22:49,22
2026-07-20,22:54,4
2026-07-20,22:55,3
2026-07-20,22:56,6
