date,time,stage,hr,respiratory_rate
2026-05-13,02:29,LIGHT,44,
2026-05-13,02:30,LIGHT,46,
2026-05-13,02:31,LIGHT,46,
2026-05-13,02:32,LIGHT,46,
2026-05-13,02:33,LIGHT,46,
2026-05-13,02:34,LIGHT,46,
2026-05-13,02:35,LIGHT,47,
2026-05-13,02:36,LIGHT,46,
2026-05-13,02:37,LIGHT,48,
2026-05-13,02:38,LIGHT,48,
2026-05-13,02:39,DEEP,45,
2026-05-13,02:40,DEEP,46,
2026-05-13,02:41,DEEP,47,
2026-05-13,02:42,DEEP,47,
2026-05-13,02:43,DEEP,49,
2026-05-13,02:44,DEEP,47,
2026-05-13,02:45,DEEP,47,
2026-05-13,02:46,DEEP,47,
2026-05-13,02:47,DEEP,47,
2026-05-13,02:48,DEEP,48,
2026-05-13,02:49,DEEP,48,
2026-05-13,02:50,DEEP,47,
2026-05-13,02:51,DEEP,52,
2026-05-13,02:52,DEEP,57,
2026-05-13,02:53,DEEP,54,
2026-05-13,02:54,DEEP,59,
2026-05-13,02:55,DEEP,59,
2026-05-13,02:56,DEEP,51,
2026-05-13,02:57,DEEP,56,
2026-05-13,02:58,DEEP,53,
2026-05-13,02:59,DEEP,48,
2026-05-13,03:00,DEEP,45,
2026-05-13,03:01,DEEP,45,
2026-05-13,03:02,DEEP,45,
2026-05-13,03:03,LIGHT,44,
2026-05-13,03:04,LIGHT,44,
2026-05-13,03:05,LIGHT,44,
2026-05-13,03:06,LIGHT,45,
2026-05-13,03:07,LIGHT,47,
2026-05-13,03:08,LIGHT,48,
2026-05-13,03:09,LIGHT,48,
2026-05-13,03:10,LIGHT,53,
2026-05-13,03:11,LIGHT,54,
2026-05-13,03:12,LIGHT,47,
2026-05-13,03:13,LIGHT,45,
2026-05-13,03:14,LIGHT,45,
2026-05-13,03:15,LIGHT,47,
2026-05-13,03:16,LIGHT,45,
2026-05-13,03:17,LIGHT,45,
2026-05-13,03:18,LIGHT,45,
2026-05-13,03:19,LIGHT,44,
2026-05-13,03:20,LIGHT,43,
2026-05-13,03:21,LIGHT,45,
2026-05-13,03:22,LIGHT,43,
2026-05-13,03:23,LIGHT,42,
2026-05-13,03:24,LIGHT,42,
2026-05-13,03:25,LIGHT,41,
2026-05-13,03:26,LIGHT,41,
2026-05-13,03:27,LIGHT,41,
2026-05-13,03:28,LIGHT,40,
2026-05-13,03:29,LIGHT,41,
2026-05-13,03:30,LIGHT,41,
2026-05-13,03:31,LIGHT,41,
2026-05-13,03:32,LIGHT,41,
2026-05-13,03:33,LIGHT,41,
2026-05-13,03:34,LIGHT,42,
2026-05-13,03:35,LIGHT,41,
2026-05-13,03:36,LIGHT,41,
2026-05-13,03:37,LIGHT,41,
2026-05-13,03:38,LIGHT,40,
2026-05-13,03:39,LIGHT,40,
2026-05-13,03:40,LIGHT,40,
2026-05-13,03:41,LIGHT,41,
2026-05-13,03:42,LIGHT,41,
2026-05-13,03:43,LIGHT,41,
2026-05-13,03:44,LIGHT,41,
2026-05-13,03:45,LIGHT,41,
2026-05-13,03:46,LIGHT,41,
2026-05-13,03:47,LIGHT,41,
2026-05-13,03:48,LIGHT,41,
2026-05-13,03:49,LIGHT,41,
2026-05-13,03:50,LIGHT,41,
2026-05-13,03:51,LIGHT,41,
2026-05-13,03:52,WAKE,40,
2026-05-13,03:53,LIGHT,40,
2026-05-13,03:54,LIGHT,40,
2026-05-13,03:55,LIGHT,40,
2026-05-13,03:56,WAKE,40,
2026-05-13,03:57,LIGHT,40,
2026-05-13,03:58,LIGHT,40,
2026-05-13,03:59,LIGHT,40,
2026-05-13,04:00,REM,40,
2026-05-13,04:01,REM,40,
2026-05-13,04:02,REM,40,
2026-05-13,04:03,REM,45,
2026-05-13,04:04,REM,42,
2026-05-13,04:05,REM,42,
2026-05-13,04:06,REM,42,
2026-05-13,04:07,REM,42,
2026-05-13,04:08,REM,41,
2026-05-13,04:09,REM,42,
2026-05-13,04:10,REM,42,
2026-05-13,04:11,REM,43,
2026-05-13,04:12,REM,46,
2026-05-13,04:13,REM,43,
2026-05-13,04:14,REM,43,
2026-05-13,04:15,REM,43,
2026-05-13,04:16,REM,43,
2026-05-13,04:17,REM,43,
2026-05-13,04:18,REM,43,
2026-05-13,04:19,REM,44,
2026-05-13,04:20,REM,43,
2026-05-13,04:21,LIGHT,42,
2026-05-13,04:22,LIGHT,43,
2026-05-13,04:23,LIGHT,44,
2026-05-13,04:24,LIGHT,44,
2026-05-13,04:25,LIGHT,44,
2026-05-13,04:26,LIGHT,44,
2026-05-13,04:27,LIGHT,46,
2026-05-13,04:28,LIGHT,44,
2026-05-13,04:29,LIGHT,44,
2026-05-13,04:30,LIGHT,44,
2026-05-13,04:31,LIGHT,44,
2026-05-13,04:32,LIGHT,45,
2026-05-13,04:33,LIGHT,51,
2026-05-13,04:34,LIGHT,45,
2026-05-13,04:35,LIGHT,43,
2026-05-13,04:36,LIGHT,43,
2026-05-13,04:37,LIGHT,44,
2026-05-13,04:38,LIGHT,46,
2026-05-13,04:39,LIGHT,47,
2026-05-13,04:40,LIGHT,46,
2026-05-13,04:41,LIGHT,50,
2026-05-13,04:42,LIGHT,48,
2026-05-13,04:43,LIGHT,46,
2026-05-13,04:44,LIGHT,46,
2026-05-13,04:45,LIGHT,48,
2026-05-13,04:46,LIGHT,48,
2026-05-13,04:47,LIGHT,53,
2026-05-13,04:48,LIGHT,47,
2026-05-13,04:49,LIGHT,46,
2026-05-13,04:50,LIGHT,46,
2026-05-13,04:51,LIGHT,47,
2026-05-13,04:52,LIGHT,47,
2026-05-13,04:53,LIGHT,47,
2026-05-13,04:54,LIGHT,47,
2026-05-13,04:55,LIGHT,47,
2026-05-13,04:56,LIGHT,47,
2026-05-13,04:57,LIGHT,45,
2026-05-13,04:58,LIGHT,45,
2026-05-13,04:59,LIGHT,44,
2026-05-13,05:00,LIGHT,44,
2026-05-13,05:01,LIGHT,44,
2026-05-13,05:02,LIGHT,45,
2026-05-13,05:03,LIGHT,45,
2026-05-13,05:04,WAKE,45,
2026-05-13,05:05,LIGHT,45,
2026-05-13,05:06,LIGHT,45,
2026-05-13,05:07,LIGHT,45,
2026-05-13,05:08,LIGHT,45,
2026-05-13,05:09,LIGHT,45,
2026-05-13,05:10,LIGHT,50,
2026-05-13,05:11,LIGHT,46,
2026-05-13,05:12,LIGHT,44,
2026-05-13,05:13,LIGHT,44,
2026-05-13,05:14,LIGHT,42,
2026-05-13,05:15,LIGHT,42,
2026-05-13,05:16,LIGHT,41,
2026-05-13,05:17,LIGHT,41,
2026-05-13,05:18,LIGHT,41,
2026-05-13,05:19,LIGHT,43,
2026-05-13,05:20,LIGHT,43,
2026-05-13,05:21,DEEP,43,
2026-05-13,05:22,DEEP,44,
2026-05-13,05:23,DEEP,44,
2026-05-13,05:24,DEEP,44,
2026-05-13,05:25,DEEP,44,
2026-05-13,05:26,DEEP,44,
2026-05-13,05:27,DEEP,44,
2026-05-13,05:28,DEEP,46,
2026-05-13,05:29,DEEP,45,
2026-05-13,05:30,DEEP,47,
2026-05-13,05:31,DEEP,46,
2026-05-13,05:32,DEEP,47,
2026-05-13,05:33,DEEP,46,
2026-05-13,05:34,LIGHT,46,
2026-05-13,05:35,LIGHT,44,
2026-05-13,05:36,LIGHT,44,
2026-05-13,05:37,LIGHT,44,
2026-05-13,05:38,LIGHT,43,
2026-05-13,05:39,LIGHT,43,
2026-05-13,05:40,REM,43,
2026-05-13,05:41,REM,43,
2026-05-13,05:42,REM,43,
2026-05-13,05:43,REM,44,
2026-05-13,05:44,REM,44,
2026-05-13,05:45,REM,44,
2026-05-13,05:46,REM,44,
2026-05-13,05:47,REM,44,
2026-05-13,05:48,REM,47,
2026-05-13,05:49,REM,49,
2026-05-13,05:50,REM,54,
2026-05-13,05:51,REM,48,
2026-05-13,05:52,REM,44,
2026-05-13,05:53,REM,44,
2026-05-13,05:54,REM,46,
2026-05-13,05:55,REM,43,
2026-05-13,05:56,REM,48,
2026-05-13,05:57,REM,47,
2026-05-13,05:58,REM,45,
2026-05-13,05:59,REM,45,
2026-05-13,06:00,REM,45,
2026-05-13,06:01,REM,44,
2026-05-13,06:02,REM,44,
2026-05-13,06:03,REM,44,
2026-05-13,06:04,REM,44,
2026-05-13,06:05,REM,44,
2026-05-13,06:06,REM,44,
2026-05-13,06:07,REM,44,
2026-05-13,06:08,REM,44,
2026-05-13,06:09,REM,48,
2026-05-13,06:10,REM,47,
2026-05-13,06:11,REM,46,
2026-05-13,06:12,REM,46,
2026-05-13,06:13,REM,46,
2026-05-13,06:14,LIGHT,45,
2026-05-13,06:15,LIGHT,45,
2026-05-13,06:16,LIGHT,50,
2026-05-13,06:17,LIGHT,46,
2026-05-13,06:18,LIGHT,45,
2026-05-13,06:19,LIGHT,44,
2026-05-13,06:20,LIGHT,44,
2026-05-13,06:21,LIGHT,44,
2026-05-13,06:22,LIGHT,49,
2026-05-13,06:23,LIGHT,46,
2026-05-13,06:24,LIGHT,46,
2026-05-13,06:25,LIGHT,48,
2026-05-13,06:26,LIGHT,46,
2026-05-13,06:27,LIGHT,45,
2026-05-13,06:28,LIGHT,45,
2026-05-13,06:29,LIGHT,47,
2026-05-13,06:30,LIGHT,45,
2026-05-13,06:31,LIGHT,50,
2026-05-13,06:32,LIGHT,51,
2026-05-13,06:33,LIGHT,55,
2026-05-13,06:34,LIGHT,56,
2026-05-13,06:35,LIGHT,47,
2026-05-13,06:36,LIGHT,44,
2026-05-13,06:37,LIGHT,45,
2026-05-13,06:38,LIGHT,42,
2026-05-13,06:39,LIGHT,45,
2026-05-13,06:40,LIGHT,47,
2026-05-13,06:41,LIGHT,42,
2026-05-13,06:42,LIGHT,43,
2026-05-13,06:43,LIGHT,43,
2026-05-13,06:44,LIGHT,43,
2026-05-13,06:45,LIGHT,44,
2026-05-13,06:46,DEEP,47,
2026-05-13,06:47,DEEP,49,
2026-05-13,06:48,DEEP,44,
2026-05-13,06:49,DEEP,44,
2026-05-13,06:50,DEEP,43,
2026-05-13,06:51,DEEP,44,
2026-05-13,06:52,DEEP,44,
2026-05-13,06:53,DEEP,43,
2026-05-13,06:54,DEEP,44,
2026-05-13,06:55,DEEP,46,
2026-05-13,06:56,DEEP,46,
2026-05-13,06:57,DEEP,45,
2026-05-13,06:58,DEEP,44,
2026-05-13,06:59,DEEP,43,
2026-05-13,07:00,DEEP,43,
2026-05-13,07:01,DEEP,43,
2026-05-13,07:02,DEEP,43,
2026-05-13,07:03,DEEP,45,
2026-05-13,07:04,DEEP,44,
2026-05-13,07:05,DEEP,44,
2026-05-13,07:06,DEEP,44,
2026-05-13,07:07,DEEP,44,
2026-05-13,07:08,DEEP,44,
2026-05-13,07:09,DEEP,44,
2026-05-13,07:10,DEEP,44,
2026-05-13,07:11,DEEP,44,
2026-05-13,07:12,DEEP,44,
2026-05-13,07:13,DEEP,44,
2026-05-13,07:14,DEEP,44,
2026-05-13,07:15,DEEP,44,
2026-05-13,07:16,DEEP,44,
2026-05-13,07:17,DEEP,44,
2026-05-13,07:18,DEEP,44,
2026-05-13,07:19,DEEP,46,
2026-05-13,07:20,DEEP,48,
2026-05-13,07:21,DEEP,44,
2026-05-13,07:22,LIGHT,43,
2026-05-13,07:23,LIGHT,43,
2026-05-13,07:24,LIGHT,43,
2026-05-13,07:25,LIGHT,43,
2026-05-13,07:26,LIGHT,43,
2026-05-13,07:27,LIGHT,43,
2026-05-13,07:28,LIGHT,43,
2026-05-13,07:29,LIGHT,43,
2026-05-13,07:30,LIGHT,43,
2026-05-13,07:31,LIGHT,43,
2026-05-13,07:32,LIGHT,43,
2026-05-13,07:33,LIGHT,43,
2026-05-13,07:34,LIGHT,43,
2026-05-13,07:35,LIGHT,43,
2026-05-13,07:36,LIGHT,44,
2026-05-13,07:37,LIGHT,44,
2026-05-13,07:38,LIGHT,44,
2026-05-13,07:39,LIGHT,44,
2026-05-13,07:40,LIGHT,43,
2026-05-13,07:41,LIGHT,43,
2026-05-13,07:42,REM,43,
2026-05-13,07:43,REM,43,
2026-05-13,07:44,REM,43,
2026-05-13,07:45,REM,43,
2026-05-13,07:46,REM,44,
2026-05-13,07:47,REM,44,
2026-05-13,07:48,REM,44,
2026-05-13,07:49,REM,44,
2026-05-13,07:50,REM,44,
2026-05-13,07:51,REM,44,
2026-05-13,07:52,REM,44,
2026-05-13,07:53,REM,44,
2026-05-13,07:54,REM,49,
2026-05-13,07:55,REM,46,
2026-05-13,07:56,REM,44,
2026-05-13,07:57,REM,43,
2026-05-13,07:58,REM,48,
2026-05-13,07:59,REM,44,
2026-05-13,08:00,LIGHT,43,
2026-05-13,08:01,LIGHT,43,
2026-05-13,08:02,LIGHT,43,
2026-05-13,08:03,LIGHT,43,
2026-05-13,08:04,LIGHT,43,
2026-05-13,08:05,LIGHT,44,
2026-05-13,08:06,LIGHT,47,
2026-05-13,08:07,LIGHT,44,
2026-05-13,08:08,LIGHT,44,
2026-05-13,08:09,LIGHT,44,
2026-05-13,08:10,LIGHT,44,
2026-05-13,08:11,LIGHT,43,
2026-05-13,08:12,LIGHT,43,
2026-05-13,08:13,LIGHT,44,
2026-05-13,08:14,REM,46,
2026-05-13,08:15,REM,46,
2026-05-13,08:16,REM,46,
2026-05-13,08:17,REM,46,
2026-05-13,08:18,REM,51,
2026-05-13,08:19,REM,51,
2026-05-13,08:20,REM,46,
2026-05-13,08:21,REM,46,
2026-05-13,08:22,REM,46,
2026-05-13,08:23,REM,46,
2026-05-13,08:24,REM,46,
2026-05-13,08:25,REM,44,
2026-05-13,08:26,REM,42,
2026-05-13,08:27,REM,49,
2026-05-13,08:28,REM,45,
2026-05-13,08:29,REM,42,
2026-05-13,08:30,REM,42,
2026-05-13,08:31,REM,42,
2026-05-13,08:32,REM,45,
2026-05-13,08:33,REM,47,
2026-05-13,08:34,REM,45,
2026-05-13,08:35,REM,45,
2026-05-13,08:36,REM,45,
2026-05-13,08:37,REM,45,
2026-05-13,08:38,LIGHT,45,
2026-05-13,08:39,LIGHT,45,
2026-05-13,08:40,LIGHT,44,
2026-05-13,08:41,LIGHT,43,
2026-05-13,08:42,LIGHT,43,
2026-05-13,08:43,LIGHT,43,
2026-05-13,08:44,LIGHT,43,
2026-05-13,08:45,LIGHT,44,
2026-05-13,08:46,LIGHT,44,
2026-05-13,08:47,LIGHT,43,
2026-05-13,08:48,LIGHT,43,
2026-05-13,08:49,LIGHT,43,
2026-05-13,08:50,LIGHT,43,
2026-05-13,08:51,LIGHT,43,
2026-05-13,08:52,LIGHT,43,
2026-05-13,08:53,LIGHT,43,
2026-05-13,08:54,LIGHT,43,
2026-05-13,08:55,LIGHT,43,
2026-05-13,08:56,LIGHT,43,
2026-05-13,08:57,LIGHT,43,
2026-05-13,08:58,LIGHT,43,
2026-05-13,08:59,LIGHT,43,
2026-05-13,09:00,LIGHT,43,
2026-05-13,09:01,LIGHT,42,
2026-05-13,09:02,LIGHT,42,
2026-05-13,09:03,LIGHT,42,
2026-05-13,09:04,DEEP,44,
2026-05-13,09:05,DEEP,44,
2026-05-13,09:06,DEEP,44,
2026-05-13,09:07,DEEP,43,
2026-05-13,09:08,DEEP,43,
2026-05-13,09:09,DEEP,43,
2026-05-13,09:10,DEEP,43,
2026-05-13,09:11,DEEP,43,
2026-05-13,09:12,DEEP,43,
2026-05-13,09:13,DEEP,43,
2026-05-13,09:14,DEEP,45,
2026-05-13,09:15,DEEP,45,
2026-05-13,09:16,DEEP,44,
2026-05-13,09:17,DEEP,49,
2026-05-13,09:18,DEEP,44,
2026-05-13,09:19,DEEP,44,
2026-05-13,09:20,DEEP,45,
2026-05-13,09:21,DEEP,51,
2026-05-13,09:22,DEEP,45,
2026-05-13,09:23,DEEP,45,
2026-05-13,09:24,DEEP,45,
2026-05-13,09:25,DEEP,44,
2026-05-13,09:26,DEEP,44,
2026-05-13,09:27,DEEP,44,
2026-05-13,09:28,DEEP,44,
2026-05-13,09:29,DEEP,44,
2026-05-13,09:30,LIGHT,49,
2026-05-13,09:31,LIGHT,54,
2026-05-13,09:32,LIGHT,46,
2026-05-13,09:33,LIGHT,45,
2026-05-13,09:34,LIGHT,42,
2026-05-13,09:35,LIGHT,44,
2026-05-13,09:36,LIGHT,51,
2026-05-13,09:37,LIGHT,43,
2026-05-13,09:38,REM,43,
2026-05-13,09:39,REM,44,
2026-05-13,09:40,REM,44,
2026-05-13,09:41,REM,45,
2026-05-13,09:42,REM,45,
2026-05-13,09:43,REM,47,
2026-05-13,09:44,REM,43,
2026-05-13,09:45,REM,43,
2026-05-13,09:46,REM,45,
2026-05-13,09:47,REM,46,
2026-05-13,09:48,REM,49,
2026-05-13,09:49,REM,44,
2026-05-13,09:50,REM,44,
2026-05-13,09:51,REM,43,
2026-05-13,09:52,REM,43,
2026-05-13,09:53,REM,43,
2026-05-13,09:54,REM,44,
2026-05-13,09:55,REM,44,
2026-05-13,09:56,REM,43,
2026-05-13,09:57,REM,42,
2026-05-13,09:58,REM,42,
2026-05-13,09:59,LIGHT,42,
2026-05-13,10:00,LIGHT,43,
2026-05-13,10:01,LIGHT,43,
2026-05-13,10:02,LIGHT,43,
2026-05-13,10:03,LIGHT,43,
2026-05-13,10:04,LIGHT,43,
2026-05-13,10:05,LIGHT,43,
2026-05-13,10:06,LIGHT,44,
2026-05-13,10:07,LIGHT,44,
2026-05-13,10:08,LIGHT,44,
2026-05-13,10:09,LIGHT,45,
2026-05-13,10:10,LIGHT,44,
2026-05-13,10:11,LIGHT,44,
2026-05-13,10:12,LIGHT,44,
2026-05-13,10:13,LIGHT,44,
2026-05-13,10:14,LIGHT,45,
2026-05-13,10:15,LIGHT,45,
2026-05-13,10:16,LIGHT,45,
2026-05-13,10:17,LIGHT,45,
2026-05-13,10:18,LIGHT,45,
2026-05-13,10:19,LIGHT,44,
2026-05-13,10:20,LIGHT,44,
2026-05-13,10:21,LIGHT,44,
2026-05-13,10:22,LIGHT,44,
2026-05-13,10:23,LIGHT,49,
2026-05-13,10:24,LIGHT,46,
2026-05-13,10:25,LIGHT,43,
2026-05-13,10:26,LIGHT,43,
2026-05-13,10:27,LIGHT,43,
2026-05-13,10:28,LIGHT,42,
2026-05-13,10:29,LIGHT,41,
2026-05-13,10:30,LIGHT,46,
2026-05-13,10:31,LIGHT,45,
2026-05-13,10:32,LIGHT,47,
2026-05-13,10:33,LIGHT,46,
2026-05-13,10:34,LIGHT,48,
2026-05-13,10:35,LIGHT,55,
2026-05-13,10:36,LIGHT,62,
2026-05-13,10:37,LIGHT,62,
2026-05-13,10:38,LIGHT,69,
2026-05-13,10:39,LIGHT,66,
2026-05-13,10:40,LIGHT,57,
2026-05-13,10:41,LIGHT,54,
2026-05-13,10:42,LIGHT,59,
2026-05-13,10:43,LIGHT,63,
2026-05-13,10:44,LIGHT,63,
2026-05-13,10:45,LIGHT,57,
2026-05-13,10:46,LIGHT,56,
2026-05-13,10:47,LIGHT,61,
2026-05-13,10:48,LIGHT,53,
2026-05-13,10:49,LIGHT,50,
2026-05-13,10:50,LIGHT,60,
2026-05-13,10:51,LIGHT,52,
2026-05-13,10:52,LIGHT,47,
2026-05-13,10:53,LIGHT,47,
2026-05-13,10:54,LIGHT,48,
2026-05-13,10:55,LIGHT,45,
2026-05-13,10:56,LIGHT,46,
2026-05-13,10:57,LIGHT,48,
2026-05-13,10:58,LIGHT,48,
2026-05-13,10:59,LIGHT,48,
2026-05-13,11:00,LIGHT,48,
2026-05-13,11:01,LIGHT,48,
2026-05-13,11:02,LIGHT,48,
2026-05-13,11:03,LIGHT,47,
2026-05-13,11:04,LIGHT,47,
2026-05-13,11:05,LIGHT,49,
2026-05-13,11:06,LIGHT,48,
2026-05-13,11:07,LIGHT,45,
2026-05-13,11:08,LIGHT,53,
2026-05-13,11:09,LIGHT,60,
2026-05-13,11:10,LIGHT,56,
2026-05-13,11:11,LIGHT,57,
2026-05-13,11:12,LIGHT,60,
2026-05-13,11:13,LIGHT,57,
2026-05-13,11:14,LIGHT,53,
2026-05-13,11:15,LIGHT,53,
2026-05-13,11:16,LIGHT,54,
2026-05-13,11:17,LIGHT,59,
2026-05-13,11:18,REM,59,
2026-05-13,11:19,REM,64,
2026-05-13,11:20,REM,52,
2026-05-13,11:21,REM,54,
2026-05-13,11:22,REM,57,
2026-05-13,11:23,REM,73,
2026-05-13,11:24,REM,73,
2026-05-13,11:25,REM,69,
2026-05-13,11:26,REM,69,
2026-05-13,11:27,REM,61,
2026-05-13,11:28,REM,56,
2026-05-13,11:29,REM,50,
2026-05-13,11:30,LIGHT,49,
2026-05-13,11:31,LIGHT,49,
2026-05-13,11:32,LIGHT,51,
2026-05-13,11:33,LIGHT,55,
2026-05-13,11:34,LIGHT,54,
2026-05-13,13:28,LIGHT,76,
2026-05-13,13:29,LIGHT,76,
2026-05-13,13:30,LIGHT,77,
2026-05-13,13:31,LIGHT,83,
2026-05-13,13:32,LIGHT,88,
2026-05-13,13:33,LIGHT,85,
2026-05-13,13:34,LIGHT,88,
2026-05-13,13:35,LIGHT,83,
2026-05-13,13:36,LIGHT,84,
2026-05-13,13:37,LIGHT,86,
2026-05-13,13:38,LIGHT,83,
2026-05-13,13:39,LIGHT,88,
2026-05-13,13:40,LIGHT,83,
2026-05-13,13:41,LIGHT,85,
2026-05-13,13:42,LIGHT,86,
2026-05-13,13:43,LIGHT,91,
2026-05-13,13:44,LIGHT,85,
2026-05-13,13:45,LIGHT,87,
2026-05-13,13:46,LIGHT,86,
2026-05-13,13:47,LIGHT,89,
2026-05-13,13:48,LIGHT,91,
2026-05-13,13:49,LIGHT,80,
2026-05-13,13:50,LIGHT,77,
2026-05-13,13:51,LIGHT,77,
2026-05-13,13:52,LIGHT,75,
2026-05-13,13:53,LIGHT,75,
2026-05-13,13:54,LIGHT,80,
2026-05-13,13:55,LIGHT,94,
2026-05-14,03:25,LIGHT,45,
2026-05-14,03:26,LIGHT,45,
2026-05-14,03:27,LIGHT,45,
2026-05-14,03:28,LIGHT,45,
2026-05-14,03:29,LIGHT,45,
2026-05-14,03:30,LIGHT,45,
2026-05-14,03:31,LIGHT,45,
2026-05-14,03:32,LIGHT,47,
2026-05-14,03:33,LIGHT,52,
2026-05-14,03:34,LIGHT,46,
2026-05-14,03:35,LIGHT,46,
2026-05-14,03:36,LIGHT,46,
2026-05-14,03:37,LIGHT,44,
2026-05-14,03:38,LIGHT,45,
2026-05-14,03:39,DEEP,45,
2026-05-14,03:40,DEEP,45,
2026-05-14,03:41,DEEP,44,
2026-05-14,03:42,DEEP,44,
2026-05-14,03:43,DEEP,44,
2026-05-14,03:44,DEEP,44,
2026-05-14,03:45,DEEP,44,
2026-05-14,03:46,DEEP,44,
2026-05-14,03:47,DEEP,44,
2026-05-14,03:48,DEEP,44,
2026-05-14,03:49,DEEP,45,
2026-05-14,03:50,DEEP,45,
2026-05-14,03:51,DEEP,45,
2026-05-14,03:52,DEEP,45,
2026-05-14,03:53,DEEP,44,
2026-05-14,03:54,DEEP,44,
2026-05-14,03:55,DEEP,44,
2026-05-14,03:56,DEEP,44,
2026-05-14,03:57,DEEP,44,
2026-05-14,03:58,DEEP,44,
2026-05-14,03:59,DEEP,44,
2026-05-14,04:00,DEEP,44,
2026-05-14,04:01,LIGHT,44,
2026-05-14,04:02,LIGHT,49,
2026-05-14,04:03,LIGHT,51,
2026-05-14,04:04,WAKE,47,
2026-05-14,04:05,LIGHT,45,
2026-05-14,04:06,LIGHT,48,
2026-05-14,04:07,LIGHT,52,
2026-05-14,04:08,LIGHT,48,
2026-05-14,04:09,LIGHT,46,
2026-05-14,04:10,LIGHT,46,
2026-05-14,04:11,LIGHT,47,
2026-05-14,04:12,LIGHT,49,
2026-05-14,04:13,LIGHT,49,
2026-05-14,04:14,LIGHT,49,
2026-05-14,04:15,LIGHT,50,
2026-05-14,04:16,LIGHT,50,
2026-05-14,04:17,LIGHT,52,
2026-05-14,04:18,DEEP,54,
2026-05-14,04:19,DEEP,48,
2026-05-14,04:20,DEEP,48,
2026-05-14,04:21,LIGHT,48,
2026-05-14,04:22,LIGHT,48,
2026-05-14,04:23,LIGHT,49,
2026-05-14,04:24,LIGHT,51,
2026-05-14,04:25,LIGHT,49,
2026-05-14,04:26,LIGHT,47,
2026-05-14,04:27,LIGHT,49,
2026-05-14,04:28,LIGHT,49,
2026-05-14,04:29,LIGHT,47,
2026-05-14,04:30,LIGHT,47,
2026-05-14,04:31,LIGHT,47,
2026-05-14,04:32,LIGHT,47,
2026-05-14,04:33,LIGHT,47,
2026-05-14,04:34,LIGHT,47,
2026-05-14,04:35,LIGHT,47,
2026-05-14,04:36,LIGHT,47,
2026-05-14,04:37,LIGHT,47,
2026-05-14,04:38,LIGHT,47,
2026-05-14,04:39,LIGHT,47,
2026-05-14,04:40,REM,47,
2026-05-14,04:41,REM,46,
2026-05-14,04:42,REM,46,
2026-05-14,04:43,REM,46,
2026-05-14,04:44,REM,47,
2026-05-14,04:45,REM,47,
2026-05-14,04:46,REM,52,
2026-05-14,04:47,REM,59,
2026-05-14,04:48,REM,53,
2026-05-14,04:49,REM,50,
2026-05-14,04:50,REM,50,
2026-05-14,04:51,REM,49,
2026-05-14,04:52,REM,48,
2026-05-14,04:53,REM,48,
2026-05-14,04:54,REM,48,
2026-05-14,04:55,REM,48,
2026-05-14,04:56,REM,48,
2026-05-14,04:57,REM,48,
2026-05-14,04:58,REM,48,
2026-05-14,04:59,REM,48,
2026-05-14,05:00,LIGHT,47,
2026-05-14,05:01,LIGHT,47,
2026-05-14,05:02,LIGHT,47,
2026-05-14,05:03,LIGHT,47,
2026-05-14,05:04,LIGHT,47,
2026-05-14,05:05,LIGHT,47,
2026-05-14,05:06,LIGHT,47,
2026-05-14,05:07,LIGHT,48,
2026-05-14,05:08,LIGHT,55,
2026-05-14,05:09,LIGHT,54,
2026-05-14,05:10,LIGHT,47,
2026-05-14,05:11,LIGHT,45,
2026-05-14,05:12,LIGHT,45,
2026-05-14,05:13,LIGHT,45,
2026-05-14,05:14,LIGHT,45,
2026-05-14,05:15,LIGHT,45,
2026-05-14,05:16,LIGHT,45,
2026-05-14,05:17,LIGHT,45,
2026-05-14,05:18,LIGHT,46,
2026-05-14,05:19,LIGHT,51,
2026-05-14,05:20,LIGHT,45,
2026-05-14,05:21,LIGHT,43,
2026-05-14,05:22,LIGHT,43,
2026-05-14,05:23,LIGHT,43,
2026-05-14,05:24,LIGHT,43,
2026-05-14,05:25,LIGHT,43,
2026-05-14,05:26,LIGHT,43,
2026-05-14,05:27,LIGHT,43,
2026-05-14,05:28,LIGHT,44,
2026-05-14,05:29,LIGHT,44,
2026-05-14,05:30,LIGHT,45,
2026-05-14,05:31,LIGHT,56,
2026-05-14,05:32,LIGHT,50,
2026-05-14,05:33,LIGHT,47,
2026-05-14,05:34,LIGHT,47,
2026-05-14,05:35,LIGHT,47,
2026-05-14,05:36,LIGHT,47,
2026-05-14,05:37,LIGHT,47,
2026-05-14,05:38,LIGHT,47,
2026-05-14,05:39,LIGHT,47,
2026-05-14,05:40,LIGHT,46,
2026-05-14,05:41,LIGHT,46,
2026-05-14,05:42,LIGHT,46,
2026-05-14,05:43,LIGHT,47,
2026-05-14,05:44,LIGHT,51,
2026-05-14,05:45,LIGHT,53,
2026-05-14,05:46,LIGHT,52,
2026-05-14,05:47,LIGHT,51,
2026-05-14,05:48,LIGHT,48,
2026-05-14,05:49,LIGHT,50,
2026-05-14,05:50,LIGHT,47,
2026-05-14,05:51,LIGHT,47,
2026-05-14,05:52,LIGHT,49,
2026-05-14,05:53,LIGHT,48,
2026-05-14,05:54,LIGHT,48,
2026-05-14,05:55,LIGHT,50,
2026-05-14,05:56,LIGHT,48,
2026-05-14,05:57,LIGHT,47,
2026-05-14,05:58,LIGHT,48,
2026-05-14,05:59,LIGHT,47,
2026-05-14,06:00,LIGHT,48,
2026-05-14,06:01,LIGHT,47,
2026-05-14,06:02,LIGHT,47,
2026-05-14,06:03,LIGHT,53,
2026-05-14,06:04,LIGHT,49,
2026-05-14,06:05,LIGHT,49,
2026-05-14,06:06,LIGHT,51,
2026-05-14,06:07,LIGHT,51,
2026-05-14,06:08,LIGHT,49,
2026-05-14,06:09,LIGHT,49,
2026-05-14,06:10,LIGHT,40,
2026-05-14,06:11,LIGHT,44,
2026-05-14,06:12,LIGHT,44,
2026-05-14,06:13,LIGHT,50,
2026-05-14,06:14,LIGHT,44,
2026-05-14,06:15,LIGHT,44,
2026-05-14,06:16,LIGHT,44,
2026-05-14,06:17,LIGHT,43,
2026-05-14,06:18,LIGHT,48,
2026-05-14,06:19,LIGHT,46,
2026-05-14,06:20,LIGHT,43,
2026-05-14,06:21,LIGHT,43,
2026-05-14,06:22,REM,44,
2026-05-14,06:23,REM,44,
2026-05-14,06:24,REM,44,
2026-05-14,06:25,REM,46,
2026-05-14,06:26,REM,43,
2026-05-14,06:27,REM,43,
2026-05-14,06:28,REM,43,
2026-05-14,06:29,REM,48,
2026-05-14,06:30,REM,45,
2026-05-14,06:31,REM,43,
2026-05-14,06:32,LIGHT,43,
2026-05-14,06:33,LIGHT,43,
2026-05-14,06:34,LIGHT,43,
2026-05-14,06:35,WAKE,45,
2026-05-14,06:36,LIGHT,43,
2026-05-14,06:37,LIGHT,42,
2026-05-14,06:38,LIGHT,42,
2026-05-14,06:39,REM,42,
2026-05-14,06:40,REM,43,
2026-05-14,06:41,REM,43,
2026-05-14,06:42,REM,43,
2026-05-14,06:43,REM,44,
2026-05-14,06:44,REM,44,
2026-05-14,06:45,REM,44,
2026-05-14,06:46,REM,45,
2026-05-14,06:47,REM,45,
2026-05-14,06:48,REM,45,
2026-05-14,06:49,REM,45,
2026-05-14,06:50,REM,45,
2026-05-14,06:51,REM,45,
2026-05-14,06:52,REM,45,
2026-05-14,06:53,REM,45,
2026-05-14,06:54,REM,45,
2026-05-14,06:55,REM,45,
2026-05-14,06:56,REM,46,
2026-05-14,06:57,REM,46,
2026-05-14,06:58,LIGHT,46,
2026-05-14,06:59,LIGHT,46,
2026-05-14,07:00,LIGHT,45,
2026-05-14,07:01,LIGHT,45,
2026-05-14,07:02,LIGHT,45,
2026-05-14,07:03,LIGHT,45,
2026-05-14,07:04,LIGHT,45,
2026-05-14,07:05,LIGHT,46,
2026-05-14,07:06,LIGHT,46,
2026-05-14,07:07,LIGHT,46,
2026-05-14,07:08,LIGHT,46,
2026-05-14,07:09,LIGHT,46,
2026-05-14,07:10,LIGHT,46,
2026-05-14,07:11,LIGHT,46,
2026-05-14,07:12,LIGHT,46,
2026-05-14,07:13,LIGHT,54,
2026-05-14,07:14,LIGHT,54,
2026-05-14,07:15,LIGHT,46,
2026-05-14,07:16,LIGHT,44,
2026-05-14,07:17,LIGHT,43,
2026-05-14,07:18,LIGHT,43,
2026-05-14,07:19,LIGHT,48,
2026-05-14,07:20,LIGHT,54,
2026-05-14,07:21,LIGHT,46,
2026-05-14,07:22,LIGHT,44,
2026-05-14,07:23,LIGHT,43,
2026-05-14,07:24,LIGHT,43,
2026-05-14,07:25,LIGHT,43,
2026-05-14,07:26,LIGHT,43,
2026-05-14,07:27,LIGHT,43,
2026-05-14,07:28,LIGHT,43,
2026-05-14,07:29,LIGHT,43,
2026-05-14,07:30,LIGHT,43,
2026-05-14,07:31,LIGHT,44,
2026-05-14,07:32,LIGHT,44,
2026-05-14,07:33,DEEP,44,
2026-05-14,07:34,DEEP,47,
2026-05-14,07:35,DEEP,43,
2026-05-14,07:36,DEEP,43,
2026-05-14,07:37,DEEP,43,
2026-05-14,07:38,DEEP,44,
2026-05-14,07:39,DEEP,44,
2026-05-14,07:40,DEEP,44,
2026-05-14,07:41,DEEP,47,
2026-05-14,07:42,DEEP,44,
2026-05-14,07:43,DEEP,44,
2026-05-14,07:44,DEEP,44,
2026-05-14,07:45,DEEP,44,
2026-05-14,07:46,DEEP,43,
2026-05-14,07:47,DEEP,43,
2026-05-14,07:48,DEEP,43,
2026-05-14,07:49,DEEP,43,
2026-05-14,07:50,DEEP,43,
2026-05-14,07:51,DEEP,43,
2026-05-14,07:52,DEEP,43,
2026-05-14,07:53,DEEP,42,
2026-05-14,07:54,DEEP,44,
2026-05-14,07:55,DEEP,44,
2026-05-14,07:56,LIGHT,43,
2026-05-14,07:57,LIGHT,42,
2026-05-14,07:58,LIGHT,44,
2026-05-14,07:59,LIGHT,44,
2026-05-14,08:00,LIGHT,46,
2026-05-14,08:01,LIGHT,44,
2026-05-14,08:02,LIGHT,43,
2026-05-14,08:03,LIGHT,43,
2026-05-14,08:04,LIGHT,43,
2026-05-14,08:05,LIGHT,45,
2026-05-14,08:06,LIGHT,45,
2026-05-14,08:07,LIGHT,45,
2026-05-14,08:08,LIGHT,44,
2026-05-14,08:09,LIGHT,43,
2026-05-14,08:10,LIGHT,43,
2026-05-14,08:11,LIGHT,43,
2026-05-14,08:12,LIGHT,43,
2026-05-14,08:13,LIGHT,43,
2026-05-14,08:14,LIGHT,43,
2026-05-14,08:15,LIGHT,43,
2026-05-14,08:16,LIGHT,43,
2026-05-14,08:17,LIGHT,43,
2026-05-14,08:18,LIGHT,43,
2026-05-14,08:19,LIGHT,43,
2026-05-14,08:20,WAKE,43,
2026-05-14,08:21,WAKE,43,
2026-05-14,08:22,LIGHT,44,
2026-05-14,08:23,LIGHT,45,
2026-05-14,08:24,LIGHT,43,
2026-05-14,08:25,LIGHT,43,
2026-05-14,08:26,LIGHT,43,
2026-05-14,08:27,LIGHT,42,
2026-05-14,08:28,LIGHT,42,
2026-05-14,08:29,LIGHT,42,
2026-05-14,08:30,LIGHT,42,
2026-05-14,08:31,LIGHT,43,
2026-05-14,08:32,LIGHT,43,
2026-05-14,08:33,LIGHT,44,
2026-05-14,08:34,LIGHT,44,
2026-05-14,08:35,LIGHT,49,
2026-05-14,08:36,LIGHT,51,
2026-05-14,08:37,LIGHT,46,
2026-05-14,08:38,LIGHT,43,
2026-05-14,08:39,LIGHT,43,
2026-05-14,08:40,LIGHT,45,
2026-05-14,08:41,LIGHT,44,
2026-05-14,08:42,LIGHT,43,
2026-05-14,08:43,LIGHT,44,
2026-05-14,08:44,LIGHT,43,
2026-05-14,08:45,LIGHT,47,
2026-05-14,08:46,LIGHT,46,
2026-05-14,08:47,LIGHT,43,
2026-05-14,08:48,LIGHT,43,
2026-05-14,08:49,LIGHT,43,
2026-05-14,08:50,LIGHT,43,
2026-05-14,08:51,LIGHT,44,
2026-05-14,08:52,LIGHT,45,
2026-05-14,08:53,LIGHT,50,
2026-05-14,08:54,LIGHT,46,
2026-05-14,08:55,LIGHT,51,
2026-05-14,08:56,LIGHT,50,
2026-05-14,08:57,LIGHT,46,
2026-05-14,08:58,LIGHT,46,
2026-05-14,08:59,LIGHT,46,
2026-05-14,09:00,LIGHT,53,
2026-05-14,09:01,DEEP,47,
2026-05-14,09:02,DEEP,46,
2026-05-14,09:03,DEEP,48,
2026-05-14,09:04,DEEP,44,
2026-05-14,09:05,DEEP,45,
2026-05-14,09:06,DEEP,44,
2026-05-14,09:07,DEEP,43,
2026-05-14,09:08,DEEP,50,
2026-05-14,09:09,DEEP,45,
2026-05-14,09:10,DEEP,44,
2026-05-14,09:11,DEEP,41,
2026-05-14,09:12,DEEP,41,
2026-05-14,09:13,DEEP,41,
2026-05-14,09:14,DEEP,46,
2026-05-14,09:15,DEEP,54,
2026-05-14,09:16,DEEP,48,
2026-05-14,09:17,DEEP,48,
2026-05-14,09:18,LIGHT,49,
2026-05-14,09:19,LIGHT,51,
2026-05-14,09:20,LIGHT,48,
2026-05-14,09:21,LIGHT,45,
2026-05-14,09:22,LIGHT,43,
2026-05-14,09:23,LIGHT,43,
2026-05-14,09:24,LIGHT,45,
2026-05-14,09:25,LIGHT,43,
2026-05-14,09:26,LIGHT,42,
2026-05-14,09:27,LIGHT,42,
2026-05-14,09:28,LIGHT,42,
2026-05-14,09:29,REM,42,
2026-05-14,09:30,REM,41,
2026-05-14,09:31,REM,41,
2026-05-14,09:32,REM,41,
2026-05-14,09:33,REM,42,
2026-05-14,09:34,REM,42,
2026-05-14,09:35,REM,47,
2026-05-14,09:36,REM,43,
2026-05-14,09:37,REM,43,
2026-05-14,09:38,REM,42,
2026-05-14,09:39,REM,42,
2026-05-14,09:40,REM,42,
2026-05-14,09:41,REM,42,
2026-05-14,09:42,REM,42,
2026-05-14,09:43,REM,42,
2026-05-14,09:44,REM,43,
2026-05-14,09:45,REM,43,
2026-05-14,09:46,REM,43,
2026-05-14,09:47,REM,43,
2026-05-14,09:48,REM,43,
2026-05-14,09:49,REM,43,
2026-05-14,09:50,REM,43,
2026-05-14,09:51,REM,44,
2026-05-14,09:52,REM,44,
2026-05-14,09:53,REM,44,
2026-05-14,09:54,REM,44,
2026-05-14,09:55,REM,45,
2026-05-14,09:56,REM,45,
2026-05-14,09:57,LIGHT,45,
2026-05-14,09:58,LIGHT,46,
2026-05-14,09:59,LIGHT,45,
2026-05-14,10:00,LIGHT,45,
2026-05-14,10:01,LIGHT,45,
2026-05-14,10:02,LIGHT,45,
2026-05-14,10:03,LIGHT,46,
2026-05-14,10:04,LIGHT,46,
2026-05-14,10:05,LIGHT,46,
2026-05-14,10:06,LIGHT,46,
2026-05-14,10:07,LIGHT,46,
2026-05-14,10:08,LIGHT,46,
2026-05-14,10:09,LIGHT,46,
2026-05-14,10:10,LIGHT,46,
2026-05-14,10:11,LIGHT,46,
2026-05-14,10:12,LIGHT,46,
2026-05-14,10:13,LIGHT,47,
2026-05-14,10:14,LIGHT,47,
2026-05-14,10:15,LIGHT,47,
2026-05-14,10:16,LIGHT,47,
2026-05-14,10:17,LIGHT,47,
2026-05-14,10:18,LIGHT,47,
2026-05-14,10:19,LIGHT,47,
2026-05-14,10:20,LIGHT,47,
2026-05-14,10:21,LIGHT,47,
2026-05-14,10:22,LIGHT,47,
2026-05-14,10:23,LIGHT,47,
2026-05-14,10:24,LIGHT,47,
2026-05-14,10:25,LIGHT,55,
2026-05-14,10:26,LIGHT,47,
2026-05-14,10:27,LIGHT,48,
2026-05-14,10:28,LIGHT,49,
2026-05-14,10:29,LIGHT,46,
2026-05-14,10:30,LIGHT,47,
2026-05-14,10:31,LIGHT,45,
2026-05-14,10:32,LIGHT,47,
2026-05-14,10:33,LIGHT,53,
2026-05-14,10:34,LIGHT,45,
2026-05-14,10:35,LIGHT,43,
2026-05-14,21:00,LIGHT,68,
2026-05-14,21:01,LIGHT,68,
2026-05-14,21:02,LIGHT,69,
2026-05-14,21:03,LIGHT,69,
2026-05-14,21:04,LIGHT,68,
2026-05-14,21:05,LIGHT,67,
2026-05-14,21:06,LIGHT,68,
2026-05-14,21:07,LIGHT,67,
2026-05-14,21:08,LIGHT,79,
2026-05-14,21:09,LIGHT,87,
2026-05-14,21:10,LIGHT,,
2026-05-14,21:11,LIGHT,,
2026-05-14,21:12,LIGHT,,
2026-05-14,21:13,LIGHT,,
2026-05-14,21:14,LIGHT,,
2026-05-14,21:15,LIGHT,,
2026-05-14,21:16,LIGHT,,
2026-05-14,21:17,LIGHT,,
2026-05-14,21:18,LIGHT,,
2026-05-14,21:19,LIGHT,,
2026-05-14,21:20,LIGHT,,
2026-05-14,21:21,LIGHT,,
2026-05-14,21:22,LIGHT,,
2026-05-14,21:23,LIGHT,,
2026-05-14,21:24,LIGHT,,
2026-05-14,21:25,LIGHT,,
2026-05-15,03:04,LIGHT,70,
2026-05-15,03:05,LIGHT,59,
2026-05-15,03:06,LIGHT,54,
2026-05-15,03:07,LIGHT,51,
2026-05-15,03:08,LIGHT,52,
2026-05-15,03:09,LIGHT,52,
2026-05-15,03:10,LIGHT,49,
2026-05-15,03:11,LIGHT,51,
2026-05-15,03:12,LIGHT,52,
2026-05-15,03:13,LIGHT,50,
2026-05-15,03:14,LIGHT,50,
2026-05-15,03:15,LIGHT,48,
2026-05-15,03:16,LIGHT,49,
2026-05-15,03:17,DEEP,49,
2026-05-15,03:18,DEEP,49,
2026-05-15,03:19,DEEP,51,
2026-05-15,03:20,DEEP,56,
2026-05-15,03:21,DEEP,58,
2026-05-15,03:22,DEEP,64,
2026-05-15,03:23,DEEP,76,
2026-05-15,03:24,DEEP,70,
2026-05-15,03:25,DEEP,69,
2026-05-15,03:26,DEEP,56,
2026-05-15,03:27,DEEP,51,
2026-05-15,03:28,DEEP,50,
2026-05-15,03:29,DEEP,49,
2026-05-15,03:30,DEEP,47,
2026-05-15,03:31,DEEP,48,
2026-05-15,03:32,DEEP,49,
2026-05-15,03:33,DEEP,48,
2026-05-15,03:34,LIGHT,48,
2026-05-15,03:35,LIGHT,48,
2026-05-15,03:36,LIGHT,48,
2026-05-15,03:37,LIGHT,47,
2026-05-15,03:38,LIGHT,46,
2026-05-15,03:39,LIGHT,46,
2026-05-15,03:40,LIGHT,46,
2026-05-15,03:41,LIGHT,47,
2026-05-15,03:42,LIGHT,47,
2026-05-15,03:43,DEEP,48,
2026-05-15,03:44,DEEP,49,
2026-05-15,03:45,DEEP,47,
2026-05-15,03:46,DEEP,47,
2026-05-15,03:47,DEEP,49,
2026-05-15,03:48,DEEP,49,
2026-05-15,03:49,DEEP,47,
2026-05-15,03:50,DEEP,47,
2026-05-15,03:51,DEEP,47,
2026-05-15,03:52,DEEP,48,
2026-05-15,03:53,DEEP,58,
2026-05-15,03:54,DEEP,53,
2026-05-15,03:55,DEEP,54,
2026-05-15,03:56,DEEP,50,
2026-05-15,03:57,DEEP,49,
2026-05-15,03:58,DEEP,53,
2026-05-15,03:59,DEEP,49,
2026-05-15,04:00,DEEP,48,
2026-05-15,04:01,DEEP,45,
2026-05-15,04:02,DEEP,44,
2026-05-15,04:03,DEEP,44,
2026-05-15,04:04,LIGHT,44,
2026-05-15,04:05,LIGHT,45,
2026-05-15,04:06,LIGHT,44,
2026-05-15,04:07,LIGHT,43,
2026-05-15,04:08,LIGHT,43,
2026-05-15,04:09,LIGHT,43,
2026-05-15,04:10,REM,44,
2026-05-15,04:11,REM,44,
2026-05-15,04:12,REM,44,
2026-05-15,04:13,REM,44,
2026-05-15,04:14,REM,44,
2026-05-15,04:15,REM,44,
2026-05-15,04:16,REM,44,
2026-05-15,04:17,REM,45,
2026-05-15,04:18,REM,47,
2026-05-15,04:19,REM,43,
2026-05-15,04:20,REM,42,
2026-05-15,04:21,REM,43,
2026-05-15,04:22,REM,43,
2026-05-15,04:23,REM,43,
2026-05-15,04:24,REM,43,
2026-05-15,04:25,REM,43,
2026-05-15,04:26,REM,43,
2026-05-15,04:27,REM,43,
2026-05-15,04:28,REM,43,
2026-05-15,04:29,REM,45,
2026-05-15,04:30,LIGHT,50,
2026-05-15,04:31,LIGHT,44,
2026-05-15,04:32,LIGHT,42,
2026-05-15,04:33,LIGHT,41,
2026-05-15,04:34,LIGHT,41,
2026-05-15,04:35,LIGHT,41,
2026-05-15,04:36,LIGHT,41,
2026-05-15,04:37,LIGHT,42,
2026-05-15,04:38,LIGHT,42,
2026-05-15,04:39,LIGHT,42,
2026-05-15,04:40,LIGHT,42,
2026-05-15,04:41,LIGHT,42,
2026-05-15,04:42,LIGHT,42,
2026-05-15,04:43,LIGHT,42,
2026-05-15,04:44,LIGHT,42,
2026-05-15,04:45,LIGHT,42,
2026-05-15,04:46,LIGHT,42,
2026-05-15,04:47,LIGHT,42,
2026-05-15,04:48,WAKE,42,
2026-05-15,04:49,LIGHT,42,
2026-05-15,04:50,LIGHT,42,
2026-05-15,04:51,LIGHT,42,
2026-05-15,04:52,LIGHT,42,
2026-05-15,04:53,LIGHT,42,
2026-05-15,04:54,LIGHT,42,
2026-05-15,04:55,LIGHT,42,
2026-05-15,04:56,LIGHT,42,
2026-05-15,04:57,LIGHT,42,
2026-05-15,04:58,LIGHT,42,
2026-05-15,04:59,LIGHT,42,
2026-05-15,05:00,LIGHT,42,
2026-05-15,05:01,LIGHT,49,
2026-05-15,05:02,LIGHT,48,
2026-05-15,05:03,LIGHT,44,
2026-05-15,05:04,LIGHT,42,
2026-05-15,05:05,LIGHT,42,
2026-05-15,05:06,LIGHT,50,
2026-05-15,05:07,LIGHT,52,
2026-05-15,05:08,LIGHT,48,
2026-05-15,05:09,LIGHT,47,
2026-05-15,05:10,WAKE,47,
2026-05-15,05:11,LIGHT,48,
2026-05-15,05:12,LIGHT,48,
2026-05-15,05:13,LIGHT,48,
2026-05-15,05:14,LIGHT,48,
2026-05-15,05:15,LIGHT,49,
2026-05-15,05:16,LIGHT,49,
2026-05-15,05:17,LIGHT,49,
2026-05-15,05:18,LIGHT,54,
2026-05-15,05:19,LIGHT,47,
2026-05-15,05:20,LIGHT,44,
2026-05-15,05:21,LIGHT,44,
2026-05-15,05:22,LIGHT,44,
2026-05-15,05:23,LIGHT,43,
2026-05-15,05:24,LIGHT,42,
2026-05-15,05:25,LIGHT,41,
2026-05-15,05:26,LIGHT,41,
2026-05-15,05:27,LIGHT,41,
2026-05-15,05:28,LIGHT,41,
2026-05-15,05:29,LIGHT,41,
2026-05-15,05:30,LIGHT,42,
2026-05-15,05:31,LIGHT,42,
2026-05-15,05:32,WAKE,41,
2026-05-15,05:33,LIGHT,41,
2026-05-15,05:34,LIGHT,41,
2026-05-15,05:35,LIGHT,41,
2026-05-15,05:36,LIGHT,41,
2026-05-15,05:37,REM,41,
2026-05-15,05:38,REM,41,
2026-05-15,05:39,REM,41,
2026-05-15,05:40,REM,41,
2026-05-15,05:41,REM,41,
2026-05-15,05:42,REM,41,
2026-05-15,05:43,REM,41,
2026-05-15,05:44,REM,41,
2026-05-15,05:45,REM,42,
2026-05-15,05:46,REM,42,
2026-05-15,05:47,REM,43,
2026-05-15,05:48,REM,44,
2026-05-15,05:49,REM,51,
2026-05-15,05:50,REM,46,
2026-05-15,05:51,REM,50,
2026-05-15,05:52,REM,44,
2026-05-15,05:53,REM,43,
2026-05-15,05:54,REM,42,
2026-05-15,05:55,REM,41,
2026-05-15,05:56,REM,41,
2026-05-15,05:57,REM,41,
2026-05-15,05:58,REM,41,
2026-05-15,05:59,REM,42,
2026-05-15,06:00,REM,41,
2026-05-15,06:01,REM,41,
2026-05-15,06:02,REM,42,
2026-05-15,06:03,REM,42,
2026-05-15,06:04,REM,42,
2026-05-15,06:05,REM,42,
2026-05-15,06:06,REM,42,
2026-05-15,06:07,REM,43,
2026-05-15,06:08,REM,43,
2026-05-15,06:09,REM,43,
2026-05-15,06:10,REM,42,
2026-05-15,06:11,REM,42,
2026-05-15,06:12,REM,42,
2026-05-15,06:13,REM,42,
2026-05-15,06:14,REM,44,
2026-05-15,06:15,REM,44,
2026-05-15,06:16,REM,44,
2026-05-15,06:17,REM,44,
2026-05-15,06:18,REM,43,
2026-05-15,06:19,REM,43,
2026-05-15,06:20,REM,43,
2026-05-15,06:21,REM,43,
2026-05-15,06:22,REM,43,
2026-05-15,06:23,REM,43,
2026-05-15,06:24,REM,43,
2026-05-15,06:25,REM,42,
2026-05-15,06:26,REM,42,
2026-05-15,06:27,LIGHT,42,
2026-05-15,06:28,LIGHT,42,
2026-05-15,06:29,LIGHT,47,
2026-05-15,06:30,LIGHT,53,
2026-05-15,06:31,LIGHT,49,
2026-05-15,06:32,LIGHT,50,
2026-05-15,06:33,LIGHT,48,
2026-05-15,06:34,LIGHT,51,
2026-05-15,06:35,LIGHT,46,
2026-05-15,06:36,LIGHT,45,
2026-05-15,06:37,LIGHT,44,
2026-05-15,06:38,LIGHT,44,
2026-05-15,06:39,LIGHT,47,
2026-05-15,06:40,LIGHT,44,
2026-05-15,06:41,LIGHT,44,
2026-05-15,06:42,LIGHT,44,
2026-05-15,06:43,LIGHT,44,
2026-05-15,06:44,LIGHT,44,
2026-05-15,06:45,LIGHT,46,
2026-05-15,06:46,LIGHT,46,
2026-05-15,06:47,LIGHT,47,
2026-05-15,06:48,LIGHT,47,
2026-05-15,06:49,LIGHT,49,
2026-05-15,06:50,LIGHT,46,
2026-05-15,06:51,DEEP,46,
2026-05-15,06:52,DEEP,45,
2026-05-15,06:53,DEEP,51,
2026-05-15,06:54,DEEP,47,
2026-05-15,06:55,DEEP,42,
2026-05-15,06:56,DEEP,40,
2026-05-15,06:57,DEEP,45,
2026-05-15,06:58,DEEP,45,
2026-05-15,06:59,DEEP,41,
2026-05-15,07:00,DEEP,,
2026-05-15,07:01,DEEP,,
2026-05-15,07:02,DEEP,,
2026-05-15,07:03,DEEP,,
2026-05-15,07:04,DEEP,,
2026-05-15,07:05,DEEP,,
2026-05-15,07:06,DEEP,,
2026-05-15,07:07,DEEP,46,
2026-05-15,07:08,DEEP,41,
2026-05-15,07:09,DEEP,,
2026-05-15,07:10,DEEP,,
2026-05-15,07:11,DEEP,40,
2026-05-15,07:12,DEEP,42,
2026-05-15,07:13,DEEP,,
2026-05-15,07:14,DEEP,,
2026-05-15,07:15,LIGHT,,
2026-05-15,07:16,LIGHT,,
2026-05-15,07:17,LIGHT,,
2026-05-15,07:18,LIGHT,,
2026-05-15,07:19,LIGHT,,
2026-05-15,07:20,LIGHT,,
2026-05-15,07:21,LIGHT,,
2026-05-15,07:22,LIGHT,,
2026-05-15,07:23,LIGHT,,
2026-05-15,07:24,LIGHT,,
2026-05-15,07:25,LIGHT,,
2026-05-15,07:26,LIGHT,42,
2026-05-15,07:27,LIGHT,41,
2026-05-15,07:28,LIGHT,41,
2026-05-15,07:29,LIGHT,,
2026-05-15,07:30,LIGHT,,
2026-05-15,07:31,LIGHT,,
2026-05-15,07:32,LIGHT,40,
2026-05-15,07:33,LIGHT,40,
2026-05-15,07:34,LIGHT,40,
2026-05-15,07:35,LIGHT,41,
2026-05-15,07:36,LIGHT,41,
2026-05-15,07:37,LIGHT,42,
2026-05-15,07:38,LIGHT,42,
2026-05-15,07:39,LIGHT,41,
2026-05-15,07:40,LIGHT,53,
2026-05-15,07:41,REM,47,
2026-05-15,07:42,REM,47,
2026-05-15,07:43,LIGHT,42,
2026-05-15,07:44,LIGHT,42,
2026-05-15,07:45,LIGHT,42,
2026-05-15,07:46,LIGHT,42,
2026-05-15,07:47,LIGHT,42,
2026-05-15,07:48,LIGHT,41,
2026-05-15,07:49,LIGHT,41,
2026-05-15,07:50,LIGHT,41,
2026-05-15,07:51,LIGHT,41,
2026-05-15,07:52,LIGHT,41,
2026-05-15,07:53,LIGHT,43,
2026-05-15,07:54,LIGHT,46,
2026-05-15,07:55,LIGHT,43,
2026-05-15,07:56,REM,40,
2026-05-15,07:57,REM,40,
2026-05-15,07:58,REM,42,
2026-05-15,07:59,LIGHT,41,
2026-05-15,08:00,LIGHT,40,
2026-05-15,08:01,LIGHT,40,
2026-05-15,08:02,LIGHT,40,
2026-05-15,08:03,LIGHT,40,
2026-05-15,08:04,LIGHT,40,
2026-05-15,08:05,LIGHT,40,
2026-05-15,08:06,LIGHT,40,
2026-05-15,08:07,LIGHT,41,
2026-05-15,08:08,LIGHT,41,
2026-05-15,08:09,LIGHT,49,
2026-05-15,08:10,LIGHT,46,
2026-05-15,08:11,LIGHT,43,
2026-05-15,08:12,LIGHT,41,
2026-05-15,08:13,LIGHT,41,
2026-05-15,08:14,LIGHT,41,
2026-05-15,08:15,LIGHT,42,
2026-05-15,08:16,LIGHT,44,
2026-05-15,08:17,LIGHT,45,
2026-05-15,08:18,LIGHT,44,
2026-05-15,08:19,LIGHT,43,
2026-05-15,08:20,LIGHT,47,
2026-05-15,08:21,LIGHT,45,
2026-05-15,08:22,LIGHT,42,
2026-05-15,08:23,LIGHT,42,
2026-05-15,08:24,LIGHT,45,
2026-05-15,08:25,LIGHT,42,
2026-05-15,08:26,LIGHT,42,
2026-05-15,08:27,LIGHT,40,
2026-05-15,08:28,LIGHT,40,
2026-05-15,08:29,LIGHT,42,
2026-05-15,08:30,LIGHT,42,
2026-05-15,08:31,LIGHT,41,
2026-05-15,08:32,LIGHT,42,
2026-05-15,08:33,LIGHT,41,
2026-05-15,08:34,LIGHT,40,
2026-05-15,08:35,LIGHT,42,
2026-05-15,08:36,LIGHT,40,
2026-05-15,08:37,LIGHT,40,
2026-05-15,08:38,LIGHT,41,
2026-05-15,08:39,LIGHT,41,
2026-05-15,08:40,LIGHT,40,
2026-05-15,08:41,LIGHT,40,
2026-05-15,08:42,LIGHT,40,
2026-05-15,08:43,REM,40,
2026-05-15,08:44,REM,41,
2026-05-15,08:45,REM,46,
2026-05-15,08:46,REM,44,
2026-05-15,08:47,REM,46,
2026-05-15,08:48,REM,46,
2026-05-15,08:49,REM,42,
2026-05-15,08:50,REM,42,
2026-05-15,08:51,REM,41,
2026-05-15,08:52,REM,41,
2026-05-15,08:53,REM,41,
2026-05-15,08:54,REM,40,
2026-05-15,08:55,REM,44,
2026-05-15,08:56,REM,45,
2026-05-15,08:57,REM,42,
2026-05-15,08:58,REM,,
2026-05-15,08:59,REM,43,
2026-05-15,09:00,REM,44,
2026-05-15,09:01,REM,49,
2026-05-15,09:02,REM,43,
2026-05-15,09:03,REM,42,
2026-05-15,09:04,REM,41,
2026-05-15,09:05,REM,41,
2026-05-15,09:06,REM,40,
2026-05-15,09:07,REM,40,
2026-05-15,09:08,REM,41,
2026-05-15,09:09,REM,41,
2026-05-15,09:10,REM,41,
2026-05-15,09:11,REM,41,
2026-05-15,09:12,REM,41,
2026-05-15,09:13,LIGHT,41,
2026-05-15,09:14,LIGHT,41,
2026-05-15,09:15,LIGHT,41,
2026-05-15,09:16,WAKE,41,
2026-05-15,09:17,LIGHT,41,
2026-05-15,09:18,LIGHT,42,
2026-05-15,09:19,WAKE,42,
2026-05-15,09:20,WAKE,42,
2026-05-15,09:21,WAKE,42,
2026-05-15,09:22,WAKE,42,
2026-05-15,09:23,LIGHT,42,
2026-05-15,09:24,LIGHT,42,
2026-05-15,09:25,LIGHT,42,
2026-05-15,09:26,LIGHT,42,
2026-05-15,09:27,LIGHT,42,
2026-05-15,09:28,LIGHT,42,
2026-05-15,09:29,LIGHT,42,
2026-05-15,09:30,LIGHT,42,
2026-05-15,09:31,LIGHT,42,
2026-05-15,09:32,LIGHT,42,
2026-05-15,09:33,LIGHT,45,
2026-05-15,09:34,LIGHT,49,
2026-05-15,09:35,LIGHT,43,
2026-05-15,09:36,LIGHT,41,
2026-05-15,09:37,LIGHT,40,
2026-05-15,09:38,LIGHT,40,
2026-05-15,09:39,LIGHT,41,
2026-05-15,09:40,LIGHT,41,
2026-05-15,09:41,LIGHT,41,
2026-05-15,09:42,LIGHT,41,
2026-05-15,09:43,LIGHT,42,
2026-05-15,09:44,LIGHT,41,
2026-05-15,09:45,LIGHT,42,
2026-05-15,09:46,LIGHT,44,
2026-05-15,09:47,LIGHT,44,
2026-05-15,09:48,LIGHT,41,
2026-05-15,09:49,LIGHT,40,
2026-05-15,09:50,LIGHT,40,
2026-05-15,09:51,LIGHT,40,
2026-05-15,09:52,LIGHT,42,
2026-05-15,09:53,DEEP,42,
2026-05-15,09:54,DEEP,42,
2026-05-15,09:55,DEEP,42,
2026-05-15,09:56,DEEP,42,
2026-05-15,09:57,DEEP,44,
2026-05-15,09:58,DEEP,43,
2026-05-15,09:59,DEEP,42,
2026-05-15,10:00,DEEP,42,
2026-05-15,10:01,DEEP,43,
2026-05-15,10:02,DEEP,43,
2026-05-15,10:03,DEEP,42,
2026-05-15,10:04,DEEP,45,
2026-05-15,10:05,DEEP,42,
2026-05-15,10:06,DEEP,43,
2026-05-15,10:07,DEEP,45,
2026-05-15,10:08,DEEP,43,
2026-05-15,10:09,DEEP,43,
2026-05-15,10:10,DEEP,47,
2026-05-15,10:11,DEEP,41,
2026-05-15,10:12,DEEP,40,
2026-05-15,10:13,DEEP,40,
2026-05-15,10:14,DEEP,41,
2026-05-15,10:15,DEEP,44,
2026-05-15,10:16,DEEP,44,
2026-05-15,10:17,DEEP,44,
2026-05-15,10:18,DEEP,44,
2026-05-15,10:19,DEEP,44,
2026-05-15,10:20,DEEP,42,
2026-05-15,10:21,DEEP,42,
2026-05-15,10:22,DEEP,42,
2026-05-15,10:23,DEEP,44,
2026-05-15,10:24,DEEP,44,
2026-05-15,10:25,DEEP,46,
2026-05-15,10:26,LIGHT,43,
2026-05-15,10:27,LIGHT,41,
2026-05-15,10:28,LIGHT,41,
2026-05-15,10:29,LIGHT,41,
2026-05-15,10:30,LIGHT,43,
2026-05-15,10:31,LIGHT,43,
2026-05-15,10:32,LIGHT,43,
2026-05-15,10:33,LIGHT,43,
2026-05-15,10:34,LIGHT,43,
2026-05-15,10:35,LIGHT,43,
2026-05-15,10:36,LIGHT,43,
2026-05-15,10:37,REM,43,
2026-05-15,10:38,REM,43,
2026-05-15,10:39,REM,43,
2026-05-15,10:40,REM,43,
2026-05-15,10:41,REM,43,
2026-05-15,10:42,REM,43,
2026-05-15,10:43,REM,43,
2026-05-15,10:44,REM,43,
2026-05-15,10:45,REM,47,
2026-05-15,10:46,REM,45,
2026-05-15,10:47,REM,42,
2026-05-15,10:48,REM,42,
2026-05-15,10:49,REM,42,
2026-05-15,10:50,REM,42,
2026-05-15,10:51,REM,43,
2026-05-15,10:52,REM,43,
2026-05-15,10:53,REM,43,
2026-05-15,10:54,REM,43,
2026-05-15,10:55,REM,43,
2026-05-15,10:56,REM,43,
2026-05-15,10:57,REM,43,
2026-05-15,10:58,REM,43,
2026-05-15,10:59,REM,43,
2026-05-15,11:00,REM,43,
2026-05-15,11:01,REM,43,
2026-05-15,11:02,LIGHT,43,
2026-05-15,11:03,LIGHT,43,
2026-05-15,11:04,LIGHT,43,
2026-05-15,11:05,LIGHT,43,
2026-05-15,11:06,LIGHT,43,
2026-05-15,11:07,LIGHT,43,
2026-05-15,11:08,LIGHT,43,
2026-05-15,11:09,LIGHT,43,
2026-05-15,11:10,LIGHT,43,
2026-05-15,11:11,LIGHT,43,
2026-05-15,11:12,LIGHT,43,
2026-05-15,11:13,LIGHT,43,
2026-05-15,11:14,LIGHT,43,
2026-05-15,11:15,LIGHT,43,
2026-05-15,11:16,LIGHT,43,
2026-05-15,11:17,LIGHT,44,
2026-05-15,11:18,LIGHT,44,
2026-05-15,11:19,LIGHT,45,
2026-05-15,11:20,LIGHT,52,
2026-05-15,11:21,LIGHT,44,
2026-05-15,11:22,LIGHT,40,
2026-05-15,11:23,LIGHT,40,
2026-05-15,11:24,LIGHT,41,
2026-05-15,11:25,LIGHT,41,
2026-05-15,11:26,LIGHT,41,
2026-05-15,11:27,LIGHT,42,
2026-05-15,11:28,LIGHT,42,
2026-05-15,11:29,LIGHT,49,
2026-05-15,11:30,LIGHT,44,
2026-05-15,11:31,LIGHT,42,
2026-05-15,11:32,LIGHT,41,
2026-05-15,11:33,LIGHT,41,
2026-05-15,11:34,LIGHT,45,
2026-05-15,11:35,LIGHT,42,
2026-05-15,11:36,LIGHT,42,
2026-05-15,11:37,LIGHT,42,
2026-05-15,11:38,LIGHT,43,
2026-05-15,11:39,LIGHT,43,
2026-05-15,11:40,LIGHT,44,
2026-05-15,11:41,LIGHT,45,
2026-05-15,11:42,LIGHT,45,
2026-05-15,11:43,LIGHT,50,
2026-05-15,11:44,LIGHT,44,
2026-05-15,11:45,LIGHT,44,
2026-05-16,04:16,LIGHT,46,
2026-05-16,04:17,LIGHT,46,
2026-05-16,04:18,LIGHT,46,
2026-05-16,04:19,LIGHT,46,
2026-05-16,04:20,LIGHT,46,
2026-05-16,04:21,LIGHT,46,
2026-05-16,04:22,LIGHT,46,
2026-05-16,04:23,LIGHT,46,
2026-05-16,04:24,LIGHT,46,
2026-05-16,04:25,LIGHT,46,
2026-05-16,04:26,LIGHT,46,
2026-05-16,04:27,LIGHT,46,
2026-05-16,04:28,LIGHT,46,
2026-05-16,04:29,LIGHT,48,
2026-05-16,04:30,LIGHT,48,
2026-05-16,04:31,LIGHT,48,
2026-05-16,04:32,LIGHT,55,
2026-05-16,04:33,LIGHT,51,
2026-05-16,04:34,LIGHT,49,
2026-05-16,04:35,LIGHT,47,
2026-05-16,04:36,LIGHT,47,
2026-05-16,04:37,DEEP,47,
2026-05-16,04:38,DEEP,47,
2026-05-16,04:39,DEEP,47,
2026-05-16,04:40,DEEP,47,
2026-05-16,04:41,DEEP,47,
2026-05-16,04:42,DEEP,47,
2026-05-16,04:43,DEEP,47,
2026-05-16,04:44,DEEP,47,
2026-05-16,04:45,DEEP,47,
2026-05-16,04:46,DEEP,47,
2026-05-16,04:47,DEEP,47,
2026-05-16,04:48,DEEP,47,
2026-05-16,04:49,DEEP,47,
2026-05-16,04:50,DEEP,46,
2026-05-16,04:51,DEEP,46,
2026-05-16,04:52,DEEP,46,
2026-05-16,04:53,DEEP,46,
2026-05-16,04:54,DEEP,45,
2026-05-16,04:55,DEEP,45,
2026-05-16,04:56,DEEP,45,
2026-05-16,04:57,DEEP,44,
2026-05-16,04:58,DEEP,44,
2026-05-16,04:59,LIGHT,46,
2026-05-16,05:00,LIGHT,46,
2026-05-16,05:01,LIGHT,46,
2026-05-16,05:02,WAKE,45,
2026-05-16,05:03,LIGHT,45,
2026-05-16,05:04,LIGHT,45,
2026-05-16,05:05,LIGHT,45,
2026-05-16,05:06,LIGHT,45,
2026-05-16,05:07,LIGHT,50,
2026-05-16,05:08,WAKE,50,
2026-05-16,05:09,LIGHT,45,
2026-05-16,05:10,LIGHT,44,
2026-05-16,05:11,LIGHT,44,
2026-05-16,05:12,REM,44,
2026-05-16,05:13,REM,45,
2026-05-16,05:14,REM,46,
2026-05-16,05:15,REM,46,
2026-05-16,05:16,REM,48,
2026-05-16,05:17,REM,47,
2026-05-16,05:18,REM,47,
2026-05-16,05:19,REM,49,
2026-05-16,05:20,REM,50,
2026-05-16,05:21,REM,47,
2026-05-16,05:22,LIGHT,47,
2026-05-16,05:23,LIGHT,47,
2026-05-16,05:24,LIGHT,46,
2026-05-16,05:25,LIGHT,49,
2026-05-16,05:26,LIGHT,46,
2026-05-16,05:27,LIGHT,46,
2026-05-16,05:28,LIGHT,46,
2026-05-16,05:29,LIGHT,45,
2026-05-16,05:30,LIGHT,46,
2026-05-16,05:31,LIGHT,45,
2026-05-16,05:32,LIGHT,45,
2026-05-16,05:33,LIGHT,45,
2026-05-16,05:34,LIGHT,45,
2026-05-16,05:35,LIGHT,45,
2026-05-16,05:36,LIGHT,48,
2026-05-16,05:37,LIGHT,45,
2026-05-16,05:38,LIGHT,45,
2026-05-16,05:39,LIGHT,44,
2026-05-16,05:40,DEEP,44,
2026-05-16,05:41,DEEP,44,
2026-05-16,05:42,DEEP,44,
2026-05-16,05:43,DEEP,45,
2026-05-16,05:44,DEEP,45,
2026-05-16,05:45,DEEP,44,
2026-05-16,05:46,DEEP,44,
2026-05-16,05:47,DEEP,44,
2026-05-16,05:48,DEEP,44,
2026-05-16,05:49,LIGHT,44,
2026-05-16,05:50,LIGHT,44,
2026-05-16,05:51,LIGHT,44,
2026-05-16,05:52,WAKE,44,
2026-05-16,05:53,LIGHT,44,
2026-05-16,05:54,LIGHT,44,
2026-05-16,05:55,LIGHT,44,
2026-05-16,05:56,LIGHT,44,
2026-05-16,05:57,LIGHT,44,
2026-05-16,05:58,LIGHT,44,
2026-05-16,05:59,LIGHT,50,
2026-05-16,06:00,LIGHT,50,
2026-05-16,06:01,LIGHT,47,
2026-05-16,06:02,LIGHT,48,
2026-05-16,06:03,LIGHT,46,
2026-05-16,06:04,LIGHT,46,
2026-05-16,06:05,LIGHT,45,
2026-05-16,06:06,LIGHT,45,
2026-05-16,06:07,LIGHT,45,
2026-05-16,06:08,LIGHT,45,
2026-05-16,06:09,LIGHT,45,
2026-05-16,06:10,LIGHT,45,
2026-05-16,06:11,LIGHT,46,
2026-05-16,06:12,LIGHT,46,
2026-05-16,06:13,LIGHT,46,
2026-05-16,06:14,LIGHT,45,
2026-05-16,06:15,LIGHT,45,
2026-05-16,06:16,LIGHT,45,
2026-05-16,06:17,LIGHT,45,
2026-05-16,06:18,LIGHT,45,
2026-05-16,06:19,LIGHT,45,
2026-05-16,06:20,LIGHT,48,
2026-05-16,06:21,LIGHT,49,
2026-05-16,06:22,LIGHT,46,
2026-05-16,06:23,DEEP,46,
2026-05-16,06:24,DEEP,46,
2026-05-16,06:25,DEEP,49,
2026-05-16,06:26,DEEP,55,
2026-05-16,06:27,DEEP,52,
2026-05-16,06:28,DEEP,49,
2026-05-16,06:29,DEEP,46,
2026-05-16,06:30,LIGHT,45,
2026-05-16,06:31,LIGHT,45,
2026-05-16,06:32,LIGHT,45,
2026-05-16,06:33,LIGHT,44,
2026-05-16,06:34,LIGHT,45,
2026-05-16,06:35,LIGHT,46,
2026-05-16,06:36,LIGHT,45,
2026-05-16,06:37,LIGHT,45,
2026-05-16,06:38,LIGHT,45,
2026-05-16,06:39,REM,45,
2026-05-16,06:40,REM,45,
2026-05-16,06:41,REM,49,
2026-05-16,06:42,REM,48,
2026-05-16,06:43,REM,45,
2026-05-16,06:44,REM,43,
2026-05-16,06:45,REM,43,
2026-05-16,06:46,REM,44,
2026-05-16,06:47,REM,43,
2026-05-16,06:48,REM,41,
2026-05-16,06:49,REM,41,
2026-05-16,06:50,REM,41,
2026-05-16,06:51,REM,42,
2026-05-16,06:52,REM,43,
2026-05-16,06:53,REM,45,
2026-05-16,06:54,REM,48,
2026-05-16,06:55,REM,46,
2026-05-16,06:56,REM,44,
2026-05-16,06:57,REM,44,
2026-05-16,06:58,REM,44,
2026-05-16,06:59,REM,44,
2026-05-16,07:00,REM,41,
2026-05-16,07:01,REM,41,
2026-05-16,07:02,REM,45,
2026-05-16,07:03,REM,46,
2026-05-16,07:04,REM,44,
2026-05-16,07:05,REM,44,
2026-05-16,07:06,REM,44,
2026-05-16,07:07,REM,49,
2026-05-16,07:08,REM,43,
2026-05-16,07:09,LIGHT,43,
2026-05-16,07:10,LIGHT,43,
2026-05-16,07:11,LIGHT,42,
2026-05-16,07:12,LIGHT,44,
2026-05-16,07:13,LIGHT,43,
2026-05-16,07:14,LIGHT,43,
2026-05-16,07:15,LIGHT,42,
2026-05-16,07:16,LIGHT,43,
2026-05-16,07:17,LIGHT,48,
2026-05-16,07:18,LIGHT,44,
2026-05-16,07:19,LIGHT,44,
2026-05-16,07:20,LIGHT,41,
2026-05-16,07:21,LIGHT,41,
2026-05-16,07:22,LIGHT,41,
2026-05-16,07:23,LIGHT,42,
2026-05-16,07:24,LIGHT,43,
2026-05-16,07:25,LIGHT,43,
2026-05-16,07:26,LIGHT,43,
2026-05-16,07:27,LIGHT,43,
2026-05-16,07:28,LIGHT,43,
2026-05-16,07:29,LIGHT,43,
2026-05-16,07:30,LIGHT,43,
2026-05-16,07:31,LIGHT,44,
2026-05-16,07:32,LIGHT,43,
2026-05-16,07:33,LIGHT,49,
2026-05-16,07:34,LIGHT,43,
2026-05-16,07:35,LIGHT,41,
2026-05-16,07:36,LIGHT,41,
2026-05-16,07:37,LIGHT,42,
2026-05-16,07:38,LIGHT,42,
2026-05-16,07:39,LIGHT,42,
2026-05-16,07:40,LIGHT,42,
2026-05-16,07:41,LIGHT,42,
2026-05-16,07:42,LIGHT,42,
2026-05-16,07:43,LIGHT,42,
2026-05-16,07:44,LIGHT,42,
2026-05-16,07:45,LIGHT,42,
2026-05-16,07:46,LIGHT,42,
2026-05-16,07:47,LIGHT,42,
2026-05-16,07:48,LIGHT,42,
2026-05-16,07:49,LIGHT,41,
2026-05-16,07:50,LIGHT,41,
2026-05-16,07:51,LIGHT,41,
2026-05-16,07:52,LIGHT,41,
2026-05-16,07:53,LIGHT,41,
2026-05-16,07:54,LIGHT,41,
2026-05-16,07:55,LIGHT,41,
2026-05-16,07:56,LIGHT,41,
2026-05-16,07:57,LIGHT,41,
2026-05-16,07:58,LIGHT,41,
2026-05-16,07:59,LIGHT,41,
2026-05-16,08:00,LIGHT,41,
2026-05-16,08:01,LIGHT,41,
2026-05-16,08:02,LIGHT,41,
2026-05-16,08:03,LIGHT,41,
2026-05-16,08:04,LIGHT,42,
2026-05-16,08:05,LIGHT,42,
2026-05-16,08:06,LIGHT,42,
2026-05-16,08:07,REM,42,
2026-05-16,08:08,REM,42,
2026-05-16,08:09,REM,42,
2026-05-16,08:10,REM,42,
2026-05-16,08:11,REM,42,
2026-05-16,08:12,REM,42,
2026-05-16,08:13,REM,43,
2026-05-16,08:14,REM,44,
2026-05-16,08:15,REM,60,
2026-05-16,08:16,REM,58,
2026-05-16,08:17,REM,52,
2026-05-16,08:18,REM,47,
2026-05-16,08:19,REM,46,
2026-05-16,08:20,REM,46,
2026-05-16,08:21,REM,44,
2026-05-16,08:22,REM,44,
2026-05-16,08:23,REM,44,
2026-05-16,08:24,REM,44,
2026-05-16,08:25,REM,46,
2026-05-16,08:26,REM,55,
2026-05-16,08:27,REM,49,
2026-05-16,08:28,REM,52,
2026-05-16,08:29,REM,49,
2026-05-16,08:30,REM,46,
2026-05-16,08:31,REM,45,
2026-05-16,08:32,REM,45,
2026-05-16,08:33,LIGHT,44,
2026-05-16,08:34,LIGHT,44,
2026-05-16,08:35,LIGHT,46,
2026-05-16,08:36,WAKE,45,
2026-05-16,08:37,LIGHT,44,
2026-05-16,08:38,LIGHT,47,
2026-05-16,08:39,LIGHT,49,
2026-05-16,08:40,LIGHT,46,
2026-05-16,08:41,LIGHT,45,
2026-05-16,08:42,LIGHT,44,
2026-05-16,08:43,LIGHT,46,
2026-05-16,08:44,LIGHT,51,
2026-05-16,08:45,LIGHT,47,
2026-05-16,08:46,LIGHT,44,
2026-05-16,08:47,LIGHT,43,
2026-05-16,08:48,LIGHT,43,
2026-05-16,08:49,LIGHT,53,
2026-05-16,08:50,LIGHT,45,
2026-05-16,08:51,LIGHT,45,
2026-05-16,08:52,LIGHT,45,
2026-05-16,08:53,LIGHT,46,
2026-05-16,08:54,LIGHT,47,
2026-05-16,08:55,LIGHT,45,
2026-05-16,08:56,LIGHT,53,
2026-05-16,08:57,LIGHT,47,
2026-05-16,08:58,LIGHT,44,
2026-05-16,08:59,LIGHT,46,
2026-05-16,09:00,LIGHT,46,
2026-05-16,09:01,LIGHT,46,
2026-05-16,09:02,LIGHT,45,
2026-05-16,09:03,LIGHT,45,
2026-05-16,09:04,LIGHT,45,
2026-05-16,09:05,LIGHT,45,
2026-05-16,09:06,LIGHT,45,
2026-05-16,09:07,LIGHT,44,
2026-05-16,09:08,LIGHT,44,
2026-05-16,09:09,LIGHT,45,
2026-05-16,09:10,LIGHT,45,
2026-05-16,09:11,LIGHT,45,
2026-05-16,09:12,LIGHT,45,
2026-05-16,09:13,LIGHT,44,
2026-05-16,09:14,LIGHT,44,
2026-05-16,09:15,LIGHT,44,
2026-05-16,09:16,LIGHT,44,
2026-05-16,09:17,LIGHT,45,
2026-05-16,09:18,LIGHT,50,
2026-05-16,09:19,LIGHT,44,
2026-05-16,09:20,LIGHT,43,
2026-05-16,09:21,LIGHT,43,
2026-05-16,09:22,LIGHT,42,
2026-05-16,09:23,LIGHT,41,
2026-05-16,09:24,LIGHT,41,
2026-05-16,09:25,LIGHT,41,
2026-05-16,09:26,LIGHT,41,
2026-05-16,09:27,LIGHT,42,
2026-05-16,09:28,LIGHT,49,
2026-05-16,09:29,DEEP,44,
2026-05-16,09:30,DEEP,43,
2026-05-16,09:31,DEEP,43,
2026-05-16,09:32,DEEP,43,
2026-05-16,09:33,DEEP,43,
2026-05-16,09:34,DEEP,43,
2026-05-16,09:35,DEEP,43,
2026-05-16,09:36,LIGHT,42,
2026-05-16,09:37,LIGHT,44,
2026-05-16,09:38,LIGHT,47,
2026-05-16,09:39,LIGHT,54,
2026-05-16,09:40,LIGHT,51,
2026-05-16,09:41,LIGHT,49,
2026-05-16,09:42,LIGHT,46,
2026-05-16,09:43,LIGHT,47,
2026-05-16,09:44,LIGHT,46,
2026-05-16,09:45,LIGHT,54,
2026-05-16,09:46,LIGHT,52,
2026-05-16,09:47,LIGHT,49,
2026-05-16,09:48,LIGHT,47,
2026-05-16,09:49,LIGHT,47,
2026-05-16,09:50,DEEP,47,
2026-05-16,09:51,DEEP,47,
2026-05-16,09:52,DEEP,46,
2026-05-16,09:53,DEEP,46,
2026-05-16,09:54,DEEP,46,
2026-05-16,09:55,DEEP,46,
2026-05-16,09:56,DEEP,47,
2026-05-16,09:57,DEEP,46,
2026-05-16,09:58,DEEP,46,
2026-05-16,09:59,LIGHT,45,
2026-05-16,10:00,LIGHT,45,
2026-05-16,10:01,LIGHT,45,
2026-05-16,10:02,LIGHT,47,
2026-05-16,10:03,LIGHT,46,
2026-05-16,10:04,LIGHT,47,
2026-05-16,10:05,REM,47,
2026-05-16,10:06,REM,47,
2026-05-16,10:07,REM,46,
2026-05-16,10:08,REM,46,
2026-05-16,10:09,REM,46,
2026-05-16,10:10,REM,46,
2026-05-16,10:11,REM,46,
2026-05-16,10:12,REM,45,
2026-05-16,10:13,REM,45,
2026-05-16,10:14,REM,45,
2026-05-16,10:15,REM,44,
2026-05-16,10:16,REM,44,
2026-05-16,10:17,REM,45,
2026-05-16,10:18,REM,45,
2026-05-16,10:19,REM,44,
2026-05-16,10:20,REM,44,
2026-05-16,10:21,REM,44,
2026-05-16,10:22,REM,45,
2026-05-16,10:23,REM,45,
2026-05-16,10:24,REM,45,
2026-05-16,10:25,REM,45,
2026-05-16,10:26,REM,44,
2026-05-16,10:27,REM,44,
2026-05-16,10:28,REM,44,
2026-05-16,10:29,REM,44,
2026-05-16,10:30,REM,43,
2026-05-16,10:31,REM,43,
2026-05-16,10:32,REM,43,
2026-05-16,10:33,REM,43,
2026-05-16,10:34,REM,43,
2026-05-16,10:35,REM,43,
2026-05-16,10:36,REM,43,
2026-05-16,10:37,REM,43,
2026-05-16,10:38,REM,43,
2026-05-16,10:39,REM,43,
2026-05-16,10:40,REM,43,
2026-05-16,10:41,REM,43,
2026-05-16,10:42,REM,43,
2026-05-16,10:43,REM,43,
2026-05-16,10:44,REM,43,
2026-05-16,10:45,REM,47,
2026-05-16,10:46,REM,45,
2026-05-16,10:47,LIGHT,44,
2026-05-16,10:48,LIGHT,51,
2026-05-16,10:49,LIGHT,45,
2026-05-16,10:50,LIGHT,42,
2026-05-16,10:51,LIGHT,49,
2026-05-16,10:52,LIGHT,45,
2026-05-16,10:53,LIGHT,42,
2026-05-16,10:54,LIGHT,45,
2026-05-16,10:55,LIGHT,45,
2026-05-16,10:56,LIGHT,46,
2026-05-16,10:57,LIGHT,41,
2026-05-16,10:58,LIGHT,40,
2026-05-16,10:59,LIGHT,40,
2026-05-16,11:00,LIGHT,41,
2026-05-16,11:01,LIGHT,43,
2026-05-16,11:02,LIGHT,40,
2026-05-16,11:03,LIGHT,42,
2026-05-16,11:04,LIGHT,40,
2026-05-16,11:05,LIGHT,40,
2026-05-16,11:06,LIGHT,40,
2026-05-16,11:07,LIGHT,40,
2026-05-16,11:08,LIGHT,42,
2026-05-16,11:09,LIGHT,47,
2026-05-16,11:10,LIGHT,41,
2026-05-16,11:11,LIGHT,41,
2026-05-16,11:12,LIGHT,42,
2026-05-16,11:13,LIGHT,42,
2026-05-16,11:14,DEEP,42,
2026-05-16,11:15,DEEP,47,
2026-05-16,11:16,DEEP,41,
2026-05-16,11:17,DEEP,41,
2026-05-16,11:18,DEEP,41,
2026-05-16,11:19,DEEP,41,
2026-05-16,11:20,LIGHT,43,
2026-05-16,11:21,LIGHT,41,
2026-05-16,11:22,LIGHT,42,
2026-05-16,11:23,LIGHT,41,
2026-05-16,11:24,LIGHT,41,
2026-05-16,11:25,LIGHT,42,
2026-05-16,11:26,LIGHT,43,
2026-05-16,11:27,LIGHT,41,
2026-05-16,11:28,LIGHT,41,
2026-05-16,11:29,LIGHT,41,
2026-05-16,11:30,LIGHT,41,
2026-05-16,11:31,LIGHT,42,
2026-05-16,11:32,LIGHT,42,
2026-05-16,11:33,LIGHT,45,
2026-05-16,11:34,LIGHT,47,
2026-05-16,11:35,LIGHT,44,
2026-05-16,11:36,LIGHT,42,
2026-05-16,11:37,LIGHT,41,
2026-05-16,11:38,LIGHT,47,
2026-05-16,11:39,LIGHT,45,
2026-05-16,11:40,LIGHT,45,
2026-05-16,11:41,REM,54,
2026-05-16,11:42,REM,53,
2026-05-16,11:43,REM,52,
2026-05-16,11:44,REM,52,
2026-05-16,11:45,LIGHT,49,
2026-05-16,11:46,LIGHT,47,
2026-05-16,11:47,LIGHT,47,
2026-05-16,11:48,WAKE,50,
2026-05-16,11:49,LIGHT,52,
2026-05-16,11:50,LIGHT,49,
2026-05-16,11:51,LIGHT,49,
2026-05-16,11:52,REM,49,
2026-05-16,11:53,REM,45,
2026-05-16,11:54,REM,47,
2026-05-16,11:55,REM,50,
2026-05-16,11:56,REM,47,
2026-05-16,11:57,REM,47,
2026-05-16,11:58,REM,44,
2026-05-16,11:59,REM,51,
2026-05-16,12:00,REM,61,
2026-05-16,12:01,REM,55,
2026-05-16,12:02,REM,60,
2026-05-16,12:03,REM,52,
2026-05-16,12:04,REM,48,
2026-05-16,12:05,REM,48,
2026-05-16,12:06,REM,45,
2026-05-16,12:07,REM,46,
2026-05-16,12:08,REM,53,
2026-05-16,12:09,REM,47,
2026-05-16,12:10,REM,47,
2026-05-16,12:11,REM,47,
2026-05-16,12:12,REM,45,
2026-05-16,12:13,REM,47,
2026-05-16,12:14,REM,51,
2026-05-16,12:15,REM,52,
2026-05-16,12:16,REM,56,
2026-05-16,12:17,REM,49,
2026-05-16,12:18,LIGHT,51,
2026-05-16,12:19,LIGHT,51,
2026-05-16,12:20,LIGHT,49,
2026-05-16,12:21,LIGHT,46,
2026-05-16,12:22,LIGHT,60,
2026-05-16,12:23,LIGHT,54,
2026-05-16,12:24,LIGHT,57,
2026-05-16,12:25,LIGHT,59,
2026-05-16,12:26,LIGHT,53,
2026-05-16,12:27,LIGHT,49,
2026-05-16,12:28,LIGHT,48,
2026-05-16,12:29,LIGHT,47,
2026-05-16,14:45,LIGHT,58,
2026-05-16,14:46,LIGHT,55,
2026-05-16,14:47,LIGHT,55,
2026-05-16,14:48,LIGHT,55,
2026-05-16,14:49,LIGHT,55,
2026-05-16,14:50,LIGHT,53,
2026-05-16,14:51,LIGHT,55,
2026-05-16,14:52,LIGHT,52,
2026-05-16,14:53,LIGHT,55,
2026-05-16,14:54,LIGHT,56,
2026-05-16,14:55,LIGHT,53,
2026-05-16,14:56,LIGHT,61,
2026-05-16,14:57,LIGHT,71,
2026-05-16,14:58,LIGHT,67,
2026-05-16,14:59,LIGHT,67,
2026-05-16,15:00,LIGHT,58,
2026-05-16,15:01,LIGHT,52,
2026-05-16,15:02,LIGHT,50,
2026-05-16,15:03,LIGHT,47,
2026-05-16,15:04,DEEP,47,
2026-05-16,15:05,DEEP,48,
2026-05-16,15:06,LIGHT,48,
2026-05-16,15:07,LIGHT,49,
2026-05-16,15:08,LIGHT,47,
2026-05-16,15:09,LIGHT,48,
2026-05-16,15:10,LIGHT,49,
2026-05-16,15:11,LIGHT,50,
2026-05-16,15:12,LIGHT,57,
2026-05-16,15:13,LIGHT,57,
2026-05-16,15:14,LIGHT,53,
2026-05-16,15:15,LIGHT,54,
2026-05-16,15:16,LIGHT,54,
2026-05-16,15:17,LIGHT,51,
2026-05-16,15:18,LIGHT,51,
2026-05-16,15:19,LIGHT,50,
2026-05-17,04:02,LIGHT,84,
2026-05-17,04:03,LIGHT,79,
2026-05-17,04:04,LIGHT,76,
2026-05-17,04:05,LIGHT,76,
2026-05-17,04:06,LIGHT,78,
2026-05-17,04:07,LIGHT,84,
2026-05-17,04:08,LIGHT,90,
2026-05-17,04:09,LIGHT,87,
2026-05-17,04:10,LIGHT,92,
2026-05-17,04:11,LIGHT,89,
2026-05-17,04:12,LIGHT,88,
2026-05-17,04:13,LIGHT,85,
2026-05-17,04:14,LIGHT,81,
2026-05-17,04:15,LIGHT,84,
2026-05-17,04:16,LIGHT,81,
2026-05-17,04:17,DEEP,84,
2026-05-17,04:18,DEEP,84,
2026-05-17,04:19,DEEP,83,
2026-05-17,04:20,DEEP,79,
2026-05-17,04:21,DEEP,77,
2026-05-17,04:22,DEEP,80,
2026-05-17,04:23,DEEP,80,
2026-05-17,04:24,DEEP,83,
2026-05-17,04:25,DEEP,82,
2026-05-17,04:26,DEEP,81,
2026-05-17,04:27,DEEP,83,
2026-05-17,04:28,DEEP,74,
2026-05-17,04:29,DEEP,76,
2026-05-17,04:30,DEEP,81,
2026-05-17,04:31,DEEP,74,
2026-05-17,04:32,DEEP,76,
2026-05-17,04:33,LIGHT,76,
2026-05-17,04:34,LIGHT,80,
2026-05-17,04:35,LIGHT,83,
2026-05-17,04:36,LIGHT,83,
2026-05-17,04:37,LIGHT,85,
2026-05-17,04:38,LIGHT,80,
2026-05-17,04:39,LIGHT,82,
2026-05-17,04:40,LIGHT,80,
2026-05-17,04:41,LIGHT,75,
2026-05-17,04:42,LIGHT,75,
2026-05-17,04:43,LIGHT,76,
2026-05-17,04:44,LIGHT,76,
2026-05-17,04:45,LIGHT,78,
2026-05-17,04:46,LIGHT,81,
2026-05-17,04:47,LIGHT,78,
2026-05-17,04:48,LIGHT,78,
2026-05-17,04:49,LIGHT,76,
2026-05-17,04:50,LIGHT,80,
2026-05-17,04:51,LIGHT,81,
2026-05-17,04:52,DEEP,78,
2026-05-17,04:53,DEEP,82,
2026-05-17,04:54,DEEP,81,
2026-05-17,04:55,DEEP,78,
2026-05-17,04:56,DEEP,84,
2026-05-17,04:57,DEEP,81,
2026-05-17,04:58,DEEP,81,
2026-05-17,04:59,DEEP,80,
2026-05-17,05:00,DEEP,82,
2026-05-17,05:01,LIGHT,79,
2026-05-17,05:02,LIGHT,86,
2026-05-17,05:03,LIGHT,92,
2026-05-17,05:04,LIGHT,93,
2026-05-17,05:05,LIGHT,79,
2026-05-17,05:06,LIGHT,77,
2026-05-17,05:07,LIGHT,77,
2026-05-17,05:08,LIGHT,75,
2026-05-17,05:09,LIGHT,72,
2026-05-17,05:10,LIGHT,73,
2026-05-17,05:11,LIGHT,75,
2026-05-17,05:12,LIGHT,77,
2026-05-17,05:13,LIGHT,95,
2026-05-17,05:14,REM,87,
2026-05-17,05:15,REM,79,
2026-05-17,05:16,REM,78,
2026-05-17,05:17,REM,77,
2026-05-17,05:18,REM,82,
2026-05-17,05:19,REM,97,
2026-05-17,05:20,REM,91,
2026-05-17,05:21,REM,86,
2026-05-17,05:22,REM,88,
2026-05-17,05:23,REM,86,
2026-05-17,05:24,REM,89,
2026-05-17,05:25,REM,87,
2026-05-17,05:26,REM,81,
2026-05-17,05:27,REM,81,
2026-05-17,05:28,REM,86,
2026-05-17,05:29,REM,80,
2026-05-17,05:30,REM,85,
2026-05-17,05:31,REM,84,
2026-05-17,05:32,REM,85,
2026-05-17,05:33,REM,82,
2026-05-17,05:34,REM,83,
2026-05-17,05:35,REM,75,
2026-05-17,05:36,REM,75,
2026-05-17,05:37,REM,75,
2026-05-17,05:38,LIGHT,81,
2026-05-17,05:39,LIGHT,80,
2026-05-17,05:40,LIGHT,73,
2026-05-17,05:41,LIGHT,73,
2026-05-17,05:42,LIGHT,76,
2026-05-17,05:43,LIGHT,79,
2026-05-17,05:44,LIGHT,76,
2026-05-17,05:45,LIGHT,81,
2026-05-17,05:46,LIGHT,76,
2026-05-17,05:47,LIGHT,76,
2026-05-17,05:48,LIGHT,77,
2026-05-17,05:49,LIGHT,69,
2026-05-17,05:50,LIGHT,70,
2026-05-17,05:51,LIGHT,72,
2026-05-17,05:52,LIGHT,72,
2026-05-17,05:53,LIGHT,71,
2026-05-17,05:54,LIGHT,71,
2026-05-17,05:55,LIGHT,71,
2026-05-17,05:56,LIGHT,72,
2026-05-17,05:57,LIGHT,71,
2026-05-17,05:58,LIGHT,76,
2026-05-17,05:59,LIGHT,73,
2026-05-17,06:00,LIGHT,71,
2026-05-17,06:01,WAKE,75,
2026-05-17,06:02,LIGHT,74,
2026-05-17,06:03,LIGHT,94,
2026-05-17,06:04,LIGHT,91,
2026-05-17,06:05,LIGHT,86,
2026-05-17,06:06,LIGHT,76,
2026-05-17,06:07,LIGHT,70,
2026-05-17,06:08,LIGHT,75,
2026-05-17,06:09,LIGHT,81,
2026-05-17,06:10,LIGHT,75,
2026-05-17,06:11,LIGHT,76,
2026-05-17,06:12,LIGHT,73,
2026-05-17,06:13,LIGHT,68,
2026-05-17,06:14,LIGHT,66,
2026-05-17,06:15,LIGHT,79,
2026-05-17,06:16,LIGHT,79,
2026-05-17,06:17,LIGHT,76,
2026-05-17,06:18,LIGHT,73,
2026-05-17,06:19,LIGHT,77,
2026-05-17,06:20,LIGHT,82,
2026-05-17,06:21,LIGHT,86,
2026-05-17,06:22,LIGHT,84,
2026-05-17,06:23,LIGHT,93,
2026-05-17,06:24,LIGHT,80,
2026-05-17,06:25,LIGHT,72,
2026-05-17,06:26,LIGHT,69,
2026-05-17,06:27,WAKE,72,
2026-05-17,06:28,LIGHT,68,
2026-05-17,06:29,LIGHT,67,
2026-05-17,06:30,LIGHT,65,
2026-05-17,06:31,LIGHT,65,
2026-05-17,06:32,LIGHT,65,
2026-05-17,06:33,LIGHT,68,
2026-05-17,06:34,LIGHT,67,
2026-05-17,06:35,LIGHT,66,
2026-05-17,06:36,LIGHT,66,
2026-05-17,06:37,REM,64,
2026-05-17,06:38,REM,69,
2026-05-17,06:39,REM,76,
2026-05-17,06:40,REM,86,
2026-05-17,06:41,REM,93,
2026-05-17,06:42,REM,77,
2026-05-17,06:43,REM,68,
2026-05-17,06:44,REM,65,
2026-05-17,06:45,REM,61,
2026-05-17,06:46,REM,61,
2026-05-17,06:47,REM,64,
2026-05-17,06:48,REM,64,
2026-05-17,06:49,REM,70,
2026-05-17,06:50,REM,70,
2026-05-17,06:51,REM,66,
2026-05-17,06:52,REM,66,
2026-05-17,06:53,REM,66,
2026-05-17,06:54,REM,66,
2026-05-17,06:55,REM,71,
2026-05-17,06:56,REM,70,
2026-05-17,06:57,REM,67,
2026-05-17,06:58,REM,66,
2026-05-17,06:59,REM,67,
2026-05-17,07:00,REM,67,
2026-05-17,07:01,REM,67,
2026-05-17,07:02,REM,67,
2026-05-17,07:03,REM,65,
2026-05-17,07:04,REM,65,
2026-05-17,07:05,REM,70,
2026-05-17,07:06,REM,74,
2026-05-17,07:07,REM,81,
2026-05-17,07:08,REM,70,
2026-05-17,07:09,REM,66,
2026-05-17,07:10,REM,69,
2026-05-17,07:11,REM,69,
2026-05-17,07:12,REM,69,
2026-05-17,07:13,REM,69,
2026-05-17,07:14,REM,69,
2026-05-17,07:15,REM,66,
2026-05-17,07:16,REM,66,
2026-05-17,07:17,REM,66,
2026-05-17,07:18,REM,66,
2026-05-17,07:19,LIGHT,62,
2026-05-17,07:20,LIGHT,62,
2026-05-17,07:21,LIGHT,62,
2026-05-17,07:22,LIGHT,63,
2026-05-17,07:23,LIGHT,63,
2026-05-17,07:24,LIGHT,61,
2026-05-17,07:25,LIGHT,61,
2026-05-17,07:26,LIGHT,62,
2026-05-17,07:27,LIGHT,64,
2026-05-17,07:28,LIGHT,64,
2026-05-17,07:29,LIGHT,64,
2026-05-17,07:30,LIGHT,63,
2026-05-17,07:31,LIGHT,63,
2026-05-17,07:32,LIGHT,66,
2026-05-17,07:33,LIGHT,63,
2026-05-17,07:34,LIGHT,62,
2026-05-17,07:35,LIGHT,62,
2026-05-17,07:36,LIGHT,62,
2026-05-17,07:37,LIGHT,64,
2026-05-17,07:38,LIGHT,64,
2026-05-17,07:39,LIGHT,65,
2026-05-17,07:40,LIGHT,63,
2026-05-17,07:41,LIGHT,64,
2026-05-17,07:42,LIGHT,63,
2026-05-17,07:43,LIGHT,60,
2026-05-17,07:44,LIGHT,60,
2026-05-17,07:45,LIGHT,60,
2026-05-17,07:46,LIGHT,60,
2026-05-17,07:47,LIGHT,65,
2026-05-17,07:48,LIGHT,65,
2026-05-17,07:49,LIGHT,61,
2026-05-17,07:50,LIGHT,59,
2026-05-17,07:51,DEEP,59,
2026-05-17,07:52,DEEP,59,
2026-05-17,07:53,DEEP,62,
2026-05-17,07:54,DEEP,60,
2026-05-17,07:55,DEEP,60,
2026-05-17,07:56,DEEP,60,
2026-05-17,07:57,DEEP,60,
2026-05-17,07:58,DEEP,59,
2026-05-17,07:59,DEEP,59,
2026-05-17,08:00,DEEP,60,
2026-05-17,08:01,DEEP,61,
2026-05-17,08:02,DEEP,61,
2026-05-17,08:03,DEEP,61,
2026-05-17,08:04,DEEP,61,
2026-05-17,08:05,DEEP,61,
2026-05-17,08:06,DEEP,61,
2026-05-17,08:07,DEEP,61,
2026-05-17,08:08,DEEP,63,
2026-05-17,08:09,DEEP,64,
2026-05-17,08:10,DEEP,64,
2026-05-17,08:11,DEEP,60,
2026-05-17,08:12,DEEP,58,
2026-05-17,08:13,DEEP,60,
2026-05-17,08:14,LIGHT,60,
2026-05-17,08:15,LIGHT,60,
2026-05-17,08:16,LIGHT,62,
2026-05-17,08:17,WAKE,61,
2026-05-17,08:18,LIGHT,61,
2026-05-17,08:19,LIGHT,61,
2026-05-17,08:20,LIGHT,64,
2026-05-17,08:21,LIGHT,69,
2026-05-17,08:22,LIGHT,61,
2026-05-17,08:23,LIGHT,61,
2026-05-17,08:24,LIGHT,60,
2026-05-17,08:25,LIGHT,65,
2026-05-17,08:26,LIGHT,64,
2026-05-17,08:27,WAKE,65,
2026-05-17,08:28,WAKE,64,
2026-05-17,08:29,WAKE,64,
2026-05-17,08:30,WAKE,61,
2026-05-17,08:31,LIGHT,63,
2026-05-17,08:32,LIGHT,63,
2026-05-17,08:33,LIGHT,63,
2026-05-17,08:34,REM,63,
2026-05-17,08:35,REM,63,
2026-05-17,08:36,REM,63,
2026-05-17,08:37,REM,63,
2026-05-17,08:38,REM,65,
2026-05-17,08:39,LIGHT,62,
2026-05-17,08:40,LIGHT,62,
2026-05-17,08:41,LIGHT,62,
2026-05-17,08:42,LIGHT,62,
2026-05-17,08:43,LIGHT,62,
2026-05-17,08:44,LIGHT,62,
2026-05-17,08:45,LIGHT,62,
2026-05-17,08:46,LIGHT,62,
2026-05-17,08:47,LIGHT,62,
2026-05-17,08:48,LIGHT,62,
2026-05-17,08:49,LIGHT,61,
2026-05-17,08:50,LIGHT,61,
2026-05-17,08:51,LIGHT,61,
2026-05-17,08:52,LIGHT,61,
2026-05-17,08:53,LIGHT,61,
2026-05-17,08:54,LIGHT,61,
2026-05-17,08:55,LIGHT,61,
2026-05-17,08:56,LIGHT,61,
2026-05-17,08:57,WAKE,61,
2026-05-17,08:58,LIGHT,61,
2026-05-17,08:59,LIGHT,61,
2026-05-17,09:00,LIGHT,61,
2026-05-17,09:01,LIGHT,61,
2026-05-17,09:02,LIGHT,61,
2026-05-17,09:03,LIGHT,61,
2026-05-17,09:04,LIGHT,60,
2026-05-17,09:05,LIGHT,60,
2026-05-17,09:06,LIGHT,61,
2026-05-17,09:07,LIGHT,60,
2026-05-17,09:08,LIGHT,60,
2026-05-17,09:09,LIGHT,60,
2026-05-17,09:10,LIGHT,60,
2026-05-17,09:11,LIGHT,60,
2026-05-17,09:12,LIGHT,60,
2026-05-17,09:13,LIGHT,60,
2026-05-17,09:14,LIGHT,60,
2026-05-17,09:15,LIGHT,62,
2026-05-17,09:16,LIGHT,60,
2026-05-17,09:17,LIGHT,57,
2026-05-17,09:18,LIGHT,59,
2026-05-17,09:19,LIGHT,62,
2026-05-17,09:20,LIGHT,63,
2026-05-17,09:21,LIGHT,64,
2026-05-17,09:22,LIGHT,64,
2026-05-17,09:23,LIGHT,65,
2026-05-17,09:24,LIGHT,62,
2026-05-17,09:25,LIGHT,62,
2026-05-17,09:26,LIGHT,63,
2026-05-17,09:27,LIGHT,61,
2026-05-17,09:28,LIGHT,62,
2026-05-17,09:29,LIGHT,64,
2026-05-17,09:30,LIGHT,65,
2026-05-17,09:31,LIGHT,60,
2026-05-17,09:32,LIGHT,68,
2026-05-17,09:33,LIGHT,60,
2026-05-17,09:34,LIGHT,59,
2026-05-17,09:35,LIGHT,59,
2026-05-17,09:36,LIGHT,56,
2026-05-17,09:37,LIGHT,55,
2026-05-17,09:38,LIGHT,56,
2026-05-17,09:39,LIGHT,57,
2026-05-17,09:40,WAKE,57,
2026-05-17,09:41,WAKE,55,
2026-05-17,09:42,LIGHT,58,
2026-05-17,09:43,LIGHT,55,
2026-05-17,09:44,LIGHT,57,
2026-05-17,09:45,LIGHT,59,
2026-05-17,09:46,WAKE,60,
2026-05-17,09:47,LIGHT,61,
2026-05-17,09:48,LIGHT,55,
2026-05-17,09:49,LIGHT,55,
2026-05-17,09:50,REM,55,
2026-05-17,09:51,REM,56,
2026-05-17,09:52,REM,56,
2026-05-17,09:53,REM,55,
2026-05-17,09:54,REM,60,
2026-05-17,09:55,REM,65,
2026-05-17,09:56,REM,59,
2026-05-17,09:57,REM,56,
2026-05-17,09:58,REM,55,
2026-05-17,09:59,REM,57,
2026-05-17,10:00,REM,56,
2026-05-17,10:01,REM,58,
2026-05-17,10:02,REM,56,
2026-05-17,10:03,REM,56,
2026-05-17,10:04,REM,56,
2026-05-17,10:05,REM,56,
2026-05-17,10:06,REM,54,
2026-05-17,10:07,REM,55,
2026-05-17,10:08,REM,56,
2026-05-17,10:09,REM,56,
2026-05-17,10:10,REM,56,
2026-05-17,10:11,REM,57,
2026-05-17,10:12,REM,57,
2026-05-17,10:13,REM,57,
2026-05-17,10:14,LIGHT,57,
2026-05-17,10:15,LIGHT,60,
2026-05-17,10:16,LIGHT,70,
2026-05-17,10:17,LIGHT,59,
2026-05-17,10:18,LIGHT,57,
2026-05-17,10:19,LIGHT,57,
2026-05-17,10:20,LIGHT,57,
2026-05-17,10:21,LIGHT,62,
2026-05-17,10:22,LIGHT,64,
2026-05-17,10:23,LIGHT,59,
2026-05-17,10:24,LIGHT,58,
2026-05-17,10:25,LIGHT,56,
2026-05-17,10:26,LIGHT,56,
2026-05-17,10:27,LIGHT,56,
2026-05-17,10:28,LIGHT,56,
2026-05-17,10:29,LIGHT,55,
2026-05-17,10:30,LIGHT,57,
2026-05-17,10:31,LIGHT,57,
2026-05-17,10:32,LIGHT,56,
2026-05-17,10:33,LIGHT,56,
2026-05-17,10:34,DEEP,57,
2026-05-17,10:35,DEEP,58,
2026-05-17,10:36,DEEP,65,
2026-05-17,10:37,DEEP,61,
2026-05-17,10:38,DEEP,60,
2026-05-17,10:39,DEEP,59,
2026-05-17,10:40,DEEP,57,
2026-05-17,10:41,DEEP,60,
2026-05-17,10:42,DEEP,60,
2026-05-17,10:43,DEEP,60,
2026-05-17,10:44,DEEP,59,
2026-05-17,10:45,DEEP,59,
2026-05-17,10:46,LIGHT,66,
2026-05-17,10:47,LIGHT,60,
2026-05-17,10:48,LIGHT,54,
2026-05-17,10:49,WAKE,55,
2026-05-17,10:50,LIGHT,55,
2026-05-17,10:51,LIGHT,59,
2026-05-17,10:52,LIGHT,64,
2026-05-17,10:53,LIGHT,61,
2026-05-17,10:54,LIGHT,58,
2026-05-17,10:55,LIGHT,60,
2026-05-17,10:56,LIGHT,60,
2026-05-17,10:57,WAKE,58,
2026-05-17,10:58,LIGHT,60,
2026-05-17,10:59,LIGHT,62,
2026-05-17,11:00,LIGHT,65,
2026-05-17,11:01,LIGHT,63,
2026-05-17,11:02,LIGHT,65,
2026-05-17,11:03,LIGHT,63,
2026-05-17,11:04,LIGHT,63,
2026-05-17,11:05,LIGHT,60,
2026-05-17,11:06,LIGHT,60,
2026-05-17,11:07,LIGHT,59,
2026-05-17,11:08,LIGHT,61,
2026-05-17,11:09,LIGHT,58,
2026-05-17,11:10,LIGHT,59,
2026-05-17,11:11,LIGHT,64,
2026-05-17,11:12,LIGHT,59,
2026-05-17,11:13,LIGHT,57,
2026-05-17,11:14,LIGHT,57,
2026-05-17,11:15,LIGHT,55,
2026-05-17,11:16,LIGHT,56,
2026-05-17,11:17,LIGHT,58,
2026-05-17,11:18,LIGHT,57,
2026-05-17,11:19,LIGHT,57,
2026-05-17,11:20,LIGHT,55,
2026-05-17,11:21,LIGHT,55,
2026-05-17,11:22,LIGHT,56,
2026-05-17,11:23,LIGHT,56,
2026-05-17,11:24,LIGHT,57,
2026-05-17,11:25,LIGHT,56,
2026-05-17,11:26,LIGHT,56,
2026-05-17,11:27,LIGHT,56,
2026-05-17,11:28,LIGHT,55,
2026-05-17,11:29,LIGHT,56,
2026-05-17,11:30,LIGHT,56,
2026-05-17,11:31,LIGHT,56,
2026-05-17,11:32,LIGHT,56,
2026-05-17,11:33,LIGHT,56,
2026-05-17,11:34,LIGHT,56,
2026-05-17,11:35,LIGHT,58,
2026-05-17,11:36,LIGHT,62,
2026-05-18,07:24,LIGHT,52,
2026-05-18,07:25,LIGHT,56,
2026-05-18,07:26,LIGHT,50,
2026-05-18,07:27,LIGHT,52,
2026-05-18,07:28,LIGHT,51,
2026-05-18,07:29,LIGHT,51,
2026-05-18,07:30,LIGHT,52,
2026-05-18,07:31,LIGHT,49,
2026-05-18,07:32,LIGHT,50,
2026-05-18,07:33,LIGHT,52,
2026-05-18,07:34,LIGHT,54,
2026-05-18,07:35,LIGHT,59,
2026-05-18,07:36,LIGHT,53,
2026-05-18,07:37,LIGHT,54,
2026-05-18,07:38,LIGHT,54,
2026-05-18,07:39,DEEP,57,
2026-05-18,07:40,DEEP,57,
2026-05-18,07:41,DEEP,56,
2026-05-18,07:42,DEEP,53,
2026-05-18,07:43,DEEP,53,
2026-05-18,07:44,DEEP,58,
2026-05-18,07:45,DEEP,56,
2026-05-18,07:46,DEEP,55,
2026-05-18,07:47,DEEP,60,
2026-05-18,07:48,DEEP,57,
2026-05-18,07:49,DEEP,57,
2026-05-18,07:50,DEEP,56,
2026-05-18,07:51,DEEP,53,
2026-05-18,07:52,DEEP,53,
2026-05-18,07:53,DEEP,54,
2026-05-18,07:54,DEEP,53,
2026-05-18,07:55,LIGHT,50,
2026-05-18,07:56,LIGHT,51,
2026-05-18,07:57,LIGHT,52,
2026-05-18,07:58,LIGHT,52,
2026-05-18,07:59,DEEP,53,
2026-05-18,08:00,DEEP,55,
2026-05-18,08:01,DEEP,53,
2026-05-18,08:02,DEEP,53,
2026-05-18,08:03,DEEP,55,
2026-05-18,08:04,DEEP,57,
2026-05-18,08:05,DEEP,54,
2026-05-18,08:06,DEEP,53,
2026-05-18,08:07,DEEP,52,
2026-05-18,08:08,DEEP,51,
2026-05-18,08:09,DEEP,49,
2026-05-18,08:10,DEEP,49,
2026-05-18,08:11,LIGHT,50,
2026-05-18,08:12,LIGHT,50,
2026-05-18,08:13,LIGHT,50,
2026-05-18,08:14,LIGHT,50,
2026-05-18,08:15,LIGHT,50,
2026-05-18,08:16,DEEP,50,
2026-05-18,08:17,DEEP,50,
2026-05-18,08:18,DEEP,50,
2026-05-18,08:19,DEEP,50,
2026-05-18,08:20,DEEP,50,
2026-05-18,08:21,LIGHT,50,
2026-05-18,08:22,LIGHT,50,
2026-05-18,08:23,LIGHT,51,
2026-05-18,08:24,LIGHT,51,
2026-05-18,08:25,LIGHT,51,
2026-05-18,08:26,LIGHT,51,
2026-05-18,08:27,LIGHT,51,
2026-05-18,08:28,LIGHT,51,
2026-05-18,08:29,LIGHT,51,
2026-05-18,08:30,LIGHT,51,
2026-05-18,08:31,LIGHT,53,
2026-05-18,08:32,LIGHT,53,
2026-05-18,08:33,LIGHT,53,
2026-05-18,08:34,LIGHT,53,
2026-05-18,08:35,LIGHT,52,
2026-05-18,08:36,LIGHT,52,
2026-05-18,08:37,DEEP,52,
2026-05-18,08:38,DEEP,52,
2026-05-18,08:39,DEEP,52,
2026-05-18,08:40,DEEP,51,
2026-05-18,08:41,DEEP,52,
2026-05-18,08:42,DEEP,51,
2026-05-18,08:43,DEEP,51,
2026-05-18,08:44,DEEP,51,
2026-05-18,08:45,DEEP,51,
2026-05-18,08:46,DEEP,51,
2026-05-18,08:47,DEEP,51,
2026-05-18,08:48,DEEP,51,
2026-05-18,08:49,DEEP,50,
2026-05-18,08:50,DEEP,50,
2026-05-18,08:51,DEEP,50,
2026-05-18,08:52,DEEP,50,
2026-05-18,08:53,DEEP,50,
2026-05-18,08:54,DEEP,50,
2026-05-18,08:55,DEEP,50,
2026-05-18,08:56,DEEP,50,
2026-05-18,08:57,DEEP,50,
2026-05-18,08:58,DEEP,50,
2026-05-18,08:59,DEEP,50,
2026-05-18,09:00,DEEP,50,
2026-05-18,09:01,DEEP,49,
2026-05-18,09:02,DEEP,49,
2026-05-18,09:03,DEEP,49,
2026-05-18,09:04,DEEP,48,
2026-05-18,09:05,DEEP,60,
2026-05-18,09:06,DEEP,57,
2026-05-18,09:07,DEEP,56,
2026-05-18,09:08,DEEP,53,
2026-05-18,09:09,DEEP,52,
2026-05-18,09:10,DEEP,48,
2026-05-18,09:11,DEEP,47,
2026-05-18,09:12,DEEP,48,
2026-05-18,09:13,DEEP,48,
2026-05-18,09:14,DEEP,57,
2026-05-18,09:15,DEEP,50,
2026-05-18,09:16,DEEP,48,
2026-05-18,09:17,LIGHT,47,
2026-05-18,09:18,LIGHT,47,
2026-05-18,09:19,REM,47,
2026-05-18,09:20,REM,51,
2026-05-18,09:21,REM,53,
2026-05-18,09:22,REM,49,
2026-05-18,09:23,REM,47,
2026-05-18,09:24,REM,47,
2026-05-18,09:25,REM,48,
2026-05-18,09:26,REM,52,
2026-05-18,09:27,REM,49,
2026-05-18,09:28,REM,47,
2026-05-18,09:29,REM,47,
2026-05-18,09:30,REM,48,
2026-05-18,09:31,REM,48,
2026-05-18,09:32,REM,48,
2026-05-18,09:33,REM,49,
2026-05-18,09:34,REM,49,
2026-05-18,09:35,REM,49,
2026-05-18,09:36,REM,50,
2026-05-18,09:37,REM,56,
2026-05-18,09:38,REM,61,
2026-05-18,09:39,REM,63,
2026-05-18,09:40,REM,62,
2026-05-18,09:41,REM,53,
2026-05-18,09:42,REM,50,
2026-05-18,09:43,REM,50,
2026-05-18,09:44,REM,53,
2026-05-18,09:45,LIGHT,50,
2026-05-18,09:46,LIGHT,49,
2026-05-18,09:47,LIGHT,50,
2026-05-18,09:48,LIGHT,53,
2026-05-18,09:49,LIGHT,53,
2026-05-18,09:50,LIGHT,50,
2026-05-18,09:51,LIGHT,50,
2026-05-18,09:52,LIGHT,50,
2026-05-18,09:53,LIGHT,50,
2026-05-18,09:54,LIGHT,50,
2026-05-18,09:55,LIGHT,49,
2026-05-18,09:56,LIGHT,49,
2026-05-18,09:57,LIGHT,50,
2026-05-18,09:58,LIGHT,55,
2026-05-18,09:59,LIGHT,49,
2026-05-18,10:00,LIGHT,49,
2026-05-18,10:01,LIGHT,48,
2026-05-18,10:02,LIGHT,51,
2026-05-18,10:03,LIGHT,50,
2026-05-18,10:04,LIGHT,47,
2026-05-18,10:05,LIGHT,46,
2026-05-18,10:06,LIGHT,47,
2026-05-18,10:07,LIGHT,48,
2026-05-18,10:08,LIGHT,48,
2026-05-18,10:09,LIGHT,49,
2026-05-18,10:10,LIGHT,46,
2026-05-18,10:11,LIGHT,46,
2026-05-18,10:12,LIGHT,54,
2026-05-18,10:13,LIGHT,48,
2026-05-18,10:14,LIGHT,46,
2026-05-18,10:15,LIGHT,46,
2026-05-18,10:16,LIGHT,46,
2026-05-18,10:17,LIGHT,46,
2026-05-18,10:18,LIGHT,46,
2026-05-18,10:19,LIGHT,46,
2026-05-18,10:20,LIGHT,51,
2026-05-18,10:21,LIGHT,48,
2026-05-18,10:22,LIGHT,46,
2026-05-18,10:23,LIGHT,47,
2026-05-18,10:24,LIGHT,47,
2026-05-18,10:25,LIGHT,47,
2026-05-18,10:26,LIGHT,47,
2026-05-18,10:27,LIGHT,47,
2026-05-18,10:28,LIGHT,47,
2026-05-18,10:29,LIGHT,50,
2026-05-18,10:30,LIGHT,47,
2026-05-18,10:31,LIGHT,47,
2026-05-18,10:32,LIGHT,47,
2026-05-18,10:33,LIGHT,47,
2026-05-18,10:34,LIGHT,48,
2026-05-18,10:35,LIGHT,48,
2026-05-18,10:36,LIGHT,48,
2026-05-18,10:37,LIGHT,48,
2026-05-18,10:38,LIGHT,48,
2026-05-18,10:39,LIGHT,49,
2026-05-18,10:40,LIGHT,49,
2026-05-18,10:41,REM,49,
2026-05-18,10:42,REM,49,
2026-05-18,10:43,REM,49,
2026-05-18,10:44,REM,49,
2026-05-18,10:45,REM,49,
2026-05-18,10:46,REM,59,
2026-05-18,10:47,REM,51,
2026-05-18,10:48,REM,49,
2026-05-18,10:49,REM,49,
2026-05-18,10:50,REM,50,
2026-05-18,10:51,REM,50,
2026-05-18,10:52,REM,48,
2026-05-18,10:53,REM,49,
2026-05-18,10:54,REM,50,
2026-05-18,10:55,REM,50,
2026-05-18,10:56,REM,54,
2026-05-18,10:57,REM,64,
2026-05-18,10:58,REM,51,
2026-05-18,10:59,REM,52,
2026-05-18,11:00,REM,52,
2026-05-18,11:01,REM,52,
2026-05-18,11:02,REM,51,
2026-05-18,11:03,REM,52,
2026-05-18,11:04,REM,51,
2026-05-18,11:05,REM,56,
2026-05-18,11:06,REM,47,
2026-05-18,11:07,REM,46,
2026-05-18,11:08,REM,49,
2026-05-18,11:09,REM,44,
2026-05-18,11:10,REM,46,
2026-05-18,11:11,REM,49,
2026-05-18,11:12,REM,48,
2026-05-18,11:13,REM,46,
2026-05-18,11:14,REM,49,
2026-05-18,11:15,REM,46,
2026-05-18,11:16,REM,46,
2026-05-18,11:17,REM,46,
2026-05-18,11:18,REM,46,
2026-05-18,11:19,REM,46,
2026-05-18,11:20,REM,45,
2026-05-18,11:21,REM,47,
2026-05-18,11:22,REM,54,
2026-05-18,11:23,REM,48,
2026-05-18,11:24,REM,46,
2026-05-18,11:25,LIGHT,53,
2026-05-18,11:26,LIGHT,47,
2026-05-18,11:27,LIGHT,48,
2026-05-18,11:28,LIGHT,48,
2026-05-18,11:29,LIGHT,47,
2026-05-18,11:30,LIGHT,47,
2026-05-18,11:31,LIGHT,47,
2026-05-18,11:32,LIGHT,46,
2026-05-18,11:33,LIGHT,46,
2026-05-18,11:34,LIGHT,46,
2026-05-18,11:35,LIGHT,48,
2026-05-18,11:36,LIGHT,54,
2026-05-18,11:37,LIGHT,51,
2026-05-18,11:38,LIGHT,52,
2026-05-18,11:39,LIGHT,53,
2026-05-18,11:40,LIGHT,67,
2026-05-18,11:41,LIGHT,67,
2026-05-18,11:42,LIGHT,62,
2026-05-18,11:43,LIGHT,64,
2026-05-18,11:44,LIGHT,69,
2026-05-18,11:45,LIGHT,74,
2026-05-18,11:46,LIGHT,73,
2026-05-18,11:47,LIGHT,67,
2026-05-18,11:48,DEEP,65,
2026-05-18,11:49,DEEP,71,
2026-05-18,11:50,DEEP,70,
2026-05-18,11:51,DEEP,68,
2026-05-18,11:52,DEEP,69,
2026-05-18,11:53,DEEP,64,
2026-05-18,11:54,DEEP,66,
2026-05-18,11:55,DEEP,66,
2026-05-18,11:56,DEEP,64,
2026-05-18,11:57,DEEP,66,
2026-05-18,11:58,DEEP,66,
2026-05-18,11:59,DEEP,65,
2026-05-18,12:00,DEEP,65,
2026-05-18,12:01,LIGHT,64,
2026-05-18,12:02,LIGHT,66,
2026-05-18,12:03,LIGHT,70,
2026-05-18,12:04,WAKE,63,
2026-05-18,12:05,LIGHT,61,
2026-05-18,12:06,LIGHT,62,
2026-05-18,12:07,LIGHT,62,
2026-05-18,12:08,LIGHT,61,
2026-05-18,12:09,LIGHT,63,
2026-05-18,12:10,LIGHT,64,
2026-05-18,12:11,LIGHT,82,
2026-05-18,12:12,LIGHT,84,
2026-05-18,12:13,REM,78,
2026-05-18,12:14,REM,78,
2026-05-18,12:15,REM,65,
2026-05-18,12:16,REM,62,
2026-05-18,12:17,REM,71,
2026-05-18,12:18,REM,75,
2026-05-18,12:19,REM,77,
2026-05-18,12:20,REM,71,
2026-05-18,12:21,REM,,
2026-05-18,12:22,REM,,
2026-05-18,12:23,REM,,
2026-05-18,12:24,REM,,
2026-05-18,12:25,REM,,
2026-05-18,12:26,REM,,
2026-05-18,12:27,REM,,
2026-05-18,12:28,REM,,
2026-05-18,12:29,REM,,
2026-05-18,12:30,REM,,
2026-05-18,12:31,REM,,
2026-05-18,12:32,REM,,
2026-05-18,12:33,REM,,
2026-05-18,12:34,REM,,
2026-05-18,12:35,REM,,
2026-05-18,12:36,REM,,
2026-05-18,12:37,REM,,
2026-05-18,12:38,REM,,
2026-05-18,12:39,REM,,
2026-05-18,12:40,REM,,
2026-05-18,12:41,REM,,
2026-05-18,12:42,REM,,
2026-05-18,12:43,REM,,
2026-05-18,12:44,LIGHT,,
2026-05-18,12:45,LIGHT,,
2026-05-18,12:46,LIGHT,,
2026-05-18,12:47,LIGHT,,
2026-05-18,12:48,LIGHT,,
2026-05-18,12:49,LIGHT,,
2026-05-18,12:50,LIGHT,,
2026-05-18,12:51,LIGHT,,
2026-05-18,12:52,LIGHT,,
2026-05-18,12:53,LIGHT,,
2026-05-18,12:54,LIGHT,,
2026-05-18,12:55,LIGHT,,
2026-05-18,12:56,LIGHT,,
2026-05-18,12:57,LIGHT,,
2026-05-18,12:58,LIGHT,,
2026-05-18,12:59,LIGHT,,
2026-05-18,13:00,LIGHT,,
2026-05-18,13:01,LIGHT,,
2026-05-18,13:02,LIGHT,,
2026-05-18,13:03,LIGHT,,
2026-05-18,13:04,LIGHT,,
2026-05-18,13:05,LIGHT,,
2026-05-18,13:06,LIGHT,,
2026-05-18,13:07,LIGHT,,
2026-05-18,13:08,LIGHT,,
2026-05-18,13:09,LIGHT,,
2026-05-18,13:10,LIGHT,,
2026-05-18,13:11,LIGHT,,
2026-05-18,13:12,LIGHT,,
2026-05-18,13:13,LIGHT,,
2026-05-18,13:14,LIGHT,,
2026-05-18,13:15,LIGHT,,
2026-05-18,13:16,LIGHT,,
2026-05-18,13:17,LIGHT,,
2026-05-18,13:18,LIGHT,,
2026-05-18,13:19,LIGHT,,
2026-05-18,13:20,LIGHT,,
2026-05-18,13:21,LIGHT,,
2026-05-18,13:22,LIGHT,,
2026-05-18,13:23,LIGHT,,
2026-05-18,13:24,LIGHT,,
2026-05-18,13:25,LIGHT,,
2026-05-18,13:26,LIGHT,,
2026-05-18,13:27,LIGHT,,
2026-05-18,13:28,LIGHT,,
2026-05-18,13:29,LIGHT,,
2026-05-18,13:30,LIGHT,,
2026-05-18,13:31,LIGHT,,
2026-05-18,13:32,LIGHT,,
2026-05-18,13:33,LIGHT,,
2026-05-18,13:34,LIGHT,,
2026-05-18,13:35,LIGHT,,
2026-05-18,13:36,LIGHT,,
2026-05-18,13:37,WAKE,,
2026-05-18,13:38,LIGHT,,
2026-05-18,13:39,LIGHT,,
2026-05-18,13:40,LIGHT,,
2026-05-18,13:41,LIGHT,,
2026-05-18,13:42,LIGHT,,
2026-05-18,13:43,LIGHT,,
2026-05-18,13:44,REM,,
2026-05-18,13:45,REM,,
2026-05-18,13:46,REM,,
2026-05-18,13:47,REM,,
2026-05-18,13:48,REM,,
2026-05-18,13:49,REM,,
2026-05-18,13:50,REM,,
2026-05-18,13:51,REM,,
2026-05-18,13:52,REM,,
2026-05-18,13:53,REM,,
2026-05-18,13:54,REM,,
2026-05-18,13:55,REM,,
2026-05-18,13:56,REM,,
2026-05-18,13:57,REM,,
2026-05-18,13:58,REM,,
2026-05-18,13:59,REM,,
2026-05-18,14:00,REM,,
2026-05-18,14:01,REM,,
2026-05-18,14:02,REM,,
2026-05-18,14:03,REM,,
2026-05-18,14:04,REM,,
2026-05-18,14:05,REM,,
2026-05-18,14:06,REM,,
2026-05-18,14:07,REM,,
2026-05-18,14:08,REM,,
2026-05-18,14:09,REM,,
2026-05-18,14:10,REM,,
2026-05-18,14:11,REM,,
2026-05-18,14:12,REM,,
2026-05-18,14:13,REM,,
2026-05-18,14:14,REM,,
2026-05-18,14:15,REM,,
2026-05-18,14:16,REM,,
2026-05-18,14:17,REM,,
2026-05-18,14:18,REM,,
2026-05-18,14:19,LIGHT,,
2026-05-18,14:20,LIGHT,,
2026-05-18,14:21,LIGHT,,
2026-05-18,14:22,LIGHT,,
2026-05-18,14:23,LIGHT,,
2026-05-19,03:11,LIGHT,52,
2026-05-19,03:12,LIGHT,53,
2026-05-19,03:13,LIGHT,53,
2026-05-19,03:14,LIGHT,52,
2026-05-19,03:15,LIGHT,52,
2026-05-19,03:16,LIGHT,52,
2026-05-19,03:17,LIGHT,52,
2026-05-19,03:18,LIGHT,54,
2026-05-19,03:19,LIGHT,58,
2026-05-19,03:20,LIGHT,56,
2026-05-19,03:21,LIGHT,56,
2026-05-19,03:22,DEEP,55,
2026-05-19,03:23,DEEP,62,
2026-05-19,03:24,DEEP,56,
2026-05-19,03:25,DEEP,53,
2026-05-19,03:26,DEEP,52,
2026-05-19,03:27,DEEP,54,
2026-05-19,03:28,DEEP,52,
2026-05-19,03:29,DEEP,57,
2026-05-19,03:30,DEEP,54,
2026-05-19,03:31,DEEP,53,
2026-05-19,03:32,DEEP,53,
2026-05-19,03:33,LIGHT,52,
2026-05-19,03:34,LIGHT,52,
2026-05-19,03:35,LIGHT,52,
2026-05-19,03:36,LIGHT,52,
2026-05-19,03:37,DEEP,53,
2026-05-19,03:38,DEEP,53,
2026-05-19,03:39,DEEP,55,
2026-05-19,03:40,DEEP,52,
2026-05-19,03:41,DEEP,52,
2026-05-19,03:42,DEEP,51,
2026-05-19,03:43,DEEP,56,
2026-05-19,03:44,DEEP,57,
2026-05-19,03:45,DEEP,52,
2026-05-19,03:46,DEEP,52,
2026-05-19,03:47,DEEP,51,
2026-05-19,03:48,DEEP,52,
2026-05-19,03:49,DEEP,52,
2026-05-19,03:50,DEEP,54,
2026-05-19,03:51,DEEP,67,
2026-05-19,03:52,LIGHT,62,
2026-05-19,03:53,LIGHT,70,
2026-05-19,03:54,LIGHT,77,
2026-05-19,03:55,LIGHT,82,
2026-05-19,03:56,DEEP,79,
2026-05-19,03:57,DEEP,75,
2026-05-19,03:58,DEEP,77,
2026-05-19,03:59,LIGHT,72,
2026-05-19,04:00,LIGHT,64,
2026-05-19,04:01,LIGHT,58,
2026-05-19,04:02,LIGHT,60,
2026-05-19,04:03,LIGHT,60,
2026-05-19,04:04,LIGHT,64,
2026-05-19,04:05,LIGHT,58,
2026-05-19,04:06,DEEP,52,
2026-05-19,04:07,DEEP,50,
2026-05-19,04:08,DEEP,52,
2026-05-19,04:09,DEEP,49,
2026-05-19,04:10,DEEP,50,
2026-05-19,04:11,DEEP,50,
2026-05-19,04:12,LIGHT,51,
2026-05-19,04:13,LIGHT,51,
2026-05-19,04:14,LIGHT,50,
2026-05-19,04:15,LIGHT,50,
2026-05-19,04:16,REM,50,
2026-05-19,04:17,REM,52,
2026-05-19,04:18,REM,49,
2026-05-19,04:19,REM,51,
2026-05-19,04:20,REM,50,
2026-05-19,04:21,REM,50,
2026-05-19,04:22,REM,48,
2026-05-19,04:23,REM,51,
2026-05-19,04:24,REM,49,
2026-05-19,04:25,REM,49,
2026-05-19,04:26,REM,51,
2026-05-19,04:27,REM,51,
2026-05-19,04:28,REM,53,
2026-05-19,04:29,REM,49,
2026-05-19,04:30,REM,49,
2026-05-19,04:31,REM,49,
2026-05-19,04:32,REM,49,
2026-05-19,04:33,REM,49,
2026-05-19,04:34,LIGHT,50,
2026-05-19,04:35,LIGHT,47,
2026-05-19,04:36,LIGHT,49,
2026-05-19,04:37,LIGHT,52,
2026-05-19,04:38,LIGHT,54,
2026-05-19,04:39,LIGHT,48,
2026-05-19,04:40,LIGHT,52,
2026-05-19,04:41,LIGHT,49,
2026-05-19,04:42,LIGHT,48,
2026-05-19,04:43,LIGHT,48,
2026-05-19,04:44,LIGHT,51,
2026-05-19,04:45,LIGHT,50,
2026-05-19,04:46,LIGHT,47,
2026-05-19,04:47,LIGHT,47,
2026-05-19,04:48,LIGHT,47,
2026-05-19,04:49,LIGHT,47,
2026-05-19,04:50,LIGHT,47,
2026-05-19,04:51,LIGHT,47,
2026-05-19,04:52,LIGHT,48,
2026-05-19,04:53,LIGHT,48,
2026-05-19,04:54,LIGHT,47,
2026-05-19,04:55,LIGHT,48,
2026-05-19,04:56,LIGHT,48,
2026-05-19,04:57,LIGHT,48,
2026-05-19,04:58,WAKE,48,
2026-05-19,04:59,LIGHT,48,
2026-05-19,05:00,LIGHT,48,
2026-05-19,05:01,LIGHT,48,
2026-05-19,05:02,LIGHT,48,
2026-05-19,05:03,LIGHT,49,
2026-05-19,05:04,LIGHT,49,
2026-05-19,05:05,LIGHT,49,
2026-05-19,05:06,LIGHT,49,
2026-05-19,05:07,LIGHT,49,
2026-05-19,05:08,LIGHT,50,
2026-05-19,05:09,LIGHT,49,
2026-05-19,05:10,LIGHT,49,
2026-05-19,05:11,LIGHT,54,
2026-05-19,05:12,LIGHT,51,
2026-05-19,05:13,LIGHT,48,
2026-05-19,05:14,LIGHT,45,
2026-05-19,05:15,LIGHT,47,
2026-05-19,05:16,DEEP,46,
2026-05-19,05:17,DEEP,46,
2026-05-19,05:18,DEEP,46,
2026-05-19,05:19,DEEP,46,
2026-05-19,05:20,DEEP,46,
2026-05-19,05:21,DEEP,46,
2026-05-19,05:22,DEEP,45,
2026-05-19,05:23,DEEP,45,
2026-05-19,05:24,DEEP,45,
2026-05-19,05:25,DEEP,45,
2026-05-19,05:26,DEEP,45,
2026-05-19,05:27,DEEP,45,
2026-05-19,05:28,DEEP,45,
2026-05-19,05:29,DEEP,45,
2026-05-19,05:30,DEEP,45,
2026-05-19,05:31,LIGHT,47,
2026-05-19,05:32,LIGHT,45,
2026-05-19,05:33,LIGHT,45,
2026-05-19,05:34,WAKE,52,
2026-05-19,05:35,WAKE,64,
2026-05-19,05:36,WAKE,76,
2026-05-19,05:37,WAKE,54,
2026-05-19,05:38,LIGHT,49,
2026-05-19,05:39,LIGHT,46,
2026-05-19,05:40,LIGHT,44,
2026-05-19,05:41,LIGHT,44,
2026-05-19,05:42,LIGHT,46,
2026-05-19,05:43,LIGHT,45,
2026-05-19,05:44,LIGHT,45,
2026-05-19,05:45,LIGHT,44,
2026-05-19,05:46,REM,44,
2026-05-19,05:47,REM,47,
2026-05-19,05:48,REM,48,
2026-05-19,05:49,REM,44,
2026-05-19,05:50,REM,45,
2026-05-19,05:51,REM,44,
2026-05-19,05:52,REM,43,
2026-05-19,05:53,REM,44,
2026-05-19,05:54,REM,44,
2026-05-19,05:55,REM,45,
2026-05-19,05:56,REM,45,
2026-05-19,05:57,REM,44,
2026-05-19,05:58,REM,44,
2026-05-19,05:59,REM,44,
2026-05-19,06:00,REM,44,
2026-05-19,06:01,REM,44,
2026-05-19,06:02,REM,43,
2026-05-19,06:03,REM,43,
2026-05-19,06:04,REM,42,
2026-05-19,06:05,REM,43,
2026-05-19,06:06,REM,43,
2026-05-19,06:07,REM,43,
2026-05-19,06:08,REM,44,
2026-05-19,06:09,REM,44,
2026-05-19,06:10,REM,43,
2026-05-19,06:11,REM,43,
2026-05-19,06:12,LIGHT,43,
2026-05-19,06:13,LIGHT,43,
2026-05-19,06:14,LIGHT,43,
2026-05-19,06:15,LIGHT,43,
2026-05-19,06:16,LIGHT,43,
2026-05-19,06:17,LIGHT,42,
2026-05-19,06:18,LIGHT,42,
2026-05-19,06:19,LIGHT,42,
2026-05-19,06:20,LIGHT,42,
2026-05-19,06:21,LIGHT,42,
2026-05-19,06:22,LIGHT,42,
2026-05-19,06:23,LIGHT,42,
2026-05-19,06:24,LIGHT,42,
2026-05-19,06:25,LIGHT,42,
2026-05-19,06:26,LIGHT,42,
2026-05-19,06:27,LIGHT,42,
2026-05-19,06:28,LIGHT,42,
2026-05-19,06:29,LIGHT,42,
2026-05-19,06:30,LIGHT,42,
2026-05-19,06:31,LIGHT,42,
2026-05-19,06:32,LIGHT,42,
2026-05-19,06:33,LIGHT,42,
2026-05-19,06:34,LIGHT,42,
2026-05-19,06:35,LIGHT,41,
2026-05-19,06:36,LIGHT,41,
2026-05-19,06:37,LIGHT,41,
2026-05-19,06:38,LIGHT,41,
2026-05-19,06:39,LIGHT,42,
2026-05-19,06:40,LIGHT,42,
2026-05-19,06:41,LIGHT,42,
2026-05-19,06:42,LIGHT,42,
2026-05-19,06:43,LIGHT,42,
2026-05-19,06:44,LIGHT,43,
2026-05-19,06:45,LIGHT,44,
2026-05-19,06:46,LIGHT,45,
2026-05-19,06:47,LIGHT,55,
2026-05-19,06:48,LIGHT,56,
2026-05-19,06:49,LIGHT,48,
2026-05-19,06:50,LIGHT,45,
2026-05-19,06:51,LIGHT,45,
2026-05-19,06:52,LIGHT,46,
2026-05-19,06:53,LIGHT,49,
2026-05-19,06:54,LIGHT,48,
2026-05-19,06:55,LIGHT,50,
2026-05-19,06:56,LIGHT,48,
2026-05-19,06:57,LIGHT,50,
2026-05-19,06:58,LIGHT,49,
2026-05-19,06:59,LIGHT,47,
2026-05-19,07:00,LIGHT,46,
2026-05-19,07:01,LIGHT,46,
2026-05-19,07:02,LIGHT,46,
2026-05-19,07:03,LIGHT,46,
2026-05-19,07:04,LIGHT,45,
2026-05-19,07:05,LIGHT,46,
2026-05-19,07:06,LIGHT,46,
2026-05-19,07:07,LIGHT,46,
2026-05-19,07:08,LIGHT,48,
2026-05-19,07:09,LIGHT,45,
2026-05-19,07:10,LIGHT,45,
2026-05-19,07:11,LIGHT,47,
2026-05-19,07:12,LIGHT,47,
2026-05-19,07:13,LIGHT,47,
2026-05-19,07:14,LIGHT,47,
2026-05-19,07:15,LIGHT,47,
2026-05-19,07:16,LIGHT,46,
2026-05-19,07:17,LIGHT,45,
2026-05-19,07:18,LIGHT,45,
2026-05-19,07:19,LIGHT,46,
2026-05-19,07:20,LIGHT,46,
2026-05-19,07:21,LIGHT,45,
2026-05-19,07:22,LIGHT,44,
2026-05-19,07:23,LIGHT,44,
2026-05-19,07:24,LIGHT,45,
2026-05-19,07:25,LIGHT,45,
2026-05-19,07:26,REM,50,
2026-05-19,07:27,REM,44,
2026-05-19,07:28,REM,43,
2026-05-19,07:29,REM,45,
2026-05-19,07:30,REM,52,
2026-05-19,07:31,REM,50,
2026-05-19,07:32,REM,48,
2026-05-19,07:33,REM,51,
2026-05-19,07:34,REM,49,
2026-05-19,07:35,REM,50,
2026-05-19,07:36,REM,52,
2026-05-19,07:37,REM,54,
2026-05-19,07:38,REM,56,
2026-05-19,07:39,REM,58,
2026-05-19,07:40,REM,60,
2026-05-19,07:41,REM,62,
2026-05-19,07:42,REM,64,
2026-05-19,07:43,REM,66,
2026-05-19,07:44,REM,66,
2026-05-19,07:45,REM,68,
2026-05-19,07:46,REM,68,
2026-05-19,07:47,REM,68,
2026-05-19,07:48,REM,66,
2026-05-19,07:49,REM,66,
2026-05-19,07:50,REM,68,
2026-05-19,07:51,REM,69,
2026-05-19,07:52,REM,70,
2026-05-19,07:53,REM,64,
2026-05-19,07:54,REM,59,
2026-05-19,07:55,REM,57,
2026-05-19,07:56,REM,49,
2026-05-19,07:57,REM,47,
2026-05-19,07:58,REM,44,
2026-05-19,07:59,REM,44,
2026-05-19,08:00,REM,44,
2026-05-19,08:01,REM,44,
2026-05-19,08:02,REM,44,
2026-05-19,08:03,REM,44,
2026-05-19,08:04,REM,44,
2026-05-19,08:05,REM,44,
2026-05-19,08:06,REM,44,
2026-05-19,08:07,REM,44,
2026-05-19,08:08,LIGHT,44,
2026-05-19,08:09,LIGHT,44,
2026-05-19,08:10,LIGHT,44,
2026-05-19,08:11,LIGHT,48,
2026-05-19,08:12,LIGHT,44,
2026-05-19,08:13,LIGHT,44,
2026-05-19,08:14,LIGHT,43,
2026-05-19,08:15,LIGHT,42,
2026-05-19,08:16,LIGHT,42,
2026-05-19,08:17,LIGHT,43,
2026-05-19,08:18,LIGHT,47,
2026-05-19,08:19,LIGHT,45,
2026-05-19,08:20,LIGHT,42,
2026-05-19,08:21,LIGHT,44,
2026-05-19,08:22,LIGHT,44,
2026-05-19,08:23,LIGHT,49,
2026-05-19,08:24,LIGHT,43,
2026-05-19,08:25,LIGHT,41,
2026-05-19,08:26,LIGHT,42,
2026-05-19,08:27,LIGHT,42,
2026-05-19,08:28,LIGHT,42,
2026-05-19,08:29,DEEP,43,
2026-05-19,08:30,DEEP,43,
2026-05-19,08:31,DEEP,43,
2026-05-19,08:32,DEEP,42,
2026-05-19,08:33,LIGHT,46,
2026-05-19,08:34,LIGHT,48,
2026-05-19,08:35,LIGHT,45,
2026-05-19,08:36,LIGHT,44,
2026-05-19,08:37,DEEP,45,
2026-05-19,08:38,DEEP,44,
2026-05-19,08:39,DEEP,44,
2026-05-19,08:40,DEEP,43,
2026-05-19,08:41,DEEP,43,
2026-05-19,08:42,DEEP,44,
2026-05-19,08:43,DEEP,46,
2026-05-19,08:44,DEEP,53,
2026-05-19,08:45,DEEP,45,
2026-05-19,08:46,DEEP,55,
2026-05-19,08:47,DEEP,47,
2026-05-19,08:48,DEEP,46,
2026-05-19,08:49,DEEP,45,
2026-05-19,08:50,DEEP,46,
2026-05-19,08:51,DEEP,44,
2026-05-19,08:52,DEEP,44,
2026-05-19,08:53,DEEP,43,
2026-05-19,08:54,DEEP,43,
2026-05-19,08:55,DEEP,45,
2026-05-19,08:56,DEEP,46,
2026-05-19,08:57,DEEP,44,
2026-05-19,08:58,DEEP,44,
2026-05-19,08:59,DEEP,44,
2026-05-19,09:00,DEEP,45,
2026-05-19,09:01,DEEP,45,
2026-05-19,09:02,DEEP,44,
2026-05-19,09:03,DEEP,44,
2026-05-19,09:04,LIGHT,44,
2026-05-19,09:05,LIGHT,44,
2026-05-19,09:06,LIGHT,44,
2026-05-19,09:07,WAKE,44,
2026-05-19,09:08,LIGHT,45,
2026-05-19,09:09,LIGHT,44,
2026-05-19,09:10,LIGHT,44,
2026-05-19,09:11,LIGHT,44,
2026-05-19,09:12,LIGHT,46,
2026-05-19,09:13,LIGHT,45,
2026-05-19,09:14,LIGHT,45,
2026-05-19,09:15,LIGHT,45,
2026-05-19,09:16,LIGHT,45,
2026-05-19,09:17,LIGHT,44,
2026-05-19,09:18,LIGHT,44,
2026-05-19,09:19,LIGHT,43,
2026-05-19,09:20,LIGHT,43,
2026-05-19,09:21,LIGHT,43,
2026-05-19,09:22,LIGHT,43,
2026-05-19,09:23,LIGHT,44,
2026-05-19,09:24,LIGHT,44,
2026-05-19,09:25,LIGHT,44,
2026-05-19,09:26,LIGHT,44,
2026-05-19,09:27,LIGHT,44,
2026-05-19,09:28,LIGHT,44,
2026-05-19,09:29,LIGHT,43,
2026-05-19,09:30,LIGHT,43,
2026-05-19,09:31,LIGHT,43,
2026-05-19,09:32,LIGHT,43,
2026-05-19,09:33,LIGHT,43,
2026-05-19,09:34,LIGHT,43,
2026-05-19,09:35,LIGHT,43,
2026-05-19,09:36,LIGHT,43,
2026-05-19,09:37,LIGHT,43,
2026-05-19,09:38,WAKE,42,
2026-05-19,09:39,WAKE,42,
2026-05-19,09:40,WAKE,42,
2026-05-19,09:41,WAKE,42,
2026-05-19,09:42,WAKE,42,
2026-05-19,09:43,WAKE,42,
2026-05-19,09:44,LIGHT,42,
2026-05-19,09:45,LIGHT,42,
2026-05-19,09:46,LIGHT,42,
2026-05-19,09:47,LIGHT,42,
2026-05-19,09:48,LIGHT,42,
2026-05-19,09:49,LIGHT,42,
2026-05-19,09:50,LIGHT,42,
2026-05-19,09:51,WAKE,52,
2026-05-19,09:52,LIGHT,52,
2026-05-19,09:53,LIGHT,47,
2026-05-19,09:54,LIGHT,45,
2026-05-19,09:55,LIGHT,45,
2026-05-19,09:56,LIGHT,46,
2026-05-19,09:57,LIGHT,49,
2026-05-19,09:58,LIGHT,45,
2026-05-19,09:59,LIGHT,43,
2026-05-19,10:00,LIGHT,42,
2026-05-19,10:01,LIGHT,42,
2026-05-19,10:02,LIGHT,45,
2026-05-19,10:03,LIGHT,43,
2026-05-19,10:04,LIGHT,43,
2026-05-19,10:05,LIGHT,43,
2026-05-19,10:06,LIGHT,43,
2026-05-19,10:07,LIGHT,43,
2026-05-19,10:08,LIGHT,43,
2026-05-19,10:09,LIGHT,43,
2026-05-19,10:10,LIGHT,43,
2026-05-19,10:11,LIGHT,43,
2026-05-19,10:12,LIGHT,45,
2026-05-19,10:13,LIGHT,50,
2026-05-19,10:14,LIGHT,54,
2026-05-19,10:15,LIGHT,46,
2026-05-19,10:16,LIGHT,45,
2026-05-19,10:17,LIGHT,45,
2026-05-19,10:18,LIGHT,45,
2026-05-19,10:19,LIGHT,44,
2026-05-19,10:20,LIGHT,44,
2026-05-19,10:21,LIGHT,44,
2026-05-19,10:22,LIGHT,44,
2026-05-19,10:23,LIGHT,48,
2026-05-19,10:24,LIGHT,47,
2026-05-19,10:25,LIGHT,44,
2026-05-19,10:26,LIGHT,44,
2026-05-19,10:27,LIGHT,43,
2026-05-19,10:28,LIGHT,43,
2026-05-19,10:29,LIGHT,43,
2026-05-19,10:30,LIGHT,45,
2026-05-19,10:31,LIGHT,45,
2026-05-19,10:32,LIGHT,44,
2026-05-19,10:33,LIGHT,46,
2026-05-19,10:34,LIGHT,49,
2026-05-19,10:35,LIGHT,45,
2026-05-19,10:36,LIGHT,43,
2026-05-19,10:37,LIGHT,42,
2026-05-19,10:38,LIGHT,42,
2026-05-19,10:39,LIGHT,42,
2026-05-19,10:40,LIGHT,41,
2026-05-19,10:41,LIGHT,41,
2026-05-19,10:42,LIGHT,43,
2026-05-19,10:43,LIGHT,42,
2026-05-19,10:44,LIGHT,42,
2026-05-19,10:45,LIGHT,44,
2026-05-19,10:46,LIGHT,56,
2026-05-19,10:47,LIGHT,47,
2026-05-19,10:48,LIGHT,48,
2026-05-19,10:49,LIGHT,48,
2026-05-19,10:50,LIGHT,46,
2026-05-19,10:51,LIGHT,46,
2026-05-19,10:52,REM,45,
2026-05-19,10:53,REM,43,
2026-05-19,10:54,REM,43,
2026-05-19,10:55,REM,45,
2026-05-19,10:56,REM,45,
2026-05-19,10:57,REM,45,
2026-05-19,10:58,REM,44,
2026-05-19,10:59,REM,45,
2026-05-19,11:00,REM,45,
2026-05-19,11:01,REM,45,
2026-05-19,11:02,REM,45,
2026-05-19,11:03,REM,43,
2026-05-19,11:04,REM,43,
2026-05-19,11:05,REM,43,
2026-05-19,11:06,REM,43,
2026-05-19,11:07,REM,44,
2026-05-19,11:08,REM,44,
2026-05-19,11:09,REM,45,
2026-05-19,11:10,REM,45,
2026-05-19,11:11,REM,45,
2026-05-19,11:12,LIGHT,45,
2026-05-19,11:13,LIGHT,45,
2026-05-19,11:14,LIGHT,45,
2026-05-19,11:15,LIGHT,51,
2026-05-19,11:16,LIGHT,45,
2026-05-19,11:17,LIGHT,44,
2026-05-19,11:18,LIGHT,44,
2026-05-19,11:19,LIGHT,44,
2026-05-19,11:20,REM,44,
2026-05-19,11:21,REM,44,
2026-05-19,11:22,REM,45,
2026-05-19,11:23,REM,44,
2026-05-19,11:24,REM,44,
2026-05-19,11:25,REM,44,
2026-05-19,11:26,REM,44,
2026-05-19,11:27,LIGHT,49,
2026-05-19,11:28,LIGHT,49,
2026-05-19,11:29,LIGHT,48,
2026-05-19,11:30,LIGHT,44,
2026-05-19,11:31,LIGHT,44,
2026-05-19,11:32,LIGHT,42,
2026-05-19,11:33,LIGHT,41,
2026-05-19,11:34,LIGHT,41,
2026-05-19,11:35,LIGHT,42,
2026-05-19,11:36,LIGHT,42,
2026-05-20,04:58,LIGHT,48,
2026-05-20,04:59,LIGHT,45,
2026-05-20,05:00,LIGHT,45,
2026-05-20,05:01,LIGHT,43,
2026-05-20,05:02,LIGHT,46,
2026-05-20,05:03,LIGHT,49,
2026-05-20,05:04,LIGHT,45,
2026-05-20,05:05,LIGHT,45,
2026-05-20,05:06,LIGHT,45,
2026-05-20,05:07,LIGHT,47,
2026-05-20,05:08,LIGHT,47,
2026-05-20,05:09,LIGHT,47,
2026-05-20,05:10,LIGHT,49,
2026-05-20,05:11,LIGHT,58,
2026-05-20,05:12,LIGHT,47,
2026-05-20,05:13,LIGHT,46,
2026-05-20,05:14,LIGHT,45,
2026-05-20,05:15,LIGHT,44,
2026-05-20,05:16,LIGHT,44,
2026-05-20,05:17,LIGHT,45,
2026-05-20,05:18,LIGHT,43,
2026-05-20,05:19,LIGHT,43,
2026-05-20,05:20,LIGHT,44,
2026-05-20,05:21,LIGHT,44,
2026-05-20,05:22,LIGHT,44,
2026-05-20,05:23,LIGHT,44,
2026-05-20,05:24,LIGHT,44,
2026-05-20,05:25,LIGHT,44,
2026-05-20,05:26,LIGHT,44,
2026-05-20,05:27,LIGHT,44,
2026-05-20,05:28,LIGHT,44,
2026-05-20,05:29,LIGHT,44,
2026-05-20,05:30,LIGHT,44,
2026-05-20,05:31,LIGHT,44,
2026-05-20,05:32,LIGHT,44,
2026-05-20,05:33,LIGHT,44,
2026-05-20,05:34,LIGHT,44,
2026-05-20,05:35,WAKE,44,
2026-05-20,05:36,WAKE,44,
2026-05-20,05:37,WAKE,44,
2026-05-20,05:38,WAKE,44,
2026-05-20,05:39,WAKE,44,
2026-05-20,05:40,LIGHT,44,
2026-05-20,05:41,LIGHT,44,
2026-05-20,05:42,LIGHT,44,
2026-05-20,05:43,LIGHT,45,
2026-05-20,05:44,LIGHT,47,
2026-05-20,05:45,LIGHT,44,
2026-05-20,05:46,LIGHT,41,
2026-05-20,05:47,LIGHT,41,
2026-05-20,05:48,LIGHT,43,
2026-05-20,05:49,LIGHT,43,
2026-05-20,05:50,LIGHT,44,
2026-05-20,05:51,LIGHT,47,
2026-05-20,05:52,LIGHT,47,
2026-05-20,05:53,LIGHT,45,
2026-05-20,05:54,LIGHT,45,
2026-05-20,05:55,LIGHT,45,
2026-05-20,05:56,LIGHT,44,
2026-05-20,05:57,LIGHT,45,
2026-05-20,05:58,LIGHT,45,
2026-05-20,05:59,LIGHT,44,
2026-05-20,06:00,LIGHT,44,
2026-05-20,06:01,LIGHT,44,
2026-05-20,06:02,LIGHT,44,
2026-05-20,06:03,LIGHT,42,
2026-05-20,06:04,LIGHT,42,
2026-05-20,06:05,LIGHT,42,
2026-05-20,06:06,LIGHT,42,
2026-05-20,06:07,LIGHT,43,
2026-05-20,06:08,LIGHT,43,
2026-05-20,06:09,LIGHT,43,
2026-05-20,06:10,LIGHT,43,
2026-05-20,06:11,LIGHT,43,
2026-05-20,06:12,LIGHT,43,
2026-05-20,06:13,LIGHT,43,
2026-05-20,06:14,LIGHT,43,
2026-05-20,06:15,LIGHT,43,
2026-05-20,06:16,LIGHT,43,
2026-05-20,06:17,DEEP,43,
2026-05-20,06:18,DEEP,43,
2026-05-20,06:19,DEEP,43,
2026-05-20,06:20,DEEP,43,
2026-05-20,06:21,DEEP,52,
2026-05-20,06:22,DEEP,54,
2026-05-20,06:23,DEEP,52,
2026-05-20,06:24,DEEP,53,
2026-05-20,06:25,DEEP,52,
2026-05-20,06:26,DEEP,48,
2026-05-20,06:27,DEEP,48,
2026-05-20,06:28,DEEP,44,
2026-05-20,06:29,DEEP,45,
2026-05-20,06:30,DEEP,45,
2026-05-20,06:31,DEEP,48,
2026-05-20,06:32,DEEP,46,
2026-05-20,06:33,DEEP,46,
2026-05-20,06:34,DEEP,46,
2026-05-20,06:35,DEEP,47,
2026-05-20,06:36,DEEP,49,
2026-05-20,06:37,DEEP,46,
2026-05-20,06:38,DEEP,46,
2026-05-20,06:39,DEEP,54,
2026-05-20,06:40,DEEP,46,
2026-05-20,06:41,DEEP,43,
2026-05-20,06:42,DEEP,43,
2026-05-20,06:43,DEEP,42,
2026-05-20,06:44,DEEP,42,
2026-05-20,06:45,DEEP,42,
2026-05-20,06:46,DEEP,42,
2026-05-20,06:47,DEEP,42,
2026-05-20,06:48,LIGHT,42,
2026-05-20,06:49,LIGHT,42,
2026-05-20,06:50,LIGHT,42,
2026-05-20,06:51,LIGHT,49,
2026-05-20,06:52,REM,46,
2026-05-20,06:53,REM,43,
2026-05-20,06:54,REM,42,
2026-05-20,06:55,REM,42,
2026-05-20,06:56,REM,42,
2026-05-20,06:57,REM,42,
2026-05-20,06:58,REM,43,
2026-05-20,06:59,REM,45,
2026-05-20,07:00,REM,44,
2026-05-20,07:01,REM,47,
2026-05-20,07:02,REM,54,
2026-05-20,07:03,REM,49,
2026-05-20,07:04,REM,46,
2026-05-20,07:05,REM,45,
2026-05-20,07:06,REM,45,
2026-05-20,07:07,REM,43,
2026-05-20,07:08,REM,43,
2026-05-20,07:09,REM,44,
2026-05-20,07:10,LIGHT,45,
2026-05-20,07:11,LIGHT,43,
2026-05-20,07:12,LIGHT,43,
2026-05-20,07:13,LIGHT,42,
2026-05-20,07:14,LIGHT,42,
2026-05-20,07:15,LIGHT,42,
2026-05-20,07:16,LIGHT,42,
2026-05-20,07:17,LIGHT,47,
2026-05-20,07:18,LIGHT,49,
2026-05-20,07:19,LIGHT,43,
2026-05-20,07:20,LIGHT,40,
2026-05-20,07:21,REM,40,
2026-05-20,07:22,REM,40,
2026-05-20,07:23,REM,40,
2026-05-20,07:24,REM,44,
2026-05-20,07:25,REM,42,
2026-05-20,07:26,REM,42,
2026-05-20,07:27,REM,41,
2026-05-20,07:28,LIGHT,41,
2026-05-20,07:29,LIGHT,42,
2026-05-20,07:30,LIGHT,41,
2026-05-20,07:31,LIGHT,41,
2026-05-20,07:32,LIGHT,41,
2026-05-20,07:33,LIGHT,42,
2026-05-20,07:34,LIGHT,42,
2026-05-20,07:35,LIGHT,42,
2026-05-20,07:36,LIGHT,42,
2026-05-20,07:37,LIGHT,42,
2026-05-20,07:38,LIGHT,42,
2026-05-20,07:39,LIGHT,42,
2026-05-20,07:40,LIGHT,42,
2026-05-20,07:41,LIGHT,42,
2026-05-20,07:42,LIGHT,42,
2026-05-20,07:43,LIGHT,42,
2026-05-20,07:44,LIGHT,42,
2026-05-20,07:45,LIGHT,42,
2026-05-20,07:46,LIGHT,42,
2026-05-20,07:47,LIGHT,42,
2026-05-20,07:48,LIGHT,42,
2026-05-20,07:49,LIGHT,49,
2026-05-20,07:50,LIGHT,43,
2026-05-20,07:51,LIGHT,42,
2026-05-20,07:52,LIGHT,42,
2026-05-20,07:53,LIGHT,42,
2026-05-20,07:54,LIGHT,43,
2026-05-20,07:55,LIGHT,43,
2026-05-20,07:56,LIGHT,43,
2026-05-20,07:57,LIGHT,43,
2026-05-20,07:58,LIGHT,43,
2026-05-20,07:59,LIGHT,43,
2026-05-20,08:00,LIGHT,45,
2026-05-20,08:01,LIGHT,44,
2026-05-20,08:02,LIGHT,43,
2026-05-20,08:03,LIGHT,43,
2026-05-20,08:04,LIGHT,43,
2026-05-20,08:05,LIGHT,53,
2026-05-20,08:06,LIGHT,48,
2026-05-20,08:07,LIGHT,45,
2026-05-20,08:08,LIGHT,42,
2026-05-20,08:09,LIGHT,42,
2026-05-20,08:10,LIGHT,42,
2026-05-20,08:11,LIGHT,42,
2026-05-20,08:12,LIGHT,43,
2026-05-20,08:13,LIGHT,44,
2026-05-20,08:14,LIGHT,43,
2026-05-20,08:15,LIGHT,46,
2026-05-20,08:16,LIGHT,40,
2026-05-20,08:17,LIGHT,42,
2026-05-20,08:18,LIGHT,44,
2026-05-20,08:19,LIGHT,44,
2026-05-20,08:20,REM,48,
2026-05-20,08:21,REM,50,
2026-05-20,08:22,REM,49,
2026-05-20,08:23,REM,47,
2026-05-20,08:24,REM,49,
2026-05-20,08:25,REM,47,
2026-05-20,08:26,REM,47,
2026-05-20,08:27,REM,47,
2026-05-20,08:28,REM,42,
2026-05-20,08:29,REM,44,
2026-05-20,08:30,REM,48,
2026-05-20,08:31,REM,44,
2026-05-20,08:32,REM,44,
2026-05-20,08:33,REM,44,
2026-05-20,08:34,REM,44,
2026-05-20,08:35,REM,41,
2026-05-20,08:36,REM,46,
2026-05-20,08:37,REM,43,
2026-05-20,08:38,REM,41,
2026-05-20,08:39,REM,41,
2026-05-20,08:40,REM,42,
2026-05-20,08:41,REM,42,
2026-05-20,08:42,REM,41,
2026-05-20,08:43,REM,41,
2026-05-20,08:44,LIGHT,42,
2026-05-20,08:45,LIGHT,42,
2026-05-20,08:46,LIGHT,42,
2026-05-20,08:47,WAKE,42,
2026-05-20,08:48,LIGHT,43,
2026-05-20,08:49,LIGHT,43,
2026-05-20,08:50,LIGHT,43,
2026-05-20,08:51,REM,43,
2026-05-20,08:52,REM,43,
2026-05-20,08:53,REM,43,
2026-05-20,08:54,REM,43,
2026-05-20,08:55,LIGHT,43,
2026-05-20,08:56,LIGHT,50,
2026-05-20,08:57,LIGHT,44,
2026-05-20,08:58,LIGHT,41,
2026-05-20,08:59,LIGHT,41,
2026-05-20,09:00,LIGHT,43,
2026-05-20,09:01,LIGHT,43,
2026-05-20,09:02,LIGHT,43,
2026-05-20,09:03,LIGHT,44,
2026-05-20,09:04,LIGHT,42,
2026-05-20,09:05,LIGHT,42,
2026-05-20,09:06,LIGHT,42,
2026-05-20,09:07,LIGHT,42,
2026-05-20,09:08,LIGHT,42,
2026-05-20,09:09,LIGHT,42,
2026-05-20,09:10,LIGHT,42,
2026-05-20,09:11,LIGHT,43,
2026-05-20,09:12,LIGHT,43,
2026-05-20,09:13,LIGHT,43,
2026-05-20,09:14,LIGHT,43,
2026-05-20,09:15,LIGHT,43,
2026-05-20,09:16,LIGHT,43,
2026-05-20,09:17,LIGHT,43,
2026-05-20,09:18,LIGHT,43,
2026-05-20,09:19,LIGHT,43,
2026-05-20,09:20,LIGHT,43,
2026-05-20,09:21,DEEP,43,
2026-05-20,09:22,DEEP,43,
2026-05-20,09:23,DEEP,43,
2026-05-20,09:24,DEEP,43,
2026-05-20,09:25,DEEP,43,
2026-05-20,09:26,DEEP,43,
2026-05-20,09:27,DEEP,43,
2026-05-20,09:28,DEEP,43,
2026-05-20,09:29,DEEP,43,
2026-05-20,09:30,DEEP,43,
2026-05-20,09:31,DEEP,43,
2026-05-20,09:32,DEEP,43,
2026-05-20,09:33,DEEP,43,
2026-05-20,09:34,DEEP,43,
2026-05-20,09:35,DEEP,43,
2026-05-20,09:36,DEEP,43,
2026-05-20,09:37,DEEP,43,
2026-05-20,09:38,DEEP,43,
2026-05-20,09:39,DEEP,43,
2026-05-20,09:40,DEEP,43,
2026-05-20,09:41,DEEP,43,
2026-05-20,09:42,DEEP,43,
2026-05-20,09:43,DEEP,43,
2026-05-20,09:44,DEEP,43,
2026-05-20,09:45,DEEP,43,
2026-05-20,09:46,DEEP,43,
2026-05-20,09:47,DEEP,57,
2026-05-20,09:48,DEEP,57,
2026-05-20,09:49,DEEP,49,
2026-05-20,09:50,DEEP,44,
2026-05-20,09:51,DEEP,42,
2026-05-20,09:52,DEEP,42,
2026-05-20,09:53,LIGHT,43,
2026-05-20,09:54,LIGHT,40,
2026-05-20,09:55,LIGHT,41,
2026-05-20,09:56,LIGHT,42,
2026-05-20,09:57,LIGHT,42,
2026-05-20,09:58,LIGHT,43,
2026-05-20,09:59,LIGHT,43,
2026-05-20,10:00,LIGHT,50,
2026-05-20,10:01,LIGHT,47,
2026-05-20,10:02,LIGHT,46,
2026-05-20,10:03,LIGHT,43,
2026-05-20,10:04,LIGHT,43,
2026-05-20,10:05,LIGHT,45,
2026-05-20,10:06,LIGHT,45,
2026-05-20,10:07,LIGHT,47,
2026-05-20,10:08,LIGHT,44,
2026-05-20,10:09,LIGHT,44,
2026-05-20,10:10,LIGHT,44,
2026-05-20,10:11,LIGHT,44,
2026-05-20,10:12,LIGHT,46,
2026-05-20,10:13,LIGHT,48,
2026-05-20,10:14,LIGHT,45,
2026-05-20,10:15,WAKE,44,
2026-05-20,10:16,LIGHT,45,
2026-05-20,10:17,LIGHT,45,
2026-05-20,10:18,LIGHT,45,
2026-05-20,10:19,LIGHT,44,
2026-05-20,10:20,LIGHT,44,
2026-05-20,10:21,LIGHT,44,
2026-05-20,10:22,LIGHT,44,
2026-05-20,10:23,REM,44,
2026-05-20,10:24,REM,51,
2026-05-20,10:25,REM,44,
2026-05-20,10:26,LIGHT,46,
2026-05-20,10:27,LIGHT,43,
2026-05-20,10:28,LIGHT,43,
2026-05-20,10:29,LIGHT,42,
2026-05-20,10:30,LIGHT,44,
2026-05-20,10:31,LIGHT,42,
2026-05-20,10:32,LIGHT,43,
2026-05-20,10:33,LIGHT,43,
2026-05-20,10:34,LIGHT,43,
2026-05-20,10:35,LIGHT,43,
2026-05-20,10:36,LIGHT,43,
2026-05-20,10:37,LIGHT,43,
2026-05-20,10:38,LIGHT,43,
2026-05-20,10:39,LIGHT,46,
2026-05-20,10:40,LIGHT,43,
2026-05-20,10:41,LIGHT,43,
2026-05-20,10:42,LIGHT,43,
2026-05-20,10:43,LIGHT,42,
2026-05-20,10:44,LIGHT,43,
2026-05-20,10:45,LIGHT,43,
2026-05-20,10:46,LIGHT,42,
2026-05-20,10:47,LIGHT,44,
2026-05-20,10:48,LIGHT,41,
2026-05-20,10:49,LIGHT,42,
2026-05-20,10:50,LIGHT,48,
2026-05-20,10:51,LIGHT,42,
2026-05-20,10:52,LIGHT,40,
2026-05-20,10:53,LIGHT,41,
2026-05-20,10:54,LIGHT,41,
2026-05-20,10:55,LIGHT,41,
2026-05-20,10:56,LIGHT,42,
2026-05-20,10:57,LIGHT,42,
2026-05-20,10:58,LIGHT,42,
2026-05-20,10:59,LIGHT,42,
2026-05-20,11:00,LIGHT,42,
2026-05-20,11:01,LIGHT,42,
2026-05-20,11:02,LIGHT,42,
2026-05-20,11:03,LIGHT,42,
2026-05-20,11:04,LIGHT,42,
2026-05-20,11:05,LIGHT,42,
2026-05-20,11:06,LIGHT,42,
2026-05-20,11:07,LIGHT,42,
2026-05-20,11:08,LIGHT,42,
2026-05-20,11:09,LIGHT,42,
2026-05-20,11:10,LIGHT,42,
2026-05-20,11:11,LIGHT,42,
2026-05-20,11:12,LIGHT,42,
2026-05-20,11:13,LIGHT,42,
2026-05-20,11:14,LIGHT,44,
2026-05-20,11:15,LIGHT,41,
2026-05-20,11:16,LIGHT,41,
2026-05-20,11:17,LIGHT,42,
2026-05-20,11:18,LIGHT,42,
2026-05-20,11:19,LIGHT,42,
2026-05-20,11:20,LIGHT,44,
2026-05-20,11:21,LIGHT,60,
2026-05-20,11:22,LIGHT,49,
2026-05-20,11:23,LIGHT,53,
2026-05-20,11:24,LIGHT,49,
2026-05-20,11:25,LIGHT,50,
2026-05-20,11:26,LIGHT,47,
2026-05-20,11:27,LIGHT,45,
2026-05-20,11:28,LIGHT,45,
2026-05-20,11:29,LIGHT,44,
2026-05-20,11:30,LIGHT,44,
2026-05-20,11:31,LIGHT,43,
2026-05-20,11:32,LIGHT,43,
2026-05-20,11:33,LIGHT,43,
2026-05-20,11:34,LIGHT,43,
2026-05-20,11:35,LIGHT,45,
2026-05-20,11:36,LIGHT,47,
2026-05-20,11:37,LIGHT,47,
2026-05-20,11:38,REM,44,
2026-05-20,11:39,REM,45,
2026-05-20,11:40,REM,46,
2026-05-20,11:41,REM,48,
2026-05-20,11:42,REM,44,
2026-05-20,11:43,REM,42,
2026-05-20,11:44,REM,43,
2026-05-20,11:45,REM,44,
2026-05-20,11:46,REM,44,
2026-05-20,11:47,REM,44,
2026-05-20,11:48,REM,46,
2026-05-20,11:49,REM,41,
2026-05-20,11:50,REM,41,
2026-05-20,11:51,REM,43,
2026-05-20,11:52,REM,44,
2026-05-20,11:53,REM,44,
2026-05-20,11:54,REM,44,
2026-05-20,11:55,REM,46,
2026-05-20,11:56,REM,50,
2026-05-20,11:57,REM,45,
2026-05-20,11:58,REM,43,
2026-05-20,11:59,REM,43,
2026-05-20,12:00,REM,43,
2026-05-20,12:01,REM,45,
2026-05-20,12:02,REM,43,
2026-05-20,12:03,REM,45,
2026-05-20,12:04,REM,42,
2026-05-20,12:05,REM,44,
2026-05-20,12:06,REM,44,
2026-05-20,12:07,REM,44,
2026-05-20,12:08,REM,44,
2026-05-20,12:09,REM,44,
2026-05-20,12:10,REM,49,
2026-05-20,12:11,REM,44,
2026-05-20,12:12,REM,43,
2026-05-20,12:13,REM,43,
2026-05-20,12:14,REM,43,
2026-05-20,12:15,REM,43,
2026-05-20,12:16,REM,44,
2026-05-20,12:17,REM,44,
2026-05-20,12:18,REM,44,
2026-05-20,12:19,REM,44,
2026-05-20,12:20,REM,44,
2026-05-20,12:21,REM,44,
2026-05-20,12:22,REM,44,
2026-05-20,12:23,REM,44,
2026-05-20,12:24,LIGHT,44,
2026-05-20,12:25,LIGHT,44,
2026-05-20,12:26,LIGHT,44,
2026-05-20,12:27,LIGHT,50,
2026-05-20,12:28,LIGHT,47,
2026-05-20,12:29,LIGHT,46,
2026-05-20,12:30,LIGHT,43,
2026-05-20,12:31,LIGHT,51,
2026-05-20,12:32,LIGHT,53,
2026-05-20,12:33,LIGHT,55,
2026-05-20,12:34,LIGHT,63,
2026-05-20,12:35,LIGHT,61,
2026-05-20,12:36,LIGHT,55,
2026-05-20,12:37,LIGHT,53,
2026-05-20,12:38,LIGHT,63,
2026-05-20,12:39,LIGHT,75,
2026-05-20,12:40,LIGHT,79,
2026-05-20,12:41,LIGHT,75,
2026-05-20,12:42,LIGHT,72,
2026-05-20,12:43,LIGHT,80,
2026-05-20,12:44,LIGHT,77,
2026-05-20,12:45,LIGHT,77,
2026-05-20,12:46,LIGHT,75,
2026-05-20,12:47,LIGHT,73,
2026-05-20,12:48,LIGHT,72,
2026-05-20,12:49,LIGHT,72,
2026-05-20,12:50,LIGHT,72,
2026-05-20,12:51,LIGHT,72,
2026-05-20,12:52,LIGHT,75,
2026-05-20,12:53,LIGHT,75,
2026-05-20,12:54,LIGHT,69,
2026-05-20,12:55,LIGHT,71,
2026-05-20,12:56,LIGHT,71,
2026-05-20,12:57,LIGHT,71,
2026-05-20,12:58,LIGHT,72,
2026-05-20,12:59,LIGHT,75,
2026-05-20,13:00,LIGHT,74,
2026-05-20,13:01,LIGHT,78,
2026-05-20,13:02,LIGHT,74,
2026-05-20,13:03,LIGHT,75,
2026-05-20,13:04,LIGHT,80,
2026-05-20,13:05,LIGHT,79,
2026-05-20,13:06,LIGHT,90,
2026-05-20,13:07,LIGHT,92,
2026-05-20,13:08,LIGHT,98,
2026-05-20,13:09,LIGHT,95,
2026-05-20,13:10,LIGHT,91,
2026-05-20,13:11,WAKE,70,
2026-05-20,13:12,LIGHT,69,
2026-05-20,13:13,LIGHT,80,
2026-05-20,13:14,LIGHT,92,
2026-05-20,13:15,LIGHT,92,
2026-05-20,13:16,LIGHT,91,
2026-05-20,13:17,LIGHT,97,
2026-05-20,13:18,LIGHT,94,
2026-05-20,13:19,LIGHT,86,
2026-05-20,13:20,LIGHT,86,
2026-05-20,13:21,LIGHT,83,
2026-05-20,13:22,REM,82,
2026-05-20,13:23,REM,79,
2026-05-20,13:24,REM,78,
2026-05-20,13:25,REM,78,
2026-05-20,13:26,REM,79,
2026-05-20,13:27,REM,75,
2026-05-20,13:28,REM,73,
2026-05-20,13:29,REM,76,
2026-05-20,13:30,REM,77,
2026-05-20,13:31,REM,77,
2026-05-20,13:32,REM,77,
2026-05-20,13:33,REM,74,
2026-05-20,13:34,REM,73,
2026-05-20,13:35,REM,74,
2026-05-20,13:36,REM,77,
2026-05-20,13:37,REM,75,
2026-05-20,13:38,REM,73,
2026-05-20,13:39,REM,73,
2026-05-20,13:40,REM,72,
2026-05-20,13:41,LIGHT,73,
2026-05-20,13:42,LIGHT,72,
2026-05-20,13:43,LIGHT,77,
2026-05-20,13:44,LIGHT,74,
2026-05-20,13:45,LIGHT,73,
2026-05-21,04:02,LIGHT,54,
2026-05-21,04:03,LIGHT,55,
2026-05-21,04:04,LIGHT,55,
2026-05-21,04:05,LIGHT,56,
2026-05-21,04:06,LIGHT,56,
2026-05-21,04:07,LIGHT,56,
2026-05-21,04:08,LIGHT,55,
2026-05-21,04:09,LIGHT,55,
2026-05-21,04:10,LIGHT,55,
2026-05-21,04:11,LIGHT,55,
2026-05-21,04:12,DEEP,55,
2026-05-21,04:13,DEEP,55,
2026-05-21,04:14,DEEP,54,
2026-05-21,04:15,DEEP,54,
2026-05-21,04:16,DEEP,54,
2026-05-21,04:17,DEEP,54,
2026-05-21,04:18,DEEP,55,
2026-05-21,04:19,DEEP,54,
2026-05-21,04:20,DEEP,51,
2026-05-21,04:21,DEEP,50,
2026-05-21,04:22,DEEP,50,
2026-05-21,04:23,DEEP,50,
2026-05-21,04:24,LIGHT,50,
2026-05-21,04:25,LIGHT,50,
2026-05-21,04:26,LIGHT,50,
2026-05-21,04:27,LIGHT,50,
2026-05-21,04:28,LIGHT,50,
2026-05-21,04:29,LIGHT,50,
2026-05-21,04:30,LIGHT,50,
2026-05-21,04:31,LIGHT,50,
2026-05-21,04:32,LIGHT,50,
2026-05-21,04:33,DEEP,50,
2026-05-21,04:34,DEEP,50,
2026-05-21,04:35,DEEP,50,
2026-05-21,04:36,DEEP,50,
2026-05-21,04:37,DEEP,50,
2026-05-21,04:38,DEEP,55,
2026-05-21,04:39,DEEP,55,
2026-05-21,04:40,DEEP,51,
2026-05-21,04:41,DEEP,49,
2026-05-21,04:42,DEEP,49,
2026-05-21,04:43,DEEP,49,
2026-05-21,04:44,DEEP,49,
2026-05-21,04:45,DEEP,48,
2026-05-21,04:46,DEEP,52,
2026-05-21,04:47,DEEP,55,
2026-05-21,04:48,DEEP,51,
2026-05-21,04:49,DEEP,50,
2026-05-21,04:50,DEEP,50,
2026-05-21,04:51,DEEP,50,
2026-05-21,04:52,DEEP,50,
2026-05-21,04:53,DEEP,50,
2026-05-21,04:54,DEEP,50,
2026-05-21,04:55,DEEP,50,
2026-05-21,04:56,DEEP,50,
2026-05-21,04:57,DEEP,50,
2026-05-21,04:58,DEEP,50,
2026-05-21,04:59,LIGHT,50,
2026-05-21,05:00,LIGHT,50,
2026-05-21,05:01,LIGHT,50,
2026-05-21,05:02,LIGHT,50,
2026-05-21,05:03,LIGHT,50,
2026-05-21,05:04,LIGHT,49,
2026-05-21,05:05,LIGHT,49,
2026-05-21,05:06,LIGHT,49,
2026-05-21,05:07,REM,49,
2026-05-21,05:08,REM,50,
2026-05-21,05:09,LIGHT,50,
2026-05-21,05:10,LIGHT,49,
2026-05-21,05:11,LIGHT,49,
2026-05-21,05:12,WAKE,49,
2026-05-21,05:13,LIGHT,49,
2026-05-21,05:14,LIGHT,49,
2026-05-21,05:15,LIGHT,49,
2026-05-21,05:16,LIGHT,56,
2026-05-21,05:17,LIGHT,64,
2026-05-21,05:18,LIGHT,54,
2026-05-21,05:19,LIGHT,53,
2026-05-21,05:20,LIGHT,51,
2026-05-21,05:21,LIGHT,52,
2026-05-21,05:22,LIGHT,54,
2026-05-21,05:23,LIGHT,56,
2026-05-21,05:24,LIGHT,57,
2026-05-21,05:25,LIGHT,54,
2026-05-21,05:26,LIGHT,55,
2026-05-21,05:27,LIGHT,57,
2026-05-21,05:28,LIGHT,57,
2026-05-21,05:29,LIGHT,57,
2026-05-21,05:30,LIGHT,59,
2026-05-21,05:31,LIGHT,57,
2026-05-21,05:32,LIGHT,57,
2026-05-21,05:33,LIGHT,56,
2026-05-21,05:34,LIGHT,54,
2026-05-21,05:35,LIGHT,53,
2026-05-21,05:36,LIGHT,54,
2026-05-21,05:37,LIGHT,54,
2026-05-21,05:38,LIGHT,56,
2026-05-21,05:39,LIGHT,53,
2026-05-21,05:40,LIGHT,53,
2026-05-21,05:41,LIGHT,52,
2026-05-21,05:42,REM,51,
2026-05-21,05:43,REM,55,
2026-05-21,05:44,LIGHT,59,
2026-05-21,05:45,LIGHT,61,
2026-05-21,05:46,LIGHT,55,
2026-05-21,05:47,LIGHT,52,
2026-05-21,05:48,REM,54,
2026-05-21,05:49,REM,53,
2026-05-21,05:50,REM,50,
2026-05-21,05:51,REM,52,
2026-05-21,05:52,REM,50,
2026-05-21,05:53,REM,50,
2026-05-21,05:54,REM,48,
2026-05-21,05:55,REM,48,
2026-05-21,05:56,LIGHT,50,
2026-05-21,05:57,LIGHT,49,
2026-05-21,05:58,LIGHT,49,
2026-05-21,05:59,LIGHT,49,
2026-05-21,06:00,LIGHT,49,
2026-05-21,06:01,LIGHT,46,
2026-05-21,06:02,LIGHT,46,
2026-05-21,06:03,LIGHT,46,
2026-05-21,06:04,LIGHT,46,
2026-05-21,06:05,LIGHT,47,
2026-05-21,06:06,LIGHT,47,
2026-05-21,06:07,LIGHT,47,
2026-05-21,06:08,LIGHT,47,
2026-05-21,06:09,LIGHT,47,
2026-05-21,06:10,LIGHT,47,
2026-05-21,06:11,LIGHT,47,
2026-05-21,06:12,LIGHT,47,
2026-05-21,06:13,LIGHT,47,
2026-05-21,06:14,LIGHT,56,
2026-05-21,06:15,LIGHT,52,
2026-05-21,06:16,LIGHT,46,
2026-05-21,06:17,LIGHT,45,
2026-05-21,06:18,LIGHT,45,
2026-05-21,06:19,LIGHT,45,
2026-05-21,06:20,LIGHT,45,
2026-05-21,06:21,LIGHT,48,
2026-05-21,06:22,LIGHT,48,
2026-05-21,06:23,WAKE,47,
2026-05-21,06:24,WAKE,46,
2026-05-21,06:25,WAKE,46,
2026-05-21,06:26,WAKE,46,
2026-05-21,06:27,LIGHT,46,
2026-05-21,06:28,LIGHT,46,
2026-05-21,06:29,LIGHT,46,
2026-05-21,06:30,LIGHT,46,
2026-05-21,06:31,REM,47,
2026-05-21,06:32,REM,47,
2026-05-21,06:33,REM,47,
2026-05-21,06:34,REM,47,
2026-05-21,06:35,REM,47,
2026-05-21,06:36,REM,47,
2026-05-21,06:37,REM,49,
2026-05-21,06:38,REM,47,
2026-05-21,06:39,REM,47,
2026-05-21,06:40,REM,47,
2026-05-21,06:41,REM,47,
2026-05-21,06:42,LIGHT,49,
2026-05-21,06:43,LIGHT,48,
2026-05-21,06:44,LIGHT,47,
2026-05-21,06:45,LIGHT,47,
2026-05-21,06:46,LIGHT,47,
2026-05-21,06:47,LIGHT,47,
2026-05-21,06:48,LIGHT,47,
2026-05-21,06:49,LIGHT,48,
2026-05-21,06:50,LIGHT,48,
2026-05-21,06:51,LIGHT,48,
2026-05-21,06:52,LIGHT,49,
2026-05-21,06:53,LIGHT,48,
2026-05-21,06:54,LIGHT,47,
2026-05-21,06:55,LIGHT,47,
2026-05-21,06:56,LIGHT,47,
2026-05-21,06:57,LIGHT,48,
2026-05-21,06:58,LIGHT,50,
2026-05-21,06:59,LIGHT,49,
2026-05-21,07:00,LIGHT,54,
2026-05-21,07:01,WAKE,54,
2026-05-21,07:02,LIGHT,56,
2026-05-21,07:03,WAKE,56,
2026-05-21,07:04,WAKE,50,
2026-05-21,07:05,LIGHT,50,
2026-05-21,07:06,LIGHT,49,
2026-05-21,07:07,LIGHT,47,
2026-05-21,07:08,LIGHT,46,
2026-05-21,07:09,LIGHT,46,
2026-05-21,07:10,LIGHT,46,
2026-05-21,07:11,LIGHT,47,
2026-05-21,07:12,LIGHT,47,
2026-05-21,07:13,LIGHT,49,
2026-05-21,07:14,LIGHT,51,
2026-05-21,07:15,LIGHT,58,
2026-05-21,07:16,LIGHT,52,
2026-05-21,07:17,LIGHT,52,
2026-05-21,07:18,LIGHT,50,
2026-05-21,07:19,LIGHT,49,
2026-05-21,07:20,LIGHT,46,
2026-05-21,07:21,LIGHT,47,
2026-05-21,07:22,LIGHT,47,
2026-05-21,07:23,LIGHT,47,
2026-05-21,07:24,LIGHT,45,
2026-05-21,07:25,LIGHT,44,
2026-05-21,07:26,LIGHT,44,
2026-05-21,07:27,LIGHT,44,
2026-05-21,07:28,LIGHT,44,
2026-05-21,07:29,LIGHT,45,
2026-05-21,07:30,LIGHT,45,
2026-05-21,07:31,LIGHT,45,
2026-05-21,07:32,LIGHT,45,
2026-05-21,07:33,LIGHT,45,
2026-05-21,07:34,LIGHT,45,
2026-05-21,07:35,LIGHT,45,
2026-05-21,07:36,LIGHT,45,
2026-05-21,07:37,LIGHT,46,
2026-05-21,07:38,LIGHT,51,
2026-05-21,07:39,LIGHT,48,
2026-05-21,07:40,LIGHT,48,
2026-05-21,07:41,LIGHT,47,
2026-05-21,07:42,LIGHT,46,
2026-05-21,07:43,LIGHT,46,
2026-05-21,07:44,LIGHT,46,
2026-05-21,07:45,LIGHT,46,
2026-05-21,07:46,LIGHT,46,
2026-05-21,07:47,LIGHT,46,
2026-05-21,07:48,LIGHT,47,
2026-05-21,07:49,LIGHT,47,
2026-05-21,07:50,LIGHT,47,
2026-05-21,07:51,LIGHT,47,
2026-05-21,07:52,LIGHT,45,
2026-05-21,07:53,LIGHT,45,
2026-05-21,07:54,LIGHT,45,
2026-05-21,07:55,LIGHT,45,
2026-05-21,07:56,LIGHT,47,
2026-05-21,07:57,LIGHT,48,
2026-05-21,07:58,LIGHT,53,
2026-05-21,07:59,LIGHT,53,
2026-05-21,08:00,LIGHT,50,
2026-05-21,08:01,LIGHT,50,
2026-05-21,08:02,LIGHT,50,
2026-05-21,08:03,REM,50,
2026-05-21,08:04,REM,52,
2026-05-21,08:05,REM,47,
2026-05-21,08:06,REM,46,
2026-05-21,08:07,REM,46,
2026-05-21,08:08,REM,47,
2026-05-21,08:09,REM,46,
2026-05-21,08:10,REM,46,
2026-05-21,08:11,REM,46,
2026-05-21,08:12,REM,47,
2026-05-21,08:13,REM,47,
2026-05-21,08:14,REM,47,
2026-05-21,08:15,REM,47,
2026-05-21,08:16,REM,48,
2026-05-21,08:17,REM,48,
2026-05-21,08:18,REM,48,
2026-05-21,08:19,REM,48,
2026-05-21,08:20,REM,50,
2026-05-21,08:21,REM,51,
2026-05-21,08:22,REM,48,
2026-05-21,08:23,REM,48,
2026-05-21,08:24,REM,48,
2026-05-21,08:25,REM,49,
2026-05-21,08:26,REM,48,
2026-05-21,08:27,REM,48,
2026-05-21,08:28,REM,48,
2026-05-21,08:29,REM,49,
2026-05-21,08:30,REM,49,
2026-05-21,08:31,REM,51,
2026-05-21,08:32,REM,58,
2026-05-21,08:33,REM,57,
2026-05-21,08:34,REM,49,
2026-05-21,08:35,REM,47,
2026-05-21,08:36,REM,47,
2026-05-21,08:37,REM,47,
2026-05-21,08:38,REM,48,
2026-05-21,08:39,REM,48,
2026-05-21,08:40,REM,48,
2026-05-21,08:41,REM,49,
2026-05-21,08:42,REM,47,
2026-05-21,08:43,REM,49,
2026-05-21,08:44,REM,50,
2026-05-21,08:45,REM,50,
2026-05-21,08:46,REM,50,
2026-05-21,08:47,REM,55,
2026-05-21,08:48,REM,50,
2026-05-21,08:49,REM,50,
2026-05-21,08:50,REM,50,
2026-05-21,08:51,REM,50,
2026-05-21,08:52,REM,51,
2026-05-21,08:53,REM,52,
2026-05-21,08:54,REM,50,
2026-05-21,08:55,REM,49,
2026-05-21,08:56,REM,53,
2026-05-21,08:57,REM,50,
2026-05-21,08:58,REM,48,
2026-05-21,08:59,REM,48,
2026-05-21,09:00,REM,53,
2026-05-21,09:01,REM,50,
2026-05-21,09:02,REM,48,
2026-05-21,09:03,LIGHT,48,
2026-05-21,09:04,LIGHT,48,
2026-05-21,09:05,LIGHT,48,
2026-05-21,09:06,LIGHT,53,
2026-05-21,09:07,LIGHT,49,
2026-05-21,09:08,LIGHT,51,
2026-05-21,09:09,LIGHT,50,
2026-05-21,09:10,LIGHT,53,
2026-05-21,09:11,LIGHT,56,
2026-05-21,09:12,LIGHT,50,
2026-05-21,09:13,LIGHT,48,
2026-05-21,09:14,LIGHT,48,
2026-05-21,09:15,LIGHT,48,
2026-05-21,09:16,LIGHT,46,
2026-05-21,09:17,LIGHT,46,
2026-05-21,09:18,LIGHT,47,
2026-05-21,09:19,LIGHT,46,
2026-05-21,09:20,LIGHT,46,
2026-05-21,09:21,LIGHT,46,
2026-05-21,09:22,LIGHT,46,
2026-05-21,09:23,LIGHT,45,
2026-05-21,09:24,LIGHT,47,
2026-05-21,09:25,LIGHT,47,
2026-05-21,09:26,LIGHT,47,
2026-05-21,09:27,LIGHT,48,
2026-05-21,09:28,LIGHT,50,
2026-05-21,09:29,LIGHT,50,
2026-05-21,09:30,LIGHT,49,
2026-05-21,09:31,LIGHT,49,
2026-05-21,09:32,LIGHT,49,
2026-05-21,09:33,DEEP,48,
2026-05-21,09:34,DEEP,48,
2026-05-21,09:35,DEEP,48,
2026-05-21,09:36,DEEP,48,
2026-05-21,09:37,DEEP,49,
2026-05-21,09:38,DEEP,49,
2026-05-21,09:39,DEEP,49,
2026-05-21,09:40,DEEP,49,
2026-05-21,09:41,DEEP,50,
2026-05-21,09:42,DEEP,50,
2026-05-21,09:43,DEEP,50,
2026-05-21,09:44,DEEP,50,
2026-05-21,09:45,DEEP,49,
2026-05-21,09:46,LIGHT,49,
2026-05-21,09:47,LIGHT,49,
2026-05-21,09:48,LIGHT,49,
2026-05-21,09:49,WAKE,49,
2026-05-21,09:50,LIGHT,49,
2026-05-21,09:51,LIGHT,49,
2026-05-21,09:52,LIGHT,49,
2026-05-21,09:53,LIGHT,49,
2026-05-21,09:54,LIGHT,49,
2026-05-21,09:55,LIGHT,49,
2026-05-21,09:56,LIGHT,49,
2026-05-21,09:57,LIGHT,49,
2026-05-21,09:58,LIGHT,49,
2026-05-21,09:59,LIGHT,54,
2026-05-21,10:00,LIGHT,59,
2026-05-21,10:01,LIGHT,48,
2026-05-21,10:02,LIGHT,47,
2026-05-21,10:03,LIGHT,44,
2026-05-21,10:04,LIGHT,43,
2026-05-21,10:05,LIGHT,42,
2026-05-21,10:06,LIGHT,42,
2026-05-21,10:07,LIGHT,42,
2026-05-21,10:08,LIGHT,42,
2026-05-21,10:09,LIGHT,46,
2026-05-21,10:10,LIGHT,51,
2026-05-21,10:11,REM,47,
2026-05-21,10:12,REM,49,
2026-05-21,10:13,REM,46,
2026-05-21,10:14,REM,51,
2026-05-21,10:15,REM,51,
2026-05-21,10:16,REM,46,
2026-05-21,10:17,REM,53,
2026-05-21,10:18,REM,50,
2026-05-21,10:19,REM,58,
2026-05-21,10:20,REM,58,
2026-05-21,10:21,REM,58,
2026-05-21,10:22,REM,62,
2026-05-21,10:23,REM,61,
2026-05-21,10:24,REM,60,
2026-05-21,10:25,REM,59,
2026-05-21,10:26,REM,55,
2026-05-21,10:27,REM,53,
2026-05-21,10:28,REM,60,
2026-05-21,10:29,REM,65,
2026-05-21,10:30,REM,64,
2026-05-21,10:31,REM,69,
2026-05-21,10:32,REM,78,
2026-05-21,10:33,REM,72,
2026-05-21,10:34,REM,77,
2026-05-21,10:35,REM,81,
2026-05-21,10:36,REM,75,
2026-05-21,10:37,REM,73,
2026-05-21,10:38,REM,70,
2026-05-21,10:39,REM,77,
2026-05-21,10:40,REM,71,
2026-05-21,10:41,REM,64,
2026-05-21,10:42,REM,64,
2026-05-21,10:43,REM,60,
2026-05-21,10:44,REM,65,
2026-05-21,10:45,REM,66,
2026-05-21,10:46,REM,60,
2026-05-21,10:47,REM,67,
2026-05-21,10:48,REM,67,
2026-05-21,10:49,REM,67,
2026-05-21,10:50,REM,70,
2026-05-21,10:51,REM,67,
2026-05-21,10:52,REM,65,
2026-05-21,10:53,LIGHT,65,
2026-05-21,10:54,LIGHT,64,
2026-05-21,10:55,LIGHT,69,
2026-05-21,10:56,LIGHT,68,
2026-05-21,10:57,LIGHT,75,
2026-05-21,10:58,LIGHT,67,
2026-05-21,10:59,LIGHT,70,
2026-05-21,11:00,LIGHT,85,
2026-05-21,11:01,LIGHT,95,
2026-05-21,11:02,LIGHT,92,
2026-05-21,11:03,LIGHT,94,
2026-05-21,11:04,LIGHT,91,
2026-05-21,11:05,LIGHT,85,
2026-05-21,11:06,LIGHT,82,
2026-05-21,11:07,LIGHT,91,
2026-05-21,11:08,LIGHT,93,
2026-05-21,11:09,LIGHT,89,
2026-05-21,11:10,LIGHT,83,
2026-05-21,11:11,LIGHT,83,
2026-05-21,11:12,LIGHT,94,
2026-05-21,11:13,LIGHT,99,
2026-05-21,11:14,LIGHT,105,
2026-05-21,11:15,LIGHT,114,
2026-05-21,11:16,LIGHT,122,
2026-05-21,11:17,LIGHT,126,
2026-05-21,11:18,LIGHT,120,
2026-05-21,11:19,LIGHT,122,
2026-05-21,11:20,LIGHT,121,
2026-05-21,11:21,LIGHT,118,
2026-05-21,11:22,WAKE,107,
2026-05-21,11:23,LIGHT,106,
2026-05-21,11:24,WAKE,115,
2026-05-21,11:25,LIGHT,135,
2026-05-21,11:26,LIGHT,133,
2026-05-21,11:27,LIGHT,127,
2026-05-21,11:28,LIGHT,129,
2026-05-21,11:29,LIGHT,134,
2026-05-21,11:30,LIGHT,124,
2026-05-21,11:31,LIGHT,131,
2026-05-21,11:32,LIGHT,126,
2026-05-21,11:33,REM,129,
2026-05-21,11:34,REM,129,
2026-05-21,11:35,REM,126,
2026-05-21,11:36,REM,129,
2026-05-21,11:37,REM,140,
2026-05-21,11:38,REM,129,
2026-05-21,11:39,REM,125,
2026-05-21,11:40,REM,122,
2026-05-21,11:41,REM,119,
2026-05-21,11:42,REM,115,
2026-05-21,11:43,REM,127,
2026-05-21,11:44,REM,132,
2026-05-21,11:45,REM,123,
2026-05-21,11:46,REM,121,
2026-05-21,11:47,REM,124,
2026-05-21,11:48,REM,126,
2026-05-21,11:49,REM,130,
2026-05-21,11:50,REM,126,
2026-05-21,11:51,REM,126,
2026-05-21,11:52,REM,127,
2026-05-21,11:53,REM,118,
2026-05-21,11:54,REM,118,
2026-05-21,11:55,REM,117,
2026-05-21,11:56,REM,117,
2026-05-21,11:57,REM,115,
2026-05-21,11:58,LIGHT,120,
2026-05-21,11:59,LIGHT,120,
2026-05-21,12:00,LIGHT,120,
2026-05-21,12:01,LIGHT,121,
2026-05-21,12:02,LIGHT,122,
2026-05-21,12:03,LIGHT,122,
2026-05-21,12:04,LIGHT,129,
2026-05-21,12:05,LIGHT,128,
2026-05-21,12:06,LIGHT,115,
2026-05-21,12:07,LIGHT,115,
2026-05-21,12:08,LIGHT,104,
2026-05-21,12:09,LIGHT,98,
2026-05-21,12:10,LIGHT,93,
2026-05-21,12:11,LIGHT,94,
2026-05-21,12:12,LIGHT,99,
2026-05-21,12:13,LIGHT,106,
2026-05-21,12:14,LIGHT,98,
2026-05-21,12:15,LIGHT,88,
2026-05-21,12:16,LIGHT,88,
2026-05-21,12:17,LIGHT,97,
2026-05-21,12:18,LIGHT,100,
2026-05-21,12:19,LIGHT,85,
2026-05-21,12:20,LIGHT,80,
2026-05-21,12:21,LIGHT,86,
2026-05-21,12:22,LIGHT,85,
2026-05-21,12:23,LIGHT,74,
2026-05-21,12:24,LIGHT,74,
2026-05-21,12:25,LIGHT,75,
2026-05-21,12:26,LIGHT,79,
2026-05-21,12:27,LIGHT,79,
2026-05-22,03:59,LIGHT,53,
2026-05-22,04:00,LIGHT,53,
2026-05-22,04:01,LIGHT,53,
2026-05-22,04:02,LIGHT,56,
2026-05-22,04:03,LIGHT,55,
2026-05-22,04:04,LIGHT,54,
2026-05-22,04:05,LIGHT,55,
2026-05-22,04:06,LIGHT,55,
2026-05-22,04:07,LIGHT,55,
2026-05-22,04:08,DEEP,55,
2026-05-22,04:09,DEEP,56,
2026-05-22,04:10,DEEP,55,
2026-05-22,04:11,DEEP,55,
2026-05-22,04:12,DEEP,55,
2026-05-22,04:13,DEEP,55,
2026-05-22,04:14,DEEP,55,
2026-05-22,04:15,DEEP,55,
2026-05-22,04:16,DEEP,57,
2026-05-22,04:17,DEEP,56,
2026-05-22,04:18,DEEP,53,
2026-05-22,04:19,DEEP,54,
2026-05-22,04:20,DEEP,53,
2026-05-22,04:21,DEEP,53,
2026-05-22,04:22,DEEP,54,
2026-05-22,04:23,DEEP,56,
2026-05-22,04:24,DEEP,55,
2026-05-22,04:25,DEEP,55,
2026-05-22,04:26,DEEP,53,
2026-05-22,04:27,DEEP,54,
2026-05-22,04:28,DEEP,56,
2026-05-22,04:29,DEEP,58,
2026-05-22,04:30,DEEP,60,
2026-05-22,04:31,DEEP,60,
2026-05-22,04:32,DEEP,58,
2026-05-22,04:33,DEEP,57,
2026-05-22,04:34,DEEP,55,
2026-05-22,04:35,DEEP,55,
2026-05-22,04:36,DEEP,55,
2026-05-22,04:37,DEEP,57,
2026-05-22,04:38,DEEP,57,
2026-05-22,04:39,DEEP,54,
2026-05-22,04:40,LIGHT,53,
2026-05-22,04:41,LIGHT,53,
2026-05-22,04:42,LIGHT,53,
2026-05-22,04:43,LIGHT,53,
2026-05-22,04:44,DEEP,53,
2026-05-22,04:45,DEEP,54,
2026-05-22,04:46,DEEP,54,
2026-05-22,04:47,DEEP,54,
2026-05-22,04:48,LIGHT,56,
2026-05-22,04:49,LIGHT,55,
2026-05-22,04:50,LIGHT,55,
2026-05-22,04:51,LIGHT,54,
2026-05-22,04:52,LIGHT,55,
2026-05-22,04:53,LIGHT,53,
2026-05-22,04:54,LIGHT,52,
2026-05-22,04:55,DEEP,53,
2026-05-22,04:56,DEEP,55,
2026-05-22,04:57,DEEP,57,
2026-05-22,04:58,DEEP,57,
2026-05-22,04:59,DEEP,57,
2026-05-22,05:00,DEEP,57,
2026-05-22,05:01,DEEP,57,
2026-05-22,05:02,DEEP,57,
2026-05-22,05:03,DEEP,55,
2026-05-22,05:04,DEEP,56,
2026-05-22,05:05,DEEP,56,
2026-05-22,05:06,DEEP,56,
2026-05-22,05:07,DEEP,53,
2026-05-22,05:08,DEEP,52,
2026-05-22,05:09,DEEP,52,
2026-05-22,05:10,DEEP,52,
2026-05-22,05:11,DEEP,54,
2026-05-22,05:12,DEEP,55,
2026-05-22,05:13,DEEP,55,
2026-05-22,05:14,DEEP,57,
2026-05-22,05:15,DEEP,57,
2026-05-22,05:16,DEEP,54,
2026-05-22,05:17,LIGHT,55,
2026-05-22,05:18,LIGHT,54,
2026-05-22,05:19,LIGHT,58,
2026-05-22,05:20,LIGHT,59,
2026-05-22,05:21,LIGHT,58,
2026-05-22,05:22,LIGHT,58,
2026-05-22,05:23,REM,57,
2026-05-22,05:24,REM,60,
2026-05-22,05:25,REM,57,
2026-05-22,05:26,REM,57,
2026-05-22,05:27,REM,57,
2026-05-22,05:28,REM,57,
2026-05-22,05:29,REM,57,
2026-05-22,05:30,REM,59,
2026-05-22,05:31,REM,62,
2026-05-22,05:32,REM,62,
2026-05-22,05:33,REM,65,
2026-05-22,05:34,REM,67,
2026-05-22,05:35,REM,67,
2026-05-22,05:36,REM,61,
2026-05-22,05:37,REM,59,
2026-05-22,05:38,REM,59,
2026-05-22,05:39,REM,58,
2026-05-22,05:40,REM,63,
2026-05-22,05:41,REM,66,
2026-05-22,05:42,REM,65,
2026-05-22,05:43,REM,70,
2026-05-22,05:44,REM,72,
2026-05-22,05:45,REM,70,
2026-05-22,05:46,REM,65,
2026-05-22,05:47,LIGHT,69,
2026-05-22,05:48,LIGHT,71,
2026-05-22,05:49,LIGHT,67,
2026-05-22,05:50,WAKE,57,
2026-05-22,05:51,LIGHT,50,
2026-05-22,05:52,LIGHT,48,
2026-05-22,05:53,LIGHT,50,
2026-05-22,05:54,LIGHT,48,
2026-05-22,05:55,LIGHT,52,
2026-05-22,05:56,LIGHT,47,
2026-05-22,05:57,LIGHT,47,
2026-05-22,05:58,LIGHT,47,
2026-05-22,05:59,LIGHT,47,
2026-05-22,06:00,LIGHT,49,
2026-05-22,06:01,LIGHT,49,
2026-05-22,06:02,LIGHT,49,
2026-05-22,06:03,LIGHT,49,
2026-05-22,06:04,LIGHT,51,
2026-05-22,06:05,LIGHT,50,
2026-05-22,06:06,LIGHT,51,
2026-05-22,06:07,LIGHT,61,
2026-05-22,06:08,LIGHT,68,
2026-05-22,06:09,LIGHT,71,
2026-05-22,06:10,LIGHT,68,
2026-05-22,06:11,LIGHT,58,
2026-05-22,06:12,LIGHT,56,
2026-05-22,06:13,LIGHT,53,
2026-05-22,06:14,LIGHT,52,
2026-05-22,06:15,LIGHT,54,
2026-05-22,06:16,LIGHT,61,
2026-05-22,06:17,LIGHT,53,
2026-05-22,06:18,LIGHT,47,
2026-05-22,06:19,LIGHT,48,
2026-05-22,06:20,LIGHT,48,
2026-05-22,06:21,LIGHT,48,
2026-05-22,06:22,LIGHT,48,
2026-05-22,06:23,LIGHT,49,
2026-05-22,06:24,LIGHT,56,
2026-05-22,06:25,LIGHT,52,
2026-05-22,06:26,LIGHT,48,
2026-05-22,06:27,LIGHT,47,
2026-05-22,06:28,LIGHT,47,
2026-05-22,06:29,LIGHT,47,
2026-05-22,06:30,LIGHT,48,
2026-05-22,06:31,LIGHT,49,
2026-05-22,06:32,LIGHT,47,
2026-05-22,06:33,DEEP,47,
2026-05-22,06:34,DEEP,47,
2026-05-22,06:35,DEEP,50,
2026-05-22,06:36,DEEP,47,
2026-05-22,06:37,DEEP,48,
2026-05-22,06:38,DEEP,48,
2026-05-22,06:39,DEEP,48,
2026-05-22,06:40,DEEP,48,
2026-05-22,06:41,DEEP,48,
2026-05-22,06:42,DEEP,48,
2026-05-22,06:43,DEEP,48,
2026-05-22,06:44,DEEP,48,
2026-05-22,06:45,DEEP,47,
2026-05-22,06:46,DEEP,47,
2026-05-22,06:47,DEEP,47,
2026-05-22,06:48,DEEP,47,
2026-05-22,06:49,DEEP,47,
2026-05-22,06:50,DEEP,47,
2026-05-22,06:51,DEEP,47,
2026-05-22,06:52,DEEP,48,
2026-05-22,06:53,DEEP,48,
2026-05-22,06:54,DEEP,48,
2026-05-22,06:55,DEEP,48,
2026-05-22,06:56,DEEP,48,
2026-05-22,06:57,DEEP,48,
2026-05-22,06:58,DEEP,48,
2026-05-22,06:59,LIGHT,50,
2026-05-22,07:00,LIGHT,52,
2026-05-22,07:01,LIGHT,47,
2026-05-22,07:02,LIGHT,46,
2026-05-22,07:03,LIGHT,46,
2026-05-22,07:04,LIGHT,46,
2026-05-22,07:05,LIGHT,46,
2026-05-22,07:06,LIGHT,46,
2026-05-22,07:07,LIGHT,46,
2026-05-22,07:08,LIGHT,46,
2026-05-22,07:09,LIGHT,46,
2026-05-22,07:10,LIGHT,46,
2026-05-22,07:11,LIGHT,46,
2026-05-22,07:12,LIGHT,46,
2026-05-22,07:13,REM,46,
2026-05-22,07:14,REM,46,
2026-05-22,07:15,REM,47,
2026-05-22,07:16,REM,47,
2026-05-22,07:17,LIGHT,47,
2026-05-22,07:18,LIGHT,47,
2026-05-22,07:19,LIGHT,47,
2026-05-22,07:20,LIGHT,47,
2026-05-22,07:21,LIGHT,47,
2026-05-22,07:22,LIGHT,55,
2026-05-22,07:23,LIGHT,52,
2026-05-22,07:24,LIGHT,50,
2026-05-22,07:25,LIGHT,49,
2026-05-22,07:26,LIGHT,50,
2026-05-22,07:27,LIGHT,49,
2026-05-22,07:28,LIGHT,49,
2026-05-22,07:29,LIGHT,51,
2026-05-22,07:30,LIGHT,51,
2026-05-22,07:31,LIGHT,51,
2026-05-22,07:32,LIGHT,51,
2026-05-22,07:33,LIGHT,51,
2026-05-22,07:34,LIGHT,51,
2026-05-22,07:35,LIGHT,51,
2026-05-22,07:36,LIGHT,51,
2026-05-22,07:37,LIGHT,58,
2026-05-22,07:38,LIGHT,52,
2026-05-22,07:39,LIGHT,50,
2026-05-22,07:40,LIGHT,50,
2026-05-22,07:41,LIGHT,50,
2026-05-22,07:42,LIGHT,52,
2026-05-22,07:43,LIGHT,52,
2026-05-22,07:44,LIGHT,56,
2026-05-22,07:45,LIGHT,56,
2026-05-22,07:46,LIGHT,55,
2026-05-22,07:47,LIGHT,55,
2026-05-22,07:48,LIGHT,60,
2026-05-22,07:49,LIGHT,56,
2026-05-22,07:50,LIGHT,56,
2026-05-22,07:51,LIGHT,57,
2026-05-22,07:52,LIGHT,57,
2026-05-22,07:53,LIGHT,59,
2026-05-22,07:54,LIGHT,61,
2026-05-22,07:55,LIGHT,61,
2026-05-22,07:56,LIGHT,63,
2026-05-22,07:57,LIGHT,55,
2026-05-22,07:58,LIGHT,55,
2026-05-22,07:59,LIGHT,57,
2026-05-22,08:00,LIGHT,57,
2026-05-22,08:01,LIGHT,56,
2026-05-22,08:02,LIGHT,56,
2026-05-22,08:03,LIGHT,57,
2026-05-22,08:04,LIGHT,56,
2026-05-22,08:05,LIGHT,56,
2026-05-22,08:06,LIGHT,53,
2026-05-22,08:07,LIGHT,52,
2026-05-22,08:08,LIGHT,53,
2026-05-22,08:09,LIGHT,53,
2026-05-22,08:10,LIGHT,55,
2026-05-22,08:11,LIGHT,55,
2026-05-22,08:12,LIGHT,55,
2026-05-22,08:13,LIGHT,54,
2026-05-22,08:14,LIGHT,54,
2026-05-22,08:15,LIGHT,55,
2026-05-22,08:16,LIGHT,55,
2026-05-22,08:17,LIGHT,55,
2026-05-22,08:18,LIGHT,55,
2026-05-22,08:19,LIGHT,57,
2026-05-22,08:20,LIGHT,51,
2026-05-22,08:21,LIGHT,50,
2026-05-22,08:22,LIGHT,50,
2026-05-22,08:23,LIGHT,49,
2026-05-22,08:24,LIGHT,49,
2026-05-22,08:25,LIGHT,49,
2026-05-22,08:26,LIGHT,50,
2026-05-22,08:27,LIGHT,50,
2026-05-22,08:28,LIGHT,49,
2026-05-22,08:29,LIGHT,51,
2026-05-22,08:30,LIGHT,47,
2026-05-22,08:31,REM,47,
2026-05-22,08:32,REM,47,
2026-05-22,08:33,REM,47,
2026-05-22,08:34,REM,47,
2026-05-22,08:35,REM,47,
2026-05-22,08:36,REM,47,
2026-05-22,08:37,REM,47,
2026-05-22,08:38,REM,48,
2026-05-22,08:39,REM,54,
2026-05-22,08:40,REM,51,
2026-05-22,08:41,REM,50,
2026-05-22,08:42,REM,50,
2026-05-22,08:43,REM,50,
2026-05-22,08:44,REM,49,
2026-05-22,08:45,REM,49,
2026-05-22,08:46,REM,49,
2026-05-22,08:47,REM,49,
2026-05-22,08:48,REM,49,
2026-05-22,08:49,REM,49,
2026-05-22,08:50,REM,50,
2026-05-22,08:51,REM,51,
2026-05-22,08:52,REM,50,
2026-05-22,08:53,REM,50,
2026-05-22,08:54,REM,50,
2026-05-22,08:55,REM,50,
2026-05-22,08:56,REM,50,
2026-05-22,08:57,REM,50,
2026-05-22,08:58,REM,50,
2026-05-22,08:59,REM,50,
2026-05-22,09:00,REM,51,
2026-05-22,09:01,REM,51,
2026-05-22,09:02,REM,57,
2026-05-22,09:03,REM,57,
2026-05-22,09:04,REM,51,
2026-05-22,09:05,REM,50,
2026-05-22,09:06,REM,50,
2026-05-22,09:07,REM,59,
2026-05-22,09:08,REM,53,
2026-05-22,09:09,LIGHT,50,
2026-05-22,09:10,LIGHT,50,
2026-05-22,09:11,LIGHT,50,
2026-05-22,09:12,LIGHT,49,
2026-05-22,09:13,LIGHT,49,
2026-05-22,09:14,LIGHT,49,
2026-05-22,09:15,LIGHT,49,
2026-05-22,09:16,LIGHT,50,
2026-05-22,09:17,LIGHT,50,
2026-05-22,09:18,LIGHT,51,
2026-05-22,09:19,LIGHT,51,
2026-05-22,09:20,LIGHT,50,
2026-05-22,09:21,LIGHT,50,
2026-05-22,09:22,LIGHT,50,
2026-05-22,09:23,LIGHT,49,
2026-05-22,09:24,LIGHT,49,
2026-05-22,09:25,LIGHT,49,
2026-05-22,09:26,LIGHT,49,
2026-05-22,09:27,LIGHT,49,
2026-05-22,09:28,LIGHT,49,
2026-05-22,09:29,LIGHT,49,
2026-05-22,09:30,LIGHT,49,
2026-05-22,09:31,LIGHT,49,
2026-05-22,09:32,LIGHT,49,
2026-05-22,09:33,LIGHT,49,
2026-05-22,09:34,LIGHT,51,
2026-05-22,09:35,LIGHT,53,
2026-05-22,09:36,LIGHT,54,
2026-05-22,09:37,LIGHT,53,
2026-05-22,09:38,LIGHT,60,
2026-05-22,09:39,LIGHT,51,
2026-05-22,09:40,LIGHT,50,
2026-05-22,09:41,LIGHT,50,
2026-05-22,09:42,LIGHT,50,
2026-05-22,09:43,LIGHT,55,
2026-05-22,09:44,LIGHT,52,
2026-05-22,09:45,LIGHT,53,
2026-05-22,09:46,LIGHT,48,
2026-05-22,09:47,DEEP,49,
2026-05-22,09:48,DEEP,53,
2026-05-22,09:49,DEEP,53,
2026-05-22,09:50,DEEP,53,
2026-05-22,09:51,DEEP,57,
2026-05-22,09:52,DEEP,50,
2026-05-22,09:53,DEEP,47,
2026-05-22,09:54,DEEP,45,
2026-05-22,09:55,DEEP,47,
2026-05-22,09:56,DEEP,47,
2026-05-22,09:57,DEEP,51,
2026-05-22,09:58,LIGHT,48,
2026-05-22,09:59,LIGHT,48,
2026-05-22,10:00,LIGHT,48,
2026-05-22,10:01,WAKE,49,
2026-05-22,10:02,LIGHT,49,
2026-05-22,10:03,LIGHT,50,
2026-05-22,10:04,LIGHT,49,
2026-05-22,10:05,LIGHT,51,
2026-05-22,10:06,LIGHT,51,
2026-05-22,10:07,LIGHT,49,
2026-05-22,10:08,LIGHT,49,
2026-05-22,10:09,LIGHT,49,
2026-05-22,10:10,WAKE,48,
2026-05-22,10:11,WAKE,58,
2026-05-22,10:12,LIGHT,52,
2026-05-22,18:47,LIGHT,52,
2026-05-22,18:48,LIGHT,52,
2026-05-22,18:49,LIGHT,52,
2026-05-22,18:50,LIGHT,52,
2026-05-22,18:51,LIGHT,52,
2026-05-22,18:52,LIGHT,52,
2026-05-22,18:53,LIGHT,52,
2026-05-22,18:54,LIGHT,58,
2026-05-22,18:55,LIGHT,55,
2026-05-22,18:56,LIGHT,52,
2026-05-22,18:57,DEEP,52,
2026-05-22,18:58,DEEP,51,
2026-05-22,18:59,DEEP,52,
2026-05-22,19:00,DEEP,57,
2026-05-22,19:01,DEEP,54,
2026-05-22,19:02,DEEP,50,
2026-05-22,19:03,DEEP,50,
2026-05-22,19:04,DEEP,52,
2026-05-22,19:05,DEEP,52,
2026-05-22,19:06,DEEP,54,
2026-05-22,19:07,DEEP,54,
2026-05-22,19:08,DEEP,52,
2026-05-22,19:09,DEEP,52,
2026-05-22,19:10,DEEP,52,
2026-05-22,19:11,DEEP,52,
2026-05-22,19:12,DEEP,53,
2026-05-22,19:13,DEEP,54,
2026-05-22,19:14,DEEP,60,
2026-05-22,19:15,DEEP,60,
2026-05-22,19:16,DEEP,54,
2026-05-22,19:17,DEEP,52,
2026-05-22,19:18,DEEP,51,
2026-05-22,19:19,DEEP,51,
2026-05-22,19:20,DEEP,56,
2026-05-22,19:21,DEEP,55,
2026-05-22,19:22,DEEP,52,
2026-05-22,19:23,DEEP,61,
2026-05-22,19:24,DEEP,62,
2026-05-22,19:25,DEEP,60,
2026-05-22,19:26,DEEP,59,
2026-05-22,19:27,LIGHT,59,
2026-05-22,19:28,LIGHT,70,
2026-05-22,19:29,LIGHT,62,
2026-05-22,19:30,WAKE,59,
2026-05-22,19:31,LIGHT,62,
2026-05-22,19:32,LIGHT,65,
2026-05-22,19:33,LIGHT,61,
2026-05-23,06:34,LIGHT,43,
2026-05-23,06:35,LIGHT,44,
2026-05-23,06:36,LIGHT,44,
2026-05-23,06:37,LIGHT,44,
2026-05-23,06:38,LIGHT,44,
2026-05-23,06:39,LIGHT,44,
2026-05-23,06:40,LIGHT,44,
2026-05-23,06:41,LIGHT,44,
2026-05-23,06:42,LIGHT,44,
2026-05-23,06:43,LIGHT,44,
2026-05-23,06:44,LIGHT,44,
2026-05-23,06:45,LIGHT,45,
2026-05-23,06:46,LIGHT,44,
2026-05-23,06:47,LIGHT,44,
2026-05-23,06:48,LIGHT,44,
2026-05-23,06:49,DEEP,44,
2026-05-23,06:50,DEEP,44,
2026-05-23,06:51,DEEP,44,
2026-05-23,06:52,DEEP,44,
2026-05-23,06:53,DEEP,44,
2026-05-23,06:54,DEEP,44,
2026-05-23,06:55,DEEP,44,
2026-05-23,06:56,DEEP,47,
2026-05-23,06:57,DEEP,45,
2026-05-23,06:58,DEEP,44,
2026-05-23,06:59,DEEP,44,
2026-05-23,07:00,DEEP,51,
2026-05-23,07:01,DEEP,47,
2026-05-23,07:02,DEEP,44,
2026-05-23,07:03,DEEP,50,
2026-05-23,07:04,DEEP,47,
2026-05-23,07:05,DEEP,44,
2026-05-23,07:06,DEEP,44,
2026-05-23,07:07,DEEP,45,
2026-05-23,07:08,DEEP,45,
2026-05-23,07:09,DEEP,45,
2026-05-23,07:10,DEEP,45,
2026-05-23,07:11,DEEP,45,
2026-05-23,07:12,DEEP,45,
2026-05-23,07:13,DEEP,54,
2026-05-23,07:14,DEEP,51,
2026-05-23,07:15,DEEP,49,
2026-05-23,07:16,DEEP,48,
2026-05-23,07:17,DEEP,46,
2026-05-23,07:18,DEEP,46,
2026-05-23,07:19,DEEP,46,
2026-05-23,07:20,DEEP,47,
2026-05-23,07:21,DEEP,49,
2026-05-23,07:22,DEEP,46,
2026-05-23,07:23,DEEP,48,
2026-05-23,07:24,LIGHT,51,
2026-05-23,07:25,LIGHT,52,
2026-05-23,07:26,LIGHT,52,
2026-05-23,07:27,LIGHT,52,
2026-05-23,07:28,LIGHT,50,
2026-05-23,07:29,LIGHT,47,
2026-05-23,07:30,LIGHT,55,
2026-05-23,07:31,LIGHT,54,
2026-05-23,07:32,DEEP,52,
2026-05-23,07:33,DEEP,49,
2026-05-23,07:34,DEEP,48,
2026-05-23,07:35,DEEP,47,
2026-05-23,07:36,DEEP,48,
2026-05-23,07:37,DEEP,46,
2026-05-23,07:38,LIGHT,45,
2026-05-23,07:39,LIGHT,45,
2026-05-23,07:40,LIGHT,46,
2026-05-23,07:41,LIGHT,49,
2026-05-23,07:42,LIGHT,44,
2026-05-23,07:43,LIGHT,44,
2026-05-23,07:44,LIGHT,45,
2026-05-23,07:45,LIGHT,45,
2026-05-23,07:46,LIGHT,45,
2026-05-23,07:47,LIGHT,46,
2026-05-23,07:48,LIGHT,46,
2026-05-23,07:49,LIGHT,46,
2026-05-23,07:50,LIGHT,45,
2026-05-23,07:51,LIGHT,45,
2026-05-23,07:52,LIGHT,45,
2026-05-23,07:53,REM,45,
2026-05-23,07:54,REM,45,
2026-05-23,07:55,REM,46,
2026-05-23,07:56,REM,44,
2026-05-23,07:57,REM,49,
2026-05-23,07:58,REM,43,
2026-05-23,07:59,REM,43,
2026-05-23,08:00,REM,42,
2026-05-23,08:01,REM,42,
2026-05-23,08:02,REM,43,
2026-05-23,08:03,REM,43,
2026-05-23,08:04,REM,44,
2026-05-23,08:05,REM,44,
2026-05-23,08:06,REM,44,
2026-05-23,08:07,REM,44,
2026-05-23,08:08,REM,44,
2026-05-23,08:09,REM,44,
2026-05-23,08:10,REM,44,
2026-05-23,08:11,REM,43,
2026-05-23,08:12,REM,44,
2026-05-23,08:13,REM,44,
2026-05-23,08:14,REM,44,
2026-05-23,08:15,REM,47,
2026-05-23,08:16,REM,47,
2026-05-23,08:17,REM,44,
2026-05-23,08:18,REM,44,
2026-05-23,08:19,REM,45,
2026-05-23,08:20,REM,45,
2026-05-23,08:21,REM,45,
2026-05-23,08:22,REM,45,
2026-05-23,08:23,REM,44,
2026-05-23,08:24,REM,44,
2026-05-23,08:25,LIGHT,44,
2026-05-23,08:26,LIGHT,44,
2026-05-23,08:27,LIGHT,44,
2026-05-23,08:28,LIGHT,44,
2026-05-23,08:29,LIGHT,44,
2026-05-23,08:30,LIGHT,44,
2026-05-23,08:31,LIGHT,44,
2026-05-23,08:32,LIGHT,44,
2026-05-23,08:33,LIGHT,44,
2026-05-23,08:34,LIGHT,44,
2026-05-23,08:35,LIGHT,44,
2026-05-23,08:36,LIGHT,44,
2026-05-23,08:37,LIGHT,44,
2026-05-23,08:38,LIGHT,44,
2026-05-23,08:39,LIGHT,46,
2026-05-23,08:40,LIGHT,51,
2026-05-23,08:41,LIGHT,45,
2026-05-23,08:42,LIGHT,43,
2026-05-23,08:43,LIGHT,42,
2026-05-23,08:44,LIGHT,42,
2026-05-23,08:45,LIGHT,44,
2026-05-23,08:46,LIGHT,53,
2026-05-23,08:47,LIGHT,47,
2026-05-23,08:48,LIGHT,46,
2026-05-23,08:49,LIGHT,46,
2026-05-23,08:50,LIGHT,46,
2026-05-23,08:51,LIGHT,47,
2026-05-23,08:52,LIGHT,47,
2026-05-23,08:53,LIGHT,47,
2026-05-23,08:54,LIGHT,47,
2026-05-23,08:55,LIGHT,47,
2026-05-23,08:56,LIGHT,47,
2026-05-23,08:57,LIGHT,45,
2026-05-23,08:58,LIGHT,45,
2026-05-23,08:59,LIGHT,45,
2026-05-23,09:00,LIGHT,45,
2026-05-23,09:01,LIGHT,45,
2026-05-23,09:02,LIGHT,45,
2026-05-23,09:03,LIGHT,45,
2026-05-23,09:04,LIGHT,45,
2026-05-23,09:05,LIGHT,46,
2026-05-23,09:06,LIGHT,46,
2026-05-23,09:07,LIGHT,49,
2026-05-23,09:08,LIGHT,48,
2026-05-23,09:09,LIGHT,46,
2026-05-23,09:10,LIGHT,48,
2026-05-23,09:11,LIGHT,47,
2026-05-23,09:12,LIGHT,47,
2026-05-23,09:13,LIGHT,46,
2026-05-23,09:14,LIGHT,45,
2026-05-23,09:15,LIGHT,46,
2026-05-23,09:16,LIGHT,47,
2026-05-23,09:17,LIGHT,47,
2026-05-23,09:18,LIGHT,47,
2026-05-23,09:19,LIGHT,48,
2026-05-23,09:20,LIGHT,49,
2026-05-23,09:21,LIGHT,55,
2026-05-23,09:22,LIGHT,52,
2026-05-23,09:23,LIGHT,50,
2026-05-23,09:24,LIGHT,47,
2026-05-23,09:25,LIGHT,47,
2026-05-23,09:26,LIGHT,49,
2026-05-23,09:27,LIGHT,43,
2026-05-23,09:28,LIGHT,44,
2026-05-23,09:29,LIGHT,47,
2026-05-23,09:30,LIGHT,53,
2026-05-23,09:31,LIGHT,48,
2026-05-23,09:32,LIGHT,45,
2026-05-23,09:33,LIGHT,45,
2026-05-23,09:34,LIGHT,44,
2026-05-23,09:35,REM,45,
2026-05-23,09:36,REM,45,
2026-05-23,09:37,REM,43,
2026-05-23,09:38,REM,44,
2026-05-23,09:39,REM,44,
2026-05-23,09:40,REM,44,
2026-05-23,09:41,REM,44,
2026-05-23,09:42,REM,45,
2026-05-23,09:43,REM,45,
2026-05-23,09:44,REM,45,
2026-05-23,09:45,REM,45,
2026-05-23,09:46,REM,45,
2026-05-23,09:47,REM,46,
2026-05-23,09:48,REM,52,
2026-05-23,09:49,REM,46,
2026-05-23,09:50,REM,43,
2026-05-23,09:51,REM,40,
2026-05-23,09:52,REM,41,
2026-05-23,09:53,REM,43,
2026-05-23,09:54,REM,42,
2026-05-23,09:55,REM,43,
2026-05-23,09:56,REM,42,
2026-05-23,09:57,REM,43,
2026-05-23,09:58,REM,43,
2026-05-23,09:59,REM,43,
2026-05-23,10:00,REM,43,
2026-05-23,10:01,REM,42,
2026-05-23,10:02,REM,43,
2026-05-23,10:03,REM,43,
2026-05-23,10:04,REM,43,
2026-05-23,10:05,REM,43,
2026-05-23,10:06,REM,43,
2026-05-23,10:07,REM,43,
2026-05-23,10:08,REM,43,
2026-05-23,10:09,REM,43,
2026-05-23,10:10,REM,43,
2026-05-23,10:11,REM,43,
2026-05-23,10:12,REM,43,
2026-05-23,10:13,REM,43,
2026-05-23,10:14,LIGHT,43,
2026-05-23,10:15,LIGHT,43,
2026-05-23,10:16,LIGHT,43,
2026-05-23,10:17,LIGHT,43,
2026-05-23,10:18,LIGHT,43,
2026-05-23,10:19,LIGHT,43,
2026-05-23,10:20,LIGHT,43,
2026-05-23,10:21,LIGHT,43,
2026-05-23,10:22,LIGHT,43,
2026-05-23,10:23,LIGHT,43,
2026-05-23,10:24,LIGHT,43,
2026-05-23,10:25,LIGHT,43,
2026-05-23,10:26,LIGHT,43,
2026-05-23,10:27,LIGHT,43,
2026-05-23,10:28,LIGHT,43,
2026-05-23,10:29,LIGHT,43,
2026-05-23,10:30,LIGHT,43,
2026-05-23,10:31,LIGHT,43,
2026-05-23,10:32,LIGHT,43,
2026-05-23,10:33,LIGHT,45,
2026-05-23,10:34,LIGHT,52,
2026-05-23,10:35,LIGHT,52,
2026-05-23,10:36,LIGHT,45,
2026-05-23,10:37,LIGHT,42,
2026-05-23,10:38,LIGHT,42,
2026-05-23,10:39,LIGHT,42,
2026-05-23,10:40,LIGHT,43,
2026-05-23,10:41,LIGHT,44,
2026-05-23,10:42,LIGHT,44,
2026-05-23,10:43,LIGHT,44,
2026-05-23,10:44,LIGHT,44,
2026-05-23,10:45,LIGHT,44,
2026-05-23,10:46,LIGHT,44,
2026-05-23,10:47,LIGHT,44,
2026-05-23,10:48,LIGHT,44,
2026-05-23,10:49,LIGHT,44,
2026-05-23,10:50,LIGHT,51,
2026-05-23,10:51,LIGHT,45,
2026-05-23,10:52,LIGHT,44,
2026-05-23,10:53,LIGHT,42,
2026-05-23,10:54,LIGHT,43,
2026-05-23,10:55,DEEP,44,
2026-05-23,10:56,DEEP,45,
2026-05-23,10:57,DEEP,45,
2026-05-23,10:58,DEEP,51,
2026-05-23,10:59,DEEP,46,
2026-05-23,11:00,DEEP,43,
2026-05-23,11:01,LIGHT,43,
2026-05-23,11:02,LIGHT,44,
2026-05-23,11:03,LIGHT,46,
2026-05-23,11:04,LIGHT,45,
2026-05-23,11:05,LIGHT,49,
2026-05-23,11:06,LIGHT,45,
2026-05-23,11:07,LIGHT,44,
2026-05-23,11:08,LIGHT,44,
2026-05-23,11:09,LIGHT,44,
2026-05-23,11:10,LIGHT,44,
2026-05-23,11:11,LIGHT,48,
2026-05-23,11:12,LIGHT,45,
2026-05-23,11:13,LIGHT,44,
2026-05-23,11:14,LIGHT,49,
2026-05-23,11:15,LIGHT,43,
2026-05-23,11:16,LIGHT,43,
2026-05-23,11:17,REM,46,
2026-05-23,11:18,REM,41,
2026-05-23,11:19,REM,42,
2026-05-23,11:20,REM,47,
2026-05-23,11:21,REM,46,
2026-05-23,11:22,REM,46,
2026-05-23,11:23,REM,46,
2026-05-23,11:24,REM,46,
2026-05-23,11:25,REM,46,
2026-05-23,11:26,REM,43,
2026-05-23,11:27,REM,43,
2026-05-23,11:28,REM,43,
2026-05-23,11:29,REM,43,
2026-05-23,11:30,REM,43,
2026-05-23,11:31,REM,43,
2026-05-23,11:32,REM,44,
2026-05-23,11:33,REM,42,
2026-05-23,11:34,REM,42,
2026-05-23,11:35,REM,44,
2026-05-23,11:36,REM,44,
2026-05-23,11:37,REM,46,
2026-05-23,11:38,REM,45,
2026-05-23,11:39,REM,45,
2026-05-23,11:40,REM,47,
2026-05-23,11:41,REM,46,
2026-05-23,11:42,REM,42,
2026-05-23,11:43,REM,42,
2026-05-23,11:44,REM,44,
2026-05-23,11:45,REM,43,
2026-05-23,11:46,REM,45,
2026-05-23,11:47,REM,44,
2026-05-23,11:48,LIGHT,45,
2026-05-23,11:49,LIGHT,45,
2026-05-23,11:50,LIGHT,45,
2026-05-23,11:51,LIGHT,45,
2026-05-23,11:52,LIGHT,47,
2026-05-23,11:53,LIGHT,47,
2026-05-23,11:54,LIGHT,47,
2026-05-23,11:55,LIGHT,48,
2026-05-23,11:56,LIGHT,50,
2026-05-23,11:57,LIGHT,46,
2026-05-23,11:58,LIGHT,44,
2026-05-23,11:59,LIGHT,44,
2026-05-23,12:00,LIGHT,45,
2026-05-23,12:01,LIGHT,45,
2026-05-23,12:02,LIGHT,45,
2026-05-23,12:03,LIGHT,46,
2026-05-23,12:04,LIGHT,52,
2026-05-23,12:05,LIGHT,45,
2026-05-23,12:06,LIGHT,45,
2026-05-23,12:07,LIGHT,46,
2026-05-23,12:08,LIGHT,47,
2026-05-23,12:09,LIGHT,48,
2026-05-23,12:10,LIGHT,48,
2026-05-23,12:11,LIGHT,48,
2026-05-23,12:12,LIGHT,45,
2026-05-23,12:13,LIGHT,45,
2026-05-23,12:14,LIGHT,46,
2026-05-23,12:15,LIGHT,48,
2026-05-23,12:16,LIGHT,48,
2026-05-23,12:17,LIGHT,48,
2026-05-23,12:18,LIGHT,47,
2026-05-23,12:19,LIGHT,46,
2026-05-23,12:20,LIGHT,46,
2026-05-23,12:21,LIGHT,47,
2026-05-23,12:22,LIGHT,47,
2026-05-23,12:23,LIGHT,46,
2026-05-23,12:24,DEEP,46,
2026-05-23,12:25,DEEP,46,
2026-05-23,12:26,DEEP,46,
2026-05-23,12:27,DEEP,46,
2026-05-23,12:28,DEEP,47,
2026-05-23,12:29,DEEP,49,
2026-05-23,12:30,DEEP,47,
2026-05-23,12:31,DEEP,44,
2026-05-23,12:32,DEEP,45,
2026-05-23,12:33,DEEP,45,
2026-05-23,12:34,DEEP,44,
2026-05-23,12:35,DEEP,49,
2026-05-23,12:36,DEEP,44,
2026-05-23,12:37,DEEP,45,
2026-05-23,12:38,DEEP,45,
2026-05-23,12:39,DEEP,45,
2026-05-23,12:40,DEEP,45,
2026-05-23,12:41,DEEP,45,
2026-05-23,12:42,DEEP,46,
2026-05-23,12:43,DEEP,46,
2026-05-23,12:44,DEEP,46,
2026-05-23,12:45,LIGHT,46,
2026-05-23,12:46,LIGHT,46,
2026-05-23,12:47,LIGHT,46,
2026-05-23,12:48,WAKE,46,
2026-05-23,12:49,WAKE,46,
2026-05-23,12:50,WAKE,46,
2026-05-23,12:51,WAKE,46,
2026-05-23,12:52,LIGHT,46,
2026-05-23,12:53,LIGHT,46,
2026-05-23,12:54,LIGHT,46,
2026-05-23,12:55,LIGHT,46,
2026-05-23,12:56,LIGHT,46,
2026-05-23,12:57,LIGHT,46,
2026-05-23,12:58,LIGHT,46,
2026-05-23,12:59,LIGHT,46,
2026-05-23,13:00,LIGHT,47,
2026-05-23,13:01,LIGHT,47,
2026-05-23,13:02,LIGHT,47,
2026-05-23,13:03,LIGHT,47,
2026-05-23,13:04,LIGHT,47,
2026-05-23,13:05,LIGHT,49,
2026-05-23,13:06,LIGHT,46,
2026-05-23,13:07,LIGHT,46,
2026-05-23,13:08,LIGHT,57,
2026-05-23,13:09,LIGHT,59,
2026-05-23,13:10,LIGHT,59,
2026-05-23,13:11,LIGHT,55,
2026-05-23,13:12,LIGHT,57,
2026-05-23,13:13,LIGHT,55,
2026-05-23,13:14,LIGHT,57,
2026-05-23,13:15,LIGHT,63,
2026-05-23,13:16,LIGHT,59,
2026-05-23,13:17,LIGHT,63,
2026-05-23,13:18,LIGHT,58,
2026-05-23,13:19,LIGHT,58,
2026-05-23,13:20,LIGHT,58,
2026-05-23,13:21,LIGHT,63,
2026-05-23,13:22,LIGHT,59,
2026-05-23,13:23,LIGHT,62,
2026-05-23,13:24,LIGHT,66,
2026-05-23,13:25,LIGHT,60,
2026-05-23,13:26,LIGHT,56,
2026-05-23,13:27,LIGHT,57,
2026-05-23,13:28,LIGHT,55,
2026-05-23,13:29,LIGHT,59,
2026-05-23,13:30,LIGHT,63,
2026-05-23,13:31,LIGHT,64,
2026-05-23,13:32,LIGHT,56,
2026-05-23,13:33,LIGHT,54,
2026-05-23,13:34,LIGHT,54,
2026-05-23,13:35,LIGHT,61,
2026-05-23,13:36,LIGHT,59,
2026-05-23,13:37,LIGHT,64,
2026-05-23,13:38,LIGHT,66,
2026-05-23,13:39,LIGHT,59,
2026-05-23,13:40,LIGHT,61,
2026-05-23,13:41,LIGHT,58,
2026-05-23,13:42,LIGHT,59,
2026-05-23,13:43,LIGHT,62,
2026-05-23,13:44,LIGHT,59,
2026-05-23,13:45,LIGHT,59,
2026-05-23,13:46,LIGHT,69,
2026-05-23,13:47,LIGHT,63,
2026-05-23,13:48,LIGHT,63,
2026-05-23,13:49,LIGHT,62,
2026-05-23,13:50,LIGHT,59,
2026-05-23,13:51,LIGHT,55,
2026-05-23,13:52,LIGHT,56,
2026-05-23,13:53,LIGHT,55,
2026-05-23,13:54,LIGHT,55,
2026-05-23,13:55,LIGHT,53,
2026-05-23,13:56,LIGHT,55,
2026-05-23,13:57,LIGHT,57,
2026-05-23,13:58,LIGHT,62,
2026-05-23,13:59,LIGHT,59,
2026-05-23,14:00,LIGHT,59,
2026-05-23,14:01,LIGHT,62,
2026-05-23,14:02,LIGHT,55,
2026-05-23,14:03,LIGHT,58,
2026-05-23,14:04,LIGHT,66,
2026-05-23,14:05,LIGHT,64,
2026-05-23,14:06,LIGHT,60,
2026-05-23,14:07,LIGHT,62,
2026-05-23,14:08,LIGHT,61,
2026-05-23,14:09,LIGHT,61,
2026-05-23,14:10,LIGHT,60,
2026-05-23,14:11,LIGHT,63,
2026-05-23,14:12,LIGHT,68,
2026-05-23,14:13,LIGHT,70,
2026-05-23,14:14,LIGHT,63,
2026-05-23,14:15,LIGHT,61,
2026-05-23,14:16,LIGHT,68,
2026-05-23,14:17,LIGHT,80,
2026-05-23,14:18,LIGHT,,
2026-05-23,14:19,LIGHT,,
2026-05-23,14:20,LIGHT,,
2026-05-23,14:21,LIGHT,,
2026-05-23,14:22,LIGHT,,
2026-05-23,14:23,DEEP,,
2026-05-23,14:24,DEEP,,
2026-05-23,14:25,LIGHT,,
2026-05-23,14:26,LIGHT,,
2026-05-23,14:27,LIGHT,,
2026-05-23,14:28,WAKE,,
2026-05-23,14:29,LIGHT,,
2026-05-23,18:38,LIGHT,107,
2026-05-23,18:39,LIGHT,115,
2026-05-23,18:40,LIGHT,115,
2026-05-23,18:41,LIGHT,117,
2026-05-23,18:42,LIGHT,117,
2026-05-23,18:43,LIGHT,113,
2026-05-23,18:44,LIGHT,107,
2026-05-23,18:45,LIGHT,107,
2026-05-23,18:46,LIGHT,107,
2026-05-23,18:47,LIGHT,106,
2026-05-23,18:48,LIGHT,103,
2026-05-23,18:49,LIGHT,100,
2026-05-23,18:50,LIGHT,97,
2026-05-23,18:51,DEEP,99,
2026-05-23,18:52,DEEP,100,
2026-05-23,18:53,DEEP,99,
2026-05-23,18:54,DEEP,98,
2026-05-23,18:55,LIGHT,99,
2026-05-23,18:56,LIGHT,109,
2026-05-23,18:57,LIGHT,105,
2026-05-23,18:58,LIGHT,99,
2026-05-23,18:59,LIGHT,99,
2026-05-23,19:00,LIGHT,101,
2026-05-23,19:01,LIGHT,98,
2026-05-23,19:02,LIGHT,100,
2026-05-23,19:03,LIGHT,97,
2026-05-23,19:04,LIGHT,96,
2026-05-23,19:05,DEEP,100,
2026-05-23,19:06,DEEP,105,
2026-05-23,19:07,DEEP,105,
2026-05-23,19:08,DEEP,104,
2026-05-23,19:09,DEEP,102,
2026-05-23,19:10,DEEP,100,
2026-05-23,19:11,DEEP,95,
2026-05-23,19:12,DEEP,93,
2026-05-23,19:13,DEEP,95,
2026-05-23,19:14,DEEP,95,
2026-05-23,19:15,DEEP,97,
2026-05-23,19:16,LIGHT,97,
2026-05-23,19:17,LIGHT,94,
2026-05-23,19:18,LIGHT,91,
2026-05-23,19:19,REM,92,
2026-05-23,19:20,REM,97,
2026-05-23,19:21,REM,95,
2026-05-23,19:22,REM,92,
2026-05-23,19:23,LIGHT,94,
2026-05-23,19:24,LIGHT,92,
2026-05-23,19:25,LIGHT,93,
2026-05-23,19:26,LIGHT,91,
2026-05-23,19:27,LIGHT,91,
2026-05-23,19:28,REM,95,
2026-05-23,19:29,REM,94,
2026-05-23,19:30,REM,91,
2026-05-23,19:31,REM,92,
2026-05-23,19:32,REM,89,
2026-05-23,19:33,LIGHT,93,
2026-05-23,19:34,LIGHT,92,
2026-05-23,19:35,LIGHT,90,
2026-05-23,19:36,LIGHT,91,
2026-05-23,19:37,LIGHT,91,
2026-05-24,04:21,LIGHT,58,
2026-05-24,04:22,LIGHT,59,
2026-05-24,04:23,LIGHT,62,
2026-05-24,04:24,LIGHT,57,
2026-05-24,04:25,LIGHT,55,
2026-05-24,04:26,LIGHT,55,
2026-05-24,04:27,LIGHT,55,
2026-05-24,04:28,LIGHT,55,
2026-05-24,04:29,LIGHT,54,
2026-05-24,04:30,LIGHT,55,
2026-05-24,04:31,LIGHT,55,
2026-05-24,04:32,LIGHT,55,
2026-05-24,04:33,DEEP,55,
2026-05-24,04:34,DEEP,55,
2026-05-24,04:35,DEEP,55,
2026-05-24,04:36,DEEP,55,
2026-05-24,04:37,DEEP,55,
2026-05-24,04:38,DEEP,55,
2026-05-24,04:39,DEEP,55,
2026-05-24,04:40,DEEP,59,
2026-05-24,04:41,DEEP,67,
2026-05-24,04:42,DEEP,61,
2026-05-24,04:43,DEEP,59,
2026-05-24,04:44,DEEP,58,
2026-05-24,04:45,DEEP,65,
2026-05-24,04:46,DEEP,62,
2026-05-24,04:47,DEEP,60,
2026-05-24,04:48,DEEP,59,
2026-05-24,04:49,DEEP,58,
2026-05-24,04:50,DEEP,68,
2026-05-24,04:51,DEEP,62,
2026-05-24,04:52,DEEP,60,
2026-05-24,04:53,DEEP,62,
2026-05-24,04:54,DEEP,65,
2026-05-24,04:55,DEEP,63,
2026-05-24,04:56,DEEP,60,
2026-05-24,04:57,DEEP,60,
2026-05-24,04:58,DEEP,58,
2026-05-24,04:59,DEEP,58,
2026-05-24,05:00,DEEP,68,
2026-05-24,05:01,DEEP,59,
2026-05-24,05:02,DEEP,57,
2026-05-24,05:03,DEEP,57,
2026-05-24,05:04,DEEP,57,
2026-05-24,05:05,DEEP,64,
2026-05-24,05:06,DEEP,61,
2026-05-24,05:07,DEEP,58,
2026-05-24,05:08,DEEP,56,
2026-05-24,05:09,DEEP,56,
2026-05-24,05:10,DEEP,57,
2026-05-24,05:11,DEEP,56,
2026-05-24,05:12,DEEP,55,
2026-05-24,05:13,DEEP,55,
2026-05-24,05:14,DEEP,55,
2026-05-24,05:15,DEEP,55,
2026-05-24,05:16,DEEP,56,
2026-05-24,05:17,DEEP,56,
2026-05-24,05:18,DEEP,61,
2026-05-24,05:19,DEEP,66,
2026-05-24,05:20,DEEP,63,
2026-05-24,05:21,DEEP,57,
2026-05-24,05:22,DEEP,55,
2026-05-24,05:23,DEEP,55,
2026-05-24,05:24,DEEP,55,
2026-05-24,05:25,DEEP,53,
2026-05-24,05:26,DEEP,53,
2026-05-24,05:27,DEEP,54,
2026-05-24,05:28,DEEP,54,
2026-05-24,05:29,DEEP,57,
2026-05-24,05:30,DEEP,55,
2026-05-24,05:31,DEEP,55,
2026-05-24,05:32,DEEP,55,
2026-05-24,05:33,DEEP,57,
2026-05-24,05:34,DEEP,57,
2026-05-24,05:35,LIGHT,54,
2026-05-24,05:36,LIGHT,55,
2026-05-24,05:37,LIGHT,55,
2026-05-24,05:38,WAKE,56,
2026-05-24,05:39,LIGHT,56,
2026-05-24,05:40,LIGHT,54,
2026-05-24,05:41,LIGHT,56,
2026-05-24,05:42,REM,63,
2026-05-24,05:43,REM,62,
2026-05-24,05:44,REM,57,
2026-05-24,05:45,REM,58,
2026-05-24,05:46,REM,57,
2026-05-24,05:47,REM,57,
2026-05-24,05:48,REM,57,
2026-05-24,05:49,REM,55,
2026-05-24,05:50,REM,55,
2026-05-24,05:51,REM,55,
2026-05-24,05:52,REM,56,
2026-05-24,05:53,REM,54,
2026-05-24,05:54,REM,54,
2026-05-24,05:55,REM,54,
2026-05-24,05:56,REM,54,
2026-05-24,05:57,REM,54,
2026-05-24,05:58,REM,56,
2026-05-24,05:59,REM,67,
2026-05-24,06:00,REM,69,
2026-05-24,06:01,REM,79,
2026-05-24,06:02,REM,86,
2026-05-24,06:03,REM,93,
2026-05-24,06:04,REM,87,
2026-05-24,06:05,REM,94,
2026-05-24,06:06,REM,100,
2026-05-24,06:07,REM,100,
2026-05-24,06:08,REM,92,
2026-05-24,06:09,LIGHT,84,
2026-05-24,06:10,LIGHT,76,
2026-05-24,06:11,LIGHT,73,
2026-05-24,06:12,LIGHT,73,
2026-05-24,06:13,LIGHT,74,
2026-05-24,06:14,LIGHT,71,
2026-05-24,06:15,LIGHT,79,
2026-05-24,06:16,LIGHT,79,
2026-05-24,06:17,LIGHT,80,
2026-05-24,06:18,LIGHT,91,
2026-05-24,06:19,LIGHT,93,
2026-05-24,06:20,LIGHT,82,
2026-05-24,06:21,LIGHT,78,
2026-05-24,06:22,LIGHT,76,
2026-05-24,06:23,LIGHT,74,
2026-05-24,06:24,LIGHT,74,
2026-05-24,06:25,LIGHT,66,
2026-05-24,06:26,LIGHT,62,
2026-05-24,06:27,LIGHT,62,
2026-05-24,06:28,LIGHT,60,
2026-05-24,06:29,LIGHT,57,
2026-05-24,06:30,LIGHT,60,
2026-05-24,06:31,LIGHT,61,
2026-05-24,06:32,LIGHT,60,
2026-05-24,06:33,LIGHT,60,
2026-05-24,06:34,LIGHT,62,
2026-05-24,06:35,LIGHT,61,
2026-05-24,06:36,LIGHT,62,
2026-05-24,06:37,LIGHT,60,
2026-05-24,06:38,LIGHT,62,
2026-05-24,06:39,LIGHT,62,
2026-05-24,06:40,LIGHT,62,
2026-05-24,06:41,LIGHT,71,
2026-05-24,06:42,LIGHT,72,
2026-05-24,06:43,LIGHT,74,
2026-05-24,06:44,LIGHT,73,
2026-05-24,06:45,LIGHT,72,
2026-05-24,06:46,LIGHT,68,
2026-05-24,06:47,LIGHT,71,
2026-05-24,06:48,LIGHT,72,
2026-05-24,06:49,DEEP,72,
2026-05-24,06:50,DEEP,71,
2026-05-24,06:51,DEEP,69,
2026-05-24,06:52,DEEP,81,
2026-05-24,06:53,DEEP,91,
2026-05-24,06:54,DEEP,97,
2026-05-24,06:55,DEEP,94,
2026-05-24,06:56,DEEP,92,
2026-05-24,06:57,LIGHT,94,
2026-05-24,06:58,LIGHT,101,
2026-05-24,06:59,LIGHT,101,
2026-05-24,07:00,LIGHT,97,
2026-05-24,07:01,LIGHT,89,
2026-05-24,07:02,LIGHT,82,
2026-05-24,07:03,LIGHT,79,
2026-05-24,07:04,LIGHT,77,
2026-05-24,07:05,LIGHT,80,
2026-05-24,07:06,LIGHT,78,
2026-05-24,07:07,LIGHT,75,
2026-05-24,07:08,LIGHT,75,
2026-05-24,07:09,LIGHT,74,
2026-05-24,07:10,LIGHT,73,
2026-05-24,07:11,LIGHT,71,
2026-05-24,07:12,LIGHT,71,
2026-05-24,07:13,LIGHT,73,
2026-05-24,07:14,LIGHT,72,
2026-05-24,07:15,LIGHT,73,
2026-05-24,07:16,LIGHT,73,
2026-05-24,07:17,LIGHT,75,
2026-05-24,07:18,LIGHT,83,
2026-05-24,07:19,LIGHT,79,
2026-05-24,07:20,LIGHT,83,
2026-05-24,07:21,LIGHT,93,
2026-05-24,07:22,REM,95,
2026-05-24,07:23,REM,95,
2026-05-24,07:24,REM,102,
2026-05-24,07:25,REM,97,
2026-05-24,07:26,REM,94,
2026-05-24,07:27,REM,102,
2026-05-24,07:28,REM,133,
2026-05-24,07:29,REM,147,
2026-05-24,07:30,REM,152,
2026-05-24,07:31,REM,156,
2026-05-24,07:32,REM,158,
2026-05-24,07:33,REM,162,
2026-05-24,07:34,REM,165,
2026-05-24,07:35,REM,170,
2026-05-24,07:36,REM,171,
2026-05-24,07:37,REM,173,
2026-05-24,07:38,REM,173,
2026-05-24,07:39,REM,173,
2026-05-24,07:40,REM,171,
2026-05-24,07:41,REM,172,
2026-05-24,07:42,REM,174,
2026-05-24,07:43,REM,174,
2026-05-24,07:44,REM,174,
2026-05-24,07:45,REM,174,
2026-05-24,07:46,REM,175,
2026-05-24,07:47,REM,175,
2026-05-24,07:48,REM,175,
2026-05-24,07:49,REM,175,
2026-05-24,07:50,REM,175,
2026-05-24,07:51,LIGHT,175,
2026-05-24,07:52,LIGHT,175,
2026-05-24,07:53,LIGHT,175,
2026-05-24,07:54,LIGHT,174,
2026-05-24,07:55,LIGHT,173,
2026-05-24,07:56,LIGHT,175,
2026-05-24,07:57,LIGHT,177,
2026-05-24,07:58,LIGHT,178,
2026-05-24,07:59,LIGHT,179,
2026-05-24,08:00,LIGHT,179,
2026-05-24,08:01,LIGHT,177,
2026-05-24,08:02,LIGHT,177,
2026-05-24,08:03,LIGHT,177,
2026-05-24,08:04,LIGHT,178,
2026-05-24,08:05,LIGHT,176,
2026-05-24,08:06,LIGHT,176,
2026-05-24,08:07,LIGHT,153,
2026-05-24,08:08,LIGHT,127,
2026-05-24,08:09,LIGHT,116,
2026-05-24,08:10,LIGHT,111,
2026-05-24,08:11,LIGHT,108,
2026-05-24,08:12,LIGHT,105,
2026-05-24,08:13,LIGHT,110,
2026-05-24,08:14,LIGHT,107,
2026-05-24,08:15,LIGHT,102,
2026-05-24,08:16,LIGHT,99,
2026-05-24,08:17,LIGHT,96,
2026-05-24,08:18,LIGHT,93,
2026-05-24,08:19,LIGHT,91,
2026-05-24,08:20,LIGHT,90,
2026-05-24,08:21,LIGHT,89,
2026-05-24,08:22,LIGHT,92,
2026-05-24,08:23,LIGHT,90,
2026-05-24,08:24,LIGHT,90,
2026-05-24,08:25,LIGHT,93,
2026-05-24,08:26,LIGHT,94,
2026-05-24,08:27,LIGHT,94,
2026-05-24,08:28,LIGHT,92,
2026-05-24,08:29,DEEP,90,
2026-05-24,08:30,DEEP,90,
2026-05-24,08:31,DEEP,90,
2026-05-24,08:32,DEEP,88,
2026-05-24,08:33,DEEP,88,
2026-05-24,08:34,DEEP,87,
2026-05-24,08:35,DEEP,87,
2026-05-24,08:36,DEEP,88,
2026-05-24,08:37,DEEP,85,
2026-05-24,08:38,DEEP,85,
2026-05-24,08:39,LIGHT,85,
2026-05-24,08:40,LIGHT,86,
2026-05-24,08:41,LIGHT,82,
2026-05-24,08:42,LIGHT,81,
2026-05-24,08:43,LIGHT,81,
2026-05-24,08:44,LIGHT,80,
2026-05-24,08:45,LIGHT,82,
2026-05-24,08:46,LIGHT,82,
2026-05-24,08:47,LIGHT,80,
2026-05-24,08:48,LIGHT,81,
2026-05-24,08:49,LIGHT,79,
2026-05-24,08:50,LIGHT,76,
2026-05-24,08:51,LIGHT,77,
2026-05-24,08:52,LIGHT,75,
2026-05-24,08:53,LIGHT,74,
2026-05-24,08:54,LIGHT,70,
2026-05-24,08:55,LIGHT,72,
2026-05-24,08:56,LIGHT,77,
2026-05-24,08:57,LIGHT,76,
2026-05-24,08:58,LIGHT,73,
2026-05-24,08:59,LIGHT,72,
2026-05-24,09:00,LIGHT,72,
2026-05-24,09:01,LIGHT,74,
2026-05-24,09:02,LIGHT,76,
2026-05-24,09:03,LIGHT,75,
2026-05-24,09:04,LIGHT,72,
2026-05-24,09:05,LIGHT,73,
2026-05-24,09:06,LIGHT,72,
2026-05-24,09:07,LIGHT,74,
2026-05-24,09:08,LIGHT,80,
2026-05-24,09:09,LIGHT,93,
2026-05-24,09:10,LIGHT,93,
2026-05-24,09:11,LIGHT,91,
2026-05-24,09:12,LIGHT,92,
2026-05-24,09:13,LIGHT,95,
2026-05-24,09:14,REM,100,
2026-05-24,09:15,REM,96,
2026-05-24,09:16,REM,101,
2026-05-24,09:17,REM,108,
2026-05-24,09:18,REM,93,
2026-05-24,09:19,REM,82,
2026-05-24,09:20,LIGHT,82,
2026-05-24,09:21,LIGHT,76,
2026-05-24,09:22,LIGHT,81,
2026-05-24,09:23,WAKE,88,
2026-05-24,09:24,LIGHT,97,
2026-05-24,09:25,LIGHT,100,
2026-05-24,09:26,LIGHT,102,
2026-05-24,09:27,LIGHT,128,
2026-05-24,09:28,LIGHT,149,
2026-05-24,09:29,LIGHT,156,
2026-05-24,09:30,LIGHT,160,
2026-05-24,09:31,WAKE,162,
2026-05-24,09:32,LIGHT,168,
2026-05-24,09:33,LIGHT,176,
2026-05-24,09:34,LIGHT,179,
2026-05-24,09:35,LIGHT,179,
2026-05-24,09:36,LIGHT,179,
2026-05-24,09:37,LIGHT,179,
2026-05-24,09:38,REM,179,
2026-05-24,09:39,REM,180,
2026-05-24,09:40,REM,180,
2026-05-24,09:41,REM,180,
2026-05-24,09:42,REM,177,
2026-05-24,09:43,REM,177,
2026-05-24,09:44,REM,174,
2026-05-24,09:45,REM,161,
2026-05-24,09:46,REM,144,
2026-05-24,09:47,REM,124,
2026-05-24,09:48,REM,121,
2026-05-24,09:49,REM,118,
2026-05-24,09:50,REM,130,
2026-05-24,09:51,REM,157,
2026-05-24,09:52,REM,171,
2026-05-24,09:53,REM,171,
2026-05-24,09:54,REM,140,
2026-05-24,09:55,REM,126,
2026-05-24,09:56,REM,122,
2026-05-24,09:57,REM,119,
2026-05-24,09:58,REM,115,
2026-05-24,09:59,REM,113,
2026-05-24,10:00,REM,112,
2026-05-24,10:01,REM,105,
2026-05-24,10:02,REM,105,
2026-05-24,10:03,REM,104,
2026-05-24,10:04,LIGHT,119,
2026-05-24,10:05,LIGHT,109,
2026-05-24,10:06,LIGHT,111,
2026-05-24,10:07,LIGHT,114,
2026-05-24,10:08,LIGHT,114,
2026-05-24,10:09,LIGHT,114,
2026-05-24,10:10,LIGHT,134,
2026-05-24,10:11,LIGHT,137,
2026-05-24,10:12,LIGHT,141,
2026-05-24,10:13,LIGHT,134,
2026-05-24,10:14,LIGHT,142,
2026-05-24,10:15,LIGHT,139,
2026-05-24,10:16,LIGHT,138,
2026-05-24,10:17,LIGHT,140,
2026-05-24,10:18,LIGHT,135,
2026-05-24,10:19,LIGHT,138,
2026-05-24,10:20,LIGHT,132,
2026-05-24,10:21,LIGHT,128,
2026-05-24,10:22,LIGHT,111,
2026-05-24,10:23,LIGHT,102,
2026-05-24,10:24,LIGHT,97,
2026-05-24,10:25,LIGHT,92,
2026-05-24,10:26,LIGHT,89,
2026-05-24,10:27,LIGHT,89,
2026-05-24,10:28,LIGHT,86,
2026-05-24,10:29,LIGHT,87,
2026-05-24,10:30,LIGHT,84,
2026-05-24,10:31,LIGHT,79,
2026-05-24,10:32,LIGHT,78,
2026-05-24,10:33,LIGHT,78,
2026-05-24,10:34,LIGHT,83,
2026-05-24,10:35,LIGHT,83,
2026-05-24,10:36,LIGHT,78,
2026-05-24,10:37,LIGHT,78,
2026-05-24,10:38,LIGHT,78,
2026-05-24,10:39,LIGHT,78,
2026-05-24,10:40,LIGHT,80,
2026-05-24,10:41,LIGHT,78,
2026-05-24,10:42,LIGHT,79,
2026-05-24,10:43,LIGHT,80,
2026-05-24,10:44,LIGHT,80,
2026-05-24,10:45,LIGHT,87,
2026-05-24,10:46,LIGHT,94,
2026-05-24,10:47,LIGHT,90,
2026-05-24,10:48,LIGHT,90,
2026-05-24,10:49,LIGHT,92,
2026-05-24,10:50,LIGHT,99,
2026-05-24,10:51,LIGHT,93,
2026-05-24,10:52,LIGHT,82,
2026-05-24,10:53,LIGHT,80,
2026-05-24,10:54,LIGHT,80,
2026-05-24,10:55,LIGHT,80,
2026-05-24,10:56,LIGHT,80,
2026-05-24,10:57,REM,80,
2026-05-24,10:58,REM,81,
2026-05-24,10:59,REM,80,
2026-05-24,11:00,REM,79,
2026-05-24,11:01,REM,81,
2026-05-24,11:02,REM,82,
2026-05-24,11:03,REM,81,
2026-05-24,11:04,REM,82,
2026-05-24,11:05,REM,80,
2026-05-24,11:06,REM,79,
2026-05-24,11:07,REM,80,
2026-05-24,11:08,REM,77,
2026-05-24,11:09,REM,77,
2026-05-24,11:10,REM,77,
2026-05-24,11:11,REM,78,
2026-05-24,11:12,REM,77,
2026-05-24,11:13,REM,76,
2026-05-24,11:14,REM,78,
2026-05-24,11:15,REM,78,
2026-05-24,11:16,REM,83,
2026-05-24,11:17,REM,85,
2026-05-24,11:18,REM,85,
2026-05-24,11:19,REM,82,
2026-05-24,11:20,REM,87,
2026-05-24,11:21,REM,87,
2026-05-24,11:22,REM,87,
2026-05-24,11:23,REM,81,
2026-05-24,11:24,REM,82,
2026-05-24,11:25,REM,82,
2026-05-24,11:26,REM,78,
2026-05-24,11:27,LIGHT,79,
2026-05-24,11:28,LIGHT,80,
2026-05-24,11:29,LIGHT,80,
2026-05-24,11:30,LIGHT,78,
2026-05-24,11:31,LIGHT,78,
2026-05-24,11:32,LIGHT,77,
2026-05-24,11:33,LIGHT,78,
2026-05-24,11:34,LIGHT,79,
2026-05-24,11:35,LIGHT,74,
2026-05-24,11:36,LIGHT,78,
2026-05-24,11:37,REM,81,
2026-05-24,11:38,REM,82,
2026-05-24,11:39,REM,85,
2026-05-24,11:40,REM,88,
2026-05-24,11:41,LIGHT,90,
2026-05-24,11:42,LIGHT,92,
2026-05-24,11:43,LIGHT,93,
2026-05-24,11:44,LIGHT,94,
2026-05-24,11:45,LIGHT,94,
2026-05-24,11:46,LIGHT,91,
2026-05-24,11:47,LIGHT,92,
2026-05-24,11:48,LIGHT,94,
2026-05-24,11:49,LIGHT,90,
2026-05-24,11:50,LIGHT,93,
2026-05-24,11:51,LIGHT,92,
2026-05-24,11:52,LIGHT,91,
2026-05-24,11:53,LIGHT,91,
2026-05-24,11:54,LIGHT,88,
2026-05-24,11:55,LIGHT,93,
2026-05-24,11:56,LIGHT,90,
2026-05-24,11:57,LIGHT,90,
2026-05-24,11:58,LIGHT,89,
2026-05-24,11:59,LIGHT,88,
2026-05-24,12:00,LIGHT,88,
2026-05-24,12:01,LIGHT,89,
2026-05-24,12:02,LIGHT,96,
2026-05-24,12:03,LIGHT,98,
2026-05-24,12:04,LIGHT,105,
2026-05-24,12:05,LIGHT,106,
2026-05-24,12:06,LIGHT,98,
2026-05-24,12:07,LIGHT,95,
2026-05-24,12:08,LIGHT,93,
2026-05-24,12:09,LIGHT,92,
2026-05-24,12:10,LIGHT,92,
2026-05-24,12:11,LIGHT,92,
2026-05-24,12:12,LIGHT,94,
2026-05-24,12:13,LIGHT,94,
2026-05-24,12:14,LIGHT,94,
2026-05-24,12:15,REM,93,
2026-05-24,12:16,REM,93,
2026-05-24,12:17,REM,92,
2026-05-24,12:18,REM,92,
2026-05-24,12:19,REM,92,
2026-05-24,12:20,REM,93,
2026-05-24,12:21,REM,93,
2026-05-24,12:22,REM,93,
2026-05-24,12:23,LIGHT,90,
2026-05-24,12:24,LIGHT,91,
2026-05-24,12:25,LIGHT,90,
2026-05-24,12:26,LIGHT,92,
2026-05-24,12:27,LIGHT,90,
2026-05-24,12:28,LIGHT,88,
2026-05-24,12:29,LIGHT,88,
2026-05-24,12:30,LIGHT,88,
2026-05-24,12:31,LIGHT,91,
2026-05-24,12:32,LIGHT,91,
2026-05-24,12:33,LIGHT,92,
2026-05-24,12:34,LIGHT,86,
2026-05-24,12:35,LIGHT,85,
2026-05-24,12:36,LIGHT,85,
2026-05-24,12:37,LIGHT,82,
2026-05-24,12:38,LIGHT,84,
2026-05-24,12:39,LIGHT,85,
2026-05-24,12:40,LIGHT,82,
2026-05-24,12:41,LIGHT,82,
2026-05-24,12:42,LIGHT,84,
2026-05-24,12:43,LIGHT,84,
2026-05-24,12:44,LIGHT,86,
2026-05-24,12:45,LIGHT,89,
2026-05-24,12:46,LIGHT,87,
2026-05-24,12:47,LIGHT,92,
2026-05-24,12:48,LIGHT,103,
2026-05-24,12:49,LIGHT,116,
2026-05-24,12:50,LIGHT,115,
2026-05-24,12:51,LIGHT,103,
2026-05-24,12:52,LIGHT,98,
2026-05-24,12:53,LIGHT,95,
2026-05-24,12:54,DEEP,93,
2026-05-24,12:55,DEEP,95,
2026-05-24,12:56,DEEP,93,
2026-05-24,12:57,DEEP,90,
2026-05-24,12:58,DEEP,87,
2026-05-24,12:59,DEEP,87,
2026-05-24,13:00,DEEP,87,
2026-05-24,13:01,DEEP,84,
2026-05-24,13:02,DEEP,86,
2026-05-24,13:03,LIGHT,84,
2026-05-24,13:04,LIGHT,84,
2026-05-24,13:05,LIGHT,84,
2026-05-24,13:06,WAKE,86,
2026-05-24,13:07,LIGHT,86,
2026-05-24,13:08,LIGHT,83,
2026-05-25,02:45,LIGHT,61,
2026-05-25,02:46,LIGHT,60,
2026-05-25,02:47,LIGHT,60,
2026-05-25,02:48,LIGHT,60,
2026-05-25,02:49,LIGHT,65,
2026-05-25,02:50,LIGHT,72,
2026-05-25,02:51,LIGHT,93,
2026-05-25,02:52,LIGHT,101,
2026-05-25,02:53,DEEP,95,
2026-05-25,02:54,DEEP,98,
2026-05-25,02:55,DEEP,84,
2026-05-25,02:56,DEEP,69,
2026-05-25,02:57,DEEP,63,
2026-05-25,02:58,DEEP,62,
2026-05-25,02:59,DEEP,69,
2026-05-25,03:00,DEEP,67,
2026-05-25,03:01,DEEP,61,
2026-05-25,03:02,DEEP,60,
2026-05-25,03:03,DEEP,60,
2026-05-25,03:04,DEEP,63,
2026-05-25,03:05,DEEP,60,
2026-05-25,03:06,DEEP,59,
2026-05-25,03:07,DEEP,57,
2026-05-25,03:08,DEEP,63,
2026-05-25,03:09,DEEP,60,
2026-05-25,03:10,DEEP,59,
2026-05-25,03:11,DEEP,59,
2026-05-25,03:12,DEEP,59,
2026-05-25,03:13,DEEP,58,
2026-05-25,03:14,DEEP,58,
2026-05-25,03:15,DEEP,58,
2026-05-25,03:16,DEEP,58,
2026-05-25,03:17,DEEP,57,
2026-05-25,03:18,DEEP,56,
2026-05-25,03:19,DEEP,56,
2026-05-25,03:20,DEEP,64,
2026-05-25,03:21,DEEP,62,
2026-05-25,03:22,DEEP,55,
2026-05-25,03:23,DEEP,54,
2026-05-25,03:24,DEEP,54,
2026-05-25,03:25,DEEP,54,
2026-05-25,03:26,DEEP,54,
2026-05-25,03:27,DEEP,64,
2026-05-25,03:28,DEEP,56,
2026-05-25,03:29,DEEP,55,
2026-05-25,03:30,DEEP,54,
2026-05-25,03:31,DEEP,54,
2026-05-25,03:32,DEEP,54,
2026-05-25,03:33,DEEP,54,
2026-05-25,03:34,DEEP,54,
2026-05-25,03:35,DEEP,54,
2026-05-25,03:36,LIGHT,55,
2026-05-25,03:37,LIGHT,55,
2026-05-25,03:38,LIGHT,55,
2026-05-25,03:39,LIGHT,57,
2026-05-25,03:40,LIGHT,72,
2026-05-25,03:41,LIGHT,58,
2026-05-25,03:42,LIGHT,55,
2026-05-25,03:43,LIGHT,55,
2026-05-25,03:44,LIGHT,54,
2026-05-25,03:45,LIGHT,56,
2026-05-25,03:46,REM,60,
2026-05-25,03:47,REM,54,
2026-05-25,03:48,REM,53,
2026-05-25,03:49,REM,53,
2026-05-25,03:50,REM,53,
2026-05-25,03:51,REM,53,
2026-05-25,03:52,REM,55,
2026-05-25,03:53,REM,55,
2026-05-25,03:54,REM,54,
2026-05-25,03:55,LIGHT,54,
2026-05-25,03:56,LIGHT,57,
2026-05-25,03:57,LIGHT,57,
2026-05-25,03:58,LIGHT,52,
2026-05-25,03:59,LIGHT,51,
2026-05-25,04:00,LIGHT,51,
2026-05-25,04:01,LIGHT,52,
2026-05-25,04:02,LIGHT,54,
2026-05-25,04:03,LIGHT,51,
2026-05-25,04:04,REM,51,
2026-05-25,04:05,REM,66,
2026-05-25,04:06,REM,53,
2026-05-25,04:07,REM,50,
2026-05-25,04:08,REM,50,
2026-05-25,04:09,REM,51,
2026-05-25,04:10,REM,52,
2026-05-25,04:11,REM,52,
2026-05-25,04:12,REM,55,
2026-05-25,04:13,REM,56,
2026-05-25,04:14,REM,58,
2026-05-25,04:15,LIGHT,58,
2026-05-25,04:16,LIGHT,58,
2026-05-25,04:17,LIGHT,58,
2026-05-25,04:18,LIGHT,58,
2026-05-25,04:19,LIGHT,57,
2026-05-25,04:20,LIGHT,57,
2026-05-25,04:21,LIGHT,54,
2026-05-25,04:22,LIGHT,55,
2026-05-25,04:23,LIGHT,55,
2026-05-25,04:24,LIGHT,55,
2026-05-25,04:25,LIGHT,55,
2026-05-25,04:26,LIGHT,56,
2026-05-25,04:27,LIGHT,56,
2026-05-25,04:28,LIGHT,56,
2026-05-25,04:29,LIGHT,56,
2026-05-25,04:30,LIGHT,56,
2026-05-25,04:31,LIGHT,56,
2026-05-25,04:32,LIGHT,53,
2026-05-25,04:33,LIGHT,51,
2026-05-25,04:34,LIGHT,52,
2026-05-25,04:35,LIGHT,53,
2026-05-25,04:36,LIGHT,54,
2026-05-25,04:37,LIGHT,53,
2026-05-25,04:38,LIGHT,53,
2026-05-25,04:39,LIGHT,51,
2026-05-25,04:40,LIGHT,52,
2026-05-25,04:41,LIGHT,52,
2026-05-25,04:42,LIGHT,52,
2026-05-25,04:43,LIGHT,52,
2026-05-25,04:44,LIGHT,52,
2026-05-25,04:45,LIGHT,52,
2026-05-25,04:46,LIGHT,52,
2026-05-25,04:47,LIGHT,52,
2026-05-25,04:48,LIGHT,52,
2026-05-25,04:49,LIGHT,53,
2026-05-25,04:50,LIGHT,53,
2026-05-25,04:51,LIGHT,53,
2026-05-25,04:52,LIGHT,53,
2026-05-25,04:53,LIGHT,53,
2026-05-25,04:54,LIGHT,53,
2026-05-25,04:55,LIGHT,53,
2026-05-25,04:56,LIGHT,53,
2026-05-25,04:57,LIGHT,53,
2026-05-25,04:58,LIGHT,53,
2026-05-25,04:59,LIGHT,55,
2026-05-25,05:00,LIGHT,62,
2026-05-25,05:01,WAKE,52,
2026-05-25,05:02,LIGHT,52,
2026-05-25,05:03,LIGHT,64,
2026-05-25,05:04,LIGHT,66,
2026-05-25,05:05,REM,70,
2026-05-25,05:06,REM,56,
2026-05-25,05:07,REM,51,
2026-05-25,05:08,REM,48,
2026-05-25,05:09,REM,48,
2026-05-25,05:10,REM,49,
2026-05-25,05:11,REM,49,
2026-05-25,05:12,REM,49,
2026-05-25,05:13,REM,49,
2026-05-25,05:14,REM,50,
2026-05-25,05:15,REM,50,
2026-05-25,05:16,REM,50,
2026-05-25,05:17,LIGHT,50,
2026-05-25,05:18,LIGHT,50,
2026-05-25,05:19,LIGHT,50,
2026-05-25,05:20,WAKE,50,
2026-05-25,05:21,WAKE,50,
2026-05-25,05:22,LIGHT,50,
2026-05-25,05:23,LIGHT,50,
2026-05-25,05:24,LIGHT,50,
2026-05-25,05:25,LIGHT,50,
2026-05-25,05:26,LIGHT,50,
2026-05-25,05:27,LIGHT,50,
2026-05-25,05:28,LIGHT,50,
2026-05-25,05:29,LIGHT,50,
2026-05-25,05:30,LIGHT,50,
2026-05-25,05:31,LIGHT,50,
2026-05-25,05:32,LIGHT,55,
2026-05-25,05:33,LIGHT,50,
2026-05-25,05:34,LIGHT,49,
2026-05-25,05:35,LIGHT,49,
2026-05-25,05:36,LIGHT,49,
2026-05-25,05:37,LIGHT,49,
2026-05-25,05:38,LIGHT,49,
2026-05-25,05:39,LIGHT,49,
2026-05-25,05:40,LIGHT,49,
2026-05-25,05:41,LIGHT,50,
2026-05-25,05:42,LIGHT,50,
2026-05-25,05:43,LIGHT,50,
2026-05-25,05:44,LIGHT,50,
2026-05-25,05:45,LIGHT,50,
2026-05-25,05:46,LIGHT,52,
2026-05-25,05:47,LIGHT,49,
2026-05-25,05:48,LIGHT,48,
2026-05-25,05:49,LIGHT,48,
2026-05-25,05:50,LIGHT,48,
2026-05-25,05:51,LIGHT,49,
2026-05-25,05:52,LIGHT,49,
2026-05-25,05:53,LIGHT,51,
2026-05-25,05:54,LIGHT,48,
2026-05-25,05:55,LIGHT,48,
2026-05-25,05:56,LIGHT,48,
2026-05-25,05:57,LIGHT,48,
2026-05-25,05:58,LIGHT,48,
2026-05-25,05:59,LIGHT,48,
2026-05-25,14:44,LIGHT,52,
2026-05-25,14:45,LIGHT,53,
2026-05-25,14:46,LIGHT,53,
2026-05-25,14:47,LIGHT,56,
2026-05-25,14:48,LIGHT,53,
2026-05-25,14:49,LIGHT,53,
2026-05-25,14:50,LIGHT,55,
2026-05-25,14:51,LIGHT,53,
2026-05-25,14:52,LIGHT,55,
2026-05-25,14:53,LIGHT,55,
2026-05-25,14:54,LIGHT,58,
2026-05-25,14:55,LIGHT,69,
2026-05-25,14:56,LIGHT,70,
2026-05-25,14:57,LIGHT,62,
2026-05-25,14:58,LIGHT,67,
2026-05-25,14:59,WAKE,68,
2026-05-25,15:00,LIGHT,68,
2026-05-25,15:01,LIGHT,68,
2026-05-25,15:02,LIGHT,68,
2026-05-25,15:03,LIGHT,68,
2026-05-25,15:04,LIGHT,70,
2026-05-25,15:05,LIGHT,69,
2026-05-25,15:06,LIGHT,66,
2026-05-25,15:07,LIGHT,66,
2026-05-25,15:08,LIGHT,70,
2026-05-25,15:09,LIGHT,65,
2026-05-25,15:10,LIGHT,65,
2026-05-25,15:11,LIGHT,67,
2026-05-25,15:12,LIGHT,63,
2026-05-25,15:13,LIGHT,69,
2026-05-25,15:14,LIGHT,72,
2026-05-25,15:15,WAKE,57,
2026-05-25,15:16,LIGHT,64,
2026-05-25,15:17,LIGHT,72,
2026-05-25,15:18,LIGHT,66,
2026-05-25,15:19,LIGHT,61,
2026-05-25,15:20,LIGHT,58,
2026-05-25,15:21,LIGHT,57,
2026-05-25,15:22,LIGHT,57,
2026-05-25,15:23,LIGHT,59,
2026-05-25,15:24,LIGHT,62,
2026-05-25,15:25,LIGHT,62,
2026-05-25,15:26,DEEP,60,
2026-05-25,15:27,DEEP,59,
2026-05-25,15:28,DEEP,59,
2026-05-25,15:29,DEEP,59,
2026-05-25,15:30,DEEP,60,
2026-05-25,15:31,DEEP,62,
2026-05-25,15:32,DEEP,61,
2026-05-25,15:33,DEEP,63,
2026-05-25,15:34,DEEP,64,
2026-05-25,15:35,DEEP,62,
2026-05-25,15:36,DEEP,63,
2026-05-25,15:37,DEEP,59,
2026-05-25,15:38,DEEP,58,
2026-05-25,15:39,LIGHT,60,
2026-05-25,15:40,LIGHT,60,
2026-05-25,15:41,LIGHT,62,
2026-05-25,15:42,LIGHT,65,
2026-05-25,15:43,LIGHT,65,
2026-05-25,15:44,LIGHT,65,
2026-05-25,15:45,LIGHT,65,
2026-05-25,15:46,LIGHT,63,
2026-05-25,15:47,LIGHT,62,
2026-05-25,15:48,LIGHT,64,
2026-05-25,15:49,LIGHT,61,
2026-05-25,15:50,LIGHT,61,
2026-05-25,15:51,LIGHT,60,
2026-05-25,15:52,LIGHT,60,
2026-05-25,15:53,LIGHT,60,
2026-05-25,15:54,LIGHT,61,
2026-05-25,15:55,LIGHT,61,
2026-05-26,03:11,LIGHT,86,
2026-05-26,03:12,LIGHT,83,
2026-05-26,03:13,LIGHT,72,
2026-05-26,03:14,LIGHT,60,
2026-05-26,03:15,LIGHT,57,
2026-05-26,03:16,LIGHT,53,
2026-05-26,03:17,LIGHT,53,
2026-05-26,03:18,LIGHT,55,
2026-05-26,03:19,LIGHT,55,
2026-05-26,03:20,LIGHT,54,
2026-05-26,03:21,LIGHT,56,
2026-05-26,03:22,WAKE,57,
2026-05-26,03:23,LIGHT,57,
2026-05-26,03:24,LIGHT,57,
2026-05-26,03:25,LIGHT,54,
2026-05-26,03:26,LIGHT,54,
2026-05-26,03:27,LIGHT,55,
2026-05-26,03:28,WAKE,55,
2026-05-26,03:29,LIGHT,55,
2026-05-26,03:30,LIGHT,53,
2026-05-26,03:31,LIGHT,55,
2026-05-26,03:32,LIGHT,53,
2026-05-26,03:33,LIGHT,54,
2026-05-26,03:34,LIGHT,54,
2026-05-26,03:35,LIGHT,54,
2026-05-26,03:36,LIGHT,54,
2026-05-26,03:37,LIGHT,54,
2026-05-26,03:38,LIGHT,54,
2026-05-26,03:39,LIGHT,55,
2026-05-26,03:40,LIGHT,54,
2026-05-26,03:41,WAKE,54,
2026-05-26,03:42,LIGHT,54,
2026-05-26,03:43,LIGHT,54,
2026-05-26,03:44,LIGHT,55,
2026-05-26,03:45,LIGHT,55,
2026-05-26,03:46,LIGHT,54,
2026-05-26,03:47,LIGHT,55,
2026-05-26,03:48,LIGHT,57,
2026-05-26,03:49,LIGHT,54,
2026-05-26,03:50,LIGHT,54,
2026-05-26,03:51,LIGHT,54,
2026-05-26,03:52,LIGHT,62,
2026-05-26,03:53,LIGHT,56,
2026-05-26,03:54,LIGHT,56,
2026-05-26,03:55,LIGHT,58,
2026-05-26,03:56,LIGHT,56,
2026-05-26,03:57,LIGHT,58,
2026-05-26,03:58,LIGHT,56,
2026-05-26,03:59,LIGHT,53,
2026-05-26,04:00,LIGHT,54,
2026-05-26,04:01,LIGHT,54,
2026-05-26,04:02,LIGHT,57,
2026-05-26,04:03,LIGHT,61,
2026-05-26,04:04,LIGHT,55,
2026-05-26,04:05,LIGHT,56,
2026-05-26,04:06,WAKE,63,
2026-05-26,04:07,LIGHT,66,
2026-05-26,04:08,LIGHT,64,
2026-05-26,04:09,LIGHT,66,
2026-05-26,04:10,LIGHT,70,
2026-05-26,04:11,LIGHT,62,
2026-05-26,04:12,REM,62,
2026-05-26,04:13,REM,59,
2026-05-26,04:14,REM,64,
2026-05-26,04:15,REM,61,
2026-05-26,04:16,REM,59,
2026-05-26,04:17,REM,54,
2026-05-26,04:18,REM,55,
2026-05-26,04:19,REM,77,
2026-05-26,04:20,REM,82,
2026-05-26,04:21,REM,59,
2026-05-26,04:22,REM,54,
2026-05-26,04:23,REM,50,
2026-05-26,04:24,REM,51,
2026-05-26,04:25,REM,50,
2026-05-26,04:26,REM,50,
2026-05-26,04:27,REM,50,
2026-05-26,04:28,REM,50,
2026-05-26,04:29,REM,50,
2026-05-26,04:30,REM,51,
2026-05-26,04:31,REM,51,
2026-05-26,04:32,REM,51,
2026-05-26,04:33,REM,51,
2026-05-26,04:34,REM,51,
2026-05-26,04:35,LIGHT,51,
2026-05-26,04:36,LIGHT,51,
2026-05-26,04:37,LIGHT,51,
2026-05-26,04:38,LIGHT,51,
2026-05-26,04:39,LIGHT,51,
2026-05-26,04:40,LIGHT,51,
2026-05-26,04:41,LIGHT,51,
2026-05-26,04:42,LIGHT,51,
2026-05-26,04:43,LIGHT,51,
2026-05-26,04:44,LIGHT,51,
2026-05-26,04:45,LIGHT,51,
2026-05-26,04:46,LIGHT,51,
2026-05-26,04:47,LIGHT,51,
2026-05-26,04:48,LIGHT,51,
2026-05-26,04:49,LIGHT,51,
2026-05-26,04:50,LIGHT,51,
2026-05-26,04:51,LIGHT,55,
2026-05-26,04:52,LIGHT,52,
2026-05-26,04:53,LIGHT,49,
2026-05-26,04:54,LIGHT,49,
2026-05-26,04:55,LIGHT,49,
2026-05-26,04:56,LIGHT,50,
2026-05-26,04:57,LIGHT,50,
2026-05-26,04:58,LIGHT,50,
2026-05-26,04:59,LIGHT,50,
2026-05-26,05:00,LIGHT,50,
2026-05-26,05:01,WAKE,50,
2026-05-26,05:02,LIGHT,50,
2026-05-26,05:03,LIGHT,50,
2026-05-26,05:04,WAKE,50,
2026-05-26,05:05,WAKE,50,
2026-05-26,05:06,WAKE,50,
2026-05-26,05:07,WAKE,53,
2026-05-26,05:08,LIGHT,50,
2026-05-26,05:09,LIGHT,52,
2026-05-26,05:10,LIGHT,52,
2026-05-26,05:11,LIGHT,49,
2026-05-26,05:12,LIGHT,48,
2026-05-26,05:13,LIGHT,49,
2026-05-26,05:14,LIGHT,50,
2026-05-26,05:15,LIGHT,50,
2026-05-26,05:16,LIGHT,52,
2026-05-26,05:17,LIGHT,50,
2026-05-26,05:18,LIGHT,50,
2026-05-26,05:19,LIGHT,50,
2026-05-26,05:20,LIGHT,49,
2026-05-26,05:21,LIGHT,50,
2026-05-26,05:22,DEEP,50,
2026-05-26,05:23,DEEP,50,
2026-05-26,05:24,DEEP,50,
2026-05-26,05:25,DEEP,50,
2026-05-26,05:26,DEEP,50,
2026-05-26,05:27,DEEP,50,
2026-05-26,05:28,DEEP,50,
2026-05-26,05:29,DEEP,50,
2026-05-26,05:30,DEEP,50,
2026-05-26,05:31,DEEP,50,
2026-05-26,05:32,DEEP,50,
2026-05-26,05:33,DEEP,52,
2026-05-26,05:34,LIGHT,50,
2026-05-26,05:35,LIGHT,60,
2026-05-26,05:36,LIGHT,51,
2026-05-26,05:37,LIGHT,47,
2026-05-26,05:38,LIGHT,45,
2026-05-26,05:39,LIGHT,47,
2026-05-26,05:40,LIGHT,47,
2026-05-26,05:41,LIGHT,48,
2026-05-26,05:42,LIGHT,48,
2026-05-26,05:43,LIGHT,48,
2026-05-26,05:44,DEEP,49,
2026-05-26,05:45,DEEP,49,
2026-05-26,05:46,DEEP,49,
2026-05-26,05:47,LIGHT,49,
2026-05-26,05:48,LIGHT,51,
2026-05-26,05:49,LIGHT,58,
2026-05-26,05:50,LIGHT,50,
2026-05-26,05:51,LIGHT,49,
2026-05-26,05:52,LIGHT,49,
2026-05-26,05:53,LIGHT,51,
2026-05-26,05:54,LIGHT,48,
2026-05-26,05:55,LIGHT,48,
2026-05-26,05:56,LIGHT,50,
2026-05-26,05:57,LIGHT,46,
2026-05-26,05:58,LIGHT,46,
2026-05-26,05:59,LIGHT,51,
2026-05-26,06:00,LIGHT,45,
2026-05-26,06:01,LIGHT,47,
2026-05-26,06:02,LIGHT,47,
2026-05-26,06:03,LIGHT,47,
2026-05-26,06:04,LIGHT,47,
2026-05-26,06:05,LIGHT,48,
2026-05-26,06:06,LIGHT,48,
2026-05-26,06:07,LIGHT,48,
2026-05-26,06:08,LIGHT,48,
2026-05-26,06:09,LIGHT,48,
2026-05-26,06:10,LIGHT,48,
2026-05-26,06:11,LIGHT,48,
2026-05-26,06:12,REM,47,
2026-05-26,06:13,REM,47,
2026-05-26,06:14,REM,47,
2026-05-26,06:15,REM,48,
2026-05-26,06:16,REM,48,
2026-05-26,06:17,REM,48,
2026-05-26,06:18,REM,48,
2026-05-26,06:19,REM,48,
2026-05-26,06:20,REM,48,
2026-05-26,06:21,REM,48,
2026-05-26,06:22,REM,48,
2026-05-26,06:23,REM,48,
2026-05-26,06:24,REM,48,
2026-05-26,06:25,REM,48,
2026-05-26,06:26,REM,48,
2026-05-26,06:27,REM,48,
2026-05-26,06:28,REM,48,
2026-05-26,06:29,REM,48,
2026-05-26,06:30,REM,57,
2026-05-26,06:31,REM,47,
2026-05-26,06:32,REM,45,
2026-05-26,06:33,REM,45,
2026-05-26,06:34,LIGHT,47,
2026-05-26,06:35,LIGHT,49,
2026-05-26,06:36,LIGHT,46,
2026-05-26,06:37,LIGHT,47,
2026-05-26,06:38,LIGHT,47,
2026-05-26,06:39,LIGHT,52,
2026-05-26,06:40,LIGHT,52,
2026-05-26,06:41,LIGHT,52,
2026-05-26,06:42,LIGHT,49,
2026-05-26,06:43,LIGHT,46,
2026-05-26,06:44,LIGHT,46,
2026-05-26,06:45,LIGHT,51,
2026-05-26,06:46,LIGHT,47,
2026-05-26,06:47,LIGHT,45,
2026-05-26,06:48,LIGHT,47,
2026-05-26,06:49,LIGHT,46,
2026-05-26,06:50,LIGHT,47,
2026-05-26,06:51,LIGHT,49,
2026-05-26,06:52,LIGHT,48,
2026-05-26,06:53,LIGHT,47,
2026-05-26,06:54,LIGHT,48,
2026-05-26,06:55,LIGHT,48,
2026-05-26,06:56,WAKE,48,
2026-05-26,06:57,WAKE,48,
2026-05-26,06:58,LIGHT,48,
2026-05-26,06:59,LIGHT,51,
2026-05-26,07:00,LIGHT,58,
2026-05-26,07:01,LIGHT,52,
2026-05-26,07:02,LIGHT,51,
2026-05-26,07:03,LIGHT,58,
2026-05-26,07:04,LIGHT,55,
2026-05-26,07:05,LIGHT,62,
2026-05-26,07:06,LIGHT,59,
2026-05-26,07:07,LIGHT,56,
2026-05-26,07:08,LIGHT,59,
2026-05-26,07:09,LIGHT,60,
2026-05-26,07:10,LIGHT,53,
2026-05-26,07:11,LIGHT,52,
2026-05-26,07:12,LIGHT,53,
2026-05-26,07:13,LIGHT,58,
2026-05-26,07:14,LIGHT,54,
2026-05-26,07:15,DEEP,56,
2026-05-26,07:16,DEEP,58,
2026-05-26,07:17,DEEP,60,
2026-05-26,07:18,DEEP,60,
2026-05-26,07:19,DEEP,57,
2026-05-26,07:20,DEEP,69,
2026-05-26,07:21,DEEP,75,
2026-05-26,07:22,DEEP,72,
2026-05-26,07:23,DEEP,64,
2026-05-26,07:24,DEEP,61,
2026-05-26,07:25,DEEP,59,
2026-05-26,07:26,DEEP,53,
2026-05-26,07:27,DEEP,55,
2026-05-26,07:28,DEEP,72,
2026-05-26,07:29,LIGHT,80,
2026-05-26,07:30,LIGHT,87,
2026-05-26,07:31,LIGHT,90,
2026-05-26,07:32,WAKE,82,
2026-05-26,07:33,WAKE,80,
2026-05-26,07:34,WAKE,81,
2026-05-26,07:35,LIGHT,88,
2026-05-26,07:36,LIGHT,87,
2026-05-26,07:37,LIGHT,87,
2026-05-26,07:38,LIGHT,89,
2026-05-26,07:39,REM,86,
2026-05-26,07:40,REM,86,
2026-05-26,07:41,REM,88,
2026-05-26,07:42,REM,96,
2026-05-26,07:43,REM,98,
2026-05-26,07:44,REM,92,
2026-05-26,07:45,REM,92,
2026-05-26,07:46,REM,84,
2026-05-26,07:47,REM,84,
2026-05-26,07:48,REM,90,
2026-05-26,07:49,REM,82,
2026-05-26,07:50,REM,65,
2026-05-26,07:51,REM,59,
2026-05-26,07:52,REM,57,
2026-05-26,07:53,REM,56,
2026-05-26,07:54,REM,63,
2026-05-26,07:55,REM,57,
2026-05-26,07:56,REM,57,
2026-05-26,07:57,REM,59,
2026-05-26,07:58,REM,56,
2026-05-26,07:59,REM,54,
2026-05-26,08:00,REM,54,
2026-05-26,08:01,REM,58,
2026-05-26,08:02,REM,54,
2026-05-26,08:03,REM,54,
2026-05-26,08:04,REM,56,
2026-05-26,08:05,LIGHT,54,
2026-05-26,08:06,LIGHT,55,
2026-05-26,08:07,LIGHT,56,
2026-05-26,08:08,LIGHT,55,
2026-05-26,08:09,LIGHT,60,
2026-05-26,08:10,LIGHT,58,
2026-05-26,08:11,LIGHT,59,
2026-05-26,08:12,LIGHT,58,
2026-05-26,08:13,LIGHT,60,
2026-05-26,08:14,LIGHT,62,
2026-05-26,08:15,LIGHT,58,
2026-05-26,08:16,LIGHT,54,
2026-05-26,08:17,LIGHT,61,
2026-05-26,08:18,LIGHT,81,
2026-05-26,08:19,LIGHT,109,
2026-05-26,08:20,LIGHT,105,
2026-05-26,08:21,LIGHT,88,
2026-05-26,08:22,LIGHT,82,
2026-05-26,08:23,LIGHT,81,
2026-05-26,08:24,LIGHT,77,
2026-05-26,08:25,LIGHT,77,
2026-05-26,08:26,LIGHT,77,
2026-05-26,08:27,LIGHT,76,
2026-05-26,08:28,LIGHT,74,
2026-05-26,08:29,LIGHT,74,
2026-05-26,08:30,LIGHT,74,
2026-05-26,08:31,LIGHT,74,
2026-05-26,08:32,LIGHT,76,
2026-05-26,08:33,LIGHT,73,
2026-05-26,08:34,LIGHT,74,
2026-05-26,08:35,LIGHT,70,
2026-05-26,08:36,LIGHT,72,
2026-05-26,08:37,LIGHT,84,
2026-05-26,08:38,LIGHT,98,
2026-05-26,08:39,LIGHT,89,
2026-05-26,08:40,LIGHT,82,
2026-05-26,08:41,LIGHT,80,
2026-05-26,08:42,LIGHT,77,
2026-05-26,08:43,LIGHT,84,
2026-05-26,08:44,LIGHT,84,
2026-05-26,08:45,LIGHT,78,
2026-05-26,08:46,LIGHT,83,
2026-05-26,08:47,LIGHT,83,
2026-05-26,08:48,LIGHT,84,
2026-05-26,08:49,LIGHT,105,
2026-05-26,08:50,LIGHT,120,
2026-05-26,08:51,LIGHT,110,
2026-05-26,08:52,LIGHT,92,
2026-05-26,08:53,LIGHT,93,
2026-05-26,08:54,LIGHT,94,
2026-05-26,08:55,LIGHT,89,
2026-05-26,08:56,LIGHT,91,
2026-05-26,08:57,LIGHT,103,
2026-05-26,08:58,LIGHT,128,
2026-05-26,08:59,LIGHT,143,
2026-05-26,09:00,LIGHT,153,
2026-05-26,09:01,LIGHT,159,
2026-05-26,09:02,DEEP,161,
2026-05-26,09:03,DEEP,151,
2026-05-26,09:04,DEEP,138,
2026-05-26,09:05,DEEP,127,
2026-05-26,09:06,DEEP,129,
2026-05-26,09:07,LIGHT,121,
2026-05-26,09:08,LIGHT,138,
2026-05-26,09:09,LIGHT,150,
2026-05-26,09:10,LIGHT,144,
2026-05-26,09:11,LIGHT,124,
2026-05-26,09:12,LIGHT,113,
2026-05-26,09:13,LIGHT,113,
2026-05-26,09:14,WAKE,113,
2026-05-26,09:15,LIGHT,122,
2026-05-26,09:16,LIGHT,130,
2026-05-26,09:17,LIGHT,153,
2026-05-26,09:18,LIGHT,155,
2026-05-26,09:19,REM,159,
2026-05-26,09:20,REM,166,
2026-05-26,09:21,REM,166,
2026-05-26,09:22,REM,150,
2026-05-26,09:23,REM,153,
2026-05-26,09:24,REM,147,
2026-05-26,09:25,REM,122,
2026-05-26,09:26,REM,109,
2026-05-26,09:27,REM,108,
2026-05-26,09:28,REM,106,
2026-05-26,09:29,REM,99,
2026-05-26,09:30,REM,97,
2026-05-26,09:31,REM,91,
2026-05-26,09:32,REM,84,
2026-05-26,09:33,REM,86,
2026-05-26,09:34,REM,83,
2026-05-26,09:35,REM,80,
2026-05-26,09:36,REM,82,
2026-05-26,09:37,REM,83,
2026-05-26,09:38,REM,88,
2026-05-26,09:39,REM,84,
2026-05-26,09:40,REM,84,
2026-05-26,09:41,REM,84,
2026-05-26,09:42,REM,78,
2026-05-26,09:43,REM,76,
2026-05-26,09:44,REM,81,
2026-05-26,09:45,REM,81,
2026-05-26,09:46,REM,81,
2026-05-26,09:47,REM,81,
2026-05-26,09:48,REM,80,
2026-05-26,09:49,REM,80,
2026-05-26,09:50,LIGHT,80,
2026-05-26,09:51,LIGHT,80,
2026-05-26,09:52,LIGHT,78,
2026-05-26,09:53,LIGHT,73,
2026-05-26,09:54,LIGHT,78,
2026-05-26,09:55,LIGHT,85,
2026-05-26,09:56,LIGHT,79,
2026-05-26,09:57,LIGHT,68,
2026-05-26,09:58,LIGHT,68,
2026-05-26,09:59,LIGHT,83,
2026-05-26,10:00,LIGHT,88,
2026-05-26,10:01,LIGHT,85,
2026-05-26,10:02,LIGHT,88,
2026-05-26,10:03,LIGHT,88,
2026-05-26,10:04,LIGHT,85,
2026-05-26,10:05,LIGHT,84,
2026-05-26,10:06,LIGHT,82,
2026-05-26,10:07,LIGHT,77,
2026-05-26,10:08,LIGHT,73,
2026-05-26,10:09,LIGHT,69,
2026-05-26,10:10,LIGHT,68,
2026-05-26,10:11,LIGHT,67,
2026-05-26,10:12,LIGHT,66,
2026-05-26,10:13,LIGHT,66,
2026-05-26,10:14,LIGHT,68,
2026-05-26,10:15,LIGHT,69,
2026-05-26,10:16,LIGHT,70,
2026-05-26,10:17,LIGHT,70,
2026-05-26,10:18,LIGHT,70,
2026-05-26,10:19,LIGHT,70,
2026-05-26,10:20,LIGHT,73,
2026-05-26,10:21,LIGHT,76,
2026-05-26,10:22,LIGHT,87,
2026-05-26,10:23,LIGHT,79,
2026-05-26,10:24,LIGHT,74,
2026-05-26,10:25,LIGHT,68,
2026-05-26,10:26,LIGHT,69,
2026-05-26,10:27,LIGHT,81,
2026-05-26,10:28,LIGHT,83,
2026-05-26,10:29,LIGHT,74,
2026-05-26,10:30,LIGHT,72,
2026-05-26,10:31,LIGHT,78,
2026-05-26,10:32,LIGHT,75,
2026-05-26,10:33,LIGHT,76,
2026-05-26,10:34,LIGHT,76,
2026-05-26,10:35,DEEP,78,
2026-05-26,10:36,DEEP,70,
2026-05-26,10:37,DEEP,64,
2026-05-26,10:38,LIGHT,64,
2026-05-26,10:39,LIGHT,63,
2026-05-26,10:40,LIGHT,61,
2026-05-26,10:41,LIGHT,66,
2026-05-26,10:42,WAKE,73,
2026-05-26,10:43,LIGHT,75,
2026-05-26,10:44,LIGHT,73,
2026-05-26,10:45,LIGHT,65,
2026-05-26,10:46,LIGHT,68,
2026-05-26,10:47,LIGHT,69,
2026-05-26,10:48,LIGHT,73,
2026-05-26,10:49,LIGHT,73,
2026-05-26,10:50,LIGHT,75,
2026-05-26,10:51,LIGHT,74,
2026-05-26,10:52,LIGHT,74,
2026-05-26,10:53,REM,78,
2026-05-26,10:54,REM,75,
2026-05-26,10:55,REM,77,
2026-05-26,10:56,REM,77,
2026-05-26,10:57,REM,74,
2026-05-26,10:58,REM,77,
2026-05-26,10:59,REM,77,
2026-05-26,11:00,REM,77,
2026-05-26,11:01,REM,74,
2026-05-26,11:02,REM,69,
2026-05-26,11:03,REM,69,
2026-05-26,11:04,REM,71,
2026-05-26,11:05,REM,73,
2026-05-26,11:06,REM,70,
2026-05-26,11:07,REM,69,
2026-05-26,11:08,REM,67,
2026-05-26,11:09,REM,77,
2026-05-26,11:10,REM,88,
2026-05-26,11:11,REM,89,
2026-05-26,11:12,REM,90,
2026-05-26,11:13,REM,86,
2026-05-26,11:14,REM,84,
2026-05-26,11:15,REM,87,
2026-05-26,11:16,REM,85,
2026-05-26,11:17,REM,82,
2026-05-26,11:18,REM,82,
2026-05-26,11:19,REM,82,
2026-05-26,11:20,REM,82,
2026-05-26,11:21,REM,83,
2026-05-26,11:22,REM,81,
2026-05-26,11:23,LIGHT,93,
2026-05-26,11:24,LIGHT,102,
2026-05-26,11:25,LIGHT,96,
2026-05-26,11:26,LIGHT,106,
2026-05-26,11:27,LIGHT,99,
2026-05-26,11:28,LIGHT,93,
2026-05-26,11:29,LIGHT,93,
2026-05-26,11:30,LIGHT,92,
2026-05-26,11:31,LIGHT,94,
2026-05-26,11:32,LIGHT,95,
2026-05-26,11:33,LIGHT,87,
2026-05-26,11:34,LIGHT,83,
2026-05-26,11:35,LIGHT,80,
2026-05-26,11:36,LIGHT,76,
2026-05-26,11:37,LIGHT,77,
2026-05-26,11:38,LIGHT,69,
2026-05-26,11:39,LIGHT,66,
2026-05-26,11:40,LIGHT,66,
2026-05-26,11:41,LIGHT,66,
2026-05-26,11:42,LIGHT,64,
2026-05-26,11:43,LIGHT,66,
2026-05-26,11:44,LIGHT,66,
2026-05-26,11:45,LIGHT,66,
2026-05-26,11:46,LIGHT,66,
2026-05-26,11:47,LIGHT,65,
2026-05-26,11:48,LIGHT,65,
2026-05-26,11:49,LIGHT,64,
2026-05-26,11:50,LIGHT,66,
2026-05-26,11:51,LIGHT,66,
2026-05-26,11:52,WAKE,67,
2026-05-26,11:53,WAKE,67,
2026-05-26,11:54,LIGHT,80,
2026-05-26,11:55,LIGHT,95,
2026-05-26,11:56,LIGHT,97,
2026-05-26,11:57,LIGHT,102,
2026-05-26,11:58,LIGHT,109,
2026-05-26,11:59,LIGHT,109,
2026-05-26,12:00,LIGHT,110,
2026-05-26,12:01,LIGHT,101,
2026-05-26,12:02,LIGHT,85,
2026-05-26,12:03,LIGHT,92,
2026-05-26,12:04,LIGHT,94,
2026-05-26,12:05,LIGHT,82,
2026-05-26,12:06,LIGHT,79,
2026-05-26,12:07,LIGHT,75,
2026-05-26,12:08,LIGHT,77,
2026-05-26,12:09,LIGHT,77,
2026-05-26,12:10,LIGHT,77,
2026-05-26,12:11,LIGHT,75,
2026-05-26,12:12,LIGHT,74,
2026-05-26,12:13,LIGHT,72,
2026-05-26,12:14,LIGHT,74,
2026-05-26,12:15,DEEP,71,
2026-05-26,12:16,DEEP,71,
2026-05-26,12:17,DEEP,69,
2026-05-26,12:18,DEEP,85,
2026-05-26,12:19,DEEP,95,
2026-05-26,12:20,DEEP,,
2026-05-26,12:21,DEEP,,
2026-05-26,12:22,DEEP,,
2026-05-26,12:23,DEEP,,
2026-05-26,12:24,DEEP,,
2026-05-26,12:25,DEEP,,
2026-05-26,12:26,DEEP,,
2026-05-26,12:27,DEEP,,
2026-05-26,12:28,DEEP,,
2026-05-26,12:29,DEEP,,
2026-05-26,12:30,DEEP,,
2026-05-26,12:31,DEEP,95,
2026-05-26,12:32,DEEP,91,
2026-05-26,12:33,DEEP,92,
2026-05-26,12:34,DEEP,97,
2026-05-26,12:35,DEEP,93,
2026-05-26,12:36,DEEP,100,
2026-05-26,12:37,DEEP,106,
2026-05-26,12:38,DEEP,95,
2026-05-26,12:39,DEEP,103,
2026-05-26,12:40,DEEP,113,
2026-05-26,12:41,DEEP,97,
2026-05-26,12:42,LIGHT,105,
2026-05-26,12:43,LIGHT,105,
2026-05-26,12:44,LIGHT,92,
2026-05-26,12:45,LIGHT,84,
2026-05-26,12:46,LIGHT,84,
2026-05-26,12:47,LIGHT,83,
2026-05-26,12:48,LIGHT,83,
2026-05-26,12:49,LIGHT,72,
2026-05-26,12:50,LIGHT,71,
2026-05-26,12:51,LIGHT,71,
2026-05-26,12:52,LIGHT,70,
2026-05-26,12:53,LIGHT,70,
2026-05-26,12:54,LIGHT,73,
2026-05-26,12:55,LIGHT,73,
2026-05-26,12:56,LIGHT,67,
2026-05-26,12:57,LIGHT,69,
2026-05-26,12:58,LIGHT,66,
2026-05-26,12:59,REM,68,
2026-05-26,13:00,REM,71,
2026-05-26,13:01,REM,68,
2026-05-26,13:02,REM,68,
2026-05-26,13:03,REM,67,
2026-05-26,13:04,REM,69,
2026-05-26,13:05,REM,67,
2026-05-26,13:06,REM,67,
2026-05-26,13:07,REM,79,
2026-05-26,13:08,REM,89,
2026-05-26,13:09,REM,89,
2026-05-26,13:10,REM,89,
2026-05-26,13:11,REM,88,
2026-05-26,13:12,REM,90,
2026-05-26,13:13,REM,93,
2026-05-26,13:14,REM,83,
2026-05-26,13:15,REM,72,
2026-05-26,13:16,REM,67,
2026-05-26,13:17,REM,66,
2026-05-26,13:18,REM,68,
2026-05-26,13:19,REM,65,
2026-05-26,13:20,REM,70,
2026-05-26,13:21,REM,70,
2026-05-26,13:22,REM,83,
2026-05-26,13:23,REM,97,
2026-05-26,13:24,REM,75,
2026-05-26,13:25,REM,65,
2026-05-26,13:26,REM,61,
2026-05-26,13:27,REM,62,
2026-05-26,13:28,REM,60,
2026-05-26,13:29,REM,62,
2026-05-26,13:30,REM,65,
2026-05-26,13:31,REM,64,
2026-05-26,13:32,REM,66,
2026-05-26,13:33,REM,61,
2026-05-26,13:34,REM,61,
2026-05-26,13:35,REM,63,
2026-05-26,13:36,REM,78,
2026-05-26,13:37,REM,75,
2026-05-26,13:38,REM,61,
2026-05-26,13:39,REM,58,
2026-05-26,13:40,REM,59,
2026-05-26,13:41,LIGHT,59,
2026-05-26,13:42,LIGHT,67,
2026-05-26,13:43,LIGHT,62,
2026-05-26,13:44,LIGHT,63,
2026-05-26,13:45,LIGHT,57,
2026-05-26,13:46,LIGHT,62,
2026-05-26,13:47,LIGHT,61,
2026-05-26,13:48,LIGHT,61,
2026-05-26,13:49,LIGHT,64,
2026-05-26,13:50,LIGHT,58,
2026-05-26,13:51,LIGHT,60,
2026-05-26,13:52,LIGHT,60,
2026-05-26,13:53,LIGHT,58,
2026-05-26,13:54,LIGHT,58,
2026-05-26,13:55,LIGHT,58,
2026-05-26,13:56,LIGHT,68,
2026-05-26,13:57,LIGHT,67,
2026-05-26,13:58,LIGHT,57,
2026-05-26,13:59,LIGHT,57,
2026-05-26,14:00,LIGHT,56,
2026-05-26,14:01,LIGHT,67,
2026-05-26,14:02,LIGHT,78,
2026-05-26,14:03,LIGHT,72,
2026-05-26,14:04,LIGHT,69,
2026-05-26,14:05,LIGHT,67,
2026-05-26,14:06,LIGHT,67,
2026-05-26,14:07,LIGHT,65,
2026-05-26,14:08,LIGHT,65,
2026-05-26,14:09,LIGHT,64,
2026-05-26,14:10,LIGHT,66,
2026-05-26,14:11,LIGHT,63,
2026-05-26,14:12,LIGHT,65,
2026-05-26,14:13,LIGHT,63,
2026-05-26,14:14,LIGHT,65,
2026-05-26,14:15,LIGHT,67,
2026-05-26,14:16,LIGHT,60,
2026-05-26,14:17,LIGHT,59,
2026-05-26,14:18,LIGHT,60,
2026-05-26,14:19,LIGHT,65,
2026-05-26,14:20,LIGHT,57,
2026-05-26,14:21,LIGHT,57,
2026-05-26,14:22,LIGHT,58,
2026-05-27,04:35,LIGHT,60,
2026-05-27,04:36,LIGHT,59,
2026-05-27,04:37,LIGHT,60,
2026-05-27,04:38,LIGHT,52,
2026-05-27,04:39,LIGHT,52,
2026-05-27,04:40,DEEP,49,
2026-05-27,04:41,DEEP,49,
2026-05-27,04:42,DEEP,48,
2026-05-27,04:43,DEEP,48,
2026-05-27,04:44,DEEP,49,
2026-05-27,04:45,DEEP,54,
2026-05-27,04:46,DEEP,46,
2026-05-27,04:47,DEEP,46,
2026-05-27,04:48,DEEP,46,
2026-05-27,04:49,DEEP,46,
2026-05-27,04:50,DEEP,52,
2026-05-27,04:51,LIGHT,62,
2026-05-27,04:52,LIGHT,49,
2026-05-27,04:53,LIGHT,46,
2026-05-27,04:54,LIGHT,45,
2026-05-27,04:55,LIGHT,45,
2026-05-27,04:56,LIGHT,47,
2026-05-27,04:57,LIGHT,49,
2026-05-27,04:58,DEEP,46,
2026-05-27,04:59,DEEP,45,
2026-05-27,05:00,DEEP,47,
2026-05-27,05:01,DEEP,46,
2026-05-27,05:02,DEEP,45,
2026-05-27,05:03,DEEP,44,
2026-05-27,05:04,DEEP,45,
2026-05-27,05:05,DEEP,45,
2026-05-27,05:06,DEEP,45,
2026-05-27,05:07,DEEP,46,
2026-05-27,05:08,DEEP,49,
2026-05-27,05:09,DEEP,43,
2026-05-27,05:10,LIGHT,43,
2026-05-27,05:11,LIGHT,43,
2026-05-27,05:12,LIGHT,43,
2026-05-27,05:13,LIGHT,43,
2026-05-27,05:14,LIGHT,43,
2026-05-27,05:15,LIGHT,43,
2026-05-27,05:16,LIGHT,44,
2026-05-27,05:17,LIGHT,44,
2026-05-27,05:18,LIGHT,45,
2026-05-27,05:19,LIGHT,45,
2026-05-27,05:20,DEEP,55,
2026-05-27,05:21,DEEP,51,
2026-05-27,05:22,DEEP,44,
2026-05-27,05:23,DEEP,43,
2026-05-27,05:24,DEEP,43,
2026-05-27,05:25,DEEP,43,
2026-05-27,05:26,DEEP,43,
2026-05-27,05:27,DEEP,44,
2026-05-27,05:28,DEEP,44,
2026-05-27,05:29,DEEP,46,
2026-05-27,05:30,DEEP,58,
2026-05-27,05:31,DEEP,48,
2026-05-27,05:32,DEEP,45,
2026-05-27,05:33,DEEP,45,
2026-05-27,05:34,DEEP,45,
2026-05-27,05:35,LIGHT,45,
2026-05-27,05:36,LIGHT,45,
2026-05-27,05:37,LIGHT,45,
2026-05-27,05:38,LIGHT,44,
2026-05-27,05:39,LIGHT,46,
2026-05-27,05:40,LIGHT,51,
2026-05-27,05:41,LIGHT,46,
2026-05-27,05:42,LIGHT,44,
2026-05-27,05:43,LIGHT,53,
2026-05-27,05:44,REM,46,
2026-05-27,05:45,REM,44,
2026-05-27,05:46,REM,44,
2026-05-27,05:47,REM,44,
2026-05-27,05:48,REM,44,
2026-05-27,05:49,REM,44,
2026-05-27,05:50,REM,47,
2026-05-27,05:51,REM,56,
2026-05-27,05:52,REM,48,
2026-05-27,05:53,REM,44,
2026-05-27,05:54,REM,44,
2026-05-27,05:55,REM,44,
2026-05-27,05:56,REM,44,
2026-05-27,05:57,REM,44,
2026-05-27,05:58,REM,46,
2026-05-27,05:59,REM,45,
2026-05-27,06:00,REM,50,
2026-05-27,06:01,LIGHT,49,
2026-05-27,06:02,LIGHT,44,
2026-05-27,06:03,LIGHT,44,
2026-05-27,06:04,LIGHT,45,
2026-05-27,06:05,LIGHT,42,
2026-05-27,06:06,LIGHT,42,
2026-05-27,06:07,LIGHT,42,
2026-05-27,06:08,LIGHT,42,
2026-05-27,06:09,LIGHT,42,
2026-05-27,06:10,LIGHT,46,
2026-05-27,06:11,LIGHT,44,
2026-05-27,06:12,LIGHT,46,
2026-05-27,06:13,LIGHT,48,
2026-05-27,06:14,LIGHT,50,
2026-05-27,06:15,LIGHT,52,
2026-05-27,06:16,LIGHT,54,
2026-05-27,06:17,LIGHT,56,
2026-05-27,06:18,LIGHT,57,
2026-05-27,06:19,LIGHT,57,
2026-05-27,06:20,LIGHT,57,
2026-05-27,06:21,LIGHT,56,
2026-05-27,06:22,DEEP,48,
2026-05-27,06:23,DEEP,45,
2026-05-27,06:24,DEEP,45,
2026-05-27,06:25,DEEP,44,
2026-05-27,06:26,DEEP,44,
2026-05-27,06:27,DEEP,44,
2026-05-27,06:28,DEEP,44,
2026-05-27,06:29,DEEP,44,
2026-05-27,06:30,DEEP,44,
2026-05-27,06:31,LIGHT,45,
2026-05-27,06:32,LIGHT,45,
2026-05-27,06:33,LIGHT,50,
2026-05-27,06:34,LIGHT,46,
2026-05-27,06:35,LIGHT,43,
2026-05-27,06:36,LIGHT,45,
2026-05-27,06:37,LIGHT,45,
2026-05-27,06:38,LIGHT,46,
2026-05-27,06:39,LIGHT,45,
2026-05-27,06:40,LIGHT,45,
2026-05-27,06:41,WAKE,47,
2026-05-27,06:42,WAKE,49,
2026-05-27,06:43,LIGHT,48,
2026-05-27,06:44,LIGHT,49,
2026-05-27,06:45,LIGHT,47,
2026-05-27,06:46,LIGHT,50,
2026-05-27,06:47,LIGHT,50,
2026-05-27,06:48,LIGHT,50,
2026-05-27,06:49,LIGHT,48,
2026-05-27,06:50,LIGHT,47,
2026-05-27,06:51,LIGHT,47,
2026-05-27,06:52,LIGHT,46,
2026-05-27,06:53,LIGHT,48,
2026-05-27,06:54,LIGHT,47,
2026-05-27,06:55,LIGHT,47,
2026-05-27,06:56,LIGHT,45,
2026-05-27,06:57,LIGHT,45,
2026-05-27,06:58,LIGHT,44,
2026-05-27,06:59,LIGHT,44,
2026-05-27,07:00,LIGHT,46,
2026-05-28,02:55,LIGHT,69,
2026-05-28,02:56,LIGHT,68,
2026-05-28,02:57,LIGHT,67,
2026-05-28,02:58,LIGHT,68,
2026-05-28,02:59,LIGHT,69,
2026-05-28,03:00,LIGHT,68,
2026-05-28,03:01,LIGHT,66,
2026-05-28,03:02,LIGHT,68,
2026-05-28,03:03,LIGHT,69,
2026-05-28,03:04,LIGHT,72,
2026-05-28,03:05,LIGHT,73,
2026-05-28,03:06,LIGHT,73,
2026-05-28,03:07,LIGHT,73,
2026-05-28,03:08,LIGHT,72,
2026-05-28,03:09,LIGHT,70,
2026-05-28,03:10,LIGHT,73,
2026-05-28,03:11,DEEP,77,
2026-05-28,03:12,DEEP,77,
2026-05-28,03:13,DEEP,71,
2026-05-28,03:14,DEEP,70,
2026-05-28,03:15,DEEP,69,
2026-05-28,03:16,DEEP,69,
2026-05-28,03:17,DEEP,66,
2026-05-28,03:18,DEEP,65,
2026-05-28,03:19,DEEP,64,
2026-05-28,03:20,DEEP,71,
2026-05-28,03:21,DEEP,65,
2026-05-28,03:22,DEEP,63,
2026-05-28,03:23,DEEP,64,
2026-05-28,03:24,DEEP,62,
2026-05-28,03:25,DEEP,66,
2026-05-28,03:26,DEEP,66,
2026-05-28,03:27,DEEP,70,
2026-05-28,03:28,LIGHT,70,
2026-05-28,03:29,LIGHT,74,
2026-05-28,03:30,LIGHT,74,
2026-05-28,03:31,LIGHT,75,
2026-05-28,03:32,LIGHT,73,
2026-05-28,03:33,LIGHT,72,
2026-05-28,03:34,LIGHT,74,
2026-05-28,03:35,LIGHT,75,
2026-05-28,03:36,LIGHT,74,
2026-05-28,03:37,LIGHT,73,
2026-05-28,03:38,LIGHT,72,
2026-05-28,03:39,LIGHT,69,
2026-05-28,03:40,DEEP,71,
2026-05-28,03:41,DEEP,74,
2026-05-28,03:42,DEEP,72,
2026-05-28,03:43,DEEP,74,
2026-05-28,03:44,DEEP,71,
2026-05-28,03:45,LIGHT,69,
2026-05-28,03:46,LIGHT,69,
2026-05-28,03:47,LIGHT,70,
2026-05-28,03:48,LIGHT,70,
2026-05-28,03:49,LIGHT,69,
2026-05-28,03:50,LIGHT,66,
2026-05-28,03:51,LIGHT,67,
2026-05-28,03:52,LIGHT,68,
2026-05-28,03:53,LIGHT,66,
2026-05-28,03:54,LIGHT,66,
2026-05-28,03:55,LIGHT,67,
2026-05-28,03:56,LIGHT,69,
2026-05-28,03:57,DEEP,71,
2026-05-28,03:58,DEEP,68,
2026-05-28,03:59,DEEP,70,
2026-05-28,04:00,DEEP,67,
2026-05-28,04:01,DEEP,66,
2026-05-28,04:02,DEEP,62,
2026-05-28,04:03,DEEP,64,
2026-05-28,04:04,DEEP,71,
2026-05-28,04:05,DEEP,65,
2026-05-28,04:06,DEEP,66,
2026-05-28,04:07,DEEP,68,
2026-05-28,04:08,DEEP,68,
2026-05-28,04:09,LIGHT,67,
2026-05-28,04:10,LIGHT,67,
2026-05-28,04:11,LIGHT,66,
2026-05-28,04:12,LIGHT,68,
2026-05-28,04:13,LIGHT,67,
2026-05-28,04:14,DEEP,67,
2026-05-28,04:15,DEEP,67,
2026-05-28,04:16,DEEP,69,
2026-05-28,04:17,DEEP,66,
2026-05-28,04:18,DEEP,71,
2026-05-28,04:19,DEEP,65,
2026-05-28,04:20,DEEP,66,
2026-05-28,04:21,LIGHT,68,
2026-05-28,04:22,LIGHT,67,
2026-05-28,04:23,LIGHT,67,
2026-05-28,04:24,WAKE,72,
2026-05-28,04:25,LIGHT,68,
2026-05-28,04:26,LIGHT,77,
2026-05-28,04:27,LIGHT,77,
2026-05-28,04:28,LIGHT,73,
2026-05-28,04:29,LIGHT,73,
2026-05-28,04:30,LIGHT,73,
2026-05-28,04:31,LIGHT,71,
2026-05-28,04:32,REM,72,
2026-05-28,04:33,REM,74,
2026-05-28,04:34,REM,71,
2026-05-28,04:35,REM,73,
2026-05-28,04:36,REM,73,
2026-05-28,04:37,REM,71,
2026-05-28,04:38,REM,71,
2026-05-28,04:39,REM,71,
2026-05-28,04:40,REM,71,
2026-05-28,04:41,REM,71,
2026-05-28,04:42,REM,71,
2026-05-28,04:43,REM,73,
2026-05-28,04:44,REM,70,
2026-05-28,04:45,REM,69,
2026-05-28,04:46,REM,69,
2026-05-28,04:47,REM,66,
2026-05-28,04:48,REM,66,
2026-05-28,04:49,LIGHT,66,
2026-05-28,04:50,LIGHT,66,
2026-05-28,04:51,LIGHT,64,
2026-05-28,04:52,WAKE,64,
2026-05-28,04:53,LIGHT,65,
2026-05-28,04:54,LIGHT,65,
2026-05-28,04:55,LIGHT,66,
2026-05-28,04:56,LIGHT,65,
2026-05-28,04:57,LIGHT,63,
2026-05-28,04:58,LIGHT,64,
2026-05-28,04:59,LIGHT,64,
2026-05-28,05:00,LIGHT,64,
2026-05-28,05:01,LIGHT,64,
2026-05-28,05:02,LIGHT,66,
2026-05-28,05:03,LIGHT,67,
2026-05-28,05:04,LIGHT,67,
2026-05-28,05:05,LIGHT,66,
2026-05-28,05:06,LIGHT,66,
2026-05-28,05:07,LIGHT,66,
2026-05-28,05:08,LIGHT,68,
2026-05-28,05:09,LIGHT,68,
2026-05-28,05:10,LIGHT,66,
2026-05-28,05:11,LIGHT,66,
2026-05-28,05:12,LIGHT,65,
2026-05-28,05:13,LIGHT,66,
2026-05-28,05:14,LIGHT,68,
2026-05-28,05:15,LIGHT,66,
2026-05-28,05:16,LIGHT,64,
2026-05-28,05:17,LIGHT,65,
2026-05-28,05:18,LIGHT,67,
2026-05-28,05:19,LIGHT,63,
2026-05-28,05:20,LIGHT,60,
2026-05-28,05:21,WAKE,60,
2026-05-28,05:22,LIGHT,61,
2026-05-28,05:23,LIGHT,62,
2026-05-28,05:24,LIGHT,62,
2026-05-28,05:25,LIGHT,67,
2026-05-28,05:26,LIGHT,63,
2026-05-28,05:27,LIGHT,63,
2026-05-28,05:28,LIGHT,63,
2026-05-28,05:29,LIGHT,62,
2026-05-28,05:30,LIGHT,63,
2026-05-28,05:31,WAKE,63,
2026-05-28,05:32,LIGHT,63,
2026-05-28,05:33,LIGHT,61,
2026-05-28,05:34,LIGHT,61,
2026-05-28,05:35,LIGHT,69,
2026-05-28,05:36,LIGHT,65,
2026-05-28,05:37,LIGHT,66,
2026-05-28,05:38,LIGHT,66,
2026-05-28,05:39,LIGHT,66,
2026-05-28,05:40,LIGHT,66,
2026-05-28,05:41,LIGHT,65,
2026-05-28,05:42,LIGHT,68,
2026-05-28,05:43,LIGHT,64,
2026-05-28,05:44,WAKE,63,
2026-05-28,05:45,LIGHT,62,
2026-05-28,05:46,LIGHT,62,
2026-05-28,05:47,LIGHT,61,
2026-05-28,05:48,LIGHT,61,
2026-05-28,05:49,LIGHT,63,
2026-05-28,05:50,LIGHT,65,
2026-05-28,05:51,LIGHT,67,
2026-05-28,05:52,WAKE,66,
2026-05-28,05:53,LIGHT,66,
2026-05-28,05:54,LIGHT,63,
2026-05-28,05:55,LIGHT,62,
2026-05-28,05:56,LIGHT,63,
2026-05-28,05:57,LIGHT,61,
2026-05-28,05:58,LIGHT,62,
2026-05-28,05:59,LIGHT,62,
2026-05-28,06:00,LIGHT,70,
2026-05-28,06:01,LIGHT,62,
2026-05-28,06:02,LIGHT,62,
2026-05-28,06:03,LIGHT,61,
2026-05-28,06:04,LIGHT,61,
2026-05-28,06:05,LIGHT,66,
2026-05-28,06:06,LIGHT,63,
2026-05-28,06:07,LIGHT,60,
2026-05-28,06:08,LIGHT,65,
2026-05-28,06:09,LIGHT,62,
2026-05-28,06:10,LIGHT,60,
2026-05-28,06:11,LIGHT,61,
2026-05-28,06:12,LIGHT,61,
2026-05-28,06:13,LIGHT,62,
2026-05-28,06:14,LIGHT,62,
2026-05-28,06:15,LIGHT,67,
2026-05-28,06:16,LIGHT,64,
2026-05-28,06:17,LIGHT,62,
2026-05-28,06:18,LIGHT,61,
2026-05-28,06:19,LIGHT,63,
2026-05-28,06:20,LIGHT,62,
2026-05-28,06:21,LIGHT,62,
2026-05-28,06:22,LIGHT,74,
2026-05-28,06:23,LIGHT,66,
2026-05-28,06:24,LIGHT,61,
2026-05-28,06:25,LIGHT,63,
2026-05-28,06:26,LIGHT,60,
2026-05-28,06:27,LIGHT,61,
2026-05-28,06:28,LIGHT,58,
2026-05-28,06:29,LIGHT,64,
2026-05-28,06:30,LIGHT,66,
2026-05-28,06:31,LIGHT,63,
2026-05-28,06:32,LIGHT,68,
2026-05-28,06:33,LIGHT,62,
2026-05-28,06:34,LIGHT,64,
2026-05-28,06:35,LIGHT,63,
2026-05-28,06:36,REM,67,
2026-05-28,06:37,REM,63,
2026-05-28,06:38,REM,61,
2026-05-28,06:39,REM,59,
2026-05-28,06:40,REM,66,
2026-05-28,06:41,REM,67,
2026-05-28,06:42,REM,62,
2026-05-28,06:43,REM,64,
2026-05-28,06:44,REM,61,
2026-05-28,06:45,REM,66,
2026-05-28,06:46,REM,66,
2026-05-28,06:47,REM,65,
2026-05-28,06:48,REM,78,
2026-05-28,06:49,REM,79,
2026-05-28,06:50,REM,76,
2026-05-28,06:51,REM,81,
2026-05-28,06:52,REM,83,
2026-05-28,06:53,REM,73,
2026-05-28,06:54,REM,69,
2026-05-28,06:55,REM,74,
2026-05-28,06:56,REM,72,
2026-05-28,06:57,REM,67,
2026-05-28,06:58,REM,64,
2026-05-28,06:59,REM,66,
2026-05-28,07:00,REM,69,
2026-05-28,07:01,REM,70,
2026-05-28,07:02,REM,71,
2026-05-28,07:03,REM,70,
2026-05-28,07:04,REM,69,
2026-05-28,07:05,REM,72,
2026-05-28,07:06,REM,75,
2026-05-28,07:07,REM,88,
2026-05-28,07:08,REM,80,
2026-05-28,07:09,REM,77,
2026-05-28,07:10,REM,74,
2026-05-28,07:11,LIGHT,80,
2026-05-28,07:12,LIGHT,74,
2026-05-28,07:13,LIGHT,67,
2026-05-28,07:14,LIGHT,65,
2026-05-28,07:15,LIGHT,65,
2026-05-28,07:16,LIGHT,80,
2026-05-28,07:17,LIGHT,99,
2026-05-28,07:18,LIGHT,98,
2026-05-28,07:19,LIGHT,102,
2026-05-28,07:20,LIGHT,96,
2026-05-28,07:21,LIGHT,78,
2026-05-28,07:22,LIGHT,74,
2026-05-28,07:23,LIGHT,78,
2026-05-28,07:24,LIGHT,72,
2026-05-28,07:25,LIGHT,69,
2026-05-28,07:26,LIGHT,72,
2026-05-28,07:27,LIGHT,72,
2026-05-28,07:28,LIGHT,71,
2026-05-28,07:29,LIGHT,71,
2026-05-28,07:30,LIGHT,72,
2026-05-28,07:31,DEEP,87,
2026-05-28,07:32,DEEP,99,
2026-05-28,07:33,DEEP,94,
2026-05-28,07:34,DEEP,97,
2026-05-28,07:35,DEEP,87,
2026-05-28,07:36,DEEP,89,
2026-05-28,07:37,DEEP,90,
2026-05-28,07:38,DEEP,79,
2026-05-28,07:39,DEEP,71,
2026-05-28,07:40,DEEP,70,
2026-05-28,07:41,DEEP,71,
2026-05-28,07:42,DEEP,71,
2026-05-28,07:43,DEEP,88,
2026-05-28,07:44,DEEP,93,
2026-05-28,07:45,DEEP,74,
2026-05-28,07:46,DEEP,72,
2026-05-28,07:47,DEEP,73,
2026-05-28,07:48,DEEP,74,
2026-05-28,07:49,DEEP,74,
2026-05-28,07:50,DEEP,66,
2026-05-28,07:51,DEEP,66,
2026-05-28,07:52,DEEP,65,
2026-05-28,07:53,DEEP,65,
2026-05-28,07:54,DEEP,64,
2026-05-28,07:55,DEEP,72,
2026-05-28,07:56,DEEP,75,
2026-05-28,07:57,DEEP,73,
2026-05-28,07:58,DEEP,67,
2026-05-28,07:59,DEEP,68,
2026-05-28,08:00,DEEP,69,
2026-05-28,08:01,DEEP,66,
2026-05-28,08:02,LIGHT,66,
2026-05-28,08:03,LIGHT,68,
2026-05-28,08:04,LIGHT,68,
2026-05-28,08:05,LIGHT,73,
2026-05-28,08:06,LIGHT,70,
2026-05-28,08:07,LIGHT,65,
2026-05-28,08:08,LIGHT,68,
2026-05-28,08:09,LIGHT,85,
2026-05-28,08:10,LIGHT,95,
2026-05-28,08:11,LIGHT,97,
2026-05-28,08:12,LIGHT,93,
2026-05-28,08:13,LIGHT,95,
2026-05-28,08:14,LIGHT,94,
2026-05-28,08:15,LIGHT,86,
2026-05-28,08:16,LIGHT,78,
2026-05-28,08:17,LIGHT,84,
2026-05-28,08:18,LIGHT,83,
2026-05-28,08:19,LIGHT,85,
2026-05-28,08:20,LIGHT,86,
2026-05-28,08:21,LIGHT,82,
2026-05-28,08:22,LIGHT,82,
2026-05-28,08:23,LIGHT,85,
2026-05-28,08:24,LIGHT,87,
2026-05-28,08:25,LIGHT,92,
2026-05-28,08:26,LIGHT,90,
2026-05-28,08:27,LIGHT,88,
2026-05-28,08:28,LIGHT,92,
2026-05-28,08:29,LIGHT,84,
2026-05-28,08:30,LIGHT,88,
2026-05-28,08:31,LIGHT,88,
2026-05-28,08:32,LIGHT,86,
2026-05-28,08:33,LIGHT,86,
2026-05-28,08:34,LIGHT,87,
2026-05-28,08:35,LIGHT,87,
2026-05-28,08:36,LIGHT,84,
2026-05-28,08:37,LIGHT,88,
2026-05-28,08:38,LIGHT,92,
2026-05-28,08:39,LIGHT,92,
2026-05-28,08:40,LIGHT,89,
2026-05-28,08:41,LIGHT,89,
2026-05-28,08:42,LIGHT,88,
2026-05-28,08:43,LIGHT,90,
2026-05-28,08:44,LIGHT,89,
2026-05-28,08:45,LIGHT,92,
2026-05-28,08:46,LIGHT,79,
2026-05-28,08:47,LIGHT,65,
2026-05-28,08:48,LIGHT,60,
2026-05-28,08:49,LIGHT,60,
2026-05-28,08:50,LIGHT,63,
2026-05-28,08:51,LIGHT,61,
2026-05-28,08:52,WAKE,66,
2026-05-28,08:53,LIGHT,65,
2026-05-28,08:54,LIGHT,65,
2026-05-28,08:55,LIGHT,70,
2026-05-28,08:56,LIGHT,71,
2026-05-28,08:57,LIGHT,68,
2026-05-28,08:58,LIGHT,66,
2026-05-28,08:59,LIGHT,65,
2026-05-28,09:00,LIGHT,64,
2026-05-28,09:01,LIGHT,62,
2026-05-28,09:02,LIGHT,64,
2026-05-28,09:03,LIGHT,62,
2026-05-28,09:04,LIGHT,69,
2026-05-28,09:05,LIGHT,66,
2026-05-28,09:06,LIGHT,66,
2026-05-28,09:07,LIGHT,64,
2026-05-28,09:08,LIGHT,61,
2026-05-28,09:09,LIGHT,63,
2026-05-28,09:10,REM,65,
2026-05-28,09:11,REM,65,
2026-05-28,09:12,REM,64,
2026-05-28,09:13,REM,62,
2026-05-28,09:14,REM,67,
2026-05-28,09:15,REM,64,
2026-05-28,09:16,REM,66,
2026-05-28,09:17,REM,64,
2026-05-28,09:18,REM,62,
2026-05-28,09:19,REM,62,
2026-05-28,09:20,REM,64,
2026-05-28,09:21,REM,61,
2026-05-28,09:22,REM,63,
2026-05-28,09:23,REM,68,
2026-05-28,09:24,REM,64,
2026-05-28,09:25,REM,65,
2026-05-28,09:26,REM,65,
2026-05-28,09:27,REM,61,
2026-05-28,09:28,REM,63,
2026-05-28,09:29,REM,60,
2026-05-28,09:30,REM,62,
2026-05-28,09:31,REM,61,
2026-05-28,09:32,REM,61,
2026-05-28,09:33,REM,62,
2026-05-28,09:34,REM,64,
2026-05-28,09:35,REM,69,
2026-05-28,09:36,REM,69,
2026-05-28,09:37,REM,73,
2026-05-28,09:38,REM,66,
2026-05-28,09:39,REM,66,
2026-05-28,09:40,REM,62,
2026-05-28,09:41,REM,63,
2026-05-28,09:42,REM,62,
2026-05-28,09:43,REM,61,
2026-05-28,09:44,REM,61,
2026-05-28,09:45,REM,58,
2026-05-28,09:46,REM,58,
2026-05-28,09:47,REM,58,
2026-05-28,09:48,REM,56,
2026-05-28,09:49,REM,56,
2026-05-28,09:50,REM,63,
2026-05-28,09:51,REM,61,
2026-05-28,09:52,REM,58,
2026-05-28,09:53,REM,56,
2026-05-28,09:54,LIGHT,56,
2026-05-28,09:55,LIGHT,58,
2026-05-28,09:56,LIGHT,55,
2026-05-28,09:57,LIGHT,54,
2026-05-28,09:58,LIGHT,58,
2026-05-28,09:59,LIGHT,58,
2026-05-28,10:00,LIGHT,56,
2026-05-28,10:01,LIGHT,55,
2026-05-28,10:02,LIGHT,55,
2026-05-28,10:03,LIGHT,55,
2026-05-28,10:04,LIGHT,55,
2026-05-28,10:05,LIGHT,55,
2026-05-28,10:06,LIGHT,55,
2026-05-28,10:07,LIGHT,55,
2026-05-28,10:08,LIGHT,55,
2026-05-28,10:09,LIGHT,55,
2026-05-28,10:10,LIGHT,55,
2026-05-28,10:11,LIGHT,55,
2026-05-28,10:12,LIGHT,55,
2026-05-28,10:13,LIGHT,54,
2026-05-28,10:14,LIGHT,54,
2026-05-28,10:15,LIGHT,54,
2026-05-28,10:16,LIGHT,54,
2026-05-28,10:17,LIGHT,54,
2026-05-28,10:18,LIGHT,54,
2026-05-28,10:19,LIGHT,54,
2026-05-28,10:20,LIGHT,54,
2026-05-28,10:21,LIGHT,54,
2026-05-28,10:22,LIGHT,54,
2026-05-28,10:23,LIGHT,54,
2026-05-28,10:24,LIGHT,59,
2026-05-28,10:25,LIGHT,54,
2026-05-28,10:26,DEEP,53,
2026-05-28,10:27,DEEP,53,
2026-05-28,10:28,DEEP,53,
2026-05-28,10:29,DEEP,52,
2026-05-28,10:30,DEEP,52,
2026-05-28,10:31,DEEP,52,
2026-05-28,10:32,DEEP,52,
2026-05-28,10:33,DEEP,52,
2026-05-28,10:34,DEEP,52,
2026-05-28,10:35,DEEP,52,
2026-05-28,10:36,DEEP,52,
2026-05-28,10:37,DEEP,52,
2026-05-28,10:38,LIGHT,52,
2026-05-28,10:39,LIGHT,52,
2026-05-28,10:40,LIGHT,52,
2026-05-28,10:41,WAKE,52,
2026-05-28,10:42,WAKE,52,
2026-05-28,10:43,WAKE,64,
2026-05-28,10:44,LIGHT,59,
2026-05-28,10:45,LIGHT,52,
2026-05-28,10:46,LIGHT,50,
2026-05-28,10:47,LIGHT,50,
2026-05-28,10:48,LIGHT,50,
2026-05-28,10:49,LIGHT,51,
2026-05-28,10:50,LIGHT,51,
2026-05-28,10:51,LIGHT,53,
2026-05-28,10:52,LIGHT,54,
2026-05-28,10:53,LIGHT,56,
2026-05-28,10:54,LIGHT,52,
2026-05-28,10:55,LIGHT,50,
2026-05-28,10:56,LIGHT,51,
2026-05-28,10:57,LIGHT,51,
2026-05-28,10:58,LIGHT,52,
2026-05-28,10:59,LIGHT,52,
2026-05-28,11:00,LIGHT,52,
2026-05-28,11:01,LIGHT,52,
2026-05-28,11:02,WAKE,53,
2026-05-28,11:03,LIGHT,52,
2026-05-28,11:04,LIGHT,52,
2026-05-28,11:05,WAKE,53,
2026-05-28,11:06,LIGHT,52,
2026-05-28,11:07,LIGHT,56,
2026-05-28,11:08,LIGHT,49,
2026-05-28,11:09,LIGHT,49,
2026-05-28,11:10,LIGHT,49,
2026-05-28,11:11,LIGHT,50,
2026-05-28,11:12,LIGHT,50,
2026-05-28,11:13,LIGHT,50,
2026-05-28,11:14,LIGHT,48,
2026-05-28,11:15,LIGHT,48,
2026-05-28,11:16,REM,53,
2026-05-28,11:17,REM,50,
2026-05-28,11:18,LIGHT,50,
2026-05-28,11:19,LIGHT,47,
2026-05-28,11:20,LIGHT,49,
2026-05-28,11:21,LIGHT,52,
2026-05-28,11:22,LIGHT,52,
2026-05-28,11:23,LIGHT,49,
2026-05-28,11:24,LIGHT,49,
2026-05-28,11:25,LIGHT,53,
2026-05-28,13:07,LIGHT,43,
2026-05-28,13:08,LIGHT,51,
2026-05-28,13:09,LIGHT,56,
2026-05-28,13:10,LIGHT,58,
2026-05-28,13:11,LIGHT,59,
2026-05-28,13:12,LIGHT,58,
2026-05-28,13:13,LIGHT,71,
2026-05-28,13:14,LIGHT,74,
2026-05-28,13:15,LIGHT,71,
2026-05-28,13:16,LIGHT,62,
2026-05-28,13:17,LIGHT,61,
2026-05-28,13:18,LIGHT,63,
2026-05-28,13:19,LIGHT,64,
2026-05-28,13:20,LIGHT,71,
2026-05-28,13:21,LIGHT,88,
2026-05-28,13:22,LIGHT,82,
2026-05-28,13:23,DEEP,77,
2026-05-28,13:24,DEEP,63,
2026-05-28,13:25,DEEP,51,
2026-05-28,13:26,DEEP,48,
2026-05-28,13:27,DEEP,45,
2026-05-28,13:28,DEEP,45,
2026-05-28,13:29,DEEP,47,
2026-05-28,13:30,LIGHT,50,
2026-05-28,13:31,LIGHT,62,
2026-05-28,13:32,LIGHT,54,
2026-05-28,13:33,LIGHT,53,
2026-05-28,13:34,DEEP,62,
2026-05-28,13:35,DEEP,,
2026-05-28,13:36,DEEP,,
2026-05-28,13:37,DEEP,,
2026-05-28,13:38,DEEP,,
2026-05-28,13:39,DEEP,,
2026-05-28,13:40,DEEP,,
2026-05-28,13:41,DEEP,,
2026-05-28,13:42,DEEP,,
2026-05-28,13:43,DEEP,,
2026-05-28,13:44,DEEP,,
2026-05-28,13:45,DEEP,,
2026-05-28,13:46,DEEP,,
2026-05-28,13:47,DEEP,,
2026-05-28,13:48,DEEP,,
2026-05-28,13:49,DEEP,,
2026-05-28,13:50,DEEP,,
2026-05-28,13:51,DEEP,73,
2026-05-28,13:52,DEEP,64,
2026-05-28,13:53,DEEP,65,
2026-05-28,13:54,DEEP,61,
2026-05-28,13:55,DEEP,72,
2026-05-28,13:56,DEEP,75,
2026-05-28,13:57,DEEP,74,
2026-05-28,13:58,DEEP,76,
2026-05-28,13:59,DEEP,80,
2026-05-28,14:00,DEEP,83,
2026-05-28,14:01,DEEP,84,
2026-05-28,14:02,LIGHT,85,
2026-05-28,14:03,LIGHT,82,
2026-05-28,14:04,LIGHT,76,
2026-05-28,14:05,WAKE,72,
2026-05-28,14:06,WAKE,64,
2026-05-28,14:07,LIGHT,63,
2026-05-28,14:08,LIGHT,60,
2026-05-28,14:09,LIGHT,60,
2026-05-28,14:10,LIGHT,58,
2026-05-28,14:11,LIGHT,62,
2026-05-28,14:12,LIGHT,62,
2026-05-28,14:13,LIGHT,61,
2026-05-28,14:14,LIGHT,62,
2026-05-28,14:15,LIGHT,65,
2026-05-28,14:16,REM,60,
2026-05-28,14:17,REM,62,
2026-05-28,14:18,REM,68,
2026-05-28,14:19,REM,70,
2026-05-28,14:20,REM,62,
2026-05-28,14:21,REM,61,
2026-05-28,14:22,REM,63,
2026-05-28,14:23,REM,63,
2026-05-28,14:24,REM,63,
2026-05-28,14:25,REM,63,
2026-05-28,14:26,REM,63,
2026-05-28,14:27,REM,63,
2026-05-28,14:28,REM,65,
2026-05-28,14:29,REM,67,
2026-05-28,14:30,REM,68,
2026-05-28,14:31,REM,69,
2026-05-28,14:32,REM,68,
2026-05-28,14:33,REM,65,
2026-05-28,14:34,REM,63,
2026-05-28,14:35,REM,69,
2026-05-28,14:36,REM,71,
2026-05-28,14:37,REM,68,
2026-05-28,14:38,REM,66,
2026-05-28,14:39,REM,64,
2026-05-28,14:40,REM,61,
2026-05-28,14:41,REM,62,
2026-05-28,14:42,REM,60,
2026-05-28,14:43,LIGHT,62,
2026-05-28,14:44,LIGHT,65,
2026-05-28,14:45,LIGHT,64,
2026-05-28,14:46,LIGHT,66,
2026-05-28,14:47,LIGHT,70,
2026-05-28,14:48,LIGHT,70,
2026-05-28,14:49,LIGHT,68,
2026-05-28,14:50,LIGHT,66,
2026-05-28,14:51,LIGHT,66,
2026-05-28,14:52,LIGHT,68,
2026-05-28,14:53,LIGHT,70,
2026-05-28,14:54,LIGHT,72,
2026-05-28,14:55,LIGHT,75,
2026-05-29,09:53,LIGHT,68,
2026-05-29,09:54,LIGHT,62,
2026-05-29,09:55,LIGHT,64,
2026-05-29,09:56,LIGHT,63,
2026-05-29,09:57,LIGHT,58,
2026-05-29,09:58,LIGHT,55,
2026-05-29,09:59,LIGHT,57,
2026-05-29,10:00,LIGHT,59,
2026-05-29,10:01,LIGHT,60,
2026-05-29,10:02,LIGHT,60,
2026-05-29,10:03,LIGHT,60,
2026-05-29,10:04,LIGHT,63,
2026-05-29,10:05,LIGHT,60,
2026-05-29,10:06,LIGHT,55,
2026-05-29,10:07,DEEP,60,
2026-05-29,10:08,DEEP,55,
2026-05-29,10:09,DEEP,56,
2026-05-29,10:10,DEEP,61,
2026-05-29,10:11,DEEP,61,
2026-05-29,10:12,DEEP,60,
2026-05-29,10:13,DEEP,57,
2026-05-29,10:14,DEEP,58,
2026-05-29,10:15,DEEP,55,
2026-05-29,10:16,DEEP,59,
2026-05-29,10:17,DEEP,62,
2026-05-29,10:18,DEEP,58,
2026-05-29,10:19,DEEP,58,
2026-05-29,10:20,DEEP,55,
2026-05-29,10:21,DEEP,57,
2026-05-29,10:22,DEEP,60,
2026-05-29,10:23,DEEP,58,
2026-05-29,10:24,DEEP,55,
2026-05-29,10:25,DEEP,57,
2026-05-29,10:26,LIGHT,62,
2026-05-29,10:27,LIGHT,64,
2026-05-29,10:28,LIGHT,61,
2026-05-29,10:29,LIGHT,58,
2026-05-29,10:30,LIGHT,60,
2026-05-29,10:31,LIGHT,61,
2026-05-29,10:32,DEEP,66,
2026-05-29,10:33,DEEP,73,
2026-05-29,10:34,DEEP,70,
2026-05-29,10:35,DEEP,65,
2026-05-29,10:36,DEEP,64,
2026-05-29,10:37,DEEP,73,
2026-05-29,10:38,DEEP,78,
2026-05-29,10:39,DEEP,69,
2026-05-29,10:40,DEEP,70,
2026-05-29,10:41,DEEP,77,
2026-05-29,10:42,DEEP,76,
2026-05-29,10:43,DEEP,73,
2026-05-29,10:44,LIGHT,74,
2026-05-29,10:45,LIGHT,70,
2026-05-29,10:46,LIGHT,70,
2026-05-29,10:47,LIGHT,71,
2026-05-29,10:48,LIGHT,76,
2026-05-29,10:49,LIGHT,79,
2026-05-29,10:50,LIGHT,76,
2026-05-29,10:51,LIGHT,77,
2026-05-29,10:52,REM,73,
2026-05-29,10:53,REM,75,
2026-05-29,10:54,REM,69,
2026-05-29,10:55,REM,66,
2026-05-29,10:56,REM,71,
2026-05-29,10:57,REM,70,
2026-05-29,10:58,REM,67,
2026-05-29,10:59,REM,69,
2026-05-29,11:00,REM,69,
2026-05-29,11:01,REM,67,
2026-05-29,11:02,REM,69,
2026-05-29,11:03,REM,69,
2026-05-29,11:04,REM,74,
2026-05-29,11:05,REM,75,
2026-05-29,11:06,REM,70,
2026-05-29,11:07,REM,67,
2026-05-29,11:08,REM,68,
2026-05-29,11:09,REM,72,
2026-05-29,11:10,LIGHT,70,
2026-05-29,11:11,LIGHT,72,
2026-05-29,11:12,LIGHT,84,
2026-05-29,11:13,LIGHT,87,
2026-05-29,11:14,LIGHT,82,
2026-05-29,11:15,REM,73,
2026-05-29,11:16,REM,70,
2026-05-29,11:17,REM,68,
2026-05-29,11:18,REM,69,
2026-05-29,11:19,REM,66,
2026-05-29,11:20,REM,68,
2026-05-29,11:21,REM,65,
2026-05-29,11:22,REM,68,
2026-05-29,11:23,REM,72,
2026-05-29,11:24,REM,75,
2026-05-29,11:25,REM,72,
2026-05-29,11:26,REM,72,
2026-05-29,11:27,REM,69,
2026-05-29,11:28,REM,72,
2026-05-29,11:29,REM,74,
2026-05-29,11:30,REM,76,
2026-05-29,11:31,REM,76,
2026-05-29,11:32,REM,75,
2026-05-29,11:33,LIGHT,70,
2026-05-29,11:34,LIGHT,65,
2026-05-29,11:35,LIGHT,67,
2026-05-29,11:36,LIGHT,67,
2026-05-29,11:37,LIGHT,65,
2026-05-29,11:38,LIGHT,67,
2026-05-29,11:39,LIGHT,67,
2026-05-29,11:40,LIGHT,67,
2026-05-29,11:41,LIGHT,69,
2026-05-29,11:42,LIGHT,69,
2026-05-29,11:43,LIGHT,71,
2026-05-29,11:44,LIGHT,72,
2026-05-29,11:45,LIGHT,71,
2026-05-29,11:46,LIGHT,71,
2026-05-29,11:47,LIGHT,67,
2026-05-29,11:48,LIGHT,70,
2026-05-29,11:49,LIGHT,70,
2026-05-29,11:50,LIGHT,67,
2026-05-29,11:51,LIGHT,69,
2026-05-29,11:52,LIGHT,70,
2026-05-29,11:53,LIGHT,72,
2026-05-29,11:54,LIGHT,74,
2026-05-29,11:55,LIGHT,72,
2026-05-29,11:56,LIGHT,72,
2026-05-29,11:57,LIGHT,68,
2026-05-29,11:58,LIGHT,68,
2026-05-29,11:59,LIGHT,66,
2026-05-29,12:00,LIGHT,68,
2026-05-29,12:01,DEEP,66,
2026-05-29,12:02,DEEP,68,
2026-05-29,12:03,DEEP,68,
2026-05-29,12:04,DEEP,75,
2026-05-29,12:05,LIGHT,76,
2026-05-29,12:06,LIGHT,68,
2026-05-29,12:07,LIGHT,64,
2026-05-29,12:08,LIGHT,64,
2026-05-29,12:09,LIGHT,64,
2026-05-29,12:10,LIGHT,66,
2026-05-29,12:11,LIGHT,65,
2026-05-29,12:12,LIGHT,64,
2026-05-29,12:13,LIGHT,63,
2026-05-29,12:14,LIGHT,65,
2026-05-29,12:15,LIGHT,65,
2026-05-29,12:16,LIGHT,70,
2026-05-29,12:17,LIGHT,71,
2026-05-29,12:18,LIGHT,68,
2026-05-29,12:19,LIGHT,65,
2026-05-29,12:20,LIGHT,59,
2026-05-29,12:21,LIGHT,57,
2026-05-29,12:22,LIGHT,58,
2026-05-29,12:23,LIGHT,56,
2026-05-29,12:24,LIGHT,56,
2026-05-29,12:25,LIGHT,58,
2026-05-29,12:26,LIGHT,58,
2026-05-29,12:27,LIGHT,56,
2026-05-29,12:28,LIGHT,56,
2026-05-29,12:29,LIGHT,55,
2026-05-29,12:30,LIGHT,62,
2026-05-29,12:31,LIGHT,71,
2026-05-29,12:32,LIGHT,73,
2026-05-29,12:33,LIGHT,64,
2026-05-29,12:34,LIGHT,61,
2026-05-29,12:35,LIGHT,61,
2026-05-29,12:36,LIGHT,60,
2026-05-29,12:37,LIGHT,59,
2026-05-29,12:38,LIGHT,53,
2026-05-29,12:39,LIGHT,52,
2026-05-29,12:40,LIGHT,55,
2026-05-29,12:41,LIGHT,55,
2026-05-29,12:42,LIGHT,53,
2026-05-29,12:43,LIGHT,53,
2026-05-29,12:44,LIGHT,55,
2026-05-29,12:45,LIGHT,55,
2026-05-29,12:46,LIGHT,55,
2026-05-29,12:47,LIGHT,56,
2026-05-29,12:48,LIGHT,53,
2026-05-29,12:49,LIGHT,51,
2026-05-29,12:50,LIGHT,49,
2026-05-29,12:51,LIGHT,55,
2026-05-29,12:52,LIGHT,60,
2026-05-29,12:53,REM,69,
2026-05-29,12:54,REM,73,
2026-05-29,12:55,REM,70,
2026-05-29,12:56,REM,77,
2026-05-29,12:57,REM,82,
2026-05-29,12:58,REM,84,
2026-05-29,12:59,REM,78,
2026-05-29,13:00,REM,65,
2026-05-29,13:01,REM,58,
2026-05-29,13:02,LIGHT,61,
2026-05-29,13:03,LIGHT,60,
2026-05-29,13:04,LIGHT,58,
2026-05-29,13:05,WAKE,58,
2026-05-29,13:06,LIGHT,60,
2026-05-29,13:07,LIGHT,62,
2026-05-29,13:08,LIGHT,60,
2026-05-29,04:42,LIGHT,65,
2026-05-29,04:43,LIGHT,75,
2026-05-29,04:44,LIGHT,77,
2026-05-29,04:45,LIGHT,79,
2026-05-29,04:46,LIGHT,76,
2026-05-29,04:47,LIGHT,75,
2026-05-29,04:48,LIGHT,68,
2026-05-29,04:49,LIGHT,65,
2026-05-29,04:50,LIGHT,68,
2026-05-29,04:51,LIGHT,65,
2026-05-29,04:52,LIGHT,70,
2026-05-29,04:53,LIGHT,79,
2026-05-29,04:54,LIGHT,83,
2026-05-29,04:55,DEEP,75,
2026-05-29,04:56,DEEP,76,
2026-05-29,04:57,DEEP,78,
2026-05-29,04:58,DEEP,75,
2026-05-29,04:59,DEEP,69,
2026-05-29,05:00,DEEP,61,
2026-05-29,05:01,DEEP,57,
2026-05-29,05:02,DEEP,67,
2026-05-29,05:03,DEEP,67,
2026-05-29,05:04,DEEP,64,
2026-05-29,05:05,DEEP,58,
2026-05-29,05:06,DEEP,57,
2026-05-29,05:07,DEEP,67,
2026-05-29,05:08,DEEP,63,
2026-05-29,05:09,DEEP,57,
2026-05-29,05:10,DEEP,56,
2026-05-29,05:11,DEEP,56,
2026-05-29,05:12,DEEP,57,
2026-05-29,05:13,DEEP,67,
2026-05-29,05:14,DEEP,64,
2026-05-29,05:15,DEEP,56,
2026-05-29,05:16,DEEP,56,
2026-05-29,05:17,DEEP,55,
2026-05-29,05:18,DEEP,55,
2026-05-29,05:19,DEEP,53,
2026-05-29,05:20,DEEP,57,
2026-05-29,05:21,DEEP,52,
2026-05-29,05:22,DEEP,49,
2026-05-29,05:23,DEEP,52,
2026-05-29,05:24,DEEP,55,
2026-05-29,05:25,DEEP,57,
2026-05-29,05:26,DEEP,50,
2026-05-29,05:27,DEEP,52,
2026-05-29,05:28,DEEP,64,
2026-05-29,05:29,DEEP,78,
2026-05-29,05:30,DEEP,83,
2026-05-29,05:31,DEEP,85,
2026-05-29,05:32,DEEP,72,
2026-05-29,05:33,DEEP,69,
2026-05-29,05:34,DEEP,69,
2026-05-29,05:35,DEEP,64,
2026-05-29,05:36,LIGHT,61,
2026-05-29,05:37,LIGHT,62,
2026-05-29,05:38,LIGHT,72,
2026-05-29,05:39,LIGHT,82,
2026-05-29,05:40,LIGHT,84,
2026-05-29,05:41,LIGHT,81,
2026-05-29,05:42,LIGHT,83,
2026-05-29,05:43,LIGHT,92,
2026-05-29,05:44,LIGHT,95,
2026-05-29,05:45,LIGHT,87,
2026-05-29,05:46,LIGHT,112,
2026-05-29,05:47,LIGHT,155,
2026-05-29,05:48,LIGHT,169,
2026-05-29,05:49,LIGHT,174,
2026-05-29,05:50,LIGHT,169,
2026-05-29,05:51,LIGHT,164,
2026-05-29,05:52,LIGHT,163,
2026-05-29,05:53,LIGHT,163,
2026-05-29,05:54,LIGHT,162,
2026-05-29,05:55,LIGHT,161,
2026-05-29,05:56,LIGHT,159,
2026-05-29,05:57,LIGHT,161,
2026-05-29,05:58,LIGHT,161,
2026-05-29,05:59,LIGHT,161,
2026-05-29,06:00,LIGHT,158,
2026-05-29,06:01,LIGHT,159,
2026-05-29,06:02,LIGHT,160,
2026-05-29,06:03,LIGHT,162,
2026-05-29,06:04,LIGHT,163,
2026-05-29,06:05,LIGHT,162,
2026-05-29,06:06,LIGHT,162,
2026-05-29,06:07,LIGHT,162,
2026-05-29,06:08,LIGHT,162,
2026-05-29,06:09,LIGHT,163,
2026-05-29,06:10,LIGHT,164,
2026-05-29,06:11,LIGHT,164,
2026-05-29,06:12,LIGHT,164,
2026-05-29,06:13,REM,165,
2026-05-29,06:14,REM,165,
2026-05-29,06:15,LIGHT,165,
2026-05-29,06:16,LIGHT,165,
2026-05-29,06:17,LIGHT,165,
2026-05-29,06:18,LIGHT,166,
2026-05-29,06:19,LIGHT,168,
2026-05-29,06:20,LIGHT,169,
2026-05-29,06:21,LIGHT,168,
2026-05-29,06:22,LIGHT,168,
2026-05-29,06:23,LIGHT,168,
2026-05-29,06:24,LIGHT,168,
2026-05-29,06:25,LIGHT,169,
2026-05-29,06:26,LIGHT,170,
2026-05-29,06:27,LIGHT,170,
2026-05-29,06:28,LIGHT,169,
2026-05-29,06:29,LIGHT,171,
2026-05-29,22:47,LIGHT,67,
2026-05-29,22:48,LIGHT,67,
2026-05-29,22:49,LIGHT,71,
2026-05-29,22:50,LIGHT,69,
2026-05-29,22:51,LIGHT,68,
2026-05-29,22:52,DEEP,83,
2026-05-29,22:53,DEEP,104,
2026-05-29,22:54,DEEP,113,
2026-05-29,22:55,DEEP,107,
2026-05-29,22:56,DEEP,96,
2026-05-29,22:57,DEEP,91,
2026-05-29,22:58,DEEP,94,
2026-05-29,22:59,DEEP,99,
2026-05-29,23:00,LIGHT,106,
2026-05-29,23:01,LIGHT,109,
2026-05-29,23:02,LIGHT,125,
2026-05-29,23:03,WAKE,125,
2026-05-29,23:04,LIGHT,128,
2026-05-29,23:05,LIGHT,118,
2026-05-29,23:06,LIGHT,99,
2026-05-29,23:07,LIGHT,83,
2026-05-29,23:08,LIGHT,76,
2026-05-29,23:09,LIGHT,81,
2026-05-29,23:10,LIGHT,78,
2026-05-29,23:11,LIGHT,78,
2026-05-29,23:12,LIGHT,89,
2026-05-29,23:13,LIGHT,99,
2026-05-29,23:14,LIGHT,104,
2026-05-29,23:15,LIGHT,114,
2026-05-29,23:16,DEEP,126,
2026-05-29,23:17,DEEP,113,
2026-05-29,23:18,DEEP,118,
2026-05-29,23:19,DEEP,107,
2026-05-29,23:20,DEEP,94,
2026-05-29,23:21,DEEP,84,
2026-05-29,23:22,LIGHT,82,
2026-05-29,23:23,LIGHT,76,
2026-05-29,23:24,LIGHT,75,
2026-05-29,23:25,LIGHT,76,
2026-05-29,23:26,LIGHT,81,
2026-05-29,23:27,LIGHT,93,
2026-05-29,23:28,LIGHT,104,
2026-05-29,23:29,REM,114,
2026-05-29,23:30,REM,119,
2026-05-29,23:31,REM,113,
2026-05-29,23:32,REM,113,
2026-05-29,23:33,REM,115,
2026-05-29,23:34,REM,115,
2026-05-29,23:35,REM,112,
2026-05-29,23:36,REM,114,
2026-05-29,23:37,REM,119,
2026-05-29,23:38,REM,124,
2026-05-29,23:39,REM,115,
2026-05-29,23:40,REM,107,
2026-05-29,23:41,REM,104,
2026-05-29,23:42,REM,104,
2026-05-29,23:43,REM,108,
2026-05-29,23:44,REM,110,
2026-05-29,23:45,REM,107,
2026-05-29,23:46,REM,107,
2026-05-29,23:47,REM,113,
2026-05-29,23:48,REM,112,
2026-05-29,23:49,REM,112,
2026-05-29,23:50,REM,117,
2026-05-29,23:51,REM,127,
2026-05-29,23:52,REM,130,
2026-05-29,23:53,REM,133,
2026-05-29,23:54,REM,125,
2026-05-29,23:55,REM,128,
2026-05-29,23:56,REM,125,
2026-05-29,23:57,REM,118,
2026-05-29,23:58,REM,120,
2026-05-29,23:59,REM,102,
2026-05-30,00:00,REM,84,
2026-05-30,00:01,REM,81,
2026-05-30,00:02,LIGHT,78,
2026-05-30,00:03,LIGHT,78,
2026-05-30,00:04,LIGHT,80,
2026-05-30,00:05,LIGHT,90,
2026-05-30,00:06,LIGHT,106,
2026-05-30,00:07,LIGHT,103,
2026-05-30,00:08,LIGHT,95,
2026-05-30,00:09,LIGHT,97,
2026-05-30,00:10,LIGHT,97,
2026-05-30,00:11,LIGHT,95,
2026-05-30,00:12,LIGHT,100,
2026-05-30,00:13,LIGHT,99,
2026-05-30,00:14,LIGHT,99,
2026-05-30,00:15,LIGHT,98,
2026-05-30,00:16,LIGHT,116,
2026-05-30,00:17,LIGHT,144,
2026-05-30,00:18,LIGHT,152,
2026-05-30,00:19,LIGHT,156,
2026-05-30,00:20,LIGHT,154,
2026-05-30,00:21,LIGHT,155,
2026-05-30,00:22,LIGHT,144,
2026-05-30,00:23,LIGHT,130,
2026-05-30,00:24,LIGHT,121,
2026-05-30,00:25,LIGHT,115,
2026-05-30,00:26,DEEP,102,
2026-05-30,00:27,DEEP,93,
2026-05-30,00:28,DEEP,88,
2026-05-30,00:29,DEEP,85,
2026-05-30,00:30,DEEP,84,
2026-05-30,00:31,DEEP,88,
2026-05-30,00:32,DEEP,98,
2026-05-30,00:33,DEEP,109,
2026-05-30,00:34,DEEP,103,
2026-05-30,00:35,DEEP,102,
2026-05-30,00:36,LIGHT,92,
2026-05-30,00:37,LIGHT,98,
2026-05-30,00:38,LIGHT,97,
2026-05-30,00:39,LIGHT,92,
2026-05-30,00:40,LIGHT,81,
2026-05-30,00:41,LIGHT,81,
2026-05-30,00:42,LIGHT,80,
2026-05-30,00:43,LIGHT,77,
2026-05-30,00:44,LIGHT,79,
2026-05-30,00:45,LIGHT,79,
2026-05-30,00:46,LIGHT,79,
2026-05-30,00:47,LIGHT,78,
2026-05-30,00:48,LIGHT,74,
2026-05-30,00:49,LIGHT,74,
2026-05-30,00:50,LIGHT,78,
2026-05-30,00:51,DEEP,78,
2026-05-30,00:52,DEEP,74,
2026-05-30,00:53,DEEP,74,
2026-05-30,00:54,LIGHT,73,
2026-05-30,00:55,LIGHT,71,
2026-05-30,00:56,LIGHT,71,
2026-05-30,00:57,WAKE,76,
2026-05-30,00:58,LIGHT,78,
2026-05-30,00:59,LIGHT,72,
2026-05-30,01:00,LIGHT,74,
2026-05-30,01:01,LIGHT,75,
2026-05-30,01:02,LIGHT,76,
2026-05-30,01:03,LIGHT,78,
2026-05-30,01:04,LIGHT,80,
2026-05-30,01:05,LIGHT,81,
2026-05-30,01:06,LIGHT,75,
2026-05-30,01:07,LIGHT,75,
2026-05-30,01:08,LIGHT,72,
2026-05-30,01:09,LIGHT,77,
2026-05-30,01:10,LIGHT,79,
2026-05-30,01:11,LIGHT,77,
2026-05-30,01:12,LIGHT,74,
2026-05-30,01:13,LIGHT,72,
2026-05-30,01:14,LIGHT,73,
2026-05-30,01:15,LIGHT,74,
2026-05-30,01:16,LIGHT,74,
2026-05-30,01:17,LIGHT,69,
2026-05-30,01:18,LIGHT,68,
2026-05-30,01:19,LIGHT,69,
2026-05-30,01:20,LIGHT,74,
2026-05-30,01:21,LIGHT,76,
2026-05-30,01:22,LIGHT,81,
2026-05-30,01:23,LIGHT,83,
2026-05-30,01:24,LIGHT,83,
2026-05-30,01:25,DEEP,83,
2026-05-30,01:26,DEEP,80,
2026-05-30,01:27,DEEP,79,
2026-05-30,01:28,DEEP,74,
2026-05-30,01:29,DEEP,72,
2026-05-30,01:30,DEEP,69,
2026-05-30,01:31,DEEP,66,
2026-05-30,01:32,DEEP,68,
2026-05-30,01:33,DEEP,83,
2026-05-30,01:34,DEEP,88,
2026-05-30,01:35,DEEP,87,
2026-05-30,01:36,LIGHT,88,
2026-05-30,01:37,LIGHT,87,
2026-05-30,01:38,LIGHT,80,
2026-05-30,01:39,LIGHT,74,
2026-05-30,01:40,REM,73,
2026-05-30,01:41,REM,84,
2026-05-30,01:42,REM,87,
2026-05-30,01:43,REM,79,
2026-05-30,01:44,REM,75,
2026-05-30,01:45,REM,72,
2026-05-30,01:46,REM,82,
2026-05-30,01:47,REM,79,
2026-05-30,01:48,REM,75,
2026-05-30,01:49,REM,75,
2026-05-30,01:50,REM,82,
2026-05-30,01:51,REM,80,
2026-05-30,01:52,REM,79,
2026-05-30,01:53,REM,76,
2026-05-30,01:54,REM,76,
2026-05-30,01:55,REM,80,
2026-05-30,01:56,REM,85,
2026-05-30,01:57,REM,82,
2026-05-30,01:58,REM,72,
2026-05-30,01:59,REM,71,
2026-05-30,02:00,REM,71,
2026-05-30,02:01,LIGHT,69,
2026-05-30,02:02,LIGHT,73,
2026-05-30,02:03,LIGHT,78,
2026-05-30,02:04,LIGHT,84,
2026-05-30,02:05,LIGHT,85,
2026-05-30,02:06,LIGHT,85,
2026-05-30,02:07,LIGHT,88,
2026-05-30,02:08,LIGHT,89,
2026-05-30,02:09,LIGHT,85,
2026-05-30,02:10,LIGHT,83,
2026-05-30,02:11,LIGHT,83,
2026-05-30,02:12,LIGHT,85,
2026-05-30,02:13,LIGHT,84,
2026-05-30,02:14,LIGHT,82,
2026-05-30,02:15,LIGHT,79,
2026-05-30,02:16,LIGHT,81,
2026-05-30,02:17,LIGHT,83,
2026-05-30,02:18,LIGHT,79,
2026-05-30,02:19,LIGHT,76,
2026-05-30,02:20,LIGHT,76,
2026-05-30,02:21,LIGHT,78,
2026-05-30,02:22,LIGHT,78,
2026-05-30,02:23,LIGHT,78,
2026-05-30,02:24,LIGHT,78,
2026-05-30,02:25,LIGHT,76,
2026-05-30,02:26,LIGHT,82,
2026-05-30,02:27,LIGHT,88,
2026-05-30,02:28,LIGHT,83,
2026-05-30,02:29,LIGHT,80,
2026-05-30,02:30,LIGHT,80,
2026-05-30,02:31,LIGHT,85,
2026-05-30,02:32,LIGHT,90,
2026-05-30,02:33,LIGHT,88,
2026-05-30,02:34,DEEP,77,
2026-05-30,02:35,DEEP,79,
2026-05-30,02:36,DEEP,75,
2026-05-30,02:37,DEEP,80,
2026-05-30,02:38,DEEP,82,
2026-05-30,02:39,LIGHT,87,
2026-05-30,02:40,LIGHT,99,
2026-05-30,02:41,LIGHT,113,
2026-05-30,02:42,LIGHT,102,
2026-05-30,02:43,LIGHT,96,
2026-05-30,02:44,LIGHT,93,
2026-05-30,02:45,LIGHT,89,
2026-05-30,02:46,LIGHT,88,
2026-05-30,02:47,WAKE,88,
2026-05-30,02:48,LIGHT,80,
2026-05-30,02:49,LIGHT,77,
2026-05-30,02:50,LIGHT,84,
2026-05-30,02:51,LIGHT,84,
2026-05-30,02:52,LIGHT,89,
2026-05-30,02:53,REM,83,
2026-05-30,02:54,REM,76,
2026-05-30,02:55,REM,73,
2026-05-30,02:56,REM,72,
2026-05-30,02:57,REM,72,
2026-05-30,02:58,REM,74,
2026-05-30,02:59,REM,84,
2026-05-30,03:00,REM,81,
2026-05-30,03:01,REM,78,
2026-05-30,03:02,REM,78,
2026-05-30,03:03,REM,75,
2026-05-30,03:04,REM,71,
2026-05-30,03:05,REM,75,
2026-05-30,03:06,REM,71,
2026-05-30,03:07,REM,69,
2026-05-30,03:08,REM,74,
2026-05-30,03:09,LIGHT,85,
2026-05-30,03:10,LIGHT,87,
2026-05-30,03:11,LIGHT,87,
2026-05-30,03:12,LIGHT,75,
2026-05-30,03:13,LIGHT,68,
2026-05-30,03:14,LIGHT,70,
2026-05-30,03:15,LIGHT,70,
2026-05-30,03:16,LIGHT,70,
2026-05-30,03:17,LIGHT,66,
2026-05-30,03:18,LIGHT,66,
2026-05-30,03:19,LIGHT,65,
2026-05-30,03:20,LIGHT,65,
2026-05-30,03:21,LIGHT,65,
2026-05-30,03:22,LIGHT,71,
2026-05-30,03:23,LIGHT,77,
2026-05-30,03:24,LIGHT,79,
2026-05-30,03:25,LIGHT,85,
2026-05-30,03:26,LIGHT,84,
2026-05-30,03:27,LIGHT,80,
2026-05-30,03:28,LIGHT,68,
2026-05-30,03:29,LIGHT,69,
2026-05-30,03:30,LIGHT,64,
2026-05-30,03:31,LIGHT,,
2026-05-30,03:32,LIGHT,,
2026-05-30,03:33,LIGHT,,
2026-05-30,03:34,LIGHT,,
2026-05-30,03:35,LIGHT,,
2026-05-30,03:36,LIGHT,,
2026-05-30,03:37,LIGHT,83,
2026-05-30,03:38,LIGHT,84,
2026-05-30,03:39,LIGHT,76,
2026-05-30,03:40,LIGHT,66,
2026-05-30,03:41,REM,61,
2026-05-30,03:42,REM,57,
2026-05-30,03:43,REM,54,
2026-05-30,03:44,REM,54,
2026-05-30,03:45,REM,56,
2026-05-30,03:46,REM,52,
2026-05-30,03:47,REM,50,
2026-05-30,03:48,REM,51,
2026-05-30,03:49,REM,51,
2026-05-30,03:50,REM,52,
2026-05-30,03:51,REM,52,
2026-05-30,03:52,REM,53,
2026-05-30,03:53,REM,52,
2026-05-30,03:54,REM,52,
2026-05-30,03:55,REM,52,
2026-05-30,03:56,REM,51,
2026-05-30,03:57,REM,51,
2026-05-30,03:58,REM,51,
2026-05-30,03:59,REM,51,
2026-05-30,04:00,LIGHT,51,
2026-05-30,04:01,LIGHT,51,
2026-05-30,04:02,LIGHT,51,
2026-05-30,04:03,LIGHT,51,
2026-05-30,04:04,WAKE,51,
2026-05-30,04:05,WAKE,51,
2026-05-30,04:06,WAKE,56,
2026-05-30,04:07,LIGHT,50,
2026-05-30,04:08,LIGHT,49,
2026-05-30,04:09,LIGHT,49,
2026-05-30,04:10,LIGHT,49,
2026-05-30,04:11,LIGHT,50,
2026-05-30,04:12,LIGHT,50,
2026-05-30,04:13,LIGHT,50,
2026-05-30,04:14,LIGHT,50,
2026-05-30,04:15,LIGHT,50,
2026-05-30,04:16,LIGHT,50,
2026-05-30,04:17,LIGHT,50,
2026-05-30,04:18,LIGHT,50,
2026-05-30,04:19,LIGHT,50,
2026-05-30,04:20,LIGHT,50,
2026-05-30,04:21,LIGHT,50,
2026-05-30,04:22,LIGHT,50,
2026-05-30,04:23,LIGHT,51,
2026-05-30,04:24,LIGHT,51,
2026-05-30,04:25,LIGHT,50,
2026-05-30,04:26,LIGHT,49,
2026-05-30,04:27,LIGHT,49,
2026-05-30,04:28,LIGHT,49,
2026-05-30,04:29,WAKE,50,
2026-05-30,04:30,LIGHT,50,
2026-05-30,04:31,WAKE,50,
2026-05-30,04:32,LIGHT,48,
2026-05-30,04:33,LIGHT,48,
2026-05-30,04:34,LIGHT,48,
2026-05-30,04:35,LIGHT,48,
2026-05-30,04:36,LIGHT,57,
2026-05-30,04:37,LIGHT,67,
2026-05-31,10:32,LIGHT,67,
2026-05-31,10:33,LIGHT,66,
2026-05-31,10:34,LIGHT,64,
2026-05-31,10:35,LIGHT,68,
2026-05-31,10:36,LIGHT,70,
2026-05-31,10:37,LIGHT,71,
2026-05-31,10:38,LIGHT,68,
2026-05-31,10:39,LIGHT,68,
2026-05-31,10:40,LIGHT,67,
2026-05-31,10:41,LIGHT,64,
2026-05-31,10:42,LIGHT,64,
2026-05-31,10:43,LIGHT,71,
2026-05-31,10:44,LIGHT,71,
2026-05-31,10:45,LIGHT,68,
2026-05-31,10:46,LIGHT,63,
2026-05-31,10:47,LIGHT,65,
2026-05-31,10:48,LIGHT,62,
2026-05-31,10:49,LIGHT,59,
2026-05-31,10:50,LIGHT,66,
2026-05-31,10:51,LIGHT,78,
2026-05-31,10:52,LIGHT,93,
2026-05-31,10:53,LIGHT,86,
2026-05-31,10:54,LIGHT,88,
2026-05-31,10:55,LIGHT,70,
2026-05-31,10:56,LIGHT,64,
2026-05-31,10:57,LIGHT,59,
2026-05-31,10:58,LIGHT,63,
2026-05-31,10:59,LIGHT,67,
2026-05-31,11:00,LIGHT,64,
2026-05-31,11:01,LIGHT,64,
2026-05-31,11:02,LIGHT,76,
2026-05-31,11:03,LIGHT,86,
2026-05-31,11:04,LIGHT,87,
2026-05-31,11:05,LIGHT,75,
2026-05-31,11:06,LIGHT,82,
2026-05-31,11:07,LIGHT,80,
2026-05-31,11:08,DEEP,64,
2026-05-31,11:09,DEEP,61,
2026-05-31,11:10,DEEP,60,
2026-05-31,11:11,DEEP,60,
2026-05-31,11:12,DEEP,61,
2026-05-31,11:13,DEEP,61,
2026-05-31,11:14,DEEP,71,
2026-05-31,11:15,DEEP,81,
2026-05-31,11:16,LIGHT,85,
2026-05-31,11:17,LIGHT,68,
2026-05-31,11:18,LIGHT,55,
2026-05-31,11:19,WAKE,55,
2026-05-31,11:20,LIGHT,55,
2026-05-31,11:21,LIGHT,55,
2026-05-31,11:22,LIGHT,54,
2026-05-31,11:23,LIGHT,54,
2026-05-31,11:24,LIGHT,54,
2026-05-31,11:25,LIGHT,54,
2026-05-31,11:26,LIGHT,55,
2026-05-31,11:27,LIGHT,54,
2026-05-31,11:28,LIGHT,55,
2026-05-31,11:29,LIGHT,53,
2026-05-31,11:30,REM,53,
2026-05-31,11:31,REM,53,
2026-05-31,11:32,REM,53,
2026-05-31,11:33,REM,53,
2026-05-31,11:34,REM,55,
2026-05-31,11:35,REM,55,
2026-05-31,11:36,REM,54,
2026-05-31,11:37,REM,54,
2026-05-31,11:38,REM,54,
2026-05-31,11:39,REM,54,
2026-05-31,11:40,REM,52,
2026-05-31,11:41,REM,52,
2026-05-31,11:42,REM,53,
2026-05-31,11:43,REM,51,
2026-05-31,11:44,REM,51,
2026-05-31,11:45,REM,51,
2026-05-31,11:46,REM,52,
2026-05-31,11:47,REM,54,
2026-05-31,11:48,REM,64,
2026-05-31,11:49,REM,71,
2026-05-31,11:50,REM,68,
2026-05-31,11:51,REM,64,
2026-05-31,11:52,LIGHT,59,
2026-05-31,11:53,LIGHT,66,
2026-05-31,11:54,LIGHT,75,
2026-05-31,11:55,LIGHT,82,
2026-05-31,11:56,LIGHT,87,
2026-05-31,11:57,LIGHT,86,
2026-05-31,11:58,LIGHT,80,
2026-05-31,11:59,LIGHT,73,
2026-05-31,12:00,LIGHT,70,
2026-05-31,12:01,LIGHT,71,
2026-05-31,12:02,LIGHT,70,
2026-05-31,12:03,LIGHT,70,
2026-05-31,12:04,LIGHT,70,
2026-05-31,12:05,LIGHT,57,
2026-05-31,12:06,LIGHT,52,
2026-05-31,12:07,LIGHT,54,
2026-05-31,12:08,LIGHT,53,
2026-05-31,12:09,LIGHT,59,
2026-05-31,12:10,LIGHT,58,
2026-05-31,12:11,LIGHT,56,
2026-05-31,12:12,LIGHT,53,
2026-05-31,12:13,LIGHT,55,
2026-05-31,12:14,LIGHT,54,
2026-05-31,12:15,LIGHT,54,
2026-05-31,12:16,LIGHT,54,
2026-05-31,12:17,LIGHT,55,
2026-05-31,12:18,LIGHT,55,
2026-05-31,12:19,LIGHT,55,
2026-05-31,12:20,LIGHT,54,
2026-05-31,12:21,LIGHT,55,
2026-05-31,12:22,LIGHT,55,
2026-05-31,12:23,WAKE,56,
2026-05-31,12:24,WAKE,55,
2026-05-31,12:25,LIGHT,56,
2026-05-31,12:26,LIGHT,56,
2026-05-31,12:27,LIGHT,56,
2026-05-31,12:28,LIGHT,56,
2026-05-31,12:29,LIGHT,58,
2026-05-31,12:30,LIGHT,57,
2026-05-31,12:31,LIGHT,56,
2026-05-31,12:32,LIGHT,56,
2026-05-31,12:33,LIGHT,56,
2026-05-31,12:34,LIGHT,58,
2026-05-31,12:35,LIGHT,52,
2026-05-31,12:36,LIGHT,57,
2026-05-31,12:37,LIGHT,67,
2026-05-31,12:38,LIGHT,75,
2026-05-31,12:39,LIGHT,76,
2026-05-31,12:40,LIGHT,86,
2026-05-31,12:41,LIGHT,78,
2026-05-31,12:42,LIGHT,71,
2026-05-31,12:43,LIGHT,68,
2026-05-31,12:44,LIGHT,73,
2026-05-31,12:45,LIGHT,71,
2026-05-31,12:46,LIGHT,72,
2026-05-31,12:47,LIGHT,69,
2026-05-31,12:48,LIGHT,72,
2026-05-31,12:49,LIGHT,69,
2026-05-31,12:50,LIGHT,79,
2026-05-31,12:51,LIGHT,91,
2026-05-31,12:52,LIGHT,91,
2026-05-31,12:53,LIGHT,80,
2026-05-31,12:54,LIGHT,73,
2026-05-31,12:55,LIGHT,74,
2026-05-31,12:56,LIGHT,80,
2026-05-31,12:57,LIGHT,79,
2026-05-31,12:58,DEEP,74,
2026-05-31,12:59,DEEP,82,
2026-05-31,13:00,DEEP,85,
2026-05-31,13:01,DEEP,88,
2026-05-31,13:02,DEEP,73,
2026-05-31,13:03,DEEP,57,
2026-05-31,13:04,DEEP,52,
2026-05-31,13:05,DEEP,49,
2026-05-31,13:06,DEEP,53,
2026-05-31,13:07,DEEP,53,
2026-05-31,13:08,DEEP,53,
2026-05-31,13:09,DEEP,55,
2026-05-31,13:10,DEEP,52,
2026-05-31,13:11,DEEP,51,
2026-05-31,13:12,DEEP,53,
2026-05-31,13:13,DEEP,53,
2026-05-31,13:14,DEEP,53,
2026-05-31,13:15,DEEP,53,
2026-05-31,13:16,DEEP,60,
2026-05-31,13:17,DEEP,79,
2026-05-31,13:18,DEEP,73,
2026-05-31,13:19,DEEP,77,
2026-05-31,13:20,DEEP,76,
2026-05-31,13:21,DEEP,74,
2026-05-31,13:22,DEEP,74,
2026-05-31,13:23,LIGHT,73,
2026-05-31,13:24,LIGHT,74,
2026-05-31,13:25,LIGHT,75,
2026-05-31,13:26,LIGHT,74,
2026-05-31,13:27,LIGHT,72,
2026-05-31,13:28,LIGHT,75,
2026-05-31,13:29,LIGHT,77,
2026-05-31,13:30,LIGHT,72,
2026-05-31,13:31,LIGHT,69,
2026-05-31,13:32,REM,65,
2026-05-31,13:33,REM,67,
2026-05-31,13:34,REM,66,
2026-05-31,13:35,REM,64,
2026-05-31,13:36,REM,61,
2026-05-31,13:37,REM,62,
2026-05-31,13:38,REM,62,
2026-05-31,13:39,REM,67,
2026-05-31,13:40,LIGHT,87,
2026-05-31,13:41,LIGHT,87,
2026-05-31,13:42,LIGHT,81,
2026-05-31,13:43,WAKE,80,
2026-05-31,13:44,WAKE,73,
2026-05-31,13:45,WAKE,80,
2026-05-31,13:46,LIGHT,68,
2026-05-31,13:47,LIGHT,61,
2026-05-31,13:48,LIGHT,58,
2026-05-31,03:52,LIGHT,44,
2026-05-31,03:53,LIGHT,44,
2026-05-31,03:54,LIGHT,44,
2026-05-31,03:55,LIGHT,44,
2026-05-31,03:56,LIGHT,44,
2026-05-31,03:57,LIGHT,44,
2026-05-31,03:58,LIGHT,44,
2026-05-31,03:59,LIGHT,44,
2026-05-31,04:00,LIGHT,44,
2026-05-31,04:01,LIGHT,44,
2026-05-31,04:02,LIGHT,44,
2026-05-31,04:03,LIGHT,44,
2026-05-31,04:04,LIGHT,44,
2026-05-31,04:05,LIGHT,44,
2026-05-31,04:06,LIGHT,44,
2026-05-31,04:07,LIGHT,44,
2026-05-31,04:08,LIGHT,44,
2026-05-31,04:09,LIGHT,44,
2026-05-31,04:10,LIGHT,44,
2026-05-31,04:11,LIGHT,44,
2026-05-31,04:12,LIGHT,44,
2026-05-31,04:13,DEEP,44,
2026-05-31,04:14,DEEP,52,
2026-05-31,04:15,DEEP,49,
2026-05-31,04:16,DEEP,49,
2026-05-31,04:17,DEEP,46,
2026-05-31,04:18,DEEP,44,
2026-05-31,04:19,DEEP,42,
2026-05-31,04:20,DEEP,42,
2026-05-31,04:21,DEEP,43,
2026-05-31,04:22,DEEP,45,
2026-05-31,04:23,DEEP,44,
2026-05-31,04:24,DEEP,42,
2026-05-31,04:25,DEEP,43,
2026-05-31,04:26,DEEP,45,
2026-05-31,04:27,DEEP,46,
2026-05-31,04:28,DEEP,44,
2026-05-31,04:29,DEEP,44,
2026-05-31,04:30,DEEP,44,
2026-05-31,04:31,DEEP,44,
2026-05-31,04:32,DEEP,45,
2026-05-31,04:33,DEEP,45,
2026-05-31,04:34,DEEP,44,
2026-05-31,04:35,DEEP,44,
2026-05-31,04:36,DEEP,49,
2026-05-31,04:37,LIGHT,41,
2026-05-31,04:38,LIGHT,41,
2026-05-31,04:39,LIGHT,51,
2026-05-31,04:40,LIGHT,49,
2026-05-31,04:41,LIGHT,41,
2026-05-31,04:42,LIGHT,40,
2026-05-31,04:43,LIGHT,40,
2026-05-31,04:44,LIGHT,40,
2026-05-31,04:45,LIGHT,40,
2026-05-31,04:46,LIGHT,42,
2026-05-31,04:47,REM,42,
2026-05-31,04:48,REM,42,
2026-05-31,04:49,REM,42,
2026-05-31,04:50,REM,42,
2026-05-31,04:51,REM,43,
2026-05-31,04:52,REM,40,
2026-05-31,04:53,REM,42,
2026-05-31,04:54,REM,,
2026-05-31,04:55,REM,40,
2026-05-31,04:56,REM,41,
2026-05-31,04:57,REM,42,
2026-05-31,04:58,REM,42,
2026-05-31,04:59,REM,42,
2026-05-31,05:00,REM,42,
2026-05-31,05:01,REM,42,
2026-05-31,05:02,REM,42,
2026-05-31,05:03,REM,42,
2026-05-31,05:04,REM,42,
2026-05-31,05:05,REM,42,
2026-05-31,05:06,REM,42,
2026-05-31,05:07,REM,42,
2026-05-31,05:08,REM,49,
2026-05-31,05:09,REM,49,
2026-05-31,05:10,REM,45,
2026-05-31,05:11,LIGHT,42,
2026-05-31,05:12,LIGHT,42,
2026-05-31,05:13,LIGHT,42,
2026-05-31,05:14,LIGHT,41,
2026-05-31,05:15,LIGHT,41,
2026-05-31,05:16,LIGHT,41,
2026-05-31,05:17,LIGHT,41,
2026-05-31,05:18,LIGHT,41,
2026-05-31,05:19,LIGHT,42,
2026-05-31,05:20,LIGHT,42,
2026-05-31,05:21,LIGHT,42,
2026-05-31,05:22,LIGHT,42,
2026-05-31,05:23,LIGHT,43,
2026-05-31,05:24,LIGHT,42,
2026-05-31,05:25,LIGHT,42,
2026-05-31,05:26,LIGHT,44,
2026-05-31,20:04,LIGHT,103,
2026-05-31,20:05,LIGHT,100,
2026-05-31,20:06,LIGHT,103,
2026-05-31,20:07,LIGHT,100,
2026-05-31,20:08,LIGHT,96,
2026-05-31,20:09,LIGHT,89,
2026-05-31,20:10,LIGHT,92,
2026-05-31,20:11,LIGHT,95,
2026-05-31,20:12,LIGHT,97,
2026-05-31,20:13,LIGHT,94,
2026-05-31,20:14,LIGHT,94,
2026-05-31,20:15,LIGHT,100,
2026-05-31,20:16,LIGHT,95,
2026-05-31,20:17,LIGHT,89,
2026-05-31,20:18,LIGHT,86,
2026-05-31,20:19,LIGHT,84,
2026-05-31,20:20,LIGHT,88,
2026-05-31,20:21,LIGHT,85,
2026-05-31,20:22,LIGHT,85,
2026-05-31,20:23,LIGHT,92,
2026-05-31,20:24,LIGHT,93,
2026-05-31,20:25,LIGHT,91,
2026-05-31,20:26,LIGHT,91,
2026-05-31,20:27,LIGHT,101,
2026-05-31,20:28,LIGHT,104,
2026-05-31,20:29,LIGHT,104,
2026-05-31,20:30,LIGHT,104,
2026-05-31,20:31,LIGHT,104,
2026-05-31,20:32,LIGHT,106,
2026-05-31,20:33,LIGHT,108,
2026-05-31,20:34,LIGHT,110,
2026-05-31,20:35,LIGHT,111,
2026-05-31,20:36,LIGHT,112,
2026-05-31,20:37,DEEP,112,
2026-05-31,20:38,DEEP,101,
2026-05-31,20:39,DEEP,96,
2026-05-31,20:40,DEEP,100,
2026-05-31,20:41,DEEP,103,
2026-05-31,20:42,DEEP,97,
2026-05-31,20:43,DEEP,86,
2026-05-31,20:44,LIGHT,83,
2026-05-31,20:45,LIGHT,80,
2026-05-31,20:46,LIGHT,80,
2026-05-31,20:47,LIGHT,79,
2026-05-31,20:48,LIGHT,79,
2026-05-31,20:49,LIGHT,86,
2026-05-31,20:50,LIGHT,91,
2026-05-31,20:51,LIGHT,92,
2026-05-31,20:52,DEEP,94,
2026-05-31,20:53,DEEP,98,
2026-05-31,20:54,DEEP,97,
2026-05-31,20:55,DEEP,97,
2026-05-31,20:56,DEEP,97,
2026-05-31,20:57,DEEP,99,
2026-05-31,20:58,DEEP,99,
2026-05-31,20:59,DEEP,96,
2026-05-31,21:00,DEEP,88,
2026-05-31,21:01,LIGHT,85,
2026-05-31,21:02,LIGHT,81,
2026-05-31,21:03,LIGHT,78,
2026-05-31,21:04,LIGHT,78,
2026-05-31,21:05,LIGHT,76,
2026-05-31,21:06,LIGHT,77,
2026-05-31,21:07,LIGHT,77,
2026-05-31,21:08,LIGHT,85,
2026-05-31,21:09,LIGHT,94,
2026-05-31,21:10,LIGHT,99,
2026-05-31,21:11,LIGHT,99,
2026-05-31,21:12,REM,88,
2026-05-31,21:13,REM,85,
2026-05-31,21:14,REM,96,
2026-05-31,21:15,REM,,
2026-05-31,21:16,REM,,
2026-05-31,21:17,REM,,
2026-05-31,21:18,REM,,
2026-05-31,21:19,REM,,
2026-05-31,21:20,REM,,
2026-05-31,21:21,REM,,
2026-05-31,21:22,REM,,
2026-05-31,21:23,REM,,
2026-05-31,21:24,REM,,
2026-05-31,21:25,REM,,
2026-05-31,21:26,REM,,
2026-05-31,21:27,REM,,
2026-05-31,21:28,REM,,
2026-05-31,21:29,REM,,
2026-05-31,21:30,REM,,
2026-05-31,21:31,REM,,
2026-05-31,21:32,LIGHT,,
2026-05-31,21:33,LIGHT,,
2026-05-31,21:34,LIGHT,,
2026-05-31,21:35,LIGHT,,
2026-05-31,21:36,LIGHT,,
2026-05-31,21:37,LIGHT,,
2026-06-01,01:04,LIGHT,57,
2026-06-01,01:05,LIGHT,57,
2026-06-01,01:06,LIGHT,57,
2026-06-01,01:07,LIGHT,57,
2026-06-01,01:08,LIGHT,59,
2026-06-01,01:09,LIGHT,59,
2026-06-01,01:10,LIGHT,59,
2026-06-01,01:11,DEEP,57,
2026-06-01,01:12,DEEP,57,
2026-06-01,01:13,DEEP,59,
2026-06-01,01:14,DEEP,59,
2026-06-01,01:15,DEEP,58,
2026-06-01,01:16,DEEP,57,
2026-06-01,01:17,DEEP,57,
2026-06-01,01:18,DEEP,57,
2026-06-01,01:19,DEEP,57,
2026-06-01,01:20,DEEP,57,
2026-06-01,01:21,DEEP,57,
2026-06-01,01:22,DEEP,57,
2026-06-01,01:23,DEEP,57,
2026-06-01,01:24,DEEP,56,
2026-06-01,01:25,DEEP,57,
2026-06-01,01:26,DEEP,55,
2026-06-01,01:27,DEEP,55,
2026-06-01,01:28,DEEP,55,
2026-06-01,01:29,DEEP,56,
2026-06-01,01:30,DEEP,56,
2026-06-01,01:31,DEEP,54,
2026-06-01,01:32,LIGHT,55,
2026-06-01,01:33,LIGHT,55,
2026-06-01,01:34,LIGHT,54,
2026-06-01,01:35,LIGHT,54,
2026-06-01,01:36,LIGHT,54,
2026-06-01,01:37,LIGHT,54,
2026-06-01,01:38,LIGHT,55,
2026-06-01,01:39,LIGHT,55,
2026-06-01,01:40,LIGHT,55,
2026-06-01,01:41,LIGHT,55,
2026-06-01,01:42,LIGHT,55,
2026-06-01,01:43,LIGHT,55,
2026-06-01,01:44,LIGHT,55,
2026-06-01,01:45,LIGHT,55,
2026-06-01,01:46,LIGHT,55,
2026-06-01,01:47,LIGHT,53,
2026-06-01,01:48,LIGHT,54,
2026-06-01,01:49,LIGHT,55,
2026-06-01,01:50,DEEP,55,
2026-06-01,01:51,DEEP,54,
2026-06-01,01:52,DEEP,54,
2026-06-01,01:53,DEEP,54,
2026-06-01,01:54,DEEP,54,
2026-06-01,01:55,DEEP,55,
2026-06-01,01:56,LIGHT,53,
2026-06-01,01:57,LIGHT,53,
2026-06-01,01:58,LIGHT,53,
2026-06-01,01:59,LIGHT,54,
2026-06-01,02:00,LIGHT,53,
2026-06-01,02:01,LIGHT,53,
2026-06-01,02:02,LIGHT,55,
2026-06-01,02:03,LIGHT,53,
2026-06-01,02:04,LIGHT,51,
2026-06-01,02:05,LIGHT,53,
2026-06-01,02:06,LIGHT,52,
2026-06-01,02:07,LIGHT,52,
2026-06-01,02:08,LIGHT,52,
2026-06-01,02:09,LIGHT,54,
2026-06-01,02:10,LIGHT,59,
2026-06-01,02:11,LIGHT,69,
2026-06-01,02:12,LIGHT,76,
2026-06-01,02:13,LIGHT,76,
2026-06-01,02:14,REM,66,
2026-06-01,02:15,REM,61,
2026-06-01,02:16,REM,61,
2026-06-01,02:17,REM,60,
2026-06-01,02:18,REM,60,
2026-06-01,02:19,REM,60,
2026-06-01,02:20,REM,55,
2026-06-01,02:21,REM,53,
2026-06-01,02:22,REM,52,
2026-06-01,02:23,REM,51,
2026-06-01,02:24,REM,51,
2026-06-01,02:25,REM,51,
2026-06-01,02:26,REM,51,
2026-06-01,02:27,REM,50,
2026-06-01,02:28,REM,50,
2026-06-01,02:29,REM,53,
2026-06-01,02:30,REM,63,
2026-06-01,02:31,REM,63,
2026-06-01,02:32,REM,61,
2026-06-01,02:33,REM,58,
2026-06-01,02:34,REM,54,
2026-06-01,02:35,REM,51,
2026-06-01,02:36,REM,50,
2026-06-01,02:37,REM,50,
2026-06-01,02:38,REM,51,
2026-06-01,02:39,REM,51,
2026-06-01,02:40,REM,51,
2026-06-01,02:41,REM,53,
2026-06-01,02:42,REM,52,
2026-06-01,02:43,REM,51,
2026-06-01,02:44,REM,51,
2026-06-01,02:45,REM,53,
2026-06-01,02:46,REM,53,
2026-06-01,02:47,REM,53,
2026-06-01,02:48,REM,51,
2026-06-01,02:49,REM,52,
2026-06-01,02:50,LIGHT,53,
2026-06-01,02:51,LIGHT,51,
2026-06-01,02:52,LIGHT,51,
2026-06-01,02:53,LIGHT,50,
2026-06-01,02:54,LIGHT,50,
2026-06-01,02:55,LIGHT,53,
2026-06-01,02:56,LIGHT,51,
2026-06-01,02:57,LIGHT,61,
2026-06-01,02:58,LIGHT,61,
2026-06-01,02:59,LIGHT,65,
2026-06-01,03:00,LIGHT,75,
2026-06-01,03:01,LIGHT,77,
2026-06-01,03:02,LIGHT,69,
2026-06-01,03:03,LIGHT,60,
2026-06-01,03:04,LIGHT,65,
2026-06-01,03:05,LIGHT,57,
2026-06-01,03:06,LIGHT,54,
2026-06-01,03:07,LIGHT,56,
2026-06-01,03:08,LIGHT,54,
2026-06-01,03:09,LIGHT,52,
2026-06-01,03:10,WAKE,54,
2026-06-01,03:11,WAKE,53,
2026-06-01,03:12,LIGHT,53,
2026-06-01,03:13,LIGHT,53,
2026-06-01,03:14,LIGHT,53,
2026-06-01,03:15,LIGHT,56,
2026-06-01,03:16,LIGHT,63,
2026-06-01,03:17,LIGHT,71,
2026-06-01,03:18,LIGHT,55,
2026-06-01,03:19,LIGHT,49,
2026-06-01,03:20,LIGHT,49,
2026-06-01,03:21,LIGHT,51,
2026-06-01,03:22,LIGHT,51,
2026-06-01,03:23,LIGHT,50,
2026-06-01,03:24,LIGHT,50,
2026-06-01,03:25,LIGHT,50,
2026-06-01,03:26,LIGHT,50,
2026-06-01,03:27,LIGHT,60,
2026-06-01,03:28,LIGHT,72,
2026-06-01,03:29,LIGHT,57,
2026-06-01,03:30,LIGHT,51,
2026-06-01,03:31,LIGHT,48,
2026-06-01,03:32,LIGHT,48,
2026-06-01,03:33,DEEP,48,
2026-06-01,03:34,DEEP,48,
2026-06-01,03:35,DEEP,48,
2026-06-01,03:36,DEEP,48,
2026-06-01,03:37,LIGHT,49,
2026-06-01,03:38,LIGHT,50,
2026-06-01,03:39,LIGHT,49,
2026-06-01,03:40,LIGHT,50,
2026-06-01,03:41,DEEP,49,
2026-06-01,03:42,DEEP,48,
2026-06-01,03:43,DEEP,48,
2026-06-01,03:44,DEEP,48,
2026-06-01,03:45,DEEP,50,
2026-06-01,03:46,DEEP,47,
2026-06-01,03:47,DEEP,47,
2026-06-01,03:48,DEEP,47,
2026-06-01,03:49,DEEP,48,
2026-06-01,03:50,DEEP,48,
2026-06-01,03:51,DEEP,48,
2026-06-01,03:52,DEEP,48,
2026-06-01,03:53,DEEP,48,
2026-06-01,03:54,DEEP,48,
2026-06-01,03:55,DEEP,48,
2026-06-01,03:56,DEEP,48,
2026-06-01,03:57,DEEP,54,
2026-06-01,03:58,DEEP,47,
2026-06-01,03:59,DEEP,46,
2026-06-01,04:00,DEEP,46,
2026-06-01,04:01,DEEP,46,
2026-06-01,04:02,DEEP,46,
2026-06-01,04:03,DEEP,47,
2026-06-01,04:04,DEEP,47,
2026-06-01,04:05,DEEP,47,
2026-06-01,04:06,DEEP,47,
2026-06-01,04:07,DEEP,48,
2026-06-01,04:08,DEEP,47,
2026-06-01,04:09,DEEP,47,
2026-06-01,04:10,DEEP,47,
2026-06-01,04:11,DEEP,49,
2026-06-01,04:12,DEEP,49,
2026-06-01,04:13,DEEP,47,
2026-06-01,04:14,DEEP,47,
2026-06-01,04:15,LIGHT,47,
2026-06-01,04:16,LIGHT,47,
2026-06-01,04:17,LIGHT,48,
2026-06-01,04:18,LIGHT,48,
2026-06-01,04:19,LIGHT,47,
2026-06-01,04:20,LIGHT,47,
2026-06-01,04:21,LIGHT,47,
2026-06-01,04:22,LIGHT,47,
2026-06-01,04:23,LIGHT,47,
2026-06-01,04:24,REM,47,
2026-06-01,04:25,REM,47,
2026-06-01,04:26,REM,47,
2026-06-01,04:27,REM,47,
2026-06-01,04:28,REM,47,
2026-06-01,04:29,REM,52,
2026-06-01,04:30,REM,46,
2026-06-01,04:31,REM,46,
2026-06-01,04:32,REM,46,
2026-06-01,04:33,REM,46,
2026-06-01,04:34,REM,48,
2026-06-01,04:35,REM,48,
2026-06-01,04:36,REM,48,
2026-06-01,04:37,LIGHT,48,
2026-06-01,04:38,LIGHT,47,
2026-06-01,04:39,LIGHT,47,
2026-06-01,04:40,WAKE,47,
2026-06-01,04:41,WAKE,47,
2026-06-01,04:42,LIGHT,47,
2026-06-01,04:43,LIGHT,46,
2026-06-01,04:44,LIGHT,47,
2026-06-01,04:45,LIGHT,47,
2026-06-01,04:46,LIGHT,46,
2026-06-01,04:47,LIGHT,46,
2026-06-01,04:48,LIGHT,46,
2026-06-01,04:49,LIGHT,47,
2026-06-01,04:50,LIGHT,47,
2026-06-01,04:51,LIGHT,50,
2026-06-01,04:52,LIGHT,54,
2026-06-01,04:53,LIGHT,61,
2026-06-01,04:54,LIGHT,67,
2026-06-01,04:55,LIGHT,59,
2026-06-01,04:56,LIGHT,52,
2026-06-01,04:57,LIGHT,51,
2026-06-01,04:58,LIGHT,52,
2026-06-01,04:59,LIGHT,52,
2026-06-01,05:00,LIGHT,52,
2026-06-01,05:01,LIGHT,52,
2026-06-01,05:02,LIGHT,51,
2026-06-01,05:03,LIGHT,51,
2026-06-01,05:04,LIGHT,52,
2026-06-01,05:05,LIGHT,51,
2026-06-01,05:06,LIGHT,50,
2026-06-01,05:07,LIGHT,50,
2026-06-01,05:08,LIGHT,51,
2026-06-01,05:09,LIGHT,52,
2026-06-01,05:10,LIGHT,51,
2026-06-01,05:11,LIGHT,51,
2026-06-01,05:12,LIGHT,50,
2026-06-01,05:13,LIGHT,52,
2026-06-01,05:14,LIGHT,52,
2026-06-01,05:15,LIGHT,48,
2026-06-01,05:16,LIGHT,48,
2026-06-01,05:17,LIGHT,48,
2026-06-01,05:18,LIGHT,48,
2026-06-01,05:19,LIGHT,47,
2026-06-01,05:20,LIGHT,47,
2026-06-01,05:21,LIGHT,51,
2026-06-01,05:22,LIGHT,51,
2026-06-01,05:23,LIGHT,48,
2026-06-01,05:24,LIGHT,47,
2026-06-01,05:25,LIGHT,47,
2026-06-01,05:26,LIGHT,47,
2026-06-01,05:27,LIGHT,46,
2026-06-01,05:28,LIGHT,46,
2026-06-01,05:29,LIGHT,46,
2026-06-01,05:30,LIGHT,46,
2026-06-01,05:31,LIGHT,46,
2026-06-01,05:32,LIGHT,46,
2026-06-01,05:33,LIGHT,47,
2026-06-01,05:34,LIGHT,47,
2026-06-01,05:35,LIGHT,47,
2026-06-01,05:36,LIGHT,47,
2026-06-01,05:37,LIGHT,51,
2026-06-01,05:38,LIGHT,53,
2026-06-01,05:39,LIGHT,50,
2026-06-01,05:40,LIGHT,44,
2026-06-01,05:41,LIGHT,43,
2026-06-01,05:42,LIGHT,42,
2026-06-01,05:43,LIGHT,42,
2026-06-01,05:44,LIGHT,43,
2026-06-01,05:45,REM,44,
2026-06-01,05:46,REM,44,
2026-06-01,05:47,REM,44,
2026-06-01,05:48,REM,44,
2026-06-01,05:49,REM,44,
2026-06-01,05:50,REM,44,
2026-06-01,05:51,REM,44,
2026-06-01,05:52,REM,44,
2026-06-01,05:53,REM,44,
2026-06-01,05:54,REM,49,
2026-06-01,05:55,REM,44,
2026-06-01,05:56,REM,43,
2026-06-01,05:57,REM,43,
2026-06-01,05:58,REM,44,
2026-06-01,05:59,REM,44,
2026-06-01,06:00,REM,45,
2026-06-01,06:01,REM,52,
2026-06-01,06:02,REM,54,
2026-06-01,06:03,REM,47,
2026-06-01,06:04,REM,43,
2026-06-01,06:05,REM,41,
2026-06-01,06:06,REM,42,
2026-06-01,06:07,REM,42,
2026-06-01,06:08,REM,46,
2026-06-01,06:09,REM,43,
2026-06-01,06:10,REM,43,
2026-06-01,06:11,REM,43,
2026-06-01,06:12,REM,43,
2026-06-01,06:13,REM,43,
2026-06-01,06:14,REM,43,
2026-06-01,06:15,REM,43,
2026-06-01,06:16,REM,43,
2026-06-01,06:17,REM,43,
2026-06-01,06:18,REM,43,
2026-06-01,06:19,REM,43,
2026-06-01,06:20,REM,44,
2026-06-01,06:21,REM,44,
2026-06-01,06:22,REM,44,
2026-06-01,06:23,REM,44,
2026-06-01,06:24,REM,44,
2026-06-01,06:25,REM,44,
2026-06-01,06:26,REM,44,
2026-06-01,06:27,REM,44,
2026-06-01,06:28,REM,44,
2026-06-01,06:29,REM,44,
2026-06-01,06:30,REM,44,
2026-06-01,06:31,LIGHT,46,
2026-06-01,06:32,LIGHT,44,
2026-06-01,06:33,LIGHT,44,
2026-06-01,06:34,LIGHT,47,
2026-06-01,06:35,LIGHT,43,
2026-06-01,06:36,LIGHT,44,
2026-06-01,06:37,LIGHT,44,
2026-06-01,06:38,LIGHT,51,
2026-06-01,06:39,LIGHT,45,
2026-06-01,06:40,LIGHT,45,
2026-06-01,06:41,LIGHT,45,
2026-06-01,06:42,LIGHT,47,
2026-06-01,06:43,LIGHT,48,
2026-06-01,06:44,LIGHT,47,
2026-06-01,06:45,LIGHT,46,
2026-06-01,06:46,LIGHT,46,
2026-06-01,06:47,LIGHT,46,
2026-06-01,06:48,LIGHT,47,
2026-06-01,06:49,LIGHT,46,
2026-06-01,06:50,LIGHT,46,
2026-06-01,06:51,LIGHT,48,
2026-06-01,06:52,LIGHT,49,
2026-06-01,06:53,LIGHT,46,
2026-06-01,06:54,LIGHT,46,
2026-06-01,06:55,LIGHT,45,
2026-06-01,06:56,LIGHT,45,
2026-06-01,06:57,LIGHT,45,
2026-06-01,06:58,LIGHT,44,
2026-06-01,06:59,LIGHT,46,
2026-06-01,07:00,LIGHT,46,
2026-06-01,11:33,LIGHT,44,
2026-06-01,11:34,LIGHT,44,
2026-06-01,11:35,LIGHT,44,
2026-06-01,11:36,LIGHT,44,
2026-06-01,11:37,LIGHT,44,
2026-06-01,11:38,LIGHT,44,
2026-06-01,11:39,LIGHT,44,
2026-06-01,11:40,LIGHT,49,
2026-06-01,11:41,LIGHT,54,
2026-06-01,11:42,LIGHT,51,
2026-06-01,11:43,LIGHT,45,
2026-06-01,11:44,LIGHT,42,
2026-06-01,11:45,LIGHT,42,
2026-06-01,11:46,LIGHT,43,
2026-06-01,11:47,LIGHT,43,
2026-06-01,11:48,LIGHT,45,
2026-06-01,11:49,LIGHT,47,
2026-06-01,11:50,LIGHT,46,
2026-06-01,11:51,LIGHT,46,
2026-06-02,03:40,LIGHT,41,
2026-06-02,03:41,LIGHT,40,
2026-06-02,03:42,LIGHT,40,
2026-06-02,03:43,LIGHT,40,
2026-06-02,03:44,LIGHT,41,
2026-06-02,03:45,LIGHT,41,
2026-06-02,03:46,LIGHT,42,
2026-06-02,03:47,LIGHT,42,
2026-06-02,03:48,LIGHT,42,
2026-06-02,03:49,LIGHT,42,
2026-06-02,03:50,LIGHT,42,
2026-06-02,03:51,LIGHT,42,
2026-06-02,03:52,DEEP,42,
2026-06-02,03:53,DEEP,42,
2026-06-02,03:54,DEEP,42,
2026-06-02,03:55,DEEP,42,
2026-06-02,03:56,DEEP,42,
2026-06-02,03:57,DEEP,43,
2026-06-02,03:58,LIGHT,43,
2026-06-02,03:59,LIGHT,42,
2026-06-02,04:00,LIGHT,42,
2026-06-02,04:01,LIGHT,42,
2026-06-02,04:02,LIGHT,42,
2026-06-02,04:03,DEEP,42,
2026-06-02,04:04,DEEP,42,
2026-06-02,04:05,DEEP,42,
2026-06-02,04:06,DEEP,42,
2026-06-02,04:07,DEEP,42,
2026-06-02,04:08,DEEP,42,
2026-06-02,04:09,DEEP,42,
2026-06-02,04:10,DEEP,42,
2026-06-02,04:11,DEEP,42,
2026-06-02,04:12,DEEP,42,
2026-06-02,04:13,DEEP,42,
2026-06-02,04:14,DEEP,42,
2026-06-02,04:15,DEEP,42,
2026-06-02,04:16,DEEP,42,
2026-06-02,04:17,DEEP,42,
2026-06-02,04:18,DEEP,42,
2026-06-02,04:19,DEEP,42,
2026-06-02,04:20,DEEP,42,
2026-06-02,04:21,DEEP,41,
2026-06-02,04:22,DEEP,41,
2026-06-02,04:23,DEEP,41,
2026-06-02,04:24,DEEP,42,
2026-06-02,04:25,DEEP,42,
2026-06-02,04:26,DEEP,42,
2026-06-02,04:27,DEEP,42,
2026-06-02,04:28,DEEP,42,
2026-06-02,04:29,DEEP,43,
2026-06-02,04:30,DEEP,47,
2026-06-02,04:31,LIGHT,47,
2026-06-02,04:32,LIGHT,44,
2026-06-02,04:33,LIGHT,46,
2026-06-02,04:34,LIGHT,46,
2026-06-02,04:35,LIGHT,44,
2026-06-02,04:36,LIGHT,45,
2026-06-02,04:37,LIGHT,49,
2026-06-02,04:38,LIGHT,46,
2026-06-02,04:39,DEEP,44,
2026-06-02,04:40,DEEP,46,
2026-06-02,04:41,DEEP,47,
2026-06-02,04:42,DEEP,47,
2026-06-02,04:43,DEEP,45,
2026-06-02,04:44,DEEP,44,
2026-06-02,04:45,DEEP,44,
2026-06-02,04:46,DEEP,44,
2026-06-02,04:47,LIGHT,44,
2026-06-02,04:48,LIGHT,43,
2026-06-02,04:49,LIGHT,44,
2026-06-02,04:50,LIGHT,44,
2026-06-02,04:51,LIGHT,44,
2026-06-02,04:52,LIGHT,43,
2026-06-02,04:53,LIGHT,43,
2026-06-02,04:54,WAKE,43,
2026-06-02,04:55,WAKE,45,
2026-06-02,04:56,WAKE,45,
2026-06-02,04:57,LIGHT,44,
2026-06-02,04:58,LIGHT,49,
2026-06-02,04:59,LIGHT,43,
2026-06-02,05:00,REM,41,
2026-06-02,05:01,REM,41,
2026-06-02,05:02,REM,41,
2026-06-02,05:03,REM,40,
2026-06-02,05:04,REM,,
2026-06-02,05:05,REM,,
2026-06-02,05:06,REM,,
2026-06-02,05:07,REM,,
2026-06-02,05:08,REM,,
2026-06-02,05:09,REM,40,
2026-06-02,05:10,REM,40,
2026-06-02,05:11,REM,40,
2026-06-02,05:12,REM,40,
2026-06-02,05:13,REM,40,
2026-06-02,05:14,REM,50,
2026-06-02,05:15,LIGHT,52,
2026-06-02,05:16,LIGHT,53,
2026-06-02,05:17,LIGHT,54,
2026-06-02,05:18,LIGHT,59,
2026-06-02,05:19,LIGHT,53,
2026-06-02,05:20,LIGHT,59,
2026-06-02,05:21,LIGHT,60,
2026-06-02,05:22,LIGHT,56,
2026-06-02,05:23,LIGHT,56,
2026-06-02,05:24,LIGHT,67,
2026-06-02,05:25,LIGHT,66,
2026-06-02,05:26,LIGHT,64,
2026-06-02,05:27,LIGHT,66,
2026-06-02,05:28,LIGHT,66,
2026-06-02,05:29,LIGHT,67,
2026-06-02,05:30,LIGHT,69,
2026-06-02,05:31,LIGHT,70,
2026-06-02,05:32,LIGHT,,
2026-06-02,05:33,LIGHT,,
2026-06-02,05:34,LIGHT,,
2026-06-02,05:35,LIGHT,,
2026-06-02,05:36,LIGHT,,
2026-06-02,05:37,LIGHT,,
2026-06-02,05:38,LIGHT,,
2026-06-02,05:39,WAKE,,
2026-06-02,05:40,WAKE,,
2026-06-02,05:41,LIGHT,,
2026-06-02,05:42,LIGHT,,
2026-06-02,05:43,LIGHT,,
2026-06-02,05:44,LIGHT,,
2026-06-02,05:45,LIGHT,,
2026-06-02,05:46,LIGHT,,
2026-06-02,05:47,LIGHT,,
2026-06-02,05:48,LIGHT,,
2026-06-02,05:49,LIGHT,,
2026-06-02,05:50,LIGHT,,
2026-06-02,05:51,LIGHT,,
2026-06-02,05:52,LIGHT,,
2026-06-02,05:53,LIGHT,,
2026-06-02,05:54,LIGHT,,
2026-06-02,05:55,LIGHT,,
2026-06-02,05:56,LIGHT,,
2026-06-02,05:57,LIGHT,,
2026-06-02,05:58,LIGHT,,
2026-06-02,05:59,LIGHT,,
2026-06-02,06:00,LIGHT,,
2026-06-02,06:01,LIGHT,,
2026-06-02,06:02,LIGHT,,
2026-06-02,06:03,WAKE,,
2026-06-02,06:04,LIGHT,,
2026-06-02,06:05,LIGHT,,
2026-06-02,06:06,LIGHT,,
2026-06-02,06:07,LIGHT,,
2026-06-02,06:08,LIGHT,,
2026-06-02,06:09,LIGHT,,
2026-06-02,06:10,LIGHT,,
2026-06-02,06:11,LIGHT,,
2026-06-02,06:12,LIGHT,71,
2026-06-02,06:13,LIGHT,59,
2026-06-02,06:14,LIGHT,51,
2026-06-02,06:15,LIGHT,48,
2026-06-02,06:16,LIGHT,48,
2026-06-02,06:17,LIGHT,49,
2026-06-02,06:18,LIGHT,49,
2026-06-02,06:19,LIGHT,48,
2026-06-02,06:20,DEEP,48,
2026-06-02,06:21,DEEP,47,
2026-06-02,06:22,DEEP,46,
2026-06-02,06:23,DEEP,47,
2026-06-02,06:24,DEEP,57,
2026-06-02,06:25,DEEP,57,
2026-06-02,06:26,DEEP,51,
2026-06-02,06:27,DEEP,48,
2026-06-02,06:28,DEEP,49,
2026-06-02,06:29,DEEP,48,
2026-06-02,06:30,DEEP,48,
2026-06-02,06:31,DEEP,49,
2026-06-02,06:32,DEEP,47,
2026-06-02,06:33,LIGHT,50,
2026-06-02,06:34,LIGHT,49,
2026-06-02,06:35,LIGHT,47,
2026-06-02,06:36,REM,49,
2026-06-02,06:37,REM,48,
2026-06-02,06:38,REM,47,
2026-06-02,06:39,REM,47,
2026-06-02,06:40,REM,46,
2026-06-02,06:41,REM,46,
2026-06-02,06:42,REM,46,
2026-06-02,06:43,REM,46,
2026-06-02,06:44,REM,46,
2026-06-02,06:45,REM,46,
2026-06-02,06:46,REM,47,
2026-06-02,06:47,REM,47,
2026-06-02,06:48,REM,49,
2026-06-02,06:49,REM,50,
2026-06-02,06:50,REM,49,
2026-06-02,06:51,REM,46,
2026-06-02,06:52,REM,47,
2026-06-02,06:53,REM,57,
2026-06-02,06:54,REM,69,
2026-06-02,06:55,REM,73,
2026-06-02,06:56,REM,64,
2026-06-02,06:57,REM,61,
2026-06-02,06:58,REM,67,
2026-06-02,06:59,REM,70,
2026-06-02,07:00,REM,68,
2026-06-02,07:01,REM,78,
2026-06-02,07:02,REM,84,
2026-06-02,07:03,REM,89,
2026-06-02,07:04,LIGHT,86,
2026-06-02,07:05,LIGHT,80,
2026-06-02,07:06,LIGHT,70,
2026-06-02,07:07,LIGHT,64,
2026-06-02,07:08,LIGHT,69,
2026-06-02,07:09,LIGHT,61,
2026-06-02,07:10,LIGHT,50,
2026-06-02,07:11,LIGHT,45,
2026-06-02,07:12,LIGHT,47,
2026-06-02,07:13,LIGHT,49,
2026-06-02,07:14,LIGHT,49,
2026-06-02,07:15,LIGHT,48,
2026-06-02,07:16,LIGHT,48,
2026-06-02,07:17,LIGHT,48,
2026-06-02,07:18,LIGHT,50,
2026-06-02,07:19,LIGHT,48,
2026-06-02,07:20,LIGHT,49,
2026-06-02,07:21,LIGHT,51,
2026-06-02,07:22,LIGHT,50,
2026-06-02,07:23,LIGHT,50,
2026-06-02,07:24,LIGHT,50,
2026-06-02,07:25,LIGHT,51,
2026-06-02,07:26,LIGHT,49,
2026-06-02,07:27,LIGHT,49,
2026-06-02,07:28,LIGHT,47,
2026-06-02,07:29,LIGHT,52,
2026-06-02,07:30,LIGHT,57,
2026-06-02,07:31,DEEP,51,
2026-06-02,07:32,DEEP,51,
2026-06-02,07:33,DEEP,52,
2026-06-02,07:34,DEEP,49,
2026-06-02,07:35,DEEP,51,
2026-06-02,07:36,DEEP,49,
2026-06-02,07:37,DEEP,50,
2026-06-02,07:38,DEEP,50,
2026-06-02,07:39,DEEP,52,
2026-06-02,07:40,DEEP,49,
2026-06-02,07:41,DEEP,47,
2026-06-02,07:42,DEEP,50,
2026-06-02,07:43,DEEP,65,
2026-06-02,07:44,DEEP,59,
2026-06-02,07:45,DEEP,59,
2026-06-02,07:46,DEEP,62,
2026-06-02,07:47,LIGHT,57,
2026-06-02,07:48,LIGHT,55,
2026-06-02,07:49,LIGHT,60,
2026-06-02,07:50,WAKE,57,
2026-06-02,07:51,WAKE,53,
2026-06-02,07:52,WAKE,55,
2026-06-02,07:53,WAKE,53,
2026-06-02,07:54,LIGHT,53,
2026-06-02,07:55,LIGHT,61,
2026-06-02,07:56,LIGHT,62,
2026-06-02,07:57,LIGHT,56,
2026-06-02,07:58,LIGHT,55,
2026-06-02,07:59,LIGHT,55,
2026-06-02,08:00,LIGHT,57,
2026-06-02,08:01,LIGHT,56,
2026-06-02,08:02,LIGHT,56,
2026-06-02,08:03,LIGHT,58,
2026-06-02,08:04,LIGHT,55,
2026-06-02,08:05,LIGHT,59,
2026-06-02,08:06,LIGHT,61,
2026-06-02,08:07,LIGHT,58,
2026-06-02,08:08,LIGHT,59,
2026-06-02,08:09,LIGHT,62,
2026-06-02,08:10,LIGHT,61,
2026-06-02,08:11,LIGHT,62,
2026-06-02,08:12,LIGHT,58,
2026-06-02,08:13,LIGHT,62,
2026-06-02,08:14,LIGHT,60,
2026-06-02,08:15,LIGHT,60,
2026-06-02,08:16,LIGHT,63,
2026-06-02,08:17,LIGHT,65,
2026-06-02,08:18,LIGHT,64,
2026-06-02,08:19,LIGHT,61,
2026-06-02,08:20,LIGHT,58,
2026-06-02,08:21,LIGHT,58,
2026-06-02,08:22,LIGHT,58,
2026-06-02,08:23,LIGHT,59,
2026-06-02,08:24,LIGHT,59,
2026-06-02,08:25,LIGHT,63,
2026-06-02,08:26,LIGHT,63,
2026-06-02,08:27,LIGHT,63,
2026-06-02,08:28,LIGHT,65,
2026-06-02,08:29,LIGHT,61,
2026-06-02,08:30,LIGHT,63,
2026-06-02,08:31,LIGHT,85,
2026-06-02,08:32,LIGHT,82,
2026-06-02,08:33,LIGHT,76,
2026-06-02,08:34,REM,74,
2026-06-02,08:35,REM,71,
2026-06-02,08:36,REM,73,
2026-06-02,08:37,REM,72,
2026-06-02,08:38,REM,74,
2026-06-02,08:39,REM,73,
2026-06-02,08:40,REM,75,
2026-06-02,08:41,REM,76,
2026-06-02,08:42,REM,76,
2026-06-02,08:43,REM,73,
2026-06-02,08:44,REM,73,
2026-06-02,08:45,REM,73,
2026-06-02,08:46,REM,74,
2026-06-02,08:47,REM,75,
2026-06-02,08:48,REM,76,
2026-06-02,08:49,REM,76,
2026-06-02,08:50,REM,76,
2026-06-02,08:51,REM,83,
2026-06-02,08:52,REM,83,
2026-06-02,08:53,REM,81,
2026-06-02,08:54,REM,83,
2026-06-02,08:55,REM,83,
2026-06-02,08:56,REM,83,
2026-06-02,08:57,REM,81,
2026-06-02,08:58,REM,82,
2026-06-02,08:59,REM,80,
2026-06-02,09:00,REM,79,
2026-06-02,09:01,REM,79,
2026-06-02,09:02,LIGHT,77,
2026-06-02,09:03,LIGHT,77,
2026-06-02,09:04,LIGHT,79,
2026-06-02,09:05,LIGHT,86,
2026-06-02,09:06,LIGHT,76,
2026-06-02,09:07,LIGHT,70,
2026-06-02,09:08,LIGHT,70,
2026-06-02,09:09,LIGHT,66,
2026-06-02,09:10,LIGHT,66,
2026-06-02,09:11,LIGHT,71,
2026-06-02,09:12,LIGHT,69,
2026-06-02,09:13,LIGHT,71,
2026-06-02,09:14,LIGHT,67,
2026-06-02,09:15,LIGHT,69,
2026-06-02,09:16,LIGHT,67,
2026-06-02,09:17,LIGHT,68,
2026-06-02,09:18,LIGHT,68,
2026-06-02,09:19,LIGHT,68,
2026-06-02,09:20,LIGHT,70,
2026-06-02,09:21,LIGHT,70,
2026-06-02,09:22,LIGHT,64,
2026-06-02,09:23,LIGHT,64,
2026-06-02,09:24,LIGHT,64,
2026-06-02,09:25,LIGHT,63,
2026-06-02,09:26,LIGHT,63,
2026-06-02,09:27,LIGHT,63,
2026-06-02,09:28,LIGHT,64,
2026-06-02,09:29,LIGHT,64,
2026-06-02,09:30,LIGHT,62,
2026-06-02,09:31,LIGHT,63,
2026-06-02,09:32,LIGHT,63,
2026-06-02,09:33,LIGHT,63,
2026-06-02,09:34,LIGHT,63,
2026-06-02,09:35,LIGHT,62,
2026-06-02,09:36,LIGHT,62,
2026-06-02,09:37,LIGHT,59,
2026-06-02,09:38,LIGHT,61,
2026-06-02,09:39,LIGHT,61,
2026-06-02,09:40,LIGHT,61,
2026-06-02,09:41,LIGHT,60,
2026-06-02,09:42,LIGHT,61,
2026-06-02,09:43,LIGHT,62,
2026-06-02,09:44,LIGHT,63,
2026-06-02,09:45,DEEP,60,
2026-06-02,09:46,DEEP,61,
2026-06-02,09:47,DEEP,63,
2026-06-02,09:48,DEEP,62,
2026-06-02,09:49,DEEP,63,
2026-06-02,09:50,DEEP,60,
2026-06-02,09:51,DEEP,61,
2026-06-02,09:52,DEEP,63,
2026-06-02,09:53,DEEP,61,
2026-06-02,09:54,DEEP,61,
2026-06-02,09:55,DEEP,59,
2026-06-02,09:56,LIGHT,64,
2026-06-02,09:57,LIGHT,62,
2026-06-02,09:58,LIGHT,61,
2026-06-02,09:59,WAKE,59,
2026-06-02,10:00,LIGHT,61,
2026-06-02,10:01,LIGHT,65,
2026-06-02,10:02,LIGHT,69,
2026-06-02,10:03,LIGHT,71,
2026-06-02,10:04,LIGHT,66,
2026-06-02,10:05,LIGHT,63,
2026-06-02,10:06,REM,63,
2026-06-02,10:07,REM,62,
2026-06-02,10:08,REM,62,
2026-06-02,10:09,REM,63,
2026-06-02,10:10,REM,64,
2026-06-02,10:11,REM,67,
2026-06-02,10:12,REM,64,
2026-06-02,10:13,REM,62,
2026-06-02,10:14,REM,66,
2026-06-02,10:15,REM,68,
2026-06-02,10:16,REM,65,
2026-06-02,10:17,REM,67,
2026-06-02,10:18,REM,67,
2026-06-02,10:19,REM,66,
2026-06-02,10:20,REM,68,
2026-06-02,10:21,REM,66,
2026-06-02,10:22,REM,67,
2026-06-02,10:23,REM,68,
2026-06-02,10:24,REM,73,
2026-06-02,10:25,REM,78,
2026-06-02,10:26,REM,68,
2026-06-02,10:27,REM,62,
2026-06-02,10:28,REM,61,
2026-06-02,10:29,REM,61,
2026-06-02,10:30,REM,64,
2026-06-02,10:31,REM,61,
2026-06-02,10:32,REM,61,
2026-06-02,10:33,REM,64,
2026-06-02,10:34,REM,65,
2026-06-02,10:35,REM,62,
2026-06-02,10:36,REM,62,
2026-06-02,10:37,REM,64,
2026-06-02,10:38,REM,63,
2026-06-02,10:39,REM,61,
2026-06-02,10:40,REM,61,
2026-06-02,10:41,REM,60,
2026-06-02,10:42,REM,60,
2026-06-02,10:43,REM,67,
2026-06-02,10:44,REM,67,
2026-06-02,10:45,REM,69,
2026-06-02,10:46,REM,76,
2026-06-02,10:47,REM,72,
2026-06-02,10:48,REM,68,
2026-06-02,10:49,REM,65,
2026-06-02,10:50,REM,64,
2026-06-02,10:51,REM,61,
2026-06-02,10:52,REM,60,
2026-06-02,10:53,REM,65,
2026-06-02,10:54,REM,62,
2026-06-02,10:55,REM,72,
2026-06-02,10:56,LIGHT,67,
2026-06-02,10:57,LIGHT,62,
2026-06-02,10:58,LIGHT,64,
2026-06-02,10:59,LIGHT,60,
2026-06-02,11:00,LIGHT,58,
2026-06-02,11:01,LIGHT,58,
2026-06-02,11:02,LIGHT,56,
2026-06-02,11:03,LIGHT,61,
2026-06-02,11:04,LIGHT,61,
2026-06-02,11:05,LIGHT,60,
2026-06-02,11:06,LIGHT,60,
2026-06-02,11:07,LIGHT,58,
2026-06-02,11:08,LIGHT,58,
2026-06-02,11:09,LIGHT,58,
2026-06-02,11:10,LIGHT,58,
2026-06-02,11:11,LIGHT,58,
2026-06-02,11:12,LIGHT,58,
2026-06-02,11:13,LIGHT,65,
2026-06-02,11:14,LIGHT,60,
2026-06-02,11:15,LIGHT,57,
2026-06-02,11:16,LIGHT,57,
2026-06-02,11:17,LIGHT,57,
2026-06-02,11:18,LIGHT,56,
2026-06-02,11:19,LIGHT,56,
2026-06-02,11:20,LIGHT,54,
2026-06-02,11:21,LIGHT,54,
2026-06-02,11:22,LIGHT,53,
2026-06-02,11:23,LIGHT,55,
2026-06-02,11:24,LIGHT,54,
2026-06-02,11:25,LIGHT,54,
2026-06-02,11:26,LIGHT,55,
2026-06-02,11:27,LIGHT,57,
2026-06-02,11:28,LIGHT,54,
2026-06-02,11:29,LIGHT,53,
2026-06-02,11:30,LIGHT,53,
2026-06-02,11:31,LIGHT,56,
2026-06-02,11:32,LIGHT,58,
2026-06-02,11:33,LIGHT,57,
2026-06-02,11:34,LIGHT,59,
2026-06-02,11:35,LIGHT,56,
2026-06-02,11:36,LIGHT,56,
2026-06-02,11:37,LIGHT,56,
2026-06-02,11:38,LIGHT,62,
2026-06-02,11:39,LIGHT,82,
2026-06-02,11:40,LIGHT,78,
2026-06-02,11:41,LIGHT,85,
2026-06-02,11:42,WAKE,76,
2026-06-02,11:43,LIGHT,78,
2026-06-02,11:44,LIGHT,90,
2026-06-02,11:45,LIGHT,86,
2026-06-02,11:46,LIGHT,87,
2026-06-02,11:47,LIGHT,79,
2026-06-02,11:48,LIGHT,71,
2026-06-02,11:49,LIGHT,69,
2026-06-02,11:50,LIGHT,66,
2026-06-02,11:51,LIGHT,65,
2026-06-02,11:52,LIGHT,67,
2026-06-02,11:53,LIGHT,62,
2026-06-02,11:54,LIGHT,64,
2026-06-02,11:55,LIGHT,61,
2026-06-02,11:56,LIGHT,61,
2026-06-02,11:57,LIGHT,62,
2026-06-02,11:58,LIGHT,63,
2026-06-02,11:59,LIGHT,60,
2026-06-02,12:00,LIGHT,62,
2026-06-02,12:01,LIGHT,59,
2026-06-02,12:02,LIGHT,60,
2026-06-02,12:03,LIGHT,62,
2026-06-02,12:04,LIGHT,59,
2026-06-02,12:05,LIGHT,64,
2026-06-02,12:06,LIGHT,63,
2026-06-02,12:07,LIGHT,62,
2026-06-02,12:08,LIGHT,69,
2026-06-02,12:09,LIGHT,66,
2026-06-02,12:10,LIGHT,62,
2026-06-02,12:11,LIGHT,63,
2026-06-02,12:12,LIGHT,63,
2026-06-02,12:13,REM,80,
2026-06-02,12:14,REM,69,
2026-06-02,12:15,REM,63,
2026-06-02,12:16,REM,63,
2026-06-02,12:17,REM,64,
2026-06-02,12:18,REM,68,
2026-06-02,12:19,REM,64,
2026-06-02,12:20,REM,61,
2026-06-02,12:21,REM,65,
2026-06-02,12:22,REM,61,
2026-06-02,12:23,REM,62,
2026-06-02,12:24,REM,59,
2026-06-02,12:25,REM,61,
2026-06-02,12:26,REM,61,
2026-06-02,12:27,REM,61,
2026-06-02,12:28,REM,65,
2026-06-02,12:29,REM,69,
2026-06-02,12:30,REM,66,
2026-06-02,12:31,REM,71,
2026-06-02,12:32,REM,67,
2026-06-02,12:33,REM,64,
2026-06-02,12:34,REM,63,
2026-06-02,12:35,REM,63,
2026-06-02,12:36,REM,63,
2026-06-02,12:37,REM,56,
2026-06-02,12:38,REM,56,
2026-06-02,12:39,REM,58,
2026-06-02,12:40,REM,59,
2026-06-02,12:41,REM,58,
2026-06-02,12:42,REM,58,
2026-06-02,12:43,REM,63,
2026-06-02,12:44,REM,65,
2026-06-02,12:45,REM,63,
2026-06-02,12:46,REM,60,
2026-06-02,12:47,REM,60,
2026-06-02,12:48,REM,63,
2026-06-02,12:49,REM,64,
2026-06-02,12:50,REM,58,
2026-06-02,12:51,REM,55,
2026-06-02,12:52,REM,57,
2026-06-02,12:53,REM,57,
2026-06-02,12:54,REM,56,
2026-06-02,12:55,REM,55,
2026-06-02,12:56,REM,54,
2026-06-02,12:57,REM,54,
2026-06-02,12:58,REM,55,
2026-06-02,12:59,REM,56,
2026-06-02,13:00,LIGHT,58,
2026-06-02,13:01,LIGHT,59,
2026-06-02,13:02,LIGHT,59,
2026-06-02,13:03,LIGHT,59,
2026-06-02,13:04,LIGHT,60,
2026-06-02,13:05,LIGHT,60,
2026-06-02,13:06,LIGHT,55,
2026-06-02,13:07,LIGHT,56,
2026-06-02,13:08,LIGHT,53,
2026-06-02,13:09,LIGHT,53,
2026-06-02,13:10,LIGHT,53,
2026-06-02,13:11,LIGHT,55,
2026-06-02,13:12,LIGHT,56,
2026-06-02,13:13,LIGHT,57,
2026-06-02,13:14,LIGHT,58,
2026-06-02,13:15,LIGHT,58,
2026-06-02,13:16,LIGHT,57,
2026-06-02,13:17,LIGHT,57,
2026-06-02,13:18,DEEP,57,
2026-06-02,13:19,DEEP,57,
2026-06-02,13:20,DEEP,57,
2026-06-02,13:21,DEEP,59,
2026-06-02,13:22,DEEP,58,
2026-06-02,13:23,DEEP,73,
2026-06-02,13:24,DEEP,75,
2026-06-02,13:25,DEEP,72,
2026-06-02,13:26,DEEP,64,
2026-06-02,13:27,LIGHT,57,
2026-06-02,13:28,LIGHT,60,
2026-06-02,13:29,LIGHT,62,
2026-06-02,13:30,LIGHT,60,
2026-06-02,13:31,LIGHT,62,
2026-06-02,13:32,LIGHT,65,
2026-06-02,13:33,LIGHT,64,
2026-06-02,13:34,LIGHT,61,
2026-06-02,13:35,LIGHT,59,
2026-06-02,13:36,LIGHT,56,
2026-06-02,13:37,LIGHT,60,
2026-06-02,13:38,LIGHT,62,
2026-06-02,13:39,LIGHT,59,
2026-06-02,13:40,LIGHT,54,
2026-06-02,13:41,LIGHT,53,
2026-06-02,13:42,LIGHT,55,
2026-06-02,13:43,LIGHT,71,
2026-06-02,13:44,LIGHT,75,
2026-06-02,13:45,LIGHT,88,
2026-06-02,13:46,LIGHT,83,
2026-06-02,13:47,LIGHT,73,
2026-06-02,13:48,LIGHT,69,
2026-06-02,13:49,LIGHT,69,
2026-06-03,01:43,LIGHT,55,
2026-06-03,01:44,LIGHT,65,
2026-06-03,01:45,LIGHT,57,
2026-06-03,01:46,LIGHT,56,
2026-06-03,01:47,LIGHT,54,
2026-06-03,01:48,LIGHT,53,
2026-06-03,01:49,LIGHT,53,
2026-06-03,01:50,LIGHT,54,
2026-06-03,01:51,LIGHT,56,
2026-06-03,01:52,DEEP,55,
2026-06-03,01:53,DEEP,55,
2026-06-03,01:54,DEEP,54,
2026-06-03,01:55,DEEP,53,
2026-06-03,01:56,DEEP,52,
2026-06-03,01:57,DEEP,53,
2026-06-03,01:58,DEEP,55,
2026-06-03,01:59,DEEP,52,
2026-06-03,02:00,DEEP,51,
2026-06-03,02:01,DEEP,53,
2026-06-03,02:02,DEEP,54,
2026-06-03,02:03,DEEP,59,
2026-06-03,02:04,DEEP,51,
2026-06-03,02:05,DEEP,48,
2026-06-03,02:06,DEEP,48,
2026-06-03,02:07,DEEP,48,
2026-06-03,02:08,DEEP,50,
2026-06-03,02:09,DEEP,50,
2026-06-03,02:10,DEEP,50,
2026-06-03,02:11,DEEP,48,
2026-06-03,02:12,DEEP,48,
2026-06-03,02:13,DEEP,48,
2026-06-03,02:14,DEEP,47,
2026-06-03,02:15,DEEP,47,
2026-06-03,02:16,DEEP,47,
2026-06-03,02:17,DEEP,48,
2026-06-03,02:18,DEEP,46,
2026-06-03,02:19,DEEP,46,
2026-06-03,02:20,DEEP,47,
2026-06-03,02:21,DEEP,47,
2026-06-03,02:22,DEEP,47,
2026-06-03,02:23,DEEP,47,
2026-06-03,02:24,DEEP,48,
2026-06-03,02:25,DEEP,48,
2026-06-03,02:26,DEEP,48,
2026-06-03,02:27,DEEP,47,
2026-06-03,02:28,DEEP,47,
2026-06-03,02:29,DEEP,47,
2026-06-03,02:30,DEEP,47,
2026-06-03,02:31,DEEP,47,
2026-06-03,02:32,DEEP,47,
2026-06-03,02:33,DEEP,48,
2026-06-03,02:34,DEEP,48,
2026-06-03,02:35,DEEP,48,
2026-06-03,02:36,DEEP,48,
2026-06-03,02:37,LIGHT,48,
2026-06-03,02:38,LIGHT,48,
2026-06-03,02:39,LIGHT,48,
2026-06-03,02:40,LIGHT,49,
2026-06-03,02:41,LIGHT,49,
2026-06-03,02:42,LIGHT,49,
2026-06-03,02:43,LIGHT,49,
2026-06-03,02:44,LIGHT,49,
2026-06-03,02:45,REM,48,
2026-06-03,02:46,REM,48,
2026-06-03,02:47,REM,48,
2026-06-03,02:48,REM,48,
2026-06-03,02:49,REM,55,
2026-06-03,02:50,REM,47,
2026-06-03,02:51,REM,46,
2026-06-03,02:52,REM,46,
2026-06-03,02:53,REM,46,
2026-06-03,02:54,REM,46,
2026-06-03,02:55,REM,46,
2026-06-03,02:56,REM,46,
2026-06-03,02:57,REM,47,
2026-06-03,02:58,REM,47,
2026-06-03,02:59,REM,47,
2026-06-03,03:00,REM,46,
2026-06-03,03:01,REM,51,
2026-06-03,03:02,REM,47,
2026-06-03,03:03,REM,45,
2026-06-03,03:04,REM,45,
2026-06-03,03:05,REM,45,
2026-06-03,03:06,LIGHT,45,
2026-06-03,03:07,LIGHT,48,
2026-06-03,03:08,LIGHT,46,
2026-06-03,03:09,LIGHT,45,
2026-06-03,03:10,LIGHT,45,
2026-06-03,03:11,LIGHT,45,
2026-06-03,03:12,LIGHT,46,
2026-06-03,03:13,LIGHT,46,
2026-06-03,03:14,LIGHT,47,
2026-06-03,03:15,LIGHT,47,
2026-06-03,03:16,LIGHT,48,
2026-06-03,03:17,LIGHT,49,
2026-06-03,03:18,LIGHT,49,
2026-06-03,03:19,LIGHT,49,
2026-06-03,03:20,LIGHT,52,
2026-06-03,03:21,LIGHT,55,
2026-06-03,03:22,LIGHT,55,
2026-06-03,03:23,LIGHT,54,
2026-06-03,03:24,LIGHT,54,
2026-06-03,03:25,WAKE,50,
2026-06-03,03:26,WAKE,50,
2026-06-03,03:27,LIGHT,52,
2026-06-03,03:28,LIGHT,52,
2026-06-03,03:29,LIGHT,52,
2026-06-03,03:30,LIGHT,51,
2026-06-03,03:31,LIGHT,48,
2026-06-03,03:32,LIGHT,48,
2026-06-03,03:33,LIGHT,47,
2026-06-03,03:34,LIGHT,48,
2026-06-03,03:35,LIGHT,48,
2026-06-03,03:36,WAKE,50,
2026-06-03,03:37,WAKE,47,
2026-06-03,03:38,LIGHT,48,
2026-06-03,03:39,LIGHT,48,
2026-06-03,03:40,LIGHT,48,
2026-06-03,03:41,LIGHT,48,
2026-06-03,03:42,LIGHT,45,
2026-06-03,03:43,LIGHT,47,
2026-06-03,03:44,LIGHT,47,
2026-06-03,03:45,LIGHT,48,
2026-06-03,03:46,LIGHT,49,
2026-06-03,03:47,LIGHT,49,
2026-06-03,03:48,LIGHT,47,
2026-06-03,03:49,LIGHT,47,
2026-06-03,03:50,LIGHT,47,
2026-06-03,03:51,LIGHT,47,
2026-06-03,03:52,LIGHT,47,
2026-06-03,03:53,LIGHT,47,
2026-06-03,03:54,LIGHT,47,
2026-06-03,03:55,LIGHT,46,
2026-06-03,03:56,LIGHT,46,
2026-06-03,03:57,LIGHT,46,
2026-06-03,03:58,LIGHT,46,
2026-06-03,03:59,LIGHT,46,
2026-06-03,04:00,LIGHT,46,
2026-06-03,04:01,LIGHT,46,
2026-06-03,04:02,LIGHT,46,
2026-06-03,04:03,LIGHT,46,
2026-06-03,04:04,LIGHT,46,
2026-06-03,04:05,LIGHT,47,
2026-06-03,04:06,LIGHT,47,
2026-06-03,04:07,LIGHT,46,
2026-06-03,04:08,LIGHT,45,
2026-06-03,04:09,LIGHT,46,
2026-06-03,04:10,LIGHT,46,
2026-06-03,04:11,DEEP,45,
2026-06-03,04:12,DEEP,45,
2026-06-03,04:13,DEEP,47,
2026-06-03,04:14,DEEP,47,
2026-06-03,04:15,DEEP,47,
2026-06-03,04:16,DEEP,46,
2026-06-03,04:17,DEEP,48,
2026-06-03,04:18,DEEP,53,
2026-06-03,04:19,DEEP,44,
2026-06-03,04:20,DEEP,43,
2026-06-03,04:21,DEEP,43,
2026-06-03,04:22,DEEP,43,
2026-06-03,04:23,DEEP,43,
2026-06-03,04:24,DEEP,46,
2026-06-03,04:25,DEEP,45,
2026-06-03,04:26,DEEP,55,
2026-06-03,04:27,DEEP,49,
2026-06-03,04:28,DEEP,46,
2026-06-03,04:29,DEEP,45,
2026-06-03,04:30,DEEP,45,
2026-06-03,04:31,DEEP,45,
2026-06-03,04:32,LIGHT,45,
2026-06-03,04:33,LIGHT,45,
2026-06-03,04:34,LIGHT,45,
2026-06-03,04:35,LIGHT,45,
2026-06-03,04:36,LIGHT,45,
2026-06-03,04:37,REM,45,
2026-06-03,04:38,REM,45,
2026-06-03,04:39,REM,45,
2026-06-03,04:40,REM,52,
2026-06-03,04:41,REM,46,
2026-06-03,04:42,REM,45,
2026-06-03,04:43,REM,51,
2026-06-03,04:44,REM,50,
2026-06-03,04:45,REM,46,
2026-06-03,04:46,REM,44,
2026-06-03,04:47,REM,42,
2026-06-03,04:48,REM,42,
2026-06-03,04:49,REM,43,
2026-06-03,04:50,REM,45,
2026-06-03,04:51,REM,44,
2026-06-03,04:52,REM,42,
2026-06-03,04:53,REM,43,
2026-06-03,04:54,REM,45,
2026-06-03,04:55,REM,47,
2026-06-03,04:56,REM,46,
2026-06-03,04:57,REM,50,
2026-06-03,04:58,REM,47,
2026-06-03,04:59,REM,46,
2026-06-03,05:00,LIGHT,48,
2026-06-03,05:01,LIGHT,43,
2026-06-03,05:02,LIGHT,44,
2026-06-03,05:03,LIGHT,44,
2026-06-03,05:04,LIGHT,42,
2026-06-03,05:05,LIGHT,42,
2026-06-03,05:06,LIGHT,49,
2026-06-03,05:07,LIGHT,43,
2026-06-03,05:08,LIGHT,43,
2026-06-03,05:09,LIGHT,43,
2026-06-03,05:10,LIGHT,43,
2026-06-03,05:11,LIGHT,42,
2026-06-03,05:12,LIGHT,45,
2026-06-03,05:13,LIGHT,44,
2026-06-03,05:14,LIGHT,44,
2026-06-03,05:15,LIGHT,45,
2026-06-04,00:45,LIGHT,49,
2026-06-04,00:46,LIGHT,49,
2026-06-04,00:47,LIGHT,49,
2026-06-04,00:48,LIGHT,49,
2026-06-04,00:49,LIGHT,49,
2026-06-04,00:50,LIGHT,54,
2026-06-04,00:51,LIGHT,68,
2026-06-04,00:52,LIGHT,79,
2026-06-04,00:53,LIGHT,80,
2026-06-04,00:54,LIGHT,59,
2026-06-04,00:55,LIGHT,50,
2026-06-04,00:56,LIGHT,50,
2026-06-04,00:57,DEEP,52,
2026-06-04,00:58,DEEP,49,
2026-06-04,00:59,DEEP,48,
2026-06-04,01:00,DEEP,48,
2026-06-04,01:01,DEEP,50,
2026-06-04,01:02,DEEP,50,
2026-06-04,01:03,DEEP,51,
2026-06-04,01:04,DEEP,53,
2026-06-04,01:05,DEEP,50,
2026-06-04,01:06,DEEP,48,
2026-06-04,01:07,DEEP,50,
2026-06-04,01:08,DEEP,49,
2026-06-04,01:09,DEEP,48,
2026-06-04,01:10,DEEP,46,
2026-06-04,01:11,DEEP,49,
2026-06-04,01:12,DEEP,51,
2026-06-04,01:13,DEEP,51,
2026-06-04,01:14,DEEP,53,
2026-06-04,01:15,DEEP,51,
2026-06-04,01:16,DEEP,49,
2026-06-04,01:17,DEEP,49,
2026-06-04,01:18,DEEP,49,
2026-06-04,01:19,DEEP,48,
2026-06-04,01:20,DEEP,46,
2026-06-04,01:21,DEEP,55,
2026-06-04,01:22,DEEP,52,
2026-06-04,01:23,DEEP,47,
2026-06-04,01:24,DEEP,47,
2026-06-04,01:25,DEEP,46,
2026-06-04,01:26,DEEP,46,
2026-06-04,01:27,DEEP,46,
2026-06-04,01:28,DEEP,45,
2026-06-04,01:29,DEEP,45,
2026-06-04,01:30,DEEP,45,
2026-06-04,01:31,DEEP,45,
2026-06-04,01:32,DEEP,44,
2026-06-04,01:33,DEEP,43,
2026-06-04,01:34,DEEP,43,
2026-06-04,01:35,DEEP,43,
2026-06-04,01:36,DEEP,43,
2026-06-04,01:37,DEEP,44,
2026-06-04,01:38,DEEP,44,
2026-06-04,01:39,DEEP,44,
2026-06-04,01:40,DEEP,43,
2026-06-04,01:41,DEEP,43,
2026-06-04,01:42,LIGHT,44,
2026-06-04,01:43,LIGHT,49,
2026-06-04,01:44,LIGHT,44,
2026-06-04,01:45,WAKE,43,
2026-06-04,01:46,LIGHT,43,
2026-06-04,01:47,LIGHT,43,
2026-06-04,01:48,LIGHT,43,
2026-06-04,01:49,LIGHT,43,
2026-06-04,01:50,LIGHT,43,
2026-06-04,01:51,REM,43,
2026-06-04,01:52,REM,43,
2026-06-04,01:53,REM,43,
2026-06-04,01:54,REM,42,
2026-06-04,01:55,REM,42,
2026-06-04,01:56,REM,42,
2026-06-04,01:57,REM,45,
2026-06-04,01:58,REM,42,
2026-06-04,01:59,REM,42,
2026-06-04,02:00,REM,42,
2026-06-04,02:01,LIGHT,47,
2026-06-04,02:02,LIGHT,42,
2026-06-04,02:03,LIGHT,41,
2026-06-04,02:04,WAKE,40,
2026-06-04,02:05,LIGHT,40,
2026-06-04,02:06,LIGHT,41,
2026-06-04,02:07,LIGHT,41,
2026-06-04,02:08,LIGHT,41,
2026-06-04,02:09,LIGHT,41,
2026-06-04,02:10,LIGHT,41,
2026-06-04,02:11,LIGHT,41,
2026-06-04,02:12,LIGHT,41,
2026-06-04,02:13,LIGHT,41,
2026-06-04,02:14,LIGHT,41,
2026-06-04,02:15,LIGHT,41,
2026-06-04,02:16,LIGHT,41,
2026-06-04,02:17,LIGHT,41,
2026-06-04,02:18,LIGHT,41,
2026-06-04,02:19,LIGHT,41,
2026-06-04,02:20,LIGHT,41,
2026-06-04,02:21,LIGHT,41,
2026-06-04,02:22,LIGHT,41,
2026-06-04,02:23,LIGHT,41,
2026-06-04,02:24,LIGHT,41,
2026-06-04,02:25,LIGHT,41,
2026-06-04,02:26,LIGHT,41,
2026-06-04,02:27,LIGHT,41,
2026-06-04,02:28,LIGHT,41,
2026-06-04,02:29,LIGHT,41,
2026-06-04,02:30,LIGHT,41,
2026-06-04,02:31,LIGHT,41,
2026-06-04,02:32,LIGHT,41,
2026-06-04,02:33,LIGHT,41,
2026-06-04,02:34,LIGHT,41,
2026-06-04,02:35,LIGHT,41,
2026-06-04,02:36,LIGHT,41,
2026-06-04,02:37,LIGHT,41,
2026-06-04,02:38,LIGHT,41,
2026-06-04,02:39,LIGHT,41,
2026-06-04,02:40,LIGHT,46,
2026-06-04,02:41,LIGHT,43,
2026-06-04,02:42,LIGHT,42,
2026-06-04,02:43,LIGHT,42,
2026-06-04,02:44,LIGHT,44,
2026-06-04,02:45,LIGHT,48,
2026-06-04,02:46,LIGHT,46,
2026-06-04,02:47,LIGHT,45,
2026-06-04,02:48,LIGHT,44,
2026-06-04,02:49,LIGHT,44,
2026-06-04,02:50,LIGHT,44,
2026-06-04,02:51,LIGHT,42,
2026-06-04,02:52,LIGHT,40,
2026-06-04,02:53,LIGHT,41,
2026-06-04,02:54,LIGHT,41,
2026-06-04,02:55,LIGHT,42,
2026-06-04,02:56,LIGHT,42,
2026-06-04,02:57,LIGHT,41,
2026-06-04,02:58,LIGHT,41,
2026-06-04,02:59,LIGHT,41,
2026-06-04,03:00,LIGHT,52,
2026-06-04,03:01,LIGHT,44,
2026-06-04,03:02,LIGHT,41,
2026-06-04,03:03,LIGHT,41,
2026-06-04,03:04,LIGHT,41,
2026-06-04,03:05,LIGHT,40,
2026-06-04,03:06,LIGHT,40,
2026-06-04,03:07,LIGHT,40,
2026-06-04,03:08,LIGHT,40,
2026-06-04,03:09,LIGHT,40,
2026-06-04,03:10,LIGHT,41,
2026-06-04,03:11,LIGHT,41,
2026-06-04,03:12,LIGHT,41,
2026-06-04,03:13,LIGHT,41,
2026-06-04,03:14,REM,41,
2026-06-04,03:15,REM,41,
2026-06-04,03:16,REM,40,
2026-06-04,03:17,REM,40,
2026-06-04,03:18,REM,45,
2026-06-04,03:19,REM,42,
2026-06-04,03:20,REM,40,
2026-06-04,03:21,REM,40,
2026-06-04,03:22,REM,40,
2026-06-04,03:23,REM,40,
2026-06-04,03:24,REM,40,
2026-06-04,03:25,REM,40,
2026-06-04,03:26,REM,40,
2026-06-04,03:27,REM,40,
2026-06-04,03:28,REM,47,
2026-06-04,03:29,REM,45,
2026-06-04,03:30,REM,40,
2026-06-04,03:31,REM,40,
2026-06-04,03:32,REM,40,
2026-06-04,03:33,REM,40,
2026-06-04,03:34,REM,40,
2026-06-04,03:35,REM,40,
2026-06-04,03:36,REM,40,
2026-06-04,03:37,REM,40,
2026-06-04,03:38,REM,40,
2026-06-04,03:39,REM,40,
2026-06-04,03:40,REM,41,
2026-06-04,03:41,REM,41,
2026-06-04,03:42,REM,46,
2026-06-04,03:43,REM,51,
2026-06-04,03:44,LIGHT,44,
2026-06-04,03:45,LIGHT,46,
2026-06-04,03:46,LIGHT,41,
2026-06-04,03:47,LIGHT,45,
2026-06-04,03:48,LIGHT,48,
2026-06-04,03:49,LIGHT,44,
2026-06-04,03:50,LIGHT,41,
2026-06-04,03:51,LIGHT,41,
2026-06-04,03:52,LIGHT,41,
2026-06-04,03:53,LIGHT,40,
2026-06-04,03:54,LIGHT,44,
2026-06-04,03:55,LIGHT,41,
2026-06-04,03:56,LIGHT,40,
2026-06-04,03:57,LIGHT,42,
2026-06-04,03:58,LIGHT,41,
2026-06-04,03:59,LIGHT,41,
2026-06-04,04:00,LIGHT,41,
2026-06-04,04:01,LIGHT,41,
2026-06-04,04:02,LIGHT,41,
2026-06-04,04:03,LIGHT,54,
2026-06-04,04:04,LIGHT,45,
2026-06-04,04:05,LIGHT,41,
2026-06-04,04:06,LIGHT,40,
2026-06-04,04:07,LIGHT,40,
2026-06-04,04:08,LIGHT,40,
2026-06-04,04:09,LIGHT,40,
2026-06-04,04:10,LIGHT,40,
2026-06-04,04:11,LIGHT,40,
2026-06-04,04:12,LIGHT,41,
2026-06-04,04:13,LIGHT,41,
2026-06-04,04:14,LIGHT,40,
2026-06-04,04:15,LIGHT,40,
2026-06-04,04:16,LIGHT,,
2026-06-04,04:17,LIGHT,,
2026-06-04,04:18,LIGHT,,
2026-06-04,04:19,LIGHT,,
2026-06-04,04:20,LIGHT,,
2026-06-04,04:21,LIGHT,40,
2026-06-04,04:22,LIGHT,40,
2026-06-04,04:23,LIGHT,40,
2026-06-04,04:24,LIGHT,40,
2026-06-04,04:25,LIGHT,40,
2026-06-04,04:26,LIGHT,40,
2026-06-04,04:27,LIGHT,40,
2026-06-04,04:28,LIGHT,40,
2026-06-04,04:29,LIGHT,40,
2026-06-04,04:30,LIGHT,40,
2026-06-04,04:31,LIGHT,40,
2026-06-04,04:32,LIGHT,40,
2026-06-04,04:33,LIGHT,40,
2026-06-04,04:34,LIGHT,,
2026-06-04,04:35,LIGHT,,
2026-06-04,04:36,LIGHT,44,
2026-06-04,04:37,LIGHT,41,
2026-06-04,04:38,LIGHT,40,
2026-06-04,04:39,LIGHT,40,
2026-06-04,04:40,LIGHT,40,
2026-06-04,04:41,LIGHT,40,
2026-06-04,04:42,LIGHT,42,
2026-06-04,04:43,LIGHT,42,
2026-06-04,04:44,LIGHT,41,
2026-06-04,04:45,LIGHT,40,
2026-06-04,04:46,LIGHT,41,
2026-06-04,04:47,LIGHT,43,
2026-06-04,04:48,LIGHT,43,
2026-06-04,04:49,LIGHT,42,
2026-06-04,04:50,LIGHT,44,
2026-06-04,04:51,LIGHT,45,
2026-06-04,04:52,LIGHT,51,
2026-06-04,04:53,REM,45,
2026-06-04,04:54,REM,44,
2026-06-04,04:55,REM,41,
2026-06-04,04:56,REM,41,
2026-06-04,04:57,REM,,
2026-06-04,04:58,REM,40,
2026-06-04,04:59,REM,40,
2026-06-04,05:00,REM,40,
2026-06-04,05:01,REM,40,
2026-06-04,05:02,REM,40,
2026-06-04,05:03,REM,41,
2026-06-04,05:04,REM,46,
2026-06-04,05:05,REM,42,
2026-06-04,05:06,REM,41,
2026-06-04,05:07,REM,41,
2026-06-04,05:08,REM,42,
2026-06-04,05:09,REM,41,
2026-06-04,05:10,REM,41,
2026-06-04,05:11,REM,44,
2026-06-04,05:12,REM,40,
2026-06-04,05:13,REM,40,
2026-06-04,05:14,REM,40,
2026-06-04,05:15,REM,40,
2026-06-04,05:16,REM,40,
2026-06-04,05:17,REM,41,
2026-06-04,05:18,REM,41,
2026-06-04,05:19,REM,41,
2026-06-04,05:20,REM,,
2026-06-04,05:21,REM,41,
2026-06-04,05:22,REM,41,
2026-06-04,05:23,REM,48,
2026-06-04,05:24,REM,45,
2026-06-04,05:25,REM,43,
2026-06-04,05:26,REM,43,
2026-06-04,05:27,REM,43,
2026-06-04,05:28,REM,42,
2026-06-04,05:29,REM,42,
2026-06-04,05:30,REM,41,
2026-06-04,05:31,REM,41,
2026-06-04,05:32,REM,41,
2026-06-04,05:33,LIGHT,42,
2026-06-04,05:34,LIGHT,41,
2026-06-04,05:35,LIGHT,41,
2026-06-04,05:36,LIGHT,41,
2026-06-04,05:37,LIGHT,41,
2026-06-04,05:38,LIGHT,41,
2026-06-04,05:39,LIGHT,41,
2026-06-04,05:40,LIGHT,41,
2026-06-04,05:41,LIGHT,41,
2026-06-04,05:42,LIGHT,41,
2026-06-04,05:43,LIGHT,41,
2026-06-04,05:44,LIGHT,41,
2026-06-04,05:45,LIGHT,41,
2026-06-04,05:46,LIGHT,41,
2026-06-04,05:47,LIGHT,42,
2026-06-04,05:48,LIGHT,42,
2026-06-04,05:49,LIGHT,42,
2026-06-04,05:50,LIGHT,42,
2026-06-04,05:51,LIGHT,44,
2026-06-04,05:52,LIGHT,45,
2026-06-04,05:53,LIGHT,42,
2026-06-04,05:54,LIGHT,41,
2026-06-04,05:55,LIGHT,41,
2026-06-04,05:56,LIGHT,41,
2026-06-04,05:57,LIGHT,41,
2026-06-04,05:58,LIGHT,41,
2026-06-04,05:59,LIGHT,41,
2026-06-04,06:00,LIGHT,41,
2026-06-04,06:01,LIGHT,41,
2026-06-04,06:02,LIGHT,41,
2026-06-04,06:03,LIGHT,42,
2026-06-04,06:04,LIGHT,41,
2026-06-04,06:05,LIGHT,41,
2026-06-04,06:06,LIGHT,41,
2026-06-04,06:07,LIGHT,41,
2026-06-04,06:08,LIGHT,41,
2026-06-04,06:09,DEEP,41,
2026-06-04,06:10,DEEP,41,
2026-06-04,06:11,DEEP,41,
2026-06-04,06:12,DEEP,41,
2026-06-04,06:13,DEEP,42,
2026-06-04,06:14,DEEP,44,
2026-06-04,06:15,DEEP,48,
2026-06-04,06:16,DEEP,45,
2026-06-04,06:17,DEEP,44,
2026-06-04,06:18,DEEP,44,
2026-06-04,06:19,DEEP,46,
2026-06-04,06:20,DEEP,44,
2026-06-04,06:21,DEEP,44,
2026-06-04,06:22,DEEP,43,
2026-06-04,06:23,DEEP,43,
2026-06-04,06:24,DEEP,43,
2026-06-04,06:25,DEEP,48,
2026-06-04,06:26,DEEP,45,
2026-06-04,06:27,DEEP,45,
2026-06-04,06:28,DEEP,47,
2026-06-04,06:29,DEEP,43,
2026-06-04,06:30,DEEP,43,
2026-06-04,06:31,DEEP,42,
2026-06-04,06:32,DEEP,42,
2026-06-04,06:33,DEEP,41,
2026-06-04,06:34,DEEP,42,
2026-06-04,06:35,DEEP,42,
2026-06-04,06:36,DEEP,42,
2026-06-04,06:37,DEEP,42,
2026-06-04,06:38,DEEP,47,
2026-06-04,06:39,DEEP,44,
2026-06-04,06:40,DEEP,44,
2026-06-04,06:41,DEEP,44,
2026-06-04,06:42,DEEP,43,
2026-06-04,06:43,DEEP,44,
2026-06-04,06:44,DEEP,43,
2026-06-04,06:45,LIGHT,44,
2026-06-04,06:46,LIGHT,44,
2026-06-04,06:47,LIGHT,41,
2026-06-04,06:48,LIGHT,42,
2026-06-04,06:49,LIGHT,43,
2026-06-04,06:50,LIGHT,43,
2026-06-04,06:51,LIGHT,43,
2026-06-04,06:52,LIGHT,42,
2026-06-04,06:53,LIGHT,42,
2026-06-04,06:54,REM,47,
2026-06-04,06:55,REM,44,
2026-06-04,06:56,REM,44,
2026-06-04,06:57,REM,44,
2026-06-04,06:58,REM,45,
2026-06-04,06:59,REM,42,
2026-06-04,07:00,REM,45,
2026-06-04,07:01,LIGHT,42,
2026-06-04,07:02,LIGHT,42,
2026-06-04,07:03,LIGHT,42,
2026-06-04,07:04,LIGHT,41,
2026-06-04,07:05,LIGHT,42,
2026-06-04,07:06,LIGHT,42,
2026-06-04,07:07,LIGHT,42,
2026-06-04,07:08,LIGHT,44,
2026-06-04,07:09,LIGHT,51,
2026-06-04,07:10,LIGHT,45,
2026-06-04,07:11,LIGHT,42,
2026-06-04,07:12,LIGHT,42,
2026-06-04,07:13,LIGHT,42,
2026-06-04,07:14,LIGHT,42,
2026-06-04,07:15,LIGHT,42,
2026-06-04,07:16,LIGHT,42,
2026-06-04,07:17,LIGHT,42,
2026-06-04,07:18,LIGHT,43,
2026-06-04,07:19,LIGHT,41,
2026-06-04,07:20,LIGHT,41,
2026-06-04,07:21,LIGHT,41,
2026-06-04,07:22,LIGHT,42,
2026-06-04,07:23,LIGHT,43,
2026-06-04,07:24,LIGHT,43,
2026-06-04,07:25,LIGHT,43,
2026-06-04,07:26,LIGHT,43,
2026-06-04,07:27,LIGHT,43,
2026-06-04,07:28,LIGHT,43,
2026-06-04,07:29,LIGHT,43,
2026-06-04,07:30,LIGHT,43,
2026-06-04,07:31,LIGHT,44,
2026-06-04,07:32,LIGHT,44,
2026-06-04,07:33,LIGHT,52,
2026-06-04,07:34,LIGHT,47,
2026-06-04,07:35,LIGHT,44,
2026-06-04,07:36,LIGHT,43,
2026-06-04,07:37,LIGHT,44,
2026-06-04,07:38,LIGHT,44,
2026-06-04,07:39,LIGHT,44,
2026-06-04,07:40,LIGHT,50,
2026-06-04,07:41,LIGHT,46,
2026-06-04,07:42,LIGHT,44,
2026-06-04,07:43,LIGHT,43,
2026-06-04,07:44,LIGHT,43,
2026-06-04,07:45,LIGHT,44,
2026-06-04,07:46,LIGHT,43,
2026-06-04,07:47,LIGHT,43,
2026-06-04,07:48,LIGHT,43,
2026-06-04,07:49,LIGHT,43,
2026-06-04,07:50,LIGHT,45,
2026-06-04,07:51,LIGHT,46,
2026-06-04,07:52,LIGHT,46,
2026-06-04,07:53,LIGHT,52,
2026-06-04,07:54,LIGHT,45,
2026-06-04,07:55,LIGHT,47,
2026-06-04,07:56,LIGHT,45,
2026-06-04,07:57,LIGHT,45,
2026-06-04,07:58,LIGHT,45,
2026-06-04,07:59,LIGHT,46,
2026-06-04,08:00,LIGHT,51,
2026-06-04,08:01,LIGHT,50,
2026-06-04,08:02,LIGHT,43,
2026-06-04,08:03,LIGHT,40,
2026-06-04,08:04,LIGHT,43,
2026-06-04,08:05,LIGHT,44,
2026-06-04,08:06,LIGHT,45,
2026-06-04,08:07,LIGHT,48,
2026-06-04,08:08,LIGHT,47,
2026-06-04,08:09,LIGHT,44,
2026-06-04,08:10,LIGHT,44,
2026-06-04,08:11,LIGHT,44,
2026-06-04,08:12,LIGHT,48,
2026-06-04,08:13,LIGHT,47,
2026-06-04,17:15,LIGHT,94,
2026-06-04,17:16,LIGHT,101,
2026-06-04,17:17,LIGHT,100,
2026-06-04,17:18,LIGHT,87,
2026-06-04,17:19,LIGHT,70,
2026-06-04,17:20,LIGHT,66,
2026-06-04,17:21,LIGHT,66,
2026-06-04,17:22,LIGHT,66,
2026-06-04,17:23,LIGHT,63,
2026-06-04,17:24,LIGHT,65,
2026-06-04,17:25,LIGHT,65,
2026-06-04,17:26,LIGHT,69,
2026-06-04,17:27,LIGHT,76,
2026-06-04,17:28,LIGHT,76,
2026-06-04,17:29,LIGHT,76,
2026-06-04,17:30,LIGHT,77,
2026-06-04,17:31,LIGHT,84,
2026-06-04,17:32,LIGHT,91,
2026-06-04,17:33,LIGHT,92,
2026-06-04,17:34,LIGHT,94,
2026-06-04,17:35,LIGHT,93,
2026-06-04,17:36,LIGHT,99,
2026-06-04,17:37,LIGHT,97,
2026-06-04,17:38,LIGHT,110,
2026-06-04,17:39,LIGHT,113,
2026-06-04,17:40,LIGHT,112,
2026-06-04,17:41,DEEP,100,
2026-06-04,17:42,DEEP,92,
2026-06-04,17:43,DEEP,96,
2026-06-04,17:44,DEEP,103,
2026-06-04,17:45,DEEP,108,
2026-06-04,17:46,DEEP,111,
2026-06-04,17:47,DEEP,117,
2026-06-04,17:48,DEEP,124,
2026-06-04,17:49,DEEP,118,
2026-06-04,17:50,DEEP,112,
2026-06-04,17:51,DEEP,110,
2026-06-04,17:52,DEEP,107,
2026-06-04,17:53,DEEP,132,
2026-06-04,17:54,DEEP,160,
2026-06-04,17:55,DEEP,173,
2026-06-04,17:56,DEEP,174,
2026-06-04,17:57,DEEP,176,
2026-06-04,17:58,LIGHT,176,
2026-06-04,17:59,LIGHT,178,
2026-06-04,18:00,LIGHT,178,
2026-06-04,18:01,LIGHT,179,
2026-06-04,18:02,LIGHT,180,
2026-06-04,18:03,LIGHT,182,
2026-06-04,18:04,LIGHT,182,
2026-06-04,18:05,LIGHT,183,
2026-06-04,18:06,LIGHT,184,
2026-06-04,18:07,LIGHT,179,
2026-06-04,18:08,LIGHT,154,
2026-06-04,18:09,LIGHT,126,
2026-06-04,18:10,LIGHT,113,
2026-06-04,18:11,LIGHT,108,
2026-06-04,18:12,LIGHT,111,
2026-06-04,18:13,LIGHT,112,
2026-06-04,18:14,REM,119,
2026-06-04,18:15,REM,125,
2026-06-04,18:16,REM,125,
2026-06-04,18:17,REM,117,
2026-06-04,18:18,REM,119,
2026-06-04,18:19,REM,114,
2026-06-04,18:20,REM,115,
2026-06-04,18:21,REM,108,
2026-06-04,18:22,REM,100,
2026-06-04,18:23,REM,96,
2026-06-04,18:24,REM,94,
2026-06-04,18:25,REM,89,
2026-06-04,18:26,REM,89,
2026-06-04,18:27,REM,89,
2026-06-04,18:28,REM,106,
2026-06-04,18:29,REM,117,
2026-06-04,18:30,REM,106,
2026-06-04,18:31,REM,99,
2026-06-04,18:32,REM,107,
2026-06-04,18:33,REM,101,
2026-06-04,18:34,REM,89,
2026-06-04,18:35,REM,88,
2026-06-04,18:36,REM,88,
2026-06-04,18:37,REM,94,
2026-06-04,18:38,REM,93,
2026-06-04,18:39,REM,91,
2026-06-04,18:40,REM,94,
2026-06-04,18:41,LIGHT,95,
2026-06-04,18:42,LIGHT,95,
2026-06-04,18:43,LIGHT,93,
2026-06-04,18:44,LIGHT,87,
2026-06-04,18:45,LIGHT,88,
2026-06-04,18:46,LIGHT,85,
2026-06-04,18:47,LIGHT,85,
2026-06-04,18:48,LIGHT,87,
2026-06-04,18:49,LIGHT,84,
2026-06-04,18:50,LIGHT,94,
2026-06-04,18:51,LIGHT,96,
2026-06-04,18:52,LIGHT,101,
2026-06-04,18:53,LIGHT,111,
2026-06-04,18:54,LIGHT,116,
2026-06-04,18:55,LIGHT,105,
2026-06-04,18:56,LIGHT,107,
2026-06-04,18:57,LIGHT,108,
2026-06-04,18:58,LIGHT,81,
2026-06-04,18:59,LIGHT,80,
2026-06-04,19:00,LIGHT,84,
2026-06-04,19:01,LIGHT,89,
2026-06-04,19:02,LIGHT,91,
2026-06-04,19:03,LIGHT,80,
2026-06-04,19:04,LIGHT,80,
2026-06-04,19:05,LIGHT,77,
2026-06-04,19:06,LIGHT,80,
2026-06-05,01:30,LIGHT,63,
2026-06-05,01:31,LIGHT,63,
2026-06-05,01:32,LIGHT,61,
2026-06-05,01:33,LIGHT,61,
2026-06-05,01:34,LIGHT,61,
2026-06-05,01:35,LIGHT,61,
2026-06-05,01:36,LIGHT,60,
2026-06-05,01:37,LIGHT,65,
2026-06-05,01:38,LIGHT,65,
2026-06-05,01:39,LIGHT,60,
2026-06-05,01:40,LIGHT,59,
2026-06-05,01:41,WAKE,57,
2026-06-05,01:42,LIGHT,57,
2026-06-05,01:43,LIGHT,57,
2026-06-05,01:44,WAKE,56,
2026-06-05,01:45,LIGHT,56,
2026-06-05,01:46,LIGHT,55,
2026-06-05,01:47,LIGHT,55,
2026-06-05,01:48,LIGHT,55,
2026-06-05,01:49,LIGHT,55,
2026-06-05,01:50,LIGHT,55,
2026-06-05,01:51,LIGHT,55,
2026-06-05,01:52,LIGHT,55,
2026-06-05,01:53,DEEP,58,
2026-06-05,01:54,DEEP,63,
2026-06-05,01:55,DEEP,55,
2026-06-05,01:56,DEEP,53,
2026-06-05,01:57,DEEP,53,
2026-06-05,01:58,LIGHT,52,
2026-06-05,01:59,LIGHT,52,
2026-06-05,02:00,LIGHT,52,
2026-06-05,02:01,LIGHT,52,
2026-06-05,02:02,LIGHT,52,
2026-06-05,02:03,LIGHT,51,
2026-06-05,02:04,LIGHT,51,
2026-06-05,02:05,LIGHT,51,
2026-06-05,02:06,DEEP,52,
2026-06-05,02:07,DEEP,57,
2026-06-05,02:08,DEEP,54,
2026-06-05,02:09,DEEP,53,
2026-06-05,02:10,DEEP,52,
2026-06-05,02:11,DEEP,52,
2026-06-05,02:12,DEEP,52,
2026-06-05,02:13,DEEP,52,
2026-06-05,02:14,DEEP,52,
2026-06-05,02:15,DEEP,52,
2026-06-05,02:16,DEEP,52,
2026-06-05,02:17,DEEP,52,
2026-06-05,02:18,DEEP,52,
2026-06-05,02:19,DEEP,52,
2026-06-05,02:20,DEEP,57,
2026-06-05,02:21,DEEP,55,
2026-06-05,02:22,DEEP,69,
2026-06-05,02:23,DEEP,73,
2026-06-05,02:24,DEEP,68,
2026-06-05,02:25,DEEP,59,
2026-06-05,02:26,DEEP,56,
2026-06-05,02:27,DEEP,60,
2026-06-05,02:28,DEEP,62,
2026-06-05,02:29,DEEP,59,
2026-06-05,02:30,DEEP,61,
2026-06-05,02:31,DEEP,61,
2026-06-05,02:32,DEEP,61,
2026-06-05,02:33,DEEP,57,
2026-06-05,02:34,DEEP,57,
2026-06-05,02:35,DEEP,56,
2026-06-05,02:36,DEEP,56,
2026-06-05,02:37,DEEP,56,
2026-06-05,02:38,DEEP,54,
2026-06-05,02:39,DEEP,57,
2026-06-05,02:40,DEEP,57,
2026-06-05,02:41,LIGHT,57,
2026-06-05,02:42,REM,57,
2026-06-05,02:43,REM,56,
2026-06-05,02:44,REM,55,
2026-06-05,02:45,REM,55,
2026-06-05,02:46,REM,55,
2026-06-05,02:47,REM,56,
2026-06-05,02:48,REM,55,
2026-06-05,02:49,REM,55,
2026-06-05,02:50,REM,55,
2026-06-05,02:51,REM,58,
2026-06-05,02:52,REM,55,
2026-06-05,02:53,REM,54,
2026-06-05,02:54,REM,54,
2026-06-05,02:55,REM,54,
2026-06-05,02:56,REM,55,
2026-06-05,02:57,REM,55,
2026-06-05,02:58,LIGHT,55,
2026-06-05,02:59,LIGHT,55,
2026-06-05,03:00,LIGHT,59,
2026-06-05,03:01,WAKE,59,
2026-06-05,03:02,LIGHT,56,
2026-06-05,03:03,LIGHT,54,
2026-06-05,03:04,LIGHT,55,
2026-06-05,03:05,LIGHT,55,
2026-06-05,03:06,LIGHT,55,
2026-06-05,03:07,LIGHT,55,
2026-06-05,03:08,LIGHT,55,
2026-06-05,03:09,LIGHT,56,
2026-06-05,03:10,LIGHT,66,
2026-06-05,03:11,LIGHT,58,
2026-06-05,03:12,LIGHT,52,
2026-06-05,03:13,LIGHT,51,
2026-06-05,03:14,LIGHT,51,
2026-06-05,03:15,LIGHT,52,
2026-06-05,03:16,LIGHT,53,
2026-06-05,03:17,LIGHT,53,
2026-06-05,03:18,LIGHT,54,
2026-06-05,03:19,LIGHT,54,
2026-06-05,03:20,LIGHT,54,
2026-06-05,03:21,LIGHT,54,
2026-06-05,03:22,LIGHT,54,
2026-06-05,03:23,LIGHT,54,
2026-06-05,03:24,LIGHT,54,
2026-06-05,03:25,LIGHT,54,
2026-06-05,03:26,LIGHT,54,
2026-06-05,03:27,LIGHT,54,
2026-06-05,03:28,LIGHT,54,
2026-06-05,03:29,LIGHT,54,
2026-06-05,03:30,LIGHT,54,
2026-06-05,03:31,LIGHT,55,
2026-06-05,03:32,LIGHT,53,
2026-06-05,03:33,LIGHT,52,
2026-06-05,03:34,LIGHT,52,
2026-06-05,03:35,LIGHT,52,
2026-06-05,03:36,LIGHT,52,
2026-06-05,03:37,LIGHT,51,
2026-06-05,03:38,LIGHT,51,
2026-06-05,03:39,LIGHT,51,
2026-06-05,03:40,LIGHT,51,
2026-06-05,03:41,LIGHT,51,
2026-06-05,03:42,LIGHT,51,
2026-06-05,03:43,LIGHT,51,
2026-06-05,03:44,LIGHT,51,
2026-06-05,03:45,LIGHT,51,
2026-06-05,03:46,WAKE,51,
2026-06-05,03:47,LIGHT,51,
2026-06-05,03:48,LIGHT,53,
2026-06-05,03:49,LIGHT,53,
2026-06-05,03:50,LIGHT,51,
2026-06-05,03:51,LIGHT,51,
2026-06-05,03:52,LIGHT,51,
2026-06-05,03:53,LIGHT,51,
2026-06-05,03:54,LIGHT,51,
2026-06-05,03:55,LIGHT,55,
2026-06-05,03:56,LIGHT,50,
2026-06-05,03:57,LIGHT,50,
2026-06-05,03:58,LIGHT,50,
2026-06-05,03:59,LIGHT,52,
2026-06-05,04:00,LIGHT,54,
2026-06-05,04:01,LIGHT,54,
2026-06-05,04:02,LIGHT,54,
2026-06-05,04:03,LIGHT,54,
2026-06-05,04:04,LIGHT,58,
2026-06-05,04:05,LIGHT,56,
2026-06-05,04:06,LIGHT,56,
2026-06-05,04:07,LIGHT,56,
2026-06-05,04:08,LIGHT,58,
2026-06-05,04:09,LIGHT,58,
2026-06-05,04:10,LIGHT,57,
2026-06-05,04:11,LIGHT,57,
2026-06-05,04:12,LIGHT,59,
2026-06-05,04:13,LIGHT,56,
2026-06-05,04:14,LIGHT,55,
2026-06-05,04:15,LIGHT,53,
2026-06-05,04:16,LIGHT,53,
2026-06-05,04:17,LIGHT,52,
2026-06-05,04:18,LIGHT,51,
2026-06-05,04:19,LIGHT,53,
2026-06-05,04:20,LIGHT,47,
2026-06-05,04:21,DEEP,47,
2026-06-05,04:22,DEEP,46,
2026-06-05,04:23,DEEP,46,
2026-06-05,04:24,DEEP,46,
2026-06-05,04:25,DEEP,46,
2026-06-05,04:26,DEEP,46,
2026-06-05,04:27,DEEP,46,
2026-06-05,04:28,DEEP,46,
2026-06-05,04:29,DEEP,46,
2026-06-05,04:30,DEEP,47,
2026-06-05,04:31,DEEP,47,
2026-06-05,04:32,DEEP,46,
2026-06-05,04:33,DEEP,46,
2026-06-05,04:34,DEEP,47,
2026-06-05,04:35,DEEP,47,
2026-06-05,04:36,DEEP,47,
2026-06-05,04:37,LIGHT,47,
2026-06-05,04:38,LIGHT,47,
2026-06-05,04:39,LIGHT,47,
2026-06-05,04:40,LIGHT,47,
2026-06-05,04:41,LIGHT,47,
2026-06-05,04:42,LIGHT,47,
2026-06-05,04:43,LIGHT,47,
2026-06-05,04:44,LIGHT,48,
2026-06-05,04:45,LIGHT,56,
2026-06-05,04:46,LIGHT,49,
2026-06-05,04:47,LIGHT,47,
2026-06-05,04:48,REM,47,
2026-06-05,04:49,REM,48,
2026-06-05,04:50,REM,48,
2026-06-05,04:51,REM,48,
2026-06-05,04:52,REM,48,
2026-06-05,04:53,REM,48,
2026-06-05,04:54,REM,51,
2026-06-05,04:55,REM,53,
2026-06-05,04:56,LIGHT,49,
2026-06-05,04:57,LIGHT,49,
2026-06-05,04:58,LIGHT,49,
2026-06-05,04:59,LIGHT,49,
2026-06-05,05:00,LIGHT,49,
2026-06-05,05:01,LIGHT,49,
2026-06-05,05:02,REM,51,
2026-06-05,05:03,REM,49,
2026-06-05,05:04,REM,47,
2026-06-05,05:05,REM,49,
2026-06-05,05:06,REM,51,
2026-06-05,05:07,REM,48,
2026-06-05,05:08,REM,48,
2026-06-05,05:09,REM,48,
2026-06-05,05:10,REM,47,
2026-06-05,05:11,REM,47,
2026-06-05,05:12,REM,47,
2026-06-05,05:13,REM,48,
2026-06-05,05:14,REM,48,
2026-06-05,05:15,REM,57,
2026-06-05,05:16,REM,50,
2026-06-05,05:17,REM,55,
2026-06-05,05:18,REM,51,
2026-06-05,05:19,REM,52,
2026-06-05,05:20,REM,48,
2026-06-05,05:21,REM,46,
2026-06-05,05:22,REM,52,
2026-06-05,05:23,REM,49,
2026-06-05,05:24,LIGHT,49,
2026-06-05,05:25,LIGHT,47,
2026-06-05,05:26,LIGHT,53,
2026-06-05,05:27,LIGHT,53,
2026-06-05,05:28,LIGHT,55,
2026-06-05,05:29,LIGHT,48,
2026-06-05,05:30,LIGHT,53,
2026-06-05,05:31,LIGHT,52,
2026-06-05,05:32,LIGHT,49,
2026-06-05,05:33,LIGHT,49,
2026-06-05,05:34,LIGHT,51,
2026-06-05,05:35,LIGHT,52,
2026-06-05,05:36,LIGHT,62,
2026-06-05,05:37,LIGHT,70,
2026-06-05,05:38,LIGHT,67,
2026-06-05,05:39,LIGHT,64,
2026-06-05,05:40,LIGHT,59,
2026-06-05,05:41,LIGHT,56,
2026-06-05,05:42,LIGHT,51,
2026-06-05,05:43,LIGHT,51,
2026-06-05,05:44,LIGHT,54,
2026-06-05,05:45,LIGHT,52,
2026-06-05,05:46,LIGHT,50,
2026-06-05,05:47,LIGHT,49,
2026-06-05,05:48,LIGHT,48,
2026-06-05,05:49,LIGHT,48,
2026-06-05,05:50,LIGHT,48,
2026-06-05,05:51,LIGHT,48,
2026-06-05,05:52,LIGHT,48,
2026-06-05,05:53,LIGHT,48,
2026-06-05,05:54,LIGHT,48,
2026-06-05,05:55,LIGHT,48,
2026-06-05,05:56,LIGHT,45,
2026-06-05,05:57,LIGHT,51,
2026-06-05,05:58,LIGHT,52,
2026-06-05,05:59,LIGHT,51,
2026-06-05,06:00,LIGHT,51,
2026-06-05,06:01,LIGHT,54,
2026-06-05,06:02,LIGHT,51,
2026-06-05,06:03,DEEP,49,
2026-06-05,06:04,DEEP,51,
2026-06-05,06:05,DEEP,51,
2026-06-05,06:06,DEEP,50,
2026-06-05,06:07,DEEP,50,
2026-06-05,06:08,DEEP,50,
2026-06-05,06:09,DEEP,50,
2026-06-05,06:10,DEEP,50,
2026-06-05,06:11,DEEP,51,
2026-06-05,06:12,DEEP,51,
2026-06-05,06:13,DEEP,51,
2026-06-05,06:14,DEEP,50,
2026-06-05,06:15,LIGHT,49,
2026-06-05,06:16,LIGHT,49,
2026-06-05,06:17,LIGHT,49,
2026-06-05,06:18,LIGHT,49,
2026-06-05,06:19,LIGHT,51,
2026-06-05,06:20,LIGHT,51,
2026-06-05,06:21,LIGHT,46,
2026-06-05,06:22,LIGHT,45,
2026-06-05,06:23,LIGHT,45,
2026-06-05,06:24,LIGHT,45,
2026-06-05,06:25,LIGHT,45,
2026-06-05,06:26,REM,45,
2026-06-05,06:27,REM,45,
2026-06-05,06:28,REM,45,
2026-06-05,06:29,REM,45,
2026-06-05,06:30,REM,45,
2026-06-05,06:31,REM,45,
2026-06-05,06:32,REM,45,
2026-06-05,06:33,REM,45,
2026-06-05,06:34,REM,45,
2026-06-05,06:35,REM,45,
2026-06-05,06:36,REM,46,
2026-06-05,06:37,REM,46,
2026-06-05,06:38,REM,46,
2026-06-05,06:39,REM,46,
2026-06-05,06:40,REM,46,
2026-06-05,06:41,REM,46,
2026-06-05,06:42,REM,46,
2026-06-05,06:43,REM,46,
2026-06-05,06:44,REM,46,
2026-06-05,06:45,REM,47,
2026-06-05,06:46,REM,47,
2026-06-05,06:47,REM,47,
2026-06-05,06:48,REM,47,
2026-06-05,06:49,REM,47,
2026-06-05,06:50,REM,47,
2026-06-05,06:51,REM,48,
2026-06-05,06:52,REM,48,
2026-06-05,06:53,REM,48,
2026-06-05,06:54,REM,48,
2026-06-05,06:55,REM,48,
2026-06-05,06:56,REM,48,
2026-06-05,06:57,REM,48,
2026-06-05,06:58,REM,48,
2026-06-05,06:59,REM,48,
2026-06-05,07:00,REM,55,
2026-06-05,07:01,REM,59,
2026-06-05,07:02,REM,62,
2026-06-05,07:03,LIGHT,55,
2026-06-05,07:04,LIGHT,52,
2026-06-05,07:05,LIGHT,50,
2026-06-05,07:06,LIGHT,49,
2026-06-05,07:07,LIGHT,52,
2026-06-05,07:08,LIGHT,50,
2026-06-05,07:09,LIGHT,50,
2026-06-05,07:10,LIGHT,49,
2026-06-05,07:11,LIGHT,49,
2026-06-05,07:12,LIGHT,49,
2026-06-05,07:13,LIGHT,49,
2026-06-05,07:14,LIGHT,49,
2026-06-05,07:15,LIGHT,50,
2026-06-05,07:16,LIGHT,49,
2026-06-05,07:17,LIGHT,50,
2026-06-05,07:18,LIGHT,50,
2026-06-05,07:19,LIGHT,50,
2026-06-05,07:20,LIGHT,50,
2026-06-05,07:21,LIGHT,50,
2026-06-05,07:22,LIGHT,53,
2026-06-05,07:23,LIGHT,55,
2026-06-05,07:24,LIGHT,52,
2026-06-05,07:25,LIGHT,46,
2026-06-05,07:26,LIGHT,48,
2026-06-05,07:27,LIGHT,48,
2026-06-05,07:28,LIGHT,47,
2026-06-05,07:29,LIGHT,49,
2026-06-05,07:30,LIGHT,52,
2026-06-05,07:31,LIGHT,51,
2026-06-05,07:32,LIGHT,47,
2026-06-05,07:33,LIGHT,46,
2026-06-05,07:34,LIGHT,46,
2026-06-05,07:35,LIGHT,52,
2026-06-05,07:36,LIGHT,47,
2026-06-05,07:37,LIGHT,45,
2026-06-05,07:38,LIGHT,46,
2026-06-05,07:39,LIGHT,50,
2026-06-05,07:40,LIGHT,47,
2026-06-05,07:41,LIGHT,46,
2026-06-05,07:42,LIGHT,45,
2026-06-05,07:43,LIGHT,45,
2026-06-05,07:44,LIGHT,47,
2026-06-05,07:45,LIGHT,50,
2026-06-05,07:46,LIGHT,55,
2026-06-05,07:47,LIGHT,49,
2026-06-05,07:48,REM,47,
2026-06-05,07:49,REM,49,
2026-06-05,07:50,REM,48,
2026-06-05,07:51,REM,48,
2026-06-05,07:52,REM,48,
2026-06-05,07:53,REM,50,
2026-06-05,07:54,REM,48,
2026-06-05,07:55,REM,48,
2026-06-05,07:56,REM,47,
2026-06-05,07:57,REM,47,
2026-06-05,07:58,REM,47,
2026-06-05,07:59,REM,47,
2026-06-05,08:00,REM,47,
2026-06-05,08:01,REM,47,
2026-06-05,08:02,LIGHT,49,
2026-06-05,08:03,LIGHT,52,
2026-06-05,08:04,LIGHT,54,
2026-06-05,08:05,WAKE,48,
2026-06-05,08:06,WAKE,48,
2026-06-05,08:07,LIGHT,48,
2026-06-05,08:08,LIGHT,50,
2026-06-05,08:09,LIGHT,48,
2026-06-05,08:10,LIGHT,51,
2026-06-05,08:11,LIGHT,47,
2026-06-05,08:12,LIGHT,45,
2026-06-05,08:13,WAKE,45,
2026-06-05,08:14,LIGHT,45,
2026-06-05,08:15,WAKE,45,
2026-06-05,08:16,LIGHT,45,
2026-06-06,01:11,LIGHT,57,
2026-06-06,01:12,LIGHT,59,
2026-06-06,01:13,LIGHT,59,
2026-06-06,01:14,LIGHT,55,
2026-06-06,01:15,LIGHT,56,
2026-06-06,01:16,LIGHT,56,
2026-06-06,01:17,LIGHT,56,
2026-06-06,01:18,LIGHT,56,
2026-06-06,01:19,LIGHT,58,
2026-06-06,01:20,LIGHT,59,
2026-06-06,01:21,LIGHT,59,
2026-06-06,01:22,LIGHT,57,
2026-06-06,01:23,LIGHT,57,
2026-06-06,01:24,LIGHT,62,
2026-06-06,01:25,LIGHT,61,
2026-06-06,01:26,LIGHT,61,
2026-06-06,01:27,LIGHT,60,
2026-06-06,01:28,LIGHT,56,
2026-06-06,01:29,WAKE,56,
2026-06-06,01:30,LIGHT,56,
2026-06-06,01:31,LIGHT,57,
2026-06-06,01:32,LIGHT,61,
2026-06-06,01:33,LIGHT,68,
2026-06-06,01:34,LIGHT,70,
2026-06-06,01:35,LIGHT,68,
2026-06-06,01:36,LIGHT,60,
2026-06-06,01:37,LIGHT,65,
2026-06-06,01:38,LIGHT,66,
2026-06-06,01:39,LIGHT,67,
2026-06-06,01:40,LIGHT,57,
2026-06-06,01:41,LIGHT,59,
2026-06-06,01:42,LIGHT,56,
2026-06-06,01:43,DEEP,60,
2026-06-06,01:44,DEEP,59,
2026-06-06,01:45,DEEP,59,
2026-06-06,01:46,DEEP,56,
2026-06-06,01:47,DEEP,56,
2026-06-06,01:48,DEEP,58,
2026-06-06,01:49,DEEP,56,
2026-06-06,01:50,DEEP,58,
2026-06-06,01:51,DEEP,57,
2026-06-06,01:52,DEEP,56,
2026-06-06,01:53,DEEP,55,
2026-06-06,01:54,DEEP,55,
2026-06-06,01:55,LIGHT,56,
2026-06-06,01:56,LIGHT,56,
2026-06-06,01:57,LIGHT,55,
2026-06-06,01:58,LIGHT,55,
2026-06-06,01:59,LIGHT,56,
2026-06-06,02:00,DEEP,56,
2026-06-06,02:01,DEEP,56,
2026-06-06,02:02,DEEP,56,
2026-06-06,02:03,DEEP,57,
2026-06-06,02:04,DEEP,54,
2026-06-06,02:05,DEEP,54,
2026-06-06,02:06,DEEP,54,
2026-06-06,02:07,DEEP,54,
2026-06-06,02:08,DEEP,54,
2026-06-06,02:09,DEEP,54,
2026-06-06,02:10,DEEP,53,
2026-06-06,02:11,DEEP,53,
2026-06-06,02:12,DEEP,53,
2026-06-06,02:13,DEEP,53,
2026-06-06,02:14,DEEP,52,
2026-06-06,02:15,DEEP,52,
2026-06-06,02:16,DEEP,52,
2026-06-06,02:17,DEEP,52,
2026-06-06,02:18,DEEP,52,
2026-06-06,02:19,DEEP,52,
2026-06-06,02:20,LIGHT,52,
2026-06-06,02:21,LIGHT,54,
2026-06-06,02:22,LIGHT,53,
2026-06-06,02:23,WAKE,53,
2026-06-06,02:24,WAKE,53,
2026-06-06,02:25,WAKE,53,
2026-06-06,02:26,LIGHT,53,
2026-06-06,02:27,LIGHT,53,
2026-06-06,02:28,LIGHT,53,
2026-06-06,02:29,REM,53,
2026-06-06,02:30,REM,53,
2026-06-06,02:31,REM,53,
2026-06-06,02:32,REM,54,
2026-06-06,02:33,REM,54,
2026-06-06,02:34,REM,55,
2026-06-06,02:35,REM,55,
2026-06-06,02:36,REM,55,
2026-06-06,02:37,REM,55,
2026-06-06,02:38,REM,55,
2026-06-06,02:39,REM,55,
2026-06-06,02:40,REM,54,
2026-06-06,02:41,REM,61,
2026-06-06,02:42,REM,71,
2026-06-06,02:43,REM,75,
2026-06-06,02:44,REM,62,
2026-06-06,02:45,REM,59,
2026-06-06,02:46,REM,59,
2026-06-06,02:47,REM,56,
2026-06-06,02:48,REM,56,
2026-06-06,02:49,REM,57,
2026-06-06,02:50,REM,56,
2026-06-06,02:51,REM,57,
2026-06-06,02:52,REM,58,
2026-06-06,02:53,REM,63,
2026-06-06,02:54,LIGHT,60,
2026-06-06,02:55,LIGHT,56,
2026-06-06,02:56,LIGHT,55,
2026-06-06,02:57,LIGHT,55,
2026-06-06,02:58,LIGHT,55,
2026-06-06,02:59,LIGHT,55,
2026-06-06,03:00,LIGHT,56,
2026-06-06,03:01,LIGHT,56,
2026-06-06,03:02,LIGHT,58,
2026-06-06,03:03,LIGHT,57,
2026-06-06,03:04,LIGHT,57,
2026-06-06,03:05,LIGHT,57,
2026-06-06,03:06,LIGHT,60,
2026-06-06,03:07,LIGHT,55,
2026-06-06,03:08,LIGHT,54,
2026-06-06,03:09,LIGHT,56,
2026-06-06,03:10,LIGHT,56,
2026-06-06,03:11,LIGHT,56,
2026-06-06,03:12,LIGHT,57,
2026-06-06,03:13,LIGHT,57,
2026-06-06,03:14,LIGHT,56,
2026-06-06,03:15,LIGHT,54,
2026-06-06,03:16,LIGHT,55,
2026-06-06,03:17,LIGHT,53,
2026-06-06,03:18,LIGHT,54,
2026-06-06,03:19,LIGHT,54,
2026-06-06,03:20,LIGHT,59,
2026-06-06,03:21,LIGHT,51,
2026-06-06,03:22,LIGHT,52,
2026-06-06,03:23,LIGHT,52,
2026-06-06,03:24,LIGHT,52,
2026-06-06,03:25,LIGHT,52,
2026-06-06,03:26,LIGHT,53,
2026-06-06,03:27,LIGHT,53,
2026-06-06,03:28,LIGHT,53,
2026-06-06,03:29,LIGHT,53,
2026-06-06,03:30,DEEP,52,
2026-06-06,03:31,DEEP,52,
2026-06-06,03:32,LIGHT,53,
2026-06-06,03:33,LIGHT,53,
2026-06-06,03:34,LIGHT,53,
2026-06-06,03:35,LIGHT,53,
2026-06-06,03:36,LIGHT,52,
2026-06-06,03:37,LIGHT,52,
2026-06-06,03:38,LIGHT,52,
2026-06-06,03:39,DEEP,52,
2026-06-06,03:40,DEEP,51,
2026-06-06,03:41,DEEP,51,
2026-06-06,03:42,DEEP,51,
2026-06-06,03:43,DEEP,51,
2026-06-06,03:44,DEEP,51,
2026-06-06,03:45,DEEP,51,
2026-06-06,03:46,DEEP,51,
2026-06-06,03:47,DEEP,51,
2026-06-06,03:48,DEEP,51,
2026-06-06,03:49,DEEP,51,
2026-06-06,03:50,LIGHT,49,
2026-06-06,03:51,LIGHT,48,
2026-06-06,03:52,LIGHT,51,
2026-06-06,03:53,LIGHT,54,
2026-06-06,03:54,LIGHT,58,
2026-06-06,03:55,LIGHT,61,
2026-06-06,03:56,LIGHT,63,
2026-06-06,03:57,LIGHT,70,
2026-06-06,03:58,LIGHT,76,
2026-06-06,03:59,LIGHT,81,
2026-06-06,04:00,REM,88,
2026-06-06,04:01,REM,84,
2026-06-06,04:02,REM,66,
2026-06-06,04:03,REM,53,
2026-06-06,04:04,REM,51,
2026-06-06,04:05,REM,51,
2026-06-06,04:06,REM,51,
2026-06-06,04:07,REM,50,
2026-06-06,04:08,REM,50,
2026-06-06,04:09,REM,55,
2026-06-06,04:10,REM,51,
2026-06-06,04:11,REM,50,
2026-06-06,04:12,REM,49,
2026-06-06,04:13,REM,50,
2026-06-06,04:14,REM,57,
2026-06-06,04:15,REM,52,
2026-06-06,04:16,REM,49,
2026-06-06,04:17,REM,49,
2026-06-06,04:18,REM,49,
2026-06-06,04:19,LIGHT,56,
2026-06-06,04:20,LIGHT,60,
2026-06-06,04:21,LIGHT,51,
2026-06-06,04:22,LIGHT,48,
2026-06-06,04:23,LIGHT,48,
2026-06-06,04:24,LIGHT,47,
2026-06-06,04:25,LIGHT,47,
2026-06-06,04:26,LIGHT,47,
2026-06-06,04:27,LIGHT,48,
2026-06-06,04:28,LIGHT,48,
2026-06-06,04:29,LIGHT,50,
2026-06-06,04:30,LIGHT,47,
2026-06-06,04:31,LIGHT,47,
2026-06-06,04:32,LIGHT,47,
2026-06-06,04:33,LIGHT,47,
2026-06-06,04:34,LIGHT,47,
2026-06-06,04:35,LIGHT,47,
2026-06-06,04:36,LIGHT,47,
2026-06-06,04:37,LIGHT,48,
2026-06-06,04:38,LIGHT,48,
2026-06-06,04:39,LIGHT,48,
2026-06-06,04:40,LIGHT,54,
2026-06-06,04:41,LIGHT,57,
2026-06-06,04:42,LIGHT,52,
2026-06-06,04:43,LIGHT,50,
2026-06-06,04:44,LIGHT,52,
2026-06-06,04:45,LIGHT,51,
2026-06-06,04:46,WAKE,50,
2026-06-06,04:47,LIGHT,52,
2026-06-06,04:48,LIGHT,54,
2026-06-06,04:49,LIGHT,52,
2026-06-06,04:50,LIGHT,52,
2026-06-06,04:51,LIGHT,51,
2026-06-06,04:52,LIGHT,55,
2026-06-06,04:53,LIGHT,59,
2026-06-06,04:54,LIGHT,51,
2026-06-06,04:55,LIGHT,51,
2026-06-06,04:56,LIGHT,51,
2026-06-06,04:57,LIGHT,53,
2026-06-06,04:58,LIGHT,57,
2026-06-06,04:59,LIGHT,53,
2026-06-06,05:00,LIGHT,52,
2026-06-06,05:01,LIGHT,49,
2026-06-06,05:02,LIGHT,47,
2026-06-06,05:03,LIGHT,46,
2026-06-06,05:04,LIGHT,46,
2026-06-06,05:05,LIGHT,56,
2026-06-06,05:06,LIGHT,50,
2026-06-06,05:07,LIGHT,53,
2026-06-06,05:08,LIGHT,55,
2026-06-06,05:09,LIGHT,60,
2026-06-06,05:10,LIGHT,52,
2026-06-06,05:11,LIGHT,51,
2026-06-06,05:12,LIGHT,48,
2026-06-06,05:13,LIGHT,49,
2026-06-06,05:14,LIGHT,48,
2026-06-06,05:15,LIGHT,46,
2026-06-06,05:16,LIGHT,49,
2026-06-06,05:17,LIGHT,54,
2026-06-06,05:18,LIGHT,50,
2026-06-06,05:19,LIGHT,50,
2026-06-06,05:20,LIGHT,50,
2026-06-06,05:21,LIGHT,50,
2026-06-06,05:22,LIGHT,50,
2026-06-06,05:23,REM,48,
2026-06-06,05:24,REM,48,
2026-06-06,05:25,REM,47,
2026-06-06,05:26,REM,47,
2026-06-06,05:27,REM,47,
2026-06-06,05:28,REM,48,
2026-06-06,05:29,REM,48,
2026-06-06,05:30,REM,48,
2026-06-06,05:31,REM,48,
2026-06-06,05:32,REM,48,
2026-06-06,05:33,REM,48,
2026-06-06,05:34,REM,49,
2026-06-06,05:35,REM,49,
2026-06-06,05:36,REM,49,
2026-06-06,05:37,REM,49,
2026-06-06,05:38,REM,49,
2026-06-06,05:39,REM,49,
2026-06-06,05:40,REM,49,
2026-06-06,05:41,REM,50,
2026-06-06,05:42,REM,49,
2026-06-06,05:43,REM,49,
2026-06-06,05:44,REM,48,
2026-06-06,05:45,REM,48,
2026-06-06,05:46,REM,48,
2026-06-06,05:47,REM,50,
2026-06-06,05:48,REM,51,
2026-06-06,05:49,REM,48,
2026-06-06,05:50,REM,48,
2026-06-06,05:51,REM,48,
2026-06-06,05:52,REM,48,
2026-06-06,05:53,REM,48,
2026-06-06,05:54,REM,48,
2026-06-06,05:55,REM,48,
2026-06-06,05:56,REM,49,
2026-06-06,05:57,REM,50,
2026-06-06,05:58,REM,48,
2026-06-06,05:59,REM,48,
2026-06-06,06:00,REM,48,
2026-06-06,06:01,REM,49,
2026-06-06,06:02,REM,49,
2026-06-06,06:03,REM,48,
2026-06-06,06:04,REM,49,
2026-06-06,06:05,REM,48,
2026-06-06,06:06,REM,49,
2026-06-06,06:07,REM,49,
2026-06-06,06:08,REM,49,
2026-06-06,06:09,REM,49,
2026-06-06,06:10,REM,49,
2026-06-06,06:11,LIGHT,49,
2026-06-06,06:12,LIGHT,49,
2026-06-06,06:13,LIGHT,49,
2026-06-06,06:14,LIGHT,50,
2026-06-06,06:15,LIGHT,50,
2026-06-06,06:16,LIGHT,50,
2026-06-06,06:17,LIGHT,51,
2026-06-06,06:18,LIGHT,51,
2026-06-06,06:19,LIGHT,51,
2026-06-06,06:20,LIGHT,51,
2026-06-06,06:21,LIGHT,50,
2026-06-06,06:22,LIGHT,50,
2026-06-06,06:23,LIGHT,50,
2026-06-06,06:24,LIGHT,50,
2026-06-06,06:25,LIGHT,51,
2026-06-06,06:26,LIGHT,70,
2026-06-06,06:27,LIGHT,65,
2026-06-06,06:28,LIGHT,56,
2026-06-06,06:29,LIGHT,53,
2026-06-06,06:30,LIGHT,50,
2026-06-06,06:31,LIGHT,51,
2026-06-06,06:32,LIGHT,51,
2026-06-06,06:33,LIGHT,49,
2026-06-06,06:34,LIGHT,49,
2026-06-06,06:35,LIGHT,54,
2026-06-06,06:36,LIGHT,50,
2026-06-06,06:37,LIGHT,49,
2026-06-06,06:38,LIGHT,47,
2026-06-06,06:39,LIGHT,49,
2026-06-06,06:40,DEEP,49,
2026-06-06,06:41,DEEP,52,
2026-06-06,06:42,DEEP,51,
2026-06-06,06:43,DEEP,47,
2026-06-06,06:44,DEEP,46,
2026-06-06,06:45,DEEP,51,
2026-06-06,06:46,DEEP,47,
2026-06-06,06:47,DEEP,48,
2026-06-06,06:48,DEEP,53,
2026-06-06,06:49,DEEP,53,
2026-06-06,06:50,DEEP,48,
2026-06-06,06:51,DEEP,50,
2026-06-06,06:52,DEEP,50,
2026-06-06,06:53,DEEP,47,
2026-06-06,06:54,DEEP,46,
2026-06-06,06:55,DEEP,43,
2026-06-06,06:56,DEEP,45,
2026-06-06,06:57,DEEP,47,
2026-06-06,06:58,DEEP,50,
2026-06-06,06:59,DEEP,45,
2026-06-06,07:00,LIGHT,44,
2026-06-06,07:01,LIGHT,47,
2026-06-06,07:02,LIGHT,48,
2026-06-06,07:03,WAKE,46,
2026-06-06,07:04,LIGHT,45,
2026-06-06,07:05,LIGHT,44,
2026-06-06,07:06,LIGHT,45,
2026-06-06,07:07,LIGHT,48,
2026-06-06,07:08,LIGHT,48,
2026-06-06,07:09,LIGHT,45,
2026-06-06,07:10,REM,45,
2026-06-06,07:11,REM,45,
2026-06-06,07:12,REM,52,
2026-06-06,07:13,REM,49,
2026-06-06,07:14,REM,45,
2026-06-06,07:15,REM,44,
2026-06-06,07:16,REM,45,
2026-06-06,07:17,REM,44,
2026-06-06,07:18,REM,44,
2026-06-06,07:19,REM,44,
2026-06-06,07:20,REM,45,
2026-06-06,07:21,REM,45,
2026-06-06,07:22,REM,45,
2026-06-06,07:23,LIGHT,52,
2026-06-06,07:24,LIGHT,46,
2026-06-06,07:25,LIGHT,44,
2026-06-06,07:26,WAKE,43,
2026-06-06,07:27,LIGHT,43,
2026-06-06,07:28,LIGHT,43,
2026-06-06,07:29,LIGHT,43,
2026-06-06,07:30,LIGHT,43,
2026-06-06,07:31,LIGHT,43,
2026-06-06,07:32,LIGHT,43,
2026-06-06,07:33,LIGHT,43,
2026-06-06,07:34,LIGHT,43,
2026-06-06,07:35,LIGHT,43,
2026-06-06,07:36,LIGHT,44,
2026-06-06,07:37,LIGHT,44,
2026-06-06,07:38,LIGHT,44,
2026-06-06,07:39,LIGHT,44,
2026-06-06,07:40,LIGHT,44,
2026-06-06,07:41,LIGHT,44,
2026-06-06,07:42,LIGHT,44,
2026-06-06,07:43,LIGHT,44,
2026-06-06,07:44,LIGHT,44,
2026-06-06,07:45,LIGHT,43,
2026-06-06,07:46,LIGHT,43,
2026-06-06,07:47,WAKE,43,
2026-06-06,07:48,LIGHT,43,
2026-06-06,07:49,LIGHT,43,
2026-06-06,07:50,LIGHT,43,
2026-06-06,07:51,LIGHT,43,
2026-06-06,07:52,LIGHT,43,
2026-06-06,07:53,LIGHT,43,
2026-06-06,07:54,LIGHT,43,
2026-06-06,07:55,LIGHT,43,
2026-06-06,07:56,LIGHT,43,
2026-06-06,07:57,LIGHT,44,
2026-06-06,07:58,LIGHT,44,
2026-06-06,07:59,LIGHT,44,
2026-06-06,08:00,LIGHT,44,
2026-06-06,08:01,LIGHT,44,
2026-06-06,08:02,LIGHT,44,
2026-06-06,08:03,LIGHT,44,
2026-06-06,08:04,LIGHT,44,
2026-06-06,08:05,LIGHT,44,
2026-06-06,08:06,LIGHT,44,
2026-06-06,08:07,LIGHT,44,
2026-06-06,08:08,LIGHT,44,
2026-06-06,08:09,LIGHT,46,
2026-06-06,08:10,LIGHT,61,
2026-06-06,08:11,LIGHT,52,
2026-06-06,08:12,LIGHT,48,
2026-06-06,08:13,LIGHT,47,
2026-06-06,08:14,LIGHT,46,
2026-06-06,08:15,LIGHT,47,
2026-06-06,08:16,LIGHT,51,
2026-06-06,08:17,LIGHT,46,
2026-06-06,08:18,LIGHT,46,
2026-06-06,08:19,LIGHT,48,
2026-06-06,08:20,LIGHT,48,
2026-06-06,08:21,LIGHT,50,
2026-06-06,08:22,LIGHT,47,
2026-06-06,08:23,LIGHT,48,
2026-06-06,08:24,LIGHT,46,
2026-06-06,08:25,LIGHT,46,
2026-06-06,08:26,LIGHT,46,
2026-06-06,08:27,LIGHT,47,
2026-06-06,08:28,LIGHT,48,
2026-06-06,08:29,LIGHT,50,
2026-06-06,08:30,LIGHT,49,
2026-06-06,08:31,LIGHT,47,
2026-06-06,08:32,LIGHT,46,
2026-06-06,08:33,LIGHT,44,
2026-06-06,08:34,LIGHT,44,
2026-06-06,08:35,LIGHT,44,
2026-06-06,08:36,LIGHT,43,
2026-06-06,08:37,LIGHT,45,
2026-06-06,08:38,LIGHT,47,
2026-06-06,08:39,LIGHT,49,
2026-06-06,08:40,LIGHT,47,
2026-06-06,08:41,LIGHT,47,
2026-06-06,08:42,LIGHT,47,
2026-06-06,08:43,LIGHT,45,
2026-06-06,08:44,LIGHT,44,
2026-06-06,08:45,LIGHT,44,
2026-06-06,08:46,LIGHT,49,
2026-06-06,08:47,LIGHT,47,
2026-06-06,08:48,LIGHT,45,
2026-06-06,08:49,LIGHT,49,
2026-06-06,08:50,LIGHT,46,
2026-06-06,08:51,LIGHT,45,
2026-06-06,08:52,LIGHT,46,
2026-06-06,08:53,LIGHT,46,
2026-06-06,08:54,LIGHT,46,
2026-06-06,08:55,LIGHT,46,
2026-06-06,08:56,LIGHT,46,
2026-06-06,08:57,LIGHT,46,
2026-06-06,08:58,LIGHT,49,
2026-06-06,08:59,LIGHT,53,
2026-06-06,09:00,LIGHT,47,
2026-06-06,09:01,LIGHT,45,
2026-06-06,09:02,LIGHT,50,
2026-06-06,09:03,LIGHT,60,
2026-06-06,09:04,LIGHT,55,
2026-06-06,09:05,LIGHT,51,
2026-06-06,09:06,LIGHT,53,
2026-06-06,09:07,DEEP,56,
2026-06-06,09:08,DEEP,64,
2026-06-06,09:09,DEEP,71,
2026-06-06,09:10,DEEP,82,
2026-06-06,09:11,DEEP,79,
2026-06-06,09:12,DEEP,78,
2026-06-06,09:13,LIGHT,77,
2026-06-06,09:14,LIGHT,74,
2026-06-06,09:15,LIGHT,68,
2026-06-06,09:16,LIGHT,61,
2026-06-06,09:17,LIGHT,56,
2026-06-06,09:18,LIGHT,58,
2026-06-06,09:19,LIGHT,52,
2026-06-07,01:55,LIGHT,62,
2026-06-07,01:56,LIGHT,62,
2026-06-07,01:57,LIGHT,61,
2026-06-07,01:58,LIGHT,62,
2026-06-07,01:59,LIGHT,62,
2026-06-07,02:00,LIGHT,62,
2026-06-07,02:01,DEEP,62,
2026-06-07,02:02,DEEP,62,
2026-06-07,02:03,DEEP,61,
2026-06-07,02:04,DEEP,61,
2026-06-07,02:05,DEEP,61,
2026-06-07,02:06,DEEP,61,
2026-06-07,02:07,DEEP,60,
2026-06-07,02:08,DEEP,60,
2026-06-07,02:09,DEEP,60,
2026-06-07,02:10,DEEP,60,
2026-06-07,02:11,DEEP,60,
2026-06-07,02:12,DEEP,60,
2026-06-07,02:13,DEEP,60,
2026-06-07,02:14,DEEP,60,
2026-06-07,02:15,DEEP,60,
2026-06-07,02:16,DEEP,60,
2026-06-07,02:17,DEEP,60,
2026-06-07,02:18,DEEP,60,
2026-06-07,02:19,DEEP,60,
2026-06-07,02:20,DEEP,60,
2026-06-07,02:21,DEEP,59,
2026-06-07,02:22,DEEP,59,
2026-06-07,02:23,DEEP,60,
2026-06-07,02:24,DEEP,60,
2026-06-07,02:25,DEEP,60,
2026-06-07,02:26,DEEP,59,
2026-06-07,02:27,DEEP,65,
2026-06-07,02:28,DEEP,62,
2026-06-07,02:29,DEEP,59,
2026-06-07,02:30,DEEP,66,
2026-06-07,02:31,DEEP,60,
2026-06-07,02:32,DEEP,56,
2026-06-07,02:33,DEEP,56,
2026-06-07,02:34,DEEP,63,
2026-06-07,02:35,DEEP,57,
2026-06-07,02:36,DEEP,54,
2026-06-07,02:37,DEEP,54,
2026-06-07,02:38,DEEP,54,
2026-06-07,02:39,DEEP,55,
2026-06-07,02:40,LIGHT,55,
2026-06-07,02:41,LIGHT,55,
2026-06-07,02:42,LIGHT,57,
2026-06-07,02:43,WAKE,59,
2026-06-07,02:44,WAKE,60,
2026-06-07,02:45,LIGHT,54,
2026-06-07,02:46,LIGHT,56,
2026-06-07,02:47,LIGHT,55,
2026-06-07,02:48,LIGHT,56,
2026-06-07,02:49,LIGHT,54,
2026-06-07,02:50,LIGHT,56,
2026-06-07,02:51,REM,56,
2026-06-07,02:52,REM,58,
2026-06-07,02:53,REM,57,
2026-06-07,02:54,REM,55,
2026-06-07,02:55,REM,52,
2026-06-07,02:56,REM,54,
2026-06-07,02:57,REM,56,
2026-06-07,02:58,REM,58,
2026-06-07,02:59,REM,59,
2026-06-07,03:00,REM,62,
2026-06-07,03:01,REM,67,
2026-06-07,03:02,REM,64,
2026-06-07,03:03,REM,61,
2026-06-07,03:04,REM,61,
2026-06-07,03:05,REM,58,
2026-06-07,03:06,REM,57,
2026-06-07,03:07,REM,57,
2026-06-07,03:08,REM,59,
2026-06-07,03:09,REM,58,
2026-06-07,03:10,REM,57,
2026-06-07,03:11,REM,57,
2026-06-07,03:12,REM,54,
2026-06-07,03:13,REM,54,
2026-06-07,03:14,REM,56,
2026-06-07,03:15,REM,59,
2026-06-07,03:16,REM,52,
2026-06-07,03:17,REM,50,
2026-06-07,03:18,REM,51,
2026-06-07,03:19,REM,51,
2026-06-07,03:20,REM,51,
2026-06-07,03:21,LIGHT,51,
2026-06-07,03:22,LIGHT,51,
2026-06-07,03:23,LIGHT,51,
2026-06-07,03:24,LIGHT,51,
2026-06-07,03:25,LIGHT,51,
2026-06-07,03:26,LIGHT,51,
2026-06-07,03:27,LIGHT,51,
2026-06-07,03:28,LIGHT,51,
2026-06-07,03:29,LIGHT,51,
2026-06-07,03:30,LIGHT,51,
2026-06-07,03:31,LIGHT,52,
2026-06-07,03:32,LIGHT,52,
2026-06-07,03:33,LIGHT,52,
2026-06-07,03:34,LIGHT,52,
2026-06-07,03:35,LIGHT,52,
2026-06-07,03:36,LIGHT,52,
2026-06-07,03:37,LIGHT,52,
2026-06-07,03:38,LIGHT,52,
2026-06-07,03:39,LIGHT,52,
2026-06-07,03:40,LIGHT,57,
2026-06-07,03:41,LIGHT,63,
2026-06-07,03:42,LIGHT,61,
2026-06-07,03:43,DEEP,55,
2026-06-07,03:44,DEEP,53,
2026-06-07,03:45,DEEP,50,
2026-06-07,03:46,DEEP,50,
2026-06-07,03:47,DEEP,51,
2026-06-07,03:48,DEEP,51,
2026-06-07,03:49,DEEP,53,
2026-06-07,03:50,LIGHT,52,
2026-06-07,03:51,LIGHT,52,
2026-06-07,03:52,LIGHT,51,
2026-06-07,03:53,LIGHT,51,
2026-06-07,03:54,LIGHT,51,
2026-06-07,03:55,LIGHT,51,
2026-06-07,03:56,LIGHT,51,
2026-06-07,03:57,LIGHT,51,
2026-06-07,03:58,DEEP,51,
2026-06-07,03:59,DEEP,51,
2026-06-07,04:00,DEEP,51,
2026-06-07,04:01,DEEP,51,
2026-06-07,04:02,LIGHT,51,
2026-06-07,04:03,LIGHT,50,
2026-06-07,04:04,LIGHT,49,
2026-06-07,04:05,LIGHT,49,
2026-06-07,04:06,LIGHT,49,
2026-06-07,04:07,LIGHT,49,
2026-06-07,04:08,LIGHT,49,
2026-06-07,04:09,LIGHT,49,
2026-06-07,04:10,LIGHT,49,
2026-06-07,04:11,LIGHT,49,
2026-06-07,04:12,LIGHT,49,
2026-06-07,04:13,LIGHT,49,
2026-06-07,04:14,LIGHT,49,
2026-06-07,04:15,LIGHT,49,
2026-06-07,04:16,LIGHT,49,
2026-06-07,04:17,LIGHT,49,
2026-06-07,04:18,LIGHT,49,
2026-06-07,04:19,LIGHT,49,
2026-06-07,04:20,LIGHT,49,
2026-06-07,04:21,WAKE,58,
2026-06-07,04:22,LIGHT,56,
2026-06-07,04:23,LIGHT,57,
2026-06-07,04:24,LIGHT,49,
2026-06-07,04:25,LIGHT,49,
2026-06-07,04:26,LIGHT,48,
2026-06-07,04:27,LIGHT,47,
2026-06-07,04:28,LIGHT,47,
2026-06-07,04:29,LIGHT,48,
2026-06-07,04:30,LIGHT,48,
2026-06-07,04:31,LIGHT,48,
2026-06-07,04:32,LIGHT,48,
2026-06-07,04:33,LIGHT,53,
2026-06-07,04:34,LIGHT,47,
2026-06-07,04:35,LIGHT,46,
2026-06-07,04:36,LIGHT,47,
2026-06-07,04:37,LIGHT,46,
2026-06-07,04:38,LIGHT,47,
2026-06-07,04:39,LIGHT,47,
2026-06-07,04:40,LIGHT,47,
2026-06-07,04:41,LIGHT,48,
2026-06-07,04:42,LIGHT,48,
2026-06-07,04:43,LIGHT,48,
2026-06-07,04:44,LIGHT,48,
2026-06-07,04:45,LIGHT,48,
2026-06-07,04:46,LIGHT,53,
2026-06-07,04:47,REM,50,
2026-06-07,04:48,REM,48,
2026-06-07,04:49,REM,48,
2026-06-07,04:50,REM,48,
2026-06-07,04:51,REM,49,
2026-06-07,04:52,REM,51,
2026-06-07,04:53,REM,50,
2026-06-07,04:54,REM,49,
2026-06-07,04:55,REM,50,
2026-06-07,04:56,REM,50,
2026-06-07,04:57,REM,51,
2026-06-07,04:58,REM,51,
2026-06-07,04:59,REM,49,
2026-06-07,05:00,REM,51,
2026-06-07,05:01,REM,53,
2026-06-07,05:02,REM,54,
2026-06-07,05:03,REM,54,
2026-06-07,05:04,REM,50,
2026-06-07,05:05,REM,49,
2026-06-07,05:06,REM,49,
2026-06-07,05:07,REM,49,
2026-06-07,05:08,REM,49,
2026-06-07,05:09,REM,49,
2026-06-07,05:10,REM,48,
2026-06-07,05:11,REM,48,
2026-06-07,05:12,REM,52,
2026-06-07,05:13,REM,49,
2026-06-07,05:14,REM,48,
2026-06-07,05:15,REM,48,
2026-06-07,05:16,REM,49,
2026-06-07,05:17,REM,48,
2026-06-07,05:18,REM,48,
2026-06-07,05:19,LIGHT,48,
2026-06-07,05:20,LIGHT,48,
2026-06-07,05:21,LIGHT,48,
2026-06-07,05:22,LIGHT,50,
2026-06-07,05:23,LIGHT,50,
2026-06-07,05:24,LIGHT,49,
2026-06-07,05:25,LIGHT,49,
2026-06-07,05:26,LIGHT,49,
2026-06-07,05:27,LIGHT,49,
2026-06-07,05:28,LIGHT,51,
2026-06-07,05:29,LIGHT,54,
2026-06-07,05:30,LIGHT,51,
2026-06-07,05:31,LIGHT,49,
2026-06-07,05:32,LIGHT,50,
2026-06-07,05:33,LIGHT,50,
2026-06-07,05:34,LIGHT,50,
2026-06-07,05:35,LIGHT,50,
2026-06-07,05:36,LIGHT,55,
2026-06-07,05:37,LIGHT,52,
2026-06-07,05:38,LIGHT,52,
2026-06-07,05:39,LIGHT,52,
2026-06-07,05:40,LIGHT,51,
2026-06-07,05:41,DEEP,56,
2026-06-07,05:42,DEEP,56,
2026-06-07,05:43,DEEP,57,
2026-06-07,05:44,DEEP,57,
2026-06-07,05:45,DEEP,57,
2026-06-07,05:46,DEEP,51,
2026-06-07,05:47,DEEP,51,
2026-06-07,05:48,LIGHT,52,
2026-06-07,05:49,LIGHT,53,
2026-06-07,05:50,LIGHT,63,
2026-06-07,05:51,LIGHT,54,
2026-06-07,05:52,LIGHT,54,
2026-06-07,05:53,LIGHT,52,
2026-06-07,05:54,LIGHT,49,
2026-06-07,05:55,LIGHT,49,
2026-06-07,05:56,LIGHT,50,
2026-06-07,05:57,LIGHT,53,
2026-06-07,05:58,LIGHT,53,
2026-06-07,05:59,LIGHT,55,
2026-06-07,06:00,LIGHT,52,
2026-06-07,06:01,LIGHT,50,
2026-06-07,06:02,LIGHT,50,
2026-06-07,06:03,LIGHT,49,
2026-06-07,06:04,LIGHT,51,
2026-06-07,06:05,LIGHT,58,
2026-06-07,06:06,LIGHT,52,
2026-06-07,06:07,LIGHT,51,
2026-06-07,06:08,LIGHT,52,
2026-06-07,06:09,LIGHT,52,
2026-06-07,06:10,LIGHT,53,
2026-06-07,06:11,LIGHT,53,
2026-06-07,06:12,LIGHT,51,
2026-06-07,06:13,DEEP,51,
2026-06-07,06:14,DEEP,52,
2026-06-07,06:15,DEEP,52,
2026-06-07,06:16,DEEP,53,
2026-06-07,06:17,DEEP,52,
2026-06-07,06:18,DEEP,52,
2026-06-07,06:19,DEEP,53,
2026-06-07,06:20,DEEP,53,
2026-06-07,06:21,DEEP,53,
2026-06-07,06:22,DEEP,52,
2026-06-07,06:23,DEEP,52,
2026-06-07,06:24,LIGHT,52,
2026-06-07,06:25,LIGHT,53,
2026-06-07,06:26,LIGHT,53,
2026-06-07,06:27,WAKE,53,
2026-06-07,06:28,WAKE,53,
2026-06-07,06:29,LIGHT,53,
2026-06-07,06:30,LIGHT,53,
2026-06-07,06:31,LIGHT,53,
2026-06-07,06:32,LIGHT,58,
2026-06-07,06:33,LIGHT,55,
2026-06-07,06:34,LIGHT,49,
2026-06-07,06:35,REM,49,
2026-06-07,06:36,REM,49,
2026-06-07,06:37,REM,49,
2026-06-07,06:38,REM,49,
2026-06-07,06:39,REM,49,
2026-06-07,06:40,REM,49,
2026-06-07,06:41,REM,49,
2026-06-07,06:42,REM,49,
2026-06-07,06:43,REM,49,
2026-06-07,06:44,REM,49,
2026-06-07,06:45,REM,50,
2026-06-07,06:46,REM,50,
2026-06-07,06:47,REM,50,
2026-06-07,06:48,REM,49,
2026-06-07,06:49,REM,49,
2026-06-07,06:50,REM,49,
2026-06-07,06:51,REM,49,
2026-06-07,06:52,REM,49,
2026-06-07,06:53,REM,49,
2026-06-07,06:54,REM,49,
2026-06-07,06:55,REM,49,
2026-06-07,06:56,REM,49,
2026-06-07,06:57,REM,49,
2026-06-07,06:58,REM,49,
2026-06-07,06:59,REM,49,
2026-06-07,07:00,REM,49,
2026-06-07,07:01,REM,49,
2026-06-07,07:02,REM,49,
2026-06-07,07:03,REM,49,
2026-06-07,07:04,REM,49,
2026-06-07,07:05,REM,49,
2026-06-07,07:06,REM,49,
2026-06-07,07:07,LIGHT,49,
2026-06-07,07:08,LIGHT,49,
2026-06-07,07:09,LIGHT,51,
2026-06-07,07:10,LIGHT,54,
2026-06-07,07:11,LIGHT,51,
2026-06-07,07:12,LIGHT,62,
2026-06-07,07:13,LIGHT,59,
2026-06-07,07:14,LIGHT,51,
2026-06-07,07:15,LIGHT,48,
2026-06-07,07:16,LIGHT,46,
2026-06-07,07:17,LIGHT,44,
2026-06-07,07:18,LIGHT,44,
2026-06-07,07:19,LIGHT,45,
2026-06-07,07:20,LIGHT,46,
2026-06-07,07:21,LIGHT,47,
2026-06-07,07:22,LIGHT,47,
2026-06-07,07:23,LIGHT,46,
2026-06-07,07:24,LIGHT,48,
2026-06-07,07:25,LIGHT,57,
2026-06-07,07:26,LIGHT,50,
2026-06-07,07:27,LIGHT,52,
2026-06-07,07:28,LIGHT,49,
2026-06-07,07:29,LIGHT,54,
2026-06-07,07:30,LIGHT,50,
2026-06-07,07:31,LIGHT,54,
2026-06-07,07:32,LIGHT,54,
2026-06-07,07:33,LIGHT,57,
2026-06-07,07:34,LIGHT,60,
2026-06-07,07:35,LIGHT,58,
2026-06-07,07:36,LIGHT,59,
2026-06-07,07:37,LIGHT,53,
2026-06-07,07:38,LIGHT,49,
2026-06-07,07:39,LIGHT,62,
2026-06-07,07:40,LIGHT,69,
2026-06-07,07:41,LIGHT,65,
2026-06-07,07:42,DEEP,54,
2026-06-07,07:43,DEEP,49,
2026-06-07,07:44,DEEP,49,
2026-06-07,07:45,DEEP,54,
2026-06-07,07:46,DEEP,49,
2026-06-07,07:47,DEEP,49,
2026-06-07,07:48,DEEP,49,
2026-06-07,07:49,DEEP,49,
2026-06-07,07:50,DEEP,52,
2026-06-07,07:51,DEEP,50,
2026-06-07,07:52,DEEP,48,
2026-06-07,07:53,DEEP,48,
2026-06-07,07:54,DEEP,48,
2026-06-07,07:55,DEEP,48,
2026-06-07,07:56,DEEP,52,
2026-06-07,07:57,DEEP,54,
2026-06-07,07:58,DEEP,49,
2026-06-07,07:59,DEEP,48,
2026-06-07,08:00,DEEP,48,
2026-06-07,08:01,DEEP,56,
2026-06-07,08:02,DEEP,57,
2026-06-07,08:03,DEEP,54,
2026-06-07,08:04,DEEP,51,
2026-06-07,08:05,DEEP,53,
2026-06-07,08:06,DEEP,54,
2026-06-07,08:07,DEEP,54,
2026-06-07,08:08,LIGHT,61,
2026-06-07,08:09,LIGHT,63,
2026-06-07,08:10,LIGHT,72,
2026-06-07,08:11,WAKE,74,
2026-06-07,08:12,LIGHT,77,
2026-06-07,08:13,LIGHT,66,
2026-06-07,08:14,LIGHT,66,
2026-06-07,08:15,LIGHT,62,
2026-06-07,08:16,LIGHT,73,
2026-06-07,08:17,LIGHT,70,
2026-06-07,08:18,LIGHT,67,
2026-06-07,08:19,LIGHT,61,
2026-06-07,08:20,LIGHT,58,
2026-06-07,08:21,LIGHT,63,
2026-06-07,08:22,LIGHT,65,
2026-06-07,08:23,LIGHT,61,
2026-06-07,08:24,LIGHT,58,
2026-06-07,08:25,LIGHT,58,
2026-06-07,08:26,LIGHT,68,
2026-06-07,08:27,REM,60,
2026-06-07,08:28,REM,56,
2026-06-07,08:29,REM,56,
2026-06-07,08:30,REM,58,
2026-06-07,08:31,REM,63,
2026-06-07,08:32,REM,63,
2026-06-07,08:33,REM,73,
2026-06-07,08:34,REM,83,
2026-06-07,08:35,REM,89,
2026-06-07,08:36,REM,88,
2026-06-07,08:37,REM,84,
2026-06-07,08:38,REM,79,
2026-06-07,08:39,REM,74,
2026-06-07,08:40,REM,76,
2026-06-07,08:41,REM,77,
2026-06-07,08:42,REM,73,
2026-06-07,08:43,REM,72,
2026-06-07,08:44,LIGHT,69,
2026-06-07,08:45,LIGHT,66,
2026-06-07,08:46,LIGHT,66,
2026-06-07,08:47,LIGHT,65,
2026-06-07,08:48,LIGHT,66,
2026-06-07,08:49,LIGHT,68,
2026-06-07,08:50,LIGHT,67,
2026-06-07,08:51,LIGHT,68,
2026-06-07,08:52,LIGHT,68,
2026-06-07,08:53,LIGHT,70,
2026-06-07,08:54,LIGHT,70,
2026-06-07,08:55,LIGHT,72,
2026-06-07,08:56,LIGHT,71,
2026-06-07,08:57,LIGHT,73,
2026-06-07,08:58,LIGHT,73,
2026-06-07,08:59,LIGHT,82,
2026-06-07,09:00,LIGHT,82,
2026-06-07,09:01,LIGHT,78,
2026-06-07,09:02,LIGHT,72,
2026-06-07,16:46,LIGHT,88,
2026-06-07,16:47,LIGHT,77,
2026-06-07,16:48,LIGHT,69,
2026-06-07,16:49,LIGHT,71,
2026-06-07,16:50,LIGHT,75,
2026-06-07,16:51,LIGHT,78,
2026-06-07,16:52,LIGHT,75,
2026-06-07,16:53,LIGHT,69,
2026-06-07,16:54,LIGHT,68,
2026-06-07,16:55,LIGHT,68,
2026-06-07,16:56,LIGHT,66,
2026-06-07,16:57,LIGHT,67,
2026-06-07,16:58,LIGHT,70,
2026-06-07,16:59,LIGHT,68,
2026-06-07,17:00,LIGHT,69,
2026-06-07,17:01,LIGHT,65,
2026-06-07,17:02,LIGHT,65,
2026-06-07,17:03,LIGHT,68,
2026-06-07,17:04,LIGHT,65,
2026-06-07,17:05,LIGHT,67,
2026-06-07,17:06,LIGHT,67,
2026-06-07,17:07,LIGHT,69,
2026-06-07,17:08,LIGHT,68,
2026-06-07,17:09,LIGHT,65,
2026-06-07,17:10,LIGHT,66,
2026-06-07,17:11,LIGHT,67,
2026-06-07,17:12,LIGHT,65,
2026-06-07,17:13,LIGHT,64,
2026-06-07,17:14,LIGHT,65,
2026-06-07,17:15,DEEP,62,
2026-06-07,17:16,DEEP,61,
2026-06-07,17:17,DEEP,64,
2026-06-07,17:18,DEEP,64,
2026-06-07,17:19,DEEP,66,
2026-06-07,17:20,DEEP,65,
2026-06-07,17:21,LIGHT,65,
2026-06-07,17:22,LIGHT,65,
2026-06-07,17:23,LIGHT,65,
2026-06-07,17:24,DEEP,66,
2026-06-07,17:25,DEEP,67,
2026-06-07,17:26,DEEP,72,
2026-06-07,17:27,DEEP,69,
2026-06-07,17:28,DEEP,70,
2026-06-07,17:29,LIGHT,67,
2026-06-07,17:30,LIGHT,66,
2026-06-07,17:31,LIGHT,63,
2026-06-07,17:32,LIGHT,68,
2026-06-07,17:33,LIGHT,67,
2026-06-07,17:34,LIGHT,64,
2026-06-07,17:35,LIGHT,66,
2026-06-07,17:36,LIGHT,65,
2026-06-07,17:37,REM,65,
2026-06-07,17:38,REM,67,
2026-06-07,17:39,REM,69,
2026-06-07,17:40,REM,64,
2026-06-07,17:41,REM,64,
2026-06-07,17:42,REM,69,
2026-06-07,17:43,REM,70,
2026-06-07,17:44,REM,67,
2026-06-07,17:45,REM,68,
2026-06-07,17:46,REM,67,
2026-06-07,17:47,REM,69,
2026-06-07,17:48,REM,68,
2026-06-07,17:49,LIGHT,66,
2026-06-07,17:50,LIGHT,66,
2026-06-07,17:51,LIGHT,65,
2026-06-07,17:52,LIGHT,65,
2026-06-07,17:53,LIGHT,64,
2026-06-08,01:50,LIGHT,68,
2026-06-08,01:51,LIGHT,68,
2026-06-08,01:52,LIGHT,70,
2026-06-08,01:53,LIGHT,87,
2026-06-08,01:54,LIGHT,84,
2026-06-08,01:55,LIGHT,75,
2026-06-08,01:56,LIGHT,71,
2026-06-08,01:57,LIGHT,68,
2026-06-08,01:58,LIGHT,68,
2026-06-08,01:59,LIGHT,64,
2026-06-08,02:00,LIGHT,69,
2026-06-08,02:01,LIGHT,79,
2026-06-08,02:02,LIGHT,73,
2026-06-08,02:03,LIGHT,72,
2026-06-08,02:04,LIGHT,72,
2026-06-08,02:05,DEEP,67,
2026-06-08,02:06,DEEP,60,
2026-06-08,02:07,DEEP,57,
2026-06-08,02:08,DEEP,57,
2026-06-08,02:09,DEEP,57,
2026-06-08,02:10,DEEP,57,
2026-06-08,02:11,DEEP,57,
2026-06-08,02:12,DEEP,59,
2026-06-08,02:13,DEEP,60,
2026-06-08,02:14,DEEP,60,
2026-06-08,02:15,DEEP,62,
2026-06-08,02:16,DEEP,62,
2026-06-08,02:17,DEEP,64,
2026-06-08,02:18,DEEP,62,
2026-06-08,02:19,DEEP,77,
2026-06-08,02:20,DEEP,82,
2026-06-08,02:21,DEEP,71,
2026-06-08,02:22,DEEP,60,
2026-06-08,02:23,DEEP,56,
2026-06-08,02:24,DEEP,56,
2026-06-08,02:25,DEEP,55,
2026-06-08,02:26,DEEP,54,
2026-06-08,02:27,DEEP,54,
2026-06-08,02:28,DEEP,54,
2026-06-08,02:29,DEEP,54,
2026-06-08,02:30,LIGHT,54,
2026-06-08,02:31,LIGHT,53,
2026-06-08,02:32,LIGHT,55,
2026-06-08,02:33,LIGHT,55,
2026-06-08,02:34,LIGHT,56,
2026-06-08,02:35,WAKE,79,
2026-06-08,02:36,LIGHT,92,
2026-06-08,02:37,LIGHT,71,
2026-06-08,02:38,LIGHT,58,
2026-06-08,02:39,LIGHT,54,
2026-06-08,02:40,LIGHT,54,
2026-06-08,02:41,LIGHT,53,
2026-06-08,02:42,LIGHT,53,
2026-06-08,02:43,LIGHT,50,
2026-06-08,02:44,LIGHT,50,
2026-06-08,02:45,WAKE,51,
2026-06-08,02:46,LIGHT,52,
2026-06-08,02:47,LIGHT,56,
2026-06-08,02:48,LIGHT,53,
2026-06-08,02:49,LIGHT,52,
2026-06-08,02:50,LIGHT,51,
2026-06-08,02:51,LIGHT,51,
2026-06-08,02:52,LIGHT,51,
2026-06-08,02:53,LIGHT,51,
2026-06-08,02:54,LIGHT,52,
2026-06-08,02:55,LIGHT,52,
2026-06-08,02:56,LIGHT,52,
2026-06-08,02:57,REM,52,
2026-06-08,02:58,REM,52,
2026-06-08,02:59,REM,59,
2026-06-08,03:00,REM,53,
2026-06-08,03:01,REM,52,
2026-06-08,03:02,REM,52,
2026-06-08,03:03,REM,53,
2026-06-08,03:04,REM,53,
2026-06-08,03:05,REM,53,
2026-06-08,03:06,REM,53,
2026-06-08,03:07,REM,54,
2026-06-08,03:08,REM,54,
2026-06-08,03:09,REM,53,
2026-06-08,03:10,REM,53,
2026-06-08,03:11,REM,53,
2026-06-08,03:12,REM,53,
2026-06-08,03:13,REM,53,
2026-06-08,03:14,REM,53,
2026-06-08,03:15,LIGHT,52,
2026-06-08,03:16,LIGHT,52,
2026-06-08,03:17,LIGHT,52,
2026-06-08,03:18,LIGHT,52,
2026-06-08,03:19,LIGHT,52,
2026-06-08,03:20,LIGHT,52,
2026-06-08,03:21,LIGHT,52,
2026-06-08,03:22,LIGHT,52,
2026-06-08,03:23,LIGHT,52,
2026-06-08,03:24,LIGHT,52,
2026-06-08,03:25,LIGHT,52,
2026-06-08,03:26,LIGHT,52,
2026-06-08,03:27,LIGHT,52,
2026-06-08,03:28,LIGHT,52,
2026-06-08,03:29,LIGHT,52,
2026-06-08,03:30,LIGHT,52,
2026-06-08,03:31,LIGHT,52,
2026-06-08,03:32,LIGHT,52,
2026-06-08,03:33,LIGHT,52,
2026-06-08,03:34,LIGHT,52,
2026-06-08,03:35,LIGHT,52,
2026-06-08,03:36,DEEP,52,
2026-06-08,03:37,DEEP,52,
2026-06-08,03:38,DEEP,52,
2026-06-08,03:39,DEEP,52,
2026-06-08,03:40,DEEP,52,
2026-06-08,03:41,LIGHT,53,
2026-06-08,03:42,LIGHT,53,
2026-06-08,03:43,LIGHT,53,
2026-06-08,03:44,LIGHT,53,
2026-06-08,03:45,LIGHT,55,
2026-06-08,03:46,LIGHT,55,
2026-06-08,03:47,LIGHT,57,
2026-06-08,03:48,LIGHT,52,
2026-06-08,03:49,LIGHT,52,
2026-06-08,03:50,LIGHT,53,
2026-06-08,03:51,LIGHT,54,
2026-06-08,03:52,LIGHT,55,
2026-06-08,03:53,LIGHT,55,
2026-06-08,03:54,LIGHT,58,
2026-06-08,03:55,LIGHT,52,
2026-06-08,03:56,LIGHT,54,
2026-06-08,03:57,LIGHT,54,
2026-06-08,03:58,LIGHT,54,
2026-06-08,03:59,LIGHT,54,
2026-06-08,04:00,LIGHT,55,
2026-06-08,04:01,LIGHT,55,
2026-06-08,04:02,LIGHT,58,
2026-06-08,04:03,LIGHT,55,
2026-06-08,04:04,LIGHT,53,
2026-06-08,04:05,LIGHT,52,
2026-06-08,04:06,DEEP,51,
2026-06-08,04:07,DEEP,51,
2026-06-08,04:08,DEEP,50,
2026-06-08,04:09,DEEP,49,
2026-06-08,04:10,DEEP,48,
2026-06-08,04:11,DEEP,48,
2026-06-08,04:12,DEEP,48,
2026-06-08,04:13,DEEP,48,
2026-06-08,04:14,DEEP,48,
2026-06-08,04:15,DEEP,48,
2026-06-08,04:16,DEEP,48,
2026-06-08,04:17,DEEP,49,
2026-06-08,04:18,DEEP,49,
2026-06-08,04:19,DEEP,50,
2026-06-08,04:20,DEEP,57,
2026-06-08,04:21,LIGHT,50,
2026-06-08,04:22,LIGHT,49,
2026-06-08,04:23,LIGHT,49,
2026-06-08,04:24,WAKE,49,
2026-06-08,04:25,LIGHT,49,
2026-06-08,04:26,LIGHT,49,
2026-06-08,04:27,LIGHT,49,
2026-06-08,04:28,LIGHT,49,
2026-06-08,04:29,LIGHT,49,
2026-06-08,04:30,LIGHT,50,
2026-06-08,04:31,LIGHT,50,
2026-06-08,04:32,LIGHT,50,
2026-06-08,04:33,LIGHT,50,
2026-06-08,04:34,LIGHT,50,
2026-06-08,04:35,LIGHT,49,
2026-06-08,04:36,LIGHT,49,
2026-06-08,04:37,LIGHT,49,
2026-06-08,04:38,LIGHT,55,
2026-06-08,04:39,LIGHT,60,
2026-06-08,04:40,REM,58,
2026-06-08,04:41,REM,52,
2026-06-08,04:42,REM,49,
2026-06-08,04:43,REM,49,
2026-06-08,04:44,REM,49,
2026-06-08,04:45,REM,48,
2026-06-08,04:46,REM,48,
2026-06-08,04:47,REM,48,
2026-06-08,04:48,LIGHT,47,
2026-06-08,04:49,LIGHT,47,
2026-06-08,04:50,LIGHT,45,
2026-06-08,04:51,LIGHT,46,
2026-06-08,04:52,LIGHT,46,
2026-06-08,04:53,LIGHT,46,
2026-06-08,04:54,LIGHT,46,
2026-06-08,04:55,LIGHT,46,
2026-06-08,04:56,LIGHT,46,
2026-06-08,04:57,LIGHT,46,
2026-06-08,04:58,LIGHT,46,
2026-06-08,04:59,LIGHT,46,
2026-06-08,05:00,LIGHT,45,
2026-06-08,05:01,LIGHT,45,
2026-06-08,05:02,LIGHT,44,
2026-06-08,05:03,LIGHT,44,
2026-06-08,05:04,LIGHT,43,
2026-06-08,05:05,LIGHT,50,
2026-06-08,05:06,LIGHT,47,
2026-06-08,05:07,LIGHT,47,
2026-06-08,05:08,LIGHT,46,
2026-06-08,05:09,LIGHT,46,
2026-06-08,05:10,LIGHT,46,
2026-06-08,05:11,LIGHT,47,
2026-06-08,05:12,LIGHT,47,
2026-06-08,05:13,LIGHT,47,
2026-06-08,05:14,LIGHT,47,
2026-06-08,05:15,LIGHT,47,
2026-06-08,05:16,LIGHT,48,
2026-06-08,05:17,LIGHT,49,
2026-06-08,05:18,LIGHT,49,
2026-06-08,05:19,LIGHT,50,
2026-06-08,05:20,LIGHT,52,
2026-06-08,05:21,LIGHT,52,
2026-06-08,05:22,LIGHT,50,
2026-06-08,05:23,LIGHT,51,
2026-06-08,05:24,LIGHT,50,
2026-06-08,05:25,LIGHT,50,
2026-06-08,05:26,LIGHT,50,
2026-06-08,05:27,LIGHT,49,
2026-06-08,05:28,LIGHT,51,
2026-06-08,05:29,LIGHT,53,
2026-06-08,05:30,LIGHT,50,
2026-06-08,05:31,LIGHT,49,
2026-06-08,05:32,LIGHT,47,
2026-06-08,05:33,LIGHT,46,
2026-06-08,05:34,LIGHT,44,
2026-06-08,05:35,LIGHT,48,
2026-06-08,05:36,LIGHT,45,
2026-06-08,05:37,LIGHT,45,
2026-06-08,05:38,LIGHT,45,
2026-06-08,05:39,LIGHT,45,
2026-06-08,05:40,REM,45,
2026-06-08,05:41,REM,45,
2026-06-08,05:42,REM,45,
2026-06-08,05:43,REM,45,
2026-06-08,05:44,REM,45,
2026-06-08,05:45,REM,47,
2026-06-08,05:46,REM,46,
2026-06-08,05:47,REM,45,
2026-06-08,05:48,REM,45,
2026-06-08,05:49,REM,45,
2026-06-08,05:50,REM,45,
2026-06-08,05:51,REM,45,
2026-06-08,05:52,REM,45,
2026-06-08,05:53,REM,47,
2026-06-08,05:54,REM,46,
2026-06-08,05:55,REM,46,
2026-06-08,05:56,REM,46,
2026-06-08,05:57,REM,46,
2026-06-08,05:58,REM,46,
2026-06-08,05:59,REM,46,
2026-06-08,06:00,REM,46,
2026-06-08,06:01,REM,46,
2026-06-08,06:02,REM,46,
2026-06-08,06:03,REM,46,
2026-06-08,06:04,REM,46,
2026-06-08,06:05,REM,47,
2026-06-08,06:06,REM,45,
2026-06-08,06:07,REM,45,
2026-06-08,06:08,REM,45,
2026-06-08,06:09,REM,45,
2026-06-08,06:10,REM,46,
2026-06-08,06:11,REM,44,
2026-06-08,06:12,REM,44,
2026-06-08,06:13,REM,44,
2026-06-08,06:14,REM,44,
2026-06-08,06:15,REM,44,
2026-06-08,06:16,REM,44,
2026-06-08,06:17,REM,44,
2026-06-08,06:18,REM,44,
2026-06-08,06:19,REM,44,
2026-06-08,06:20,REM,45,
2026-06-08,06:21,REM,45,
2026-06-08,06:22,REM,48,
2026-06-08,06:23,REM,53,
2026-06-08,06:24,LIGHT,45,
2026-06-08,06:25,LIGHT,45,
2026-06-08,06:26,LIGHT,44,
2026-06-08,06:27,LIGHT,43,
2026-06-08,06:28,LIGHT,44,
2026-06-08,06:29,LIGHT,44,
2026-06-08,06:30,LIGHT,46,
2026-06-08,06:31,LIGHT,43,
2026-06-08,06:32,LIGHT,48,
2026-06-08,06:33,LIGHT,46,
2026-06-08,06:34,LIGHT,46,
2026-06-08,06:35,LIGHT,44,
2026-06-08,06:36,LIGHT,49,
2026-06-08,06:37,LIGHT,43,
2026-06-08,06:38,LIGHT,43,
2026-06-08,06:39,LIGHT,43,
2026-06-08,06:40,LIGHT,44,
2026-06-08,06:41,LIGHT,48,
2026-06-08,06:42,LIGHT,52,
2026-06-08,06:43,LIGHT,46,
2026-06-08,06:44,LIGHT,40,
2026-06-08,06:45,LIGHT,40,
2026-06-08,06:46,LIGHT,43,
2026-06-08,06:47,LIGHT,41,
2026-06-08,06:48,LIGHT,41,
2026-06-08,06:49,LIGHT,52,
2026-06-08,06:50,LIGHT,44,
2026-06-08,06:51,LIGHT,42,
2026-06-08,06:52,LIGHT,41,
2026-06-08,06:53,LIGHT,41,
2026-06-08,06:54,LIGHT,42,
2026-06-08,06:55,LIGHT,40,
2026-06-08,06:56,DEEP,45,
2026-06-08,06:57,DEEP,45,
2026-06-08,06:58,DEEP,42,
2026-06-08,06:59,DEEP,42,
2026-06-08,07:00,DEEP,42,
2026-06-08,07:01,DEEP,41,
2026-06-08,07:02,DEEP,41,
2026-06-08,07:03,DEEP,41,
2026-06-08,07:04,DEEP,41,
2026-06-08,07:05,DEEP,41,
2026-06-08,07:06,DEEP,44,
2026-06-08,07:07,DEEP,44,
2026-06-08,07:08,DEEP,42,
2026-06-08,07:09,DEEP,41,
2026-06-08,07:10,DEEP,41,
2026-06-08,07:11,DEEP,46,
2026-06-08,07:12,LIGHT,48,
2026-06-08,07:13,LIGHT,44,
2026-06-08,07:14,LIGHT,42,
2026-06-08,07:15,LIGHT,43,
2026-06-08,07:16,LIGHT,45,
2026-06-08,07:17,LIGHT,50,
2026-06-08,07:18,LIGHT,46,
2026-06-08,07:19,LIGHT,44,
2026-06-08,07:20,LIGHT,44,
2026-06-08,07:21,LIGHT,44,
2026-06-08,07:22,REM,44,
2026-06-08,07:23,REM,44,
2026-06-08,07:24,REM,45,
2026-06-08,07:25,REM,45,
2026-06-08,07:26,REM,49,
2026-06-08,07:27,REM,45,
2026-06-08,07:28,REM,44,
2026-06-08,07:29,REM,46,
2026-06-08,07:30,REM,46,
2026-06-08,07:31,REM,46,
2026-06-08,07:32,REM,55,
2026-06-08,07:33,REM,52,
2026-06-08,07:34,REM,47,
2026-06-08,07:35,REM,44,
2026-06-08,07:36,REM,44,
2026-06-08,07:37,REM,44,
2026-06-08,07:38,REM,44,
2026-06-08,07:39,REM,44,
2026-06-08,07:40,REM,43,
2026-06-08,07:41,REM,43,
2026-06-08,07:42,REM,43,
2026-06-08,07:43,REM,44,
2026-06-08,07:44,REM,54,
2026-06-08,07:45,REM,51,
2026-06-08,07:46,REM,46,
2026-06-08,07:47,REM,47,
2026-06-08,07:48,REM,47,
2026-06-08,07:49,REM,54,
2026-06-08,07:50,REM,52,
2026-06-08,07:51,REM,57,
2026-06-08,07:52,REM,66,
2026-06-08,07:53,REM,68,
2026-06-08,07:54,REM,64,
2026-06-08,07:55,REM,59,
2026-06-08,07:56,REM,61,
2026-06-08,07:57,LIGHT,56,
2026-06-08,07:58,LIGHT,61,
2026-06-08,07:59,LIGHT,64,
2026-06-08,08:00,LIGHT,62,
2026-06-08,08:01,LIGHT,62,
2026-06-09,02:50,LIGHT,49,
2026-06-09,02:51,LIGHT,49,
2026-06-09,02:52,LIGHT,50,
2026-06-09,02:53,LIGHT,50,
2026-06-09,02:54,LIGHT,51,
2026-06-09,02:55,LIGHT,51,
2026-06-09,02:56,LIGHT,58,
2026-06-09,02:57,LIGHT,50,
2026-06-09,02:58,LIGHT,47,
2026-06-09,02:59,LIGHT,46,
2026-06-09,03:00,WAKE,46,
2026-06-09,03:01,LIGHT,46,
2026-06-09,03:02,LIGHT,46,
2026-06-09,03:03,LIGHT,47,
2026-06-09,03:04,LIGHT,47,
2026-06-09,03:05,LIGHT,47,
2026-06-09,03:06,LIGHT,48,
2026-06-09,03:07,DEEP,47,
2026-06-09,03:08,DEEP,46,
2026-06-09,03:09,DEEP,46,
2026-06-09,03:10,DEEP,46,
2026-06-09,03:11,DEEP,46,
2026-06-09,03:12,DEEP,46,
2026-06-09,03:13,DEEP,46,
2026-06-09,03:14,DEEP,48,
2026-06-09,03:15,DEEP,52,
2026-06-09,03:16,DEEP,54,
2026-06-09,03:17,DEEP,50,
2026-06-09,03:18,DEEP,50,
2026-06-09,03:19,DEEP,50,
2026-06-09,03:20,DEEP,52,
2026-06-09,03:21,DEEP,52,
2026-06-09,03:22,DEEP,52,
2026-06-09,03:23,DEEP,50,
2026-06-09,03:24,DEEP,51,
2026-06-09,03:25,DEEP,51,
2026-06-09,03:26,DEEP,51,
2026-06-09,03:27,DEEP,51,
2026-06-09,03:28,DEEP,51,
2026-06-09,03:29,DEEP,51,
2026-06-09,03:30,DEEP,55,
2026-06-09,03:31,DEEP,52,
2026-06-09,03:32,DEEP,50,
2026-06-09,03:33,DEEP,48,
2026-06-09,03:34,DEEP,48,
2026-06-09,03:35,DEEP,48,
2026-06-09,03:36,DEEP,48,
2026-06-09,03:37,DEEP,48,
2026-06-09,03:38,DEEP,48,
2026-06-09,03:39,DEEP,48,
2026-06-09,03:40,DEEP,47,
2026-06-09,03:41,DEEP,47,
2026-06-09,03:42,DEEP,47,
2026-06-09,03:43,DEEP,47,
2026-06-09,03:44,DEEP,48,
2026-06-09,03:45,DEEP,48,
2026-06-09,03:46,DEEP,49,
2026-06-09,03:47,LIGHT,49,
2026-06-09,03:48,LIGHT,49,
2026-06-09,03:49,LIGHT,49,
2026-06-09,03:50,REM,49,
2026-06-09,03:51,REM,49,
2026-06-09,03:52,REM,49,
2026-06-09,03:53,REM,49,
2026-06-09,03:54,REM,49,
2026-06-09,03:55,REM,49,
2026-06-09,03:56,REM,50,
2026-06-09,03:57,REM,50,
2026-06-09,03:58,REM,50,
2026-06-09,03:59,REM,50,
2026-06-09,04:00,REM,48,
2026-06-09,04:01,REM,48,
2026-06-09,04:02,REM,48,
2026-06-09,04:03,REM,48,
2026-06-09,04:04,REM,55,
2026-06-09,04:05,REM,49,
2026-06-09,04:06,REM,48,
2026-06-09,04:07,REM,48,
2026-06-09,04:08,REM,48,
2026-06-09,04:09,LIGHT,48,
2026-06-09,04:10,LIGHT,48,
2026-06-09,04:11,LIGHT,48,
2026-06-09,04:12,LIGHT,48,
2026-06-09,04:13,LIGHT,48,
2026-06-09,04:14,LIGHT,48,
2026-06-09,04:15,LIGHT,48,
2026-06-09,04:16,LIGHT,48,
2026-06-09,04:17,LIGHT,48,
2026-06-09,04:18,LIGHT,48,
2026-06-09,04:19,LIGHT,47,
2026-06-09,04:20,LIGHT,47,
2026-06-09,04:21,LIGHT,47,
2026-06-09,04:22,LIGHT,47,
2026-06-09,04:23,LIGHT,47,
2026-06-09,04:24,LIGHT,47,
2026-06-09,04:25,LIGHT,47,
2026-06-09,04:26,LIGHT,47,
2026-06-09,04:27,LIGHT,47,
2026-06-09,04:28,LIGHT,47,
2026-06-09,04:29,LIGHT,46,
2026-06-09,04:30,LIGHT,46,
2026-06-09,04:31,LIGHT,46,
2026-06-09,04:32,LIGHT,46,
2026-06-09,04:33,LIGHT,46,
2026-06-09,04:34,LIGHT,46,
2026-06-09,04:35,DEEP,46,
2026-06-09,04:36,DEEP,46,
2026-06-09,04:37,DEEP,46,
2026-06-09,04:38,DEEP,46,
2026-06-09,04:39,LIGHT,46,
2026-06-09,04:40,LIGHT,46,
2026-06-09,04:41,LIGHT,46,
2026-06-09,04:42,LIGHT,46,
2026-06-09,04:43,LIGHT,46,
2026-06-09,04:44,LIGHT,46,
2026-06-09,04:45,LIGHT,46,
2026-06-09,04:46,LIGHT,45,
2026-06-09,04:47,LIGHT,45,
2026-06-09,04:48,LIGHT,49,
2026-06-09,04:49,LIGHT,43,
2026-06-09,04:50,LIGHT,43,
2026-06-09,04:51,LIGHT,43,
2026-06-09,04:52,LIGHT,44,
2026-06-09,04:53,LIGHT,44,
2026-06-09,04:54,DEEP,46,
2026-06-09,04:55,DEEP,48,
2026-06-09,04:56,DEEP,48,
2026-06-09,04:57,DEEP,45,
2026-06-09,04:58,DEEP,49,
2026-06-09,04:59,DEEP,49,
2026-06-09,05:00,DEEP,47,
2026-06-09,05:01,DEEP,47,
2026-06-09,05:02,DEEP,47,
2026-06-09,05:03,DEEP,46,
2026-06-09,05:04,DEEP,47,
2026-06-09,05:05,DEEP,44,
2026-06-09,05:06,LIGHT,50,
2026-06-09,05:07,LIGHT,55,
2026-06-09,05:08,LIGHT,57,
2026-06-09,05:09,LIGHT,48,
2026-06-09,05:10,LIGHT,43,
2026-06-09,05:11,LIGHT,43,
2026-06-09,05:12,LIGHT,43,
2026-06-09,05:13,LIGHT,43,
2026-06-09,05:14,LIGHT,44,
2026-06-09,05:15,LIGHT,44,
2026-06-09,05:16,LIGHT,44,
2026-06-09,05:17,REM,44,
2026-06-09,05:18,REM,44,
2026-06-09,05:19,REM,45,
2026-06-09,05:20,REM,45,
2026-06-09,05:21,REM,45,
2026-06-09,05:22,REM,44,
2026-06-09,05:23,REM,51,
2026-06-09,05:24,REM,48,
2026-06-09,05:25,REM,43,
2026-06-09,05:26,REM,41,
2026-06-09,05:27,REM,41,
2026-06-09,05:28,REM,41,
2026-06-09,05:29,REM,41,
2026-06-09,05:30,REM,41,
2026-06-09,05:31,REM,43,
2026-06-09,05:32,REM,43,
2026-06-09,05:33,LIGHT,44,
2026-06-09,05:34,LIGHT,41,
2026-06-09,05:35,LIGHT,40,
2026-06-09,05:36,LIGHT,41,
2026-06-09,05:37,LIGHT,41,
2026-06-09,05:38,LIGHT,41,
2026-06-09,05:39,LIGHT,41,
2026-06-09,05:40,LIGHT,41,
2026-06-09,05:41,LIGHT,41,
2026-06-09,05:42,LIGHT,41,
2026-06-09,05:43,LIGHT,41,
2026-06-09,05:44,LIGHT,42,
2026-06-09,05:45,LIGHT,42,
2026-06-09,05:46,LIGHT,42,
2026-06-09,05:47,LIGHT,42,
2026-06-09,05:48,LIGHT,58,
2026-06-09,05:49,LIGHT,58,
2026-06-09,05:50,LIGHT,52,
2026-06-09,05:51,LIGHT,49,
2026-06-09,05:52,LIGHT,45,
2026-06-09,05:53,LIGHT,42,
2026-06-09,05:54,LIGHT,42,
2026-06-09,05:55,LIGHT,42,
2026-06-09,05:56,LIGHT,42,
2026-06-09,05:57,LIGHT,42,
2026-06-09,05:58,LIGHT,42,
2026-06-09,05:59,LIGHT,43,
2026-06-09,06:00,LIGHT,43,
2026-06-09,06:01,LIGHT,43,
2026-06-09,06:02,LIGHT,43,
2026-06-09,06:03,LIGHT,43,
2026-06-09,06:04,LIGHT,43,
2026-06-09,06:05,LIGHT,43,
2026-06-09,06:06,LIGHT,43,
2026-06-09,06:07,LIGHT,43,
2026-06-09,06:08,LIGHT,43,
2026-06-09,06:09,LIGHT,48,
2026-06-09,06:10,LIGHT,50,
2026-06-09,06:11,LIGHT,53,
2026-06-09,06:12,LIGHT,45,
2026-06-09,06:13,LIGHT,42,
2026-06-09,06:14,LIGHT,42,
2026-06-09,06:15,LIGHT,42,
2026-06-09,06:16,LIGHT,42,
2026-06-09,06:17,LIGHT,42,
2026-06-09,06:18,LIGHT,42,
2026-06-09,06:19,LIGHT,42,
2026-06-09,06:20,LIGHT,42,
2026-06-09,06:21,LIGHT,42,
2026-06-09,06:22,LIGHT,42,
2026-06-09,06:23,LIGHT,42,
2026-06-09,06:24,LIGHT,42,
2026-06-09,06:25,LIGHT,44,
2026-06-09,06:26,LIGHT,46,
2026-06-09,06:27,LIGHT,46,
2026-06-09,06:28,LIGHT,46,
2026-06-09,06:29,LIGHT,48,
2026-06-09,06:30,LIGHT,48,
2026-06-09,06:31,LIGHT,53,
2026-06-09,06:32,LIGHT,46,
2026-06-09,06:33,LIGHT,46,
2026-06-09,06:34,LIGHT,47,
2026-06-09,06:35,LIGHT,46,
2026-06-09,06:36,REM,46,
2026-06-09,06:37,REM,44,
2026-06-09,06:38,REM,45,
2026-06-09,06:39,REM,45,
2026-06-09,06:40,REM,48,
2026-06-09,06:41,REM,44,
2026-06-09,06:42,REM,44,
2026-06-09,06:43,REM,42,
2026-06-09,06:44,REM,42,
2026-06-09,06:45,REM,43,
2026-06-09,06:46,REM,43,
2026-06-09,06:47,REM,43,
2026-06-09,06:48,REM,44,
2026-06-09,06:49,REM,45,
2026-06-09,06:50,REM,45,
2026-06-09,06:51,LIGHT,50,
2026-06-09,06:52,LIGHT,44,
2026-06-09,06:53,LIGHT,42,
2026-06-09,06:54,LIGHT,42,
2026-06-09,06:55,LIGHT,42,
2026-06-09,06:56,LIGHT,43,
2026-06-09,06:57,LIGHT,46,
2026-06-09,06:58,WAKE,44,
2026-06-09,06:59,LIGHT,44,
2026-06-09,07:00,LIGHT,44,
2026-06-09,07:01,LIGHT,44,
2026-06-09,07:02,LIGHT,43,
2026-06-09,07:03,LIGHT,43,
2026-06-09,07:04,LIGHT,42,
2026-06-09,07:05,LIGHT,48,
2026-06-09,07:06,LIGHT,49,
2026-06-09,07:07,LIGHT,47,
2026-06-09,07:08,LIGHT,47,
2026-06-09,07:09,LIGHT,46,
2026-06-09,07:10,LIGHT,45,
2026-06-09,07:11,LIGHT,45,
2026-06-09,07:12,LIGHT,47,
2026-06-09,07:13,LIGHT,46,
2026-06-09,07:14,LIGHT,45,
2026-06-09,07:15,LIGHT,44,
2026-06-09,07:16,LIGHT,49,
2026-06-09,07:17,LIGHT,51,
2026-06-09,07:18,LIGHT,48,
2026-06-09,07:19,LIGHT,46,
2026-06-09,07:20,LIGHT,48,
2026-06-09,07:21,LIGHT,47,
2026-06-09,07:22,LIGHT,47,
2026-06-09,07:23,LIGHT,46,
2026-06-09,07:24,LIGHT,45,
2026-06-09,07:25,LIGHT,47,
2026-06-09,07:26,LIGHT,44,
2026-06-09,07:27,WAKE,46,
2026-06-09,07:28,LIGHT,44,
2026-06-09,07:29,LIGHT,44,
2026-06-09,07:30,LIGHT,51,
2026-06-09,07:31,LIGHT,45,
2026-06-09,07:32,LIGHT,45,
2026-06-09,07:33,LIGHT,43,
2026-06-09,07:34,LIGHT,43,
2026-06-09,07:35,LIGHT,43,
2026-06-09,07:36,LIGHT,43,
2026-06-09,07:37,LIGHT,44,
2026-06-09,07:38,LIGHT,44,
2026-06-09,07:39,LIGHT,44,
2026-06-09,07:40,LIGHT,44,
2026-06-09,07:41,LIGHT,45,
2026-06-09,07:42,LIGHT,45,
2026-06-09,07:43,LIGHT,44,
2026-06-09,07:44,LIGHT,44,
2026-06-09,07:45,LIGHT,44,
2026-06-09,07:46,WAKE,44,
2026-06-09,07:47,LIGHT,45,
2026-06-10,02:21,LIGHT,53,
2026-06-10,02:22,LIGHT,53,
2026-06-10,02:23,LIGHT,51,
2026-06-10,02:24,LIGHT,53,
2026-06-10,02:25,LIGHT,59,
2026-06-10,02:26,LIGHT,55,
2026-06-10,02:27,LIGHT,52,
2026-06-10,02:28,LIGHT,55,
2026-06-10,02:29,LIGHT,62,
2026-06-10,02:30,LIGHT,61,
2026-06-10,02:31,LIGHT,60,
2026-06-10,02:32,LIGHT,57,
2026-06-10,02:33,DEEP,54,
2026-06-10,02:34,DEEP,56,
2026-06-10,02:35,DEEP,52,
2026-06-10,02:36,DEEP,52,
2026-06-10,02:37,DEEP,51,
2026-06-10,02:38,DEEP,50,
2026-06-10,02:39,DEEP,50,
2026-06-10,02:40,DEEP,50,
2026-06-10,02:41,DEEP,50,
2026-06-10,02:42,DEEP,49,
2026-06-10,02:43,DEEP,49,
2026-06-10,02:44,DEEP,49,
2026-06-10,02:45,DEEP,49,
2026-06-10,02:46,DEEP,49,
2026-06-10,02:47,DEEP,49,
2026-06-10,02:48,DEEP,49,
2026-06-10,02:49,DEEP,49,
2026-06-10,02:50,DEEP,50,
2026-06-10,02:51,DEEP,49,
2026-06-10,02:52,DEEP,49,
2026-06-10,02:53,DEEP,49,
2026-06-10,02:54,DEEP,49,
2026-06-10,02:55,DEEP,49,
2026-06-10,02:56,DEEP,49,
2026-06-10,02:57,LIGHT,49,
2026-06-10,02:58,LIGHT,49,
2026-06-10,02:59,LIGHT,49,
2026-06-10,03:00,LIGHT,49,
2026-06-10,03:01,LIGHT,49,
2026-06-10,03:02,LIGHT,49,
2026-06-10,03:03,LIGHT,49,
2026-06-10,03:04,LIGHT,49,
2026-06-10,03:05,LIGHT,49,
2026-06-10,03:06,LIGHT,49,
2026-06-10,03:07,LIGHT,49,
2026-06-10,03:08,LIGHT,49,
2026-06-10,03:09,LIGHT,49,
2026-06-10,03:10,LIGHT,49,
2026-06-10,03:11,LIGHT,49,
2026-06-10,03:12,DEEP,49,
2026-06-10,03:13,DEEP,55,
2026-06-10,03:14,LIGHT,51,
2026-06-10,03:15,LIGHT,49,
2026-06-10,03:16,LIGHT,48,
2026-06-10,03:17,WAKE,48,
2026-06-10,03:18,LIGHT,48,
2026-06-10,03:19,LIGHT,48,
2026-06-10,03:20,LIGHT,48,
2026-06-10,03:21,REM,48,
2026-06-10,03:22,REM,48,
2026-06-10,03:23,REM,48,
2026-06-10,03:24,REM,48,
2026-06-10,03:25,REM,53,
2026-06-10,03:26,REM,55,
2026-06-10,03:27,REM,58,
2026-06-10,03:28,REM,54,
2026-06-10,03:29,REM,54,
2026-06-10,03:30,REM,49,
2026-06-10,03:31,REM,49,
2026-06-10,03:32,REM,49,
2026-06-10,03:33,REM,49,
2026-06-10,03:34,REM,51,
2026-06-10,03:35,REM,50,
2026-06-10,03:36,REM,50,
2026-06-10,03:37,REM,50,
2026-06-10,03:38,REM,50,
2026-06-10,03:39,REM,50,
2026-06-10,03:40,REM,49,
2026-06-10,03:41,REM,49,
2026-06-10,03:42,REM,50,
2026-06-10,03:43,REM,48,
2026-06-10,03:44,REM,53,
2026-06-10,03:45,LIGHT,52,
2026-06-10,03:46,LIGHT,52,
2026-06-10,03:47,LIGHT,50,
2026-06-10,03:48,LIGHT,52,
2026-06-10,03:49,LIGHT,50,
2026-06-10,03:50,LIGHT,50,
2026-06-10,03:51,LIGHT,49,
2026-06-10,03:52,LIGHT,49,
2026-06-10,03:53,LIGHT,48,
2026-06-10,03:54,LIGHT,48,
2026-06-10,03:55,LIGHT,48,
2026-06-10,03:56,LIGHT,48,
2026-06-10,03:57,LIGHT,48,
2026-06-10,03:58,LIGHT,48,
2026-06-10,03:59,LIGHT,48,
2026-06-10,04:00,LIGHT,48,
2026-06-10,04:01,LIGHT,53,
2026-06-10,04:02,LIGHT,49,
2026-06-10,04:03,LIGHT,47,
2026-06-10,04:04,LIGHT,47,
2026-06-10,04:05,LIGHT,47,
2026-06-10,04:06,LIGHT,47,
2026-06-10,04:07,LIGHT,47,
2026-06-10,04:08,LIGHT,47,
2026-06-10,04:09,LIGHT,49,
2026-06-10,04:10,LIGHT,49,
2026-06-10,04:11,LIGHT,48,
2026-06-10,04:12,LIGHT,48,
2026-06-10,04:13,LIGHT,48,
2026-06-10,04:14,LIGHT,48,
2026-06-10,04:15,LIGHT,49,
2026-06-10,04:16,LIGHT,49,
2026-06-10,04:17,DEEP,49,
2026-06-10,04:18,DEEP,49,
2026-06-10,04:19,DEEP,49,
2026-06-10,04:20,DEEP,49,
2026-06-10,04:21,DEEP,49,
2026-06-10,04:22,DEEP,49,
2026-06-10,04:23,DEEP,49,
2026-06-10,04:24,DEEP,49,
2026-06-10,04:25,DEEP,49,
2026-06-10,04:26,DEEP,49,
2026-06-10,04:27,DEEP,49,
2026-06-10,04:28,DEEP,50,
2026-06-10,04:29,DEEP,50,
2026-06-10,04:30,DEEP,50,
2026-06-10,04:31,DEEP,51,
2026-06-10,04:32,DEEP,51,
2026-06-10,04:33,DEEP,51,
2026-06-10,04:34,DEEP,51,
2026-06-10,04:35,DEEP,50,
2026-06-10,04:36,DEEP,50,
2026-06-10,04:37,DEEP,50,
2026-06-10,04:38,DEEP,50,
2026-06-10,04:39,DEEP,50,
2026-06-10,04:40,DEEP,58,
2026-06-10,04:41,DEEP,51,
2026-06-10,04:42,DEEP,48,
2026-06-10,04:43,DEEP,48,
2026-06-10,04:44,DEEP,48,
2026-06-10,04:45,DEEP,48,
2026-06-10,04:46,DEEP,47,
2026-06-10,04:47,DEEP,47,
2026-06-10,04:48,DEEP,47,
2026-06-10,04:49,DEEP,48,
2026-06-10,04:50,LIGHT,48,
2026-06-10,04:51,LIGHT,48,
2026-06-10,04:52,LIGHT,48,
2026-06-10,04:53,LIGHT,47,
2026-06-10,04:54,REM,47,
2026-06-10,04:55,REM,47,
2026-06-10,04:56,REM,47,
2026-06-10,04:57,REM,47,
2026-06-10,04:58,REM,47,
2026-06-10,04:59,REM,59,
2026-06-10,05:00,REM,51,
2026-06-10,05:01,REM,46,
2026-06-10,05:02,REM,45,
2026-06-10,05:03,REM,47,
2026-06-10,05:04,REM,49,
2026-06-10,05:05,LIGHT,46,
2026-06-10,05:06,LIGHT,45,
2026-06-10,05:07,LIGHT,44,
2026-06-10,05:08,WAKE,45,
2026-06-10,05:09,WAKE,45,
2026-06-10,05:10,LIGHT,45,
2026-06-10,05:11,LIGHT,53,
2026-06-10,05:12,LIGHT,53,
2026-06-10,05:13,LIGHT,47,
2026-06-10,05:14,LIGHT,47,
2026-06-10,05:15,LIGHT,47,
2026-06-10,05:16,LIGHT,47,
2026-06-10,05:17,LIGHT,48,
2026-06-10,05:18,LIGHT,47,
2026-06-10,05:19,LIGHT,47,
2026-06-10,05:20,LIGHT,47,
2026-06-10,05:21,LIGHT,57,
2026-06-10,05:22,LIGHT,51,
2026-06-10,05:23,LIGHT,46,
2026-06-10,05:24,WAKE,47,
2026-06-10,05:25,LIGHT,45,
2026-06-10,05:26,LIGHT,45,
2026-06-10,05:27,LIGHT,45,
2026-06-10,05:28,LIGHT,45,
2026-06-10,05:29,LIGHT,45,
2026-06-10,05:30,LIGHT,45,
2026-06-10,05:31,LIGHT,45,
2026-06-10,05:32,LIGHT,47,
2026-06-10,05:33,LIGHT,46,
2026-06-10,05:34,LIGHT,46,
2026-06-10,05:35,LIGHT,47,
2026-06-10,05:36,LIGHT,47,
2026-06-10,05:37,LIGHT,48,
2026-06-10,05:38,LIGHT,48,
2026-06-10,05:39,LIGHT,48,
2026-06-10,05:40,LIGHT,48,
2026-06-10,05:41,LIGHT,48,
2026-06-10,05:42,LIGHT,48,
2026-06-10,05:43,LIGHT,48,
2026-06-10,05:44,LIGHT,49,
2026-06-10,05:45,LIGHT,49,
2026-06-10,05:46,LIGHT,49,
2026-06-10,05:47,LIGHT,49,
2026-06-10,05:48,LIGHT,48,
2026-06-10,05:49,WAKE,48,
2026-06-10,05:50,WAKE,48,
2026-06-10,05:51,LIGHT,48,
2026-06-10,05:52,LIGHT,48,
2026-06-10,05:53,LIGHT,49,
2026-06-10,05:54,LIGHT,49,
2026-06-10,05:55,LIGHT,49,
2026-06-10,05:56,LIGHT,49,
2026-06-10,05:57,LIGHT,49,
2026-06-10,05:58,LIGHT,49,
2026-06-10,05:59,LIGHT,49,
2026-06-10,06:00,LIGHT,50,
2026-06-10,06:01,LIGHT,50,
2026-06-10,06:02,LIGHT,50,
2026-06-10,06:03,LIGHT,50,
2026-06-10,06:04,LIGHT,50,
2026-06-10,06:05,LIGHT,50,
2026-06-10,06:06,LIGHT,50,
2026-06-10,06:07,LIGHT,50,
2026-06-10,06:08,LIGHT,50,
2026-06-10,06:09,LIGHT,50,
2026-06-10,06:10,LIGHT,51,
2026-06-10,06:11,LIGHT,51,
2026-06-10,06:12,LIGHT,56,
2026-06-10,06:13,LIGHT,53,
2026-06-10,06:14,LIGHT,49,
2026-06-10,06:15,LIGHT,48,
2026-06-10,06:16,LIGHT,47,
2026-06-10,06:17,LIGHT,56,
2026-06-10,06:18,LIGHT,48,
2026-06-10,06:19,LIGHT,45,
2026-06-10,06:20,LIGHT,45,
2026-06-10,06:21,LIGHT,45,
2026-06-10,06:22,LIGHT,46,
2026-06-10,06:23,LIGHT,46,
2026-06-10,06:24,LIGHT,46,
2026-06-10,06:25,LIGHT,46,
2026-06-10,06:26,LIGHT,46,
2026-06-10,06:27,LIGHT,46,
2026-06-10,06:28,LIGHT,46,
2026-06-10,06:29,REM,45,
2026-06-10,06:30,REM,45,
2026-06-10,06:31,REM,51,
2026-06-10,06:32,REM,48,
2026-06-10,06:33,REM,47,
2026-06-10,06:34,REM,48,
2026-06-10,06:35,REM,48,
2026-06-10,06:36,REM,47,
2026-06-10,06:37,REM,48,
2026-06-10,06:38,LIGHT,53,
2026-06-10,06:39,LIGHT,47,
2026-06-10,06:40,LIGHT,46,
2026-06-10,06:41,WAKE,48,
2026-06-10,06:42,LIGHT,51,
2026-06-10,06:43,LIGHT,50,
2026-06-10,06:44,LIGHT,52,
2026-06-10,06:45,LIGHT,52,
2026-06-10,06:46,LIGHT,52,
2026-06-10,06:47,LIGHT,46,
2026-06-10,06:48,LIGHT,46,
2026-06-10,06:49,LIGHT,44,
2026-06-10,06:50,LIGHT,53,
2026-06-10,06:51,LIGHT,49,
2026-06-10,06:52,LIGHT,49,
2026-06-10,06:53,LIGHT,49,
2026-06-10,06:54,LIGHT,51,
2026-06-10,06:55,LIGHT,51,
2026-06-10,06:56,LIGHT,51,
2026-06-10,06:57,LIGHT,51,
2026-06-10,06:58,LIGHT,51,
2026-06-10,06:59,LIGHT,51,
2026-06-10,07:00,LIGHT,51,
2026-06-10,07:01,LIGHT,50,
2026-06-10,07:02,LIGHT,50,
2026-06-10,07:03,LIGHT,50,
2026-06-10,07:04,LIGHT,50,
2026-06-10,07:05,LIGHT,51,
2026-06-10,07:06,LIGHT,50,
2026-06-10,07:07,LIGHT,49,
2026-06-10,07:08,LIGHT,49,
2026-06-10,07:09,LIGHT,49,
2026-06-10,07:10,REM,49,
2026-06-10,07:11,REM,50,
2026-06-10,07:12,REM,50,
2026-06-10,07:13,REM,54,
2026-06-10,07:14,REM,48,
2026-06-10,07:15,REM,50,
2026-06-10,07:16,REM,47,
2026-06-10,07:17,REM,47,
2026-06-10,07:18,REM,51,
2026-06-10,07:19,REM,48,
2026-06-10,07:20,REM,48,
2026-06-10,07:21,REM,47,
2026-06-10,07:22,REM,47,
2026-06-10,07:23,REM,46,
2026-06-10,07:24,REM,46,
2026-06-10,07:25,REM,46,
2026-06-10,07:26,REM,50,
2026-06-10,07:27,REM,48,
2026-06-10,07:28,REM,47,
2026-06-10,07:29,REM,47,
2026-06-10,07:30,REM,48,
2026-06-10,07:31,REM,51,
2026-06-10,07:32,REM,47,
2026-06-10,07:33,REM,47,
2026-06-10,07:34,REM,46,
2026-06-10,07:35,REM,46,
2026-06-10,07:36,REM,46,
2026-06-10,07:37,REM,50,
2026-06-10,07:38,REM,46,
2026-06-10,07:39,REM,45,
2026-06-10,07:40,REM,45,
2026-06-10,07:41,REM,45,
2026-06-10,07:42,REM,45,
2026-06-10,07:43,REM,45,
2026-06-10,07:44,REM,46,
2026-06-10,07:45,LIGHT,46,
2026-06-10,07:46,LIGHT,46,
2026-06-10,07:47,LIGHT,46,
2026-06-10,07:48,LIGHT,46,
2026-06-10,07:49,LIGHT,46,
2026-06-10,07:50,REM,46,
2026-06-10,07:51,REM,46,
2026-06-10,07:52,REM,46,
2026-06-10,07:53,REM,46,
2026-06-10,07:54,REM,46,
2026-06-10,07:55,REM,54,
2026-06-10,07:56,REM,50,
2026-06-10,07:57,REM,47,
2026-06-10,07:58,REM,46,
2026-06-10,07:59,REM,45,
2026-06-10,08:00,REM,51,
2026-06-10,08:01,LIGHT,48,
2026-06-10,08:02,LIGHT,48,
2026-06-10,08:03,LIGHT,53,
2026-06-10,08:04,LIGHT,50,
2026-06-10,08:05,LIGHT,47,
2026-06-10,08:06,LIGHT,46,
2026-06-10,08:07,LIGHT,44,
2026-06-10,08:08,LIGHT,44,
2026-06-10,08:09,LIGHT,45,
2026-06-10,08:10,LIGHT,47,
2026-06-10,08:11,LIGHT,62,
2026-06-10,08:12,LIGHT,58,
2026-06-10,08:13,LIGHT,52,
2026-06-10,08:14,LIGHT,48,
2026-06-10,08:15,LIGHT,48,
2026-06-10,08:16,LIGHT,48,
2026-06-10,08:17,LIGHT,47,
2026-06-10,08:18,LIGHT,46,
2026-06-10,08:19,LIGHT,46,
2026-06-10,08:20,DEEP,46,
2026-06-10,08:21,DEEP,46,
2026-06-10,08:22,DEEP,44,
2026-06-10,08:23,DEEP,45,
2026-06-10,08:24,DEEP,54,
2026-06-10,08:25,DEEP,66,
2026-06-10,08:26,DEEP,64,
2026-06-10,08:27,DEEP,62,
2026-06-10,08:28,DEEP,62,
2026-06-10,08:29,DEEP,54,
2026-06-10,08:30,DEEP,53,
2026-06-10,08:31,DEEP,66,
2026-06-10,08:32,DEEP,60,
2026-06-10,08:33,DEEP,64,
2026-06-10,08:34,DEEP,53,
2026-06-10,08:35,DEEP,60,
2026-06-10,08:36,DEEP,57,
2026-06-10,08:37,DEEP,62,
2026-06-10,08:38,DEEP,64,
2026-06-10,08:39,DEEP,72,
2026-06-10,08:40,LIGHT,69,
2026-06-10,08:41,LIGHT,72,
2026-06-10,08:42,LIGHT,78,
2026-06-10,08:43,WAKE,78,
2026-06-10,08:44,LIGHT,75,
2026-06-10,08:45,LIGHT,75,
2026-06-10,08:46,LIGHT,74,
2026-06-10,08:47,LIGHT,75,
2026-06-10,08:48,LIGHT,77,
2026-06-10,08:49,LIGHT,73,
2026-06-10,08:50,LIGHT,73,
2026-06-10,08:51,LIGHT,77,
2026-06-10,08:52,LIGHT,82,
2026-06-10,08:53,REM,70,
2026-06-10,08:54,REM,66,
2026-06-10,08:55,REM,62,
2026-06-10,08:56,REM,62,
2026-06-10,08:57,REM,73,
2026-06-10,08:58,REM,90,
2026-06-10,08:59,REM,87,
2026-06-10,09:00,REM,83,
2026-06-10,09:01,REM,77,
2026-06-10,09:02,REM,75,
2026-06-10,09:03,REM,67,
2026-06-10,09:04,LIGHT,69,
2026-06-10,09:05,LIGHT,66,
2026-06-10,09:06,LIGHT,73,
2026-06-10,09:07,LIGHT,,
2026-06-10,09:08,LIGHT,,
2026-06-11,02:39,LIGHT,53,
2026-06-11,02:40,LIGHT,53,
2026-06-11,02:41,LIGHT,53,
2026-06-11,02:42,LIGHT,53,
2026-06-11,02:43,LIGHT,52,
2026-06-11,02:44,LIGHT,52,
2026-06-11,02:45,LIGHT,55,
2026-06-11,02:46,LIGHT,55,
2026-06-11,02:47,LIGHT,57,
2026-06-11,02:48,LIGHT,61,
2026-06-11,02:49,LIGHT,61,
2026-06-11,02:50,LIGHT,59,
2026-06-11,02:51,LIGHT,54,
2026-06-11,02:52,LIGHT,53,
2026-06-11,02:53,DEEP,53,
2026-06-11,02:54,DEEP,51,
2026-06-11,02:55,DEEP,51,
2026-06-11,02:56,DEEP,51,
2026-06-11,02:57,DEEP,52,
2026-06-11,02:58,DEEP,52,
2026-06-11,02:59,DEEP,52,
2026-06-11,03:00,DEEP,51,
2026-06-11,03:01,DEEP,51,
2026-06-11,03:02,DEEP,51,
2026-06-11,03:03,DEEP,51,
2026-06-11,03:04,DEEP,51,
2026-06-11,03:05,DEEP,51,
2026-06-11,03:06,DEEP,51,
2026-06-11,03:07,DEEP,51,
2026-06-11,03:08,DEEP,50,
2026-06-11,03:09,DEEP,50,
2026-06-11,03:10,DEEP,54,
2026-06-11,03:11,DEEP,49,
2026-06-11,03:12,DEEP,49,
2026-06-11,03:13,DEEP,49,
2026-06-11,03:14,DEEP,48,
2026-06-11,03:15,DEEP,49,
2026-06-11,03:16,DEEP,49,
2026-06-11,03:17,DEEP,49,
2026-06-11,03:18,DEEP,49,
2026-06-11,03:19,DEEP,50,
2026-06-11,03:20,DEEP,50,
2026-06-11,03:21,DEEP,50,
2026-06-11,03:22,DEEP,50,
2026-06-11,03:23,DEEP,49,
2026-06-11,03:24,LIGHT,49,
2026-06-11,03:25,LIGHT,49,
2026-06-11,03:26,LIGHT,49,
2026-06-11,03:27,WAKE,49,
2026-06-11,03:28,WAKE,51,
2026-06-11,03:29,LIGHT,48,
2026-06-11,03:30,LIGHT,47,
2026-06-11,03:31,LIGHT,47,
2026-06-11,03:32,LIGHT,47,
2026-06-11,03:33,LIGHT,46,
2026-06-11,03:34,REM,46,
2026-06-11,03:35,REM,46,
2026-06-11,03:36,REM,46,
2026-06-11,03:37,REM,46,
2026-06-11,03:38,REM,46,
2026-06-11,03:39,REM,46,
2026-06-11,03:40,REM,47,
2026-06-11,03:41,REM,47,
2026-06-11,03:42,REM,48,
2026-06-11,03:43,REM,48,
2026-06-11,03:44,REM,48,
2026-06-11,03:45,REM,48,
2026-06-11,03:46,REM,48,
2026-06-11,03:47,REM,49,
2026-06-11,03:48,REM,49,
2026-06-11,03:49,REM,46,
2026-06-11,03:50,REM,46,
2026-06-11,03:51,REM,46,
2026-06-11,03:52,REM,48,
2026-06-11,03:53,LIGHT,53,
2026-06-11,03:54,LIGHT,50,
2026-06-11,03:55,LIGHT,49,
2026-06-11,03:56,LIGHT,50,
2026-06-11,03:57,LIGHT,50,
2026-06-11,03:58,LIGHT,49,
2026-06-11,03:59,LIGHT,51,
2026-06-11,04:00,LIGHT,54,
2026-06-11,04:01,LIGHT,48,
2026-06-11,04:02,LIGHT,48,
2026-06-11,04:03,LIGHT,49,
2026-06-11,04:04,LIGHT,49,
2026-06-11,04:05,LIGHT,48,
2026-06-11,04:06,LIGHT,49,
2026-06-11,04:07,LIGHT,51,
2026-06-11,04:08,LIGHT,49,
2026-06-11,04:09,LIGHT,49,
2026-06-11,04:10,LIGHT,53,
2026-06-11,04:11,LIGHT,49,
2026-06-11,04:12,LIGHT,51,
2026-06-11,04:13,LIGHT,50,
2026-06-11,04:14,LIGHT,49,
2026-06-11,04:15,LIGHT,48,
2026-06-11,04:16,LIGHT,48,
2026-06-11,04:17,LIGHT,48,
2026-06-11,04:18,DEEP,48,
2026-06-11,04:19,DEEP,47,
2026-06-11,04:20,DEEP,47,
2026-06-11,04:21,DEEP,47,
2026-06-11,04:22,DEEP,47,
2026-06-11,04:23,DEEP,47,
2026-06-11,04:24,DEEP,47,
2026-06-11,04:25,DEEP,47,
2026-06-11,04:26,DEEP,47,
2026-06-11,04:27,DEEP,47,
2026-06-11,04:28,DEEP,47,
2026-06-11,04:29,DEEP,47,
2026-06-11,04:30,DEEP,47,
2026-06-11,04:31,DEEP,48,
2026-06-11,04:32,DEEP,48,
2026-06-11,04:33,DEEP,48,
2026-06-11,04:34,DEEP,48,
2026-06-11,04:35,DEEP,51,
2026-06-11,04:36,DEEP,48,
2026-06-11,04:37,DEEP,46,
2026-06-11,04:38,DEEP,46,
2026-06-11,04:39,DEEP,46,
2026-06-11,04:40,DEEP,47,
2026-06-11,04:41,DEEP,54,
2026-06-11,04:42,LIGHT,47,
2026-06-11,04:43,LIGHT,47,
2026-06-11,04:44,LIGHT,47,
2026-06-11,04:45,LIGHT,46,
2026-06-11,04:46,LIGHT,46,
2026-06-11,04:47,LIGHT,46,
2026-06-11,04:48,LIGHT,47,
2026-06-11,04:49,LIGHT,47,
2026-06-11,04:50,LIGHT,47,
2026-06-11,04:51,LIGHT,54,
2026-06-11,04:52,LIGHT,49,
2026-06-11,04:53,LIGHT,46,
2026-06-11,04:54,DEEP,46,
2026-06-11,04:55,DEEP,46,
2026-06-11,04:56,DEEP,45,
2026-06-11,04:57,DEEP,45,
2026-06-11,04:58,DEEP,46,
2026-06-11,04:59,LIGHT,46,
2026-06-11,05:00,LIGHT,46,
2026-06-11,05:01,LIGHT,48,
2026-06-11,05:02,LIGHT,48,
2026-06-11,05:03,LIGHT,46,
2026-06-11,05:04,LIGHT,46,
2026-06-11,05:05,LIGHT,46,
2026-06-11,05:06,LIGHT,46,
2026-06-11,05:07,REM,46,
2026-06-11,05:08,REM,46,
2026-06-11,05:09,REM,46,
2026-06-11,05:10,REM,46,
2026-06-11,05:11,REM,46,
2026-06-11,05:12,REM,47,
2026-06-11,05:13,REM,46,
2026-06-11,05:14,REM,46,
2026-06-11,05:15,REM,46,
2026-06-11,05:16,REM,46,
2026-06-11,05:17,REM,46,
2026-06-11,05:18,REM,46,
2026-06-11,05:19,REM,46,
2026-06-11,05:20,REM,46,
2026-06-11,05:21,REM,46,
2026-06-11,05:22,REM,46,
2026-06-11,05:23,REM,46,
2026-06-11,05:24,LIGHT,46,
2026-06-11,05:25,LIGHT,46,
2026-06-11,05:26,LIGHT,47,
2026-06-11,05:27,LIGHT,46,
2026-06-11,05:28,LIGHT,47,
2026-06-11,05:29,LIGHT,47,
2026-06-11,05:30,LIGHT,47,
2026-06-11,05:31,LIGHT,47,
2026-06-11,05:32,LIGHT,48,
2026-06-11,05:33,LIGHT,48,
2026-06-11,05:34,LIGHT,48,
2026-06-11,05:35,LIGHT,48,
2026-06-11,05:36,LIGHT,48,
2026-06-11,05:37,LIGHT,48,
2026-06-11,05:38,LIGHT,48,
2026-06-11,05:39,LIGHT,48,
2026-06-11,05:40,LIGHT,48,
2026-06-11,05:41,LIGHT,57,
2026-06-11,05:42,LIGHT,69,
2026-06-11,05:43,LIGHT,66,
2026-06-11,05:44,LIGHT,51,
2026-06-11,05:45,LIGHT,47,
2026-06-11,05:46,LIGHT,44,
2026-06-11,05:47,LIGHT,46,
2026-06-11,05:48,LIGHT,46,
2026-06-11,05:49,LIGHT,47,
2026-06-11,05:50,LIGHT,49,
2026-06-11,05:51,LIGHT,49,
2026-06-11,05:52,LIGHT,49,
2026-06-11,05:53,LIGHT,51,
2026-06-11,05:54,LIGHT,57,
2026-06-11,05:55,LIGHT,49,
2026-06-11,05:56,LIGHT,46,
2026-06-11,05:57,LIGHT,46,
2026-06-11,05:58,LIGHT,45,
2026-06-11,05:59,LIGHT,45,
2026-06-11,06:00,LIGHT,47,
2026-06-11,06:01,DEEP,47,
2026-06-11,06:02,DEEP,47,
2026-06-11,06:03,DEEP,47,
2026-06-11,06:04,DEEP,47,
2026-06-11,06:05,DEEP,47,
2026-06-11,06:06,DEEP,48,
2026-06-11,06:07,DEEP,48,
2026-06-11,06:08,DEEP,48,
2026-06-11,06:09,DEEP,48,
2026-06-11,06:10,DEEP,48,
2026-06-11,06:11,DEEP,48,
2026-06-11,06:12,DEEP,48,
2026-06-11,06:13,DEEP,48,
2026-06-11,06:14,LIGHT,49,
2026-06-11,06:15,LIGHT,54,
2026-06-11,06:16,LIGHT,51,
2026-06-11,06:17,LIGHT,48,
2026-06-11,06:18,LIGHT,47,
2026-06-11,06:19,LIGHT,47,
2026-06-11,06:20,LIGHT,47,
2026-06-11,06:21,LIGHT,48,
2026-06-11,06:22,LIGHT,48,
2026-06-11,06:23,LIGHT,48,
2026-06-11,06:24,LIGHT,49,
2026-06-11,06:25,LIGHT,49,
2026-06-11,06:26,LIGHT,54,
2026-06-11,06:27,LIGHT,48,
2026-06-11,06:28,LIGHT,46,
2026-06-11,06:29,LIGHT,46,
2026-06-11,06:30,LIGHT,46,
2026-06-11,06:31,LIGHT,46,
2026-06-11,06:32,LIGHT,46,
2026-06-11,06:33,LIGHT,46,
2026-06-11,06:34,LIGHT,46,
2026-06-11,06:35,LIGHT,46,
2026-06-11,06:36,LIGHT,47,
2026-06-11,06:37,LIGHT,48,
2026-06-11,06:38,LIGHT,48,
2026-06-11,06:39,LIGHT,48,
2026-06-11,06:40,LIGHT,47,
2026-06-11,06:41,LIGHT,47,
2026-06-11,06:42,REM,47,
2026-06-11,06:43,REM,47,
2026-06-11,06:44,REM,47,
2026-06-11,06:45,REM,47,
2026-06-11,06:46,REM,47,
2026-06-11,06:47,REM,47,
2026-06-11,06:48,REM,47,
2026-06-11,06:49,REM,48,
2026-06-11,06:50,REM,48,
2026-06-11,06:51,REM,54,
2026-06-11,06:52,REM,55,
2026-06-11,06:53,REM,49,
2026-06-11,06:54,REM,48,
2026-06-11,06:55,REM,50,
2026-06-11,06:56,REM,47,
2026-06-11,06:57,REM,47,
2026-06-11,06:58,REM,46,
2026-06-11,06:59,REM,46,
2026-06-11,07:00,REM,46,
2026-06-11,07:01,REM,47,
2026-06-11,07:02,REM,52,
2026-06-11,07:03,REM,46,
2026-06-11,07:04,REM,48,
2026-06-11,07:05,REM,47,
2026-06-11,07:06,REM,47,
2026-06-11,07:07,REM,49,
2026-06-11,07:08,REM,49,
2026-06-11,07:09,REM,49,
2026-06-11,07:10,REM,53,
2026-06-11,07:11,REM,47,
2026-06-11,07:12,REM,47,
2026-06-11,07:13,REM,48,
2026-06-11,07:14,REM,50,
2026-06-11,07:15,REM,50,
2026-06-11,07:16,REM,48,
2026-06-11,07:17,LIGHT,49,
2026-06-11,07:18,LIGHT,50,
2026-06-11,07:19,LIGHT,50,
2026-06-11,07:20,LIGHT,47,
2026-06-11,07:21,LIGHT,49,
2026-06-11,07:22,LIGHT,48,
2026-06-11,07:23,LIGHT,48,
2026-06-11,07:24,LIGHT,49,
2026-06-11,07:25,LIGHT,50,
2026-06-11,07:26,LIGHT,51,
2026-06-11,07:27,LIGHT,48,
2026-06-11,07:28,LIGHT,48,
2026-06-11,07:29,LIGHT,46,
2026-06-11,07:30,LIGHT,50,
2026-06-11,07:31,LIGHT,47,
2026-06-11,07:32,LIGHT,46,
2026-06-11,07:33,LIGHT,46,
2026-06-11,07:34,LIGHT,47,
2026-06-11,07:35,LIGHT,47,
2026-06-11,07:36,LIGHT,49,
2026-06-11,07:37,LIGHT,49,
2026-06-11,07:38,LIGHT,49,
2026-06-11,07:39,LIGHT,49,
2026-06-11,07:40,LIGHT,49,
2026-06-11,07:41,LIGHT,49,
2026-06-11,07:42,LIGHT,49,
2026-06-11,07:43,LIGHT,48,
2026-06-11,07:44,LIGHT,48,
2026-06-11,07:45,LIGHT,48,
2026-06-11,07:46,LIGHT,48,
2026-06-11,07:47,LIGHT,48,
2026-06-11,07:48,LIGHT,48,
2026-06-11,07:49,LIGHT,48,
2026-06-11,07:50,LIGHT,49,
2026-06-11,07:51,LIGHT,54,
2026-06-11,07:52,LIGHT,45,
2026-06-11,07:53,LIGHT,42,
2026-06-11,07:54,DEEP,42,
2026-06-11,07:55,DEEP,49,
2026-06-11,07:56,LIGHT,46,
2026-06-11,07:57,LIGHT,43,
2026-06-11,07:58,LIGHT,42,
2026-06-11,07:59,LIGHT,42,
2026-06-11,08:00,LIGHT,49,
2026-06-11,08:01,LIGHT,43,
2026-06-11,08:02,LIGHT,42,
2026-06-11,08:03,LIGHT,42,
2026-06-11,08:04,LIGHT,44,
2026-06-11,08:05,LIGHT,46,
2026-06-11,08:06,LIGHT,43,
2026-06-11,08:07,LIGHT,46,
2026-06-11,08:08,LIGHT,42,
2026-06-11,08:09,LIGHT,42,
2026-06-11,08:10,LIGHT,42,
2026-06-11,08:11,LIGHT,43,
2026-06-11,08:12,LIGHT,43,
2026-06-11,08:13,LIGHT,43,
2026-06-11,08:14,LIGHT,43,
2026-06-11,08:15,LIGHT,49,
2026-06-11,08:16,LIGHT,51,
2026-06-11,08:17,LIGHT,48,
2026-06-11,08:18,LIGHT,54,
2026-06-11,08:19,LIGHT,48,
2026-06-11,08:20,LIGHT,45,
2026-06-11,08:21,LIGHT,45,
2026-06-11,08:22,LIGHT,44,
2026-06-11,08:23,LIGHT,44,
2026-06-11,08:24,LIGHT,46,
2026-06-11,08:25,LIGHT,55,
2026-06-12,02:56,LIGHT,62,
2026-06-12,02:57,LIGHT,65,
2026-06-12,02:58,LIGHT,68,
2026-06-12,02:59,LIGHT,64,
2026-06-12,03:00,LIGHT,68,
2026-06-12,03:01,LIGHT,70,
2026-06-12,03:02,LIGHT,67,
2026-06-12,03:03,LIGHT,70,
2026-06-12,03:04,DEEP,67,
2026-06-12,03:05,DEEP,61,
2026-06-12,03:06,DEEP,63,
2026-06-12,03:07,DEEP,67,
2026-06-12,03:08,DEEP,66,
2026-06-12,03:09,DEEP,64,
2026-06-12,03:10,DEEP,64,
2026-06-12,03:11,DEEP,64,
2026-06-12,03:12,DEEP,65,
2026-06-12,03:13,DEEP,67,
2026-06-12,03:14,DEEP,68,
2026-06-12,03:15,DEEP,71,
2026-06-12,03:16,DEEP,68,
2026-06-12,03:17,DEEP,71,
2026-06-12,03:18,DEEP,73,
2026-06-12,03:19,DEEP,75,
2026-06-12,03:20,DEEP,73,
2026-06-12,03:21,DEEP,70,
2026-06-12,03:22,DEEP,67,
2026-06-12,03:23,DEEP,64,
2026-06-12,03:24,DEEP,65,
2026-06-12,03:25,DEEP,67,
2026-06-12,03:26,DEEP,67,
2026-06-12,03:27,DEEP,66,
2026-06-12,03:28,DEEP,62,
2026-06-12,03:29,DEEP,62,
2026-06-12,03:30,DEEP,64,
2026-06-12,03:31,DEEP,72,
2026-06-12,03:32,DEEP,75,
2026-06-12,03:33,DEEP,71,
2026-06-12,03:34,DEEP,66,
2026-06-12,03:35,DEEP,68,
2026-06-12,03:36,DEEP,68,
2026-06-12,03:37,DEEP,68,
2026-06-12,03:38,DEEP,68,
2026-06-12,03:39,DEEP,65,
2026-06-12,03:40,DEEP,69,
2026-06-12,03:41,DEEP,68,
2026-06-12,03:42,DEEP,67,
2026-06-12,03:43,DEEP,66,
2026-06-12,03:44,DEEP,66,
2026-06-12,03:45,DEEP,61,
2026-06-12,03:46,DEEP,62,
2026-06-12,03:47,DEEP,67,
2026-06-12,03:48,DEEP,62,
2026-06-12,03:49,DEEP,65,
2026-06-12,03:50,LIGHT,70,
2026-06-12,03:51,LIGHT,65,
2026-06-12,03:52,LIGHT,66,
2026-06-12,03:53,LIGHT,65,
2026-06-12,03:54,LIGHT,67,
2026-06-12,03:55,LIGHT,65,
2026-06-12,03:56,LIGHT,63,
2026-06-12,03:57,LIGHT,62,
2026-06-12,03:58,LIGHT,69,
2026-06-12,03:59,LIGHT,66,
2026-06-12,04:00,REM,63,
2026-06-12,04:01,REM,63,
2026-06-12,04:02,REM,59,
2026-06-12,04:03,REM,63,
2026-06-12,04:04,REM,69,
2026-06-12,04:05,REM,69,
2026-06-12,04:06,REM,67,
2026-06-12,04:07,REM,63,
2026-06-12,04:08,REM,60,
2026-06-12,04:09,REM,63,
2026-06-12,04:10,REM,63,
2026-06-12,04:11,REM,66,
2026-06-12,04:12,REM,66,
2026-06-12,04:13,REM,63,
2026-06-12,04:14,LIGHT,62,
2026-06-12,04:15,LIGHT,59,
2026-06-12,04:16,LIGHT,63,
2026-06-12,04:17,LIGHT,63,
2026-06-12,04:18,LIGHT,65,
2026-06-12,04:19,LIGHT,64,
2026-06-12,04:20,LIGHT,57,
2026-06-12,04:21,LIGHT,61,
2026-06-12,04:22,LIGHT,66,
2026-06-12,04:23,LIGHT,63,
2026-06-12,04:24,LIGHT,60,
2026-06-12,04:25,LIGHT,63,
2026-06-12,04:26,LIGHT,66,
2026-06-12,04:27,LIGHT,72,
2026-06-12,04:28,LIGHT,71,
2026-06-12,04:29,LIGHT,76,
2026-06-12,04:30,LIGHT,74,
2026-06-12,04:31,LIGHT,75,
2026-06-12,04:32,LIGHT,76,
2026-06-12,04:33,LIGHT,70,
2026-06-12,04:34,LIGHT,66,
2026-06-12,04:35,LIGHT,60,
2026-06-12,04:36,LIGHT,60,
2026-06-12,04:37,LIGHT,64,
2026-06-12,04:38,LIGHT,82,
2026-06-12,04:39,LIGHT,82,
2026-06-12,04:40,LIGHT,73,
2026-06-12,04:41,LIGHT,76,
2026-06-12,04:42,LIGHT,75,
2026-06-12,04:43,LIGHT,73,
2026-06-12,04:44,LIGHT,74,
2026-06-12,04:45,LIGHT,68,
2026-06-12,04:46,LIGHT,70,
2026-06-12,04:47,LIGHT,72,
2026-06-12,04:48,LIGHT,63,
2026-06-12,04:49,LIGHT,58,
2026-06-12,04:50,LIGHT,58,
2026-06-12,04:51,LIGHT,58,
2026-06-12,04:52,LIGHT,58,
2026-06-12,04:53,LIGHT,58,
2026-06-12,04:54,LIGHT,58,
2026-06-12,04:55,LIGHT,58,
2026-06-12,04:56,LIGHT,55,
2026-06-12,04:57,LIGHT,55,
2026-06-12,04:58,LIGHT,59,
2026-06-12,04:59,LIGHT,60,
2026-06-12,05:00,LIGHT,57,
2026-06-12,05:01,LIGHT,58,
2026-06-12,05:02,LIGHT,58,
2026-06-12,05:03,LIGHT,55,
2026-06-12,05:04,LIGHT,55,
2026-06-12,05:05,LIGHT,56,
2026-06-12,05:06,LIGHT,56,
2026-06-12,05:07,LIGHT,56,
2026-06-12,05:08,DEEP,58,
2026-06-12,05:09,DEEP,55,
2026-06-12,05:10,DEEP,54,
2026-06-12,05:11,DEEP,54,
2026-06-12,05:12,DEEP,55,
2026-06-12,05:13,DEEP,54,
2026-06-12,05:14,DEEP,54,
2026-06-12,05:15,DEEP,55,
2026-06-12,05:16,DEEP,85,
2026-06-12,05:17,DEEP,92,
2026-06-12,05:18,DEEP,77,
2026-06-12,05:19,DEEP,57,
2026-06-12,05:20,DEEP,51,
2026-06-12,05:21,DEEP,52,
2026-06-12,05:22,DEEP,49,
2026-06-12,05:23,DEEP,48,
2026-06-12,05:24,DEEP,48,
2026-06-12,05:25,DEEP,48,
2026-06-12,05:26,DEEP,47,
2026-06-12,05:27,DEEP,47,
2026-06-12,05:28,DEEP,47,
2026-06-12,05:29,DEEP,47,
2026-06-12,05:30,DEEP,48,
2026-06-12,05:31,DEEP,48,
2026-06-12,05:32,DEEP,48,
2026-06-12,05:33,DEEP,48,
2026-06-12,05:34,DEEP,48,
2026-06-12,05:35,DEEP,48,
2026-06-12,05:36,DEEP,48,
2026-06-12,05:37,DEEP,48,
2026-06-12,05:38,DEEP,48,
2026-06-12,05:39,DEEP,48,
2026-06-12,05:40,LIGHT,48,
2026-06-12,05:41,LIGHT,48,
2026-06-12,05:42,LIGHT,48,
2026-06-12,05:43,WAKE,48,
2026-06-12,05:44,WAKE,48,
2026-06-12,05:45,LIGHT,48,
2026-06-12,05:46,LIGHT,48,
2026-06-12,05:47,LIGHT,49,
2026-06-12,05:48,LIGHT,49,
2026-06-12,05:49,REM,49,
2026-06-12,05:50,REM,52,
2026-06-12,05:51,REM,52,
2026-06-12,05:52,REM,50,
2026-06-12,05:53,REM,50,
2026-06-12,05:54,REM,56,
2026-06-12,05:55,REM,53,
2026-06-12,05:56,LIGHT,50,
2026-06-12,05:57,LIGHT,50,
2026-06-12,05:58,LIGHT,50,
2026-06-12,05:59,LIGHT,50,
2026-06-12,06:00,LIGHT,50,
2026-06-12,06:01,LIGHT,49,
2026-06-12,06:02,LIGHT,49,
2026-06-12,06:03,LIGHT,49,
2026-06-12,06:04,LIGHT,52,
2026-06-12,06:05,LIGHT,50,
2026-06-12,06:06,LIGHT,50,
2026-06-12,06:07,LIGHT,49,
2026-06-12,06:08,LIGHT,48,
2026-06-12,06:09,LIGHT,49,
2026-06-12,06:10,LIGHT,50,
2026-06-12,06:11,LIGHT,48,
2026-06-12,06:12,LIGHT,49,
2026-06-12,06:13,LIGHT,49,
2026-06-12,06:14,LIGHT,50,
2026-06-12,06:15,LIGHT,51,
2026-06-12,06:16,LIGHT,51,
2026-06-12,06:17,LIGHT,51,
2026-06-12,06:18,LIGHT,51,
2026-06-12,06:19,LIGHT,51,
2026-06-12,06:20,LIGHT,51,
2026-06-12,06:21,LIGHT,51,
2026-06-12,06:22,LIGHT,51,
2026-06-12,06:23,LIGHT,51,
2026-06-12,06:24,LIGHT,51,
2026-06-12,06:25,LIGHT,55,
2026-06-12,06:26,LIGHT,52,
2026-06-12,06:27,LIGHT,52,
2026-06-12,06:28,LIGHT,51,
2026-06-12,06:29,LIGHT,51,
2026-06-12,06:30,LIGHT,51,
2026-06-12,06:31,LIGHT,49,
2026-06-12,06:32,LIGHT,49,
2026-06-12,06:33,LIGHT,49,
2026-06-12,06:34,LIGHT,49,
2026-06-12,06:35,LIGHT,49,
2026-06-12,06:36,LIGHT,48,
2026-06-12,06:37,LIGHT,48,
2026-06-12,06:38,DEEP,48,
2026-06-12,06:39,DEEP,48,
2026-06-12,06:40,DEEP,48,
2026-06-12,06:41,DEEP,48,
2026-06-12,06:42,DEEP,48,
2026-06-12,06:43,DEEP,48,
2026-06-12,06:44,DEEP,48,
2026-06-12,06:45,DEEP,48,
2026-06-12,06:46,DEEP,47,
2026-06-12,06:47,DEEP,47,
2026-06-12,06:48,DEEP,47,
2026-06-12,06:49,DEEP,47,
2026-06-12,06:50,DEEP,47,
2026-06-12,06:51,DEEP,47,
2026-06-12,06:52,LIGHT,47,
2026-06-12,06:53,LIGHT,47,
2026-06-12,06:54,LIGHT,48,
2026-06-12,06:55,LIGHT,55,
2026-06-12,06:56,LIGHT,53,
2026-06-12,06:57,LIGHT,50,
2026-06-12,06:58,LIGHT,52,
2026-06-12,06:59,LIGHT,50,
2026-06-12,07:00,LIGHT,50,
2026-06-12,07:01,LIGHT,50,
2026-06-12,07:02,LIGHT,51,
2026-06-12,07:03,REM,49,
2026-06-12,07:04,REM,50,
2026-06-12,07:05,REM,52,
2026-06-12,07:06,REM,49,
2026-06-12,07:07,REM,52,
2026-06-12,07:08,REM,49,
2026-06-12,07:09,REM,49,
2026-06-12,07:10,REM,49,
2026-06-12,07:11,REM,49,
2026-06-12,07:12,REM,51,
2026-06-12,07:13,REM,51,
2026-06-12,07:14,REM,49,
2026-06-12,07:15,REM,49,
2026-06-12,07:16,REM,49,
2026-06-12,07:17,REM,49,
2026-06-12,07:18,REM,47,
2026-06-12,07:19,REM,49,
2026-06-12,07:20,REM,49,
2026-06-12,07:21,REM,49,
2026-06-12,07:22,REM,49,
2026-06-12,07:23,REM,49,
2026-06-12,07:24,REM,51,
2026-06-12,07:25,REM,55,
2026-06-12,07:26,REM,50,
2026-06-12,07:27,LIGHT,50,
2026-06-12,07:28,LIGHT,52,
2026-06-12,07:29,LIGHT,51,
2026-06-12,07:30,LIGHT,50,
2026-06-12,07:31,LIGHT,48,
2026-06-12,07:32,LIGHT,49,
2026-06-12,07:33,LIGHT,50,
2026-06-12,07:34,LIGHT,50,
2026-06-12,07:35,LIGHT,50,
2026-06-12,07:36,LIGHT,51,
2026-06-12,07:37,LIGHT,51,
2026-06-12,07:38,LIGHT,48,
2026-06-12,07:39,LIGHT,49,
2026-06-12,07:40,LIGHT,51,
2026-06-12,07:41,LIGHT,49,
2026-06-12,07:42,LIGHT,49,
2026-06-12,07:43,LIGHT,49,
2026-06-12,07:44,LIGHT,53,
2026-06-12,07:45,LIGHT,53,
2026-06-12,07:46,LIGHT,49,
2026-06-12,07:47,LIGHT,51,
2026-06-12,07:48,LIGHT,48,
2026-06-12,07:49,LIGHT,48,
2026-06-12,07:50,LIGHT,49,
2026-06-12,07:51,LIGHT,47,
2026-06-12,07:52,LIGHT,47,
2026-06-12,07:53,LIGHT,47,
2026-06-12,07:54,LIGHT,46,
2026-06-12,07:55,LIGHT,54,
2026-06-12,07:56,LIGHT,49,
2026-06-12,07:57,LIGHT,51,
2026-06-12,07:58,LIGHT,46,
2026-06-12,07:59,LIGHT,46,
2026-06-12,08:00,LIGHT,45,
2026-06-12,08:01,LIGHT,45,
2026-06-12,08:02,LIGHT,45,
2026-06-12,08:03,LIGHT,45,
2026-06-12,08:04,LIGHT,45,
2026-06-12,08:05,LIGHT,55,
2026-06-12,08:06,LIGHT,52,
2026-06-12,08:07,LIGHT,48,
2026-06-12,08:08,LIGHT,46,
2026-06-12,08:09,LIGHT,46,
2026-06-12,08:10,LIGHT,54,
2026-06-12,08:11,LIGHT,49,
2026-06-12,08:12,LIGHT,47,
2026-06-12,08:13,LIGHT,47,
2026-06-12,08:14,LIGHT,47,
2026-06-12,08:15,LIGHT,50,
2026-06-12,08:16,LIGHT,48,
2026-06-12,08:17,LIGHT,50,
2026-06-12,08:18,LIGHT,47,
2026-06-12,08:19,LIGHT,46,
2026-06-12,08:20,LIGHT,46,
2026-06-12,08:21,LIGHT,45,
2026-06-12,08:22,LIGHT,45,
2026-06-12,08:23,LIGHT,45,
2026-06-12,08:24,LIGHT,45,
2026-06-12,08:25,LIGHT,45,
2026-06-12,08:26,LIGHT,47,
2026-06-12,08:27,LIGHT,46,
2026-06-12,08:28,LIGHT,45,
2026-06-12,08:29,REM,45,
2026-06-12,08:30,REM,45,
2026-06-12,08:31,REM,45,
2026-06-12,08:32,REM,52,
2026-06-12,08:33,REM,52,
2026-06-12,08:34,REM,46,
2026-06-12,08:35,REM,48,
2026-06-12,08:36,REM,48,
2026-06-12,08:37,REM,47,
2026-06-12,08:38,REM,49,
2026-06-12,08:39,REM,46,
2026-06-12,08:40,REM,46,
2026-06-12,08:41,REM,51,
2026-06-12,08:42,LIGHT,49,
2026-06-12,08:43,LIGHT,54,
2026-06-12,08:44,LIGHT,48,
2026-06-12,08:45,WAKE,57,
2026-06-12,08:46,WAKE,53,
2026-06-12,08:47,LIGHT,52,
2026-06-12,08:48,LIGHT,56,
2026-06-12,08:49,LIGHT,50,
2026-06-12,08:50,LIGHT,50,
2026-06-12,08:51,LIGHT,57,
2026-06-12,08:52,LIGHT,51,
2026-06-12,08:53,LIGHT,48,
2026-06-13,05:28,LIGHT,64,
2026-06-13,05:29,LIGHT,56,
2026-06-13,05:30,LIGHT,53,
2026-06-13,05:31,LIGHT,52,
2026-06-13,05:32,LIGHT,52,
2026-06-13,05:33,LIGHT,51,
2026-06-13,05:34,DEEP,52,
2026-06-13,05:35,DEEP,55,
2026-06-13,05:36,DEEP,52,
2026-06-13,05:37,DEEP,52,
2026-06-13,05:38,DEEP,52,
2026-06-13,05:39,DEEP,51,
2026-06-13,05:40,DEEP,51,
2026-06-13,05:41,DEEP,51,
2026-06-13,05:42,DEEP,49,
2026-06-13,05:43,DEEP,50,
2026-06-13,05:44,DEEP,50,
2026-06-13,05:45,DEEP,50,
2026-06-13,05:46,DEEP,50,
2026-06-13,05:47,DEEP,50,
2026-06-13,05:48,DEEP,50,
2026-06-13,05:49,DEEP,50,
2026-06-13,05:50,DEEP,50,
2026-06-13,05:51,DEEP,50,
2026-06-13,05:52,DEEP,50,
2026-06-13,05:53,LIGHT,50,
2026-06-13,05:54,LIGHT,51,
2026-06-13,05:55,LIGHT,51,
2026-06-13,05:56,LIGHT,50,
2026-06-13,05:57,LIGHT,50,
2026-06-13,05:58,LIGHT,50,
2026-06-13,05:59,LIGHT,50,
2026-06-13,06:00,LIGHT,50,
2026-06-13,06:01,LIGHT,50,
2026-06-13,06:02,LIGHT,50,
2026-06-13,06:03,LIGHT,50,
2026-06-13,06:04,LIGHT,51,
2026-06-13,06:05,LIGHT,50,
2026-06-13,06:06,LIGHT,50,
2026-06-13,06:07,LIGHT,50,
2026-06-13,06:08,LIGHT,50,
2026-06-13,06:09,LIGHT,50,
2026-06-13,06:10,LIGHT,50,
2026-06-13,06:11,LIGHT,50,
2026-06-13,06:12,LIGHT,50,
2026-06-13,06:13,LIGHT,50,
2026-06-13,06:14,LIGHT,50,
2026-06-13,06:15,LIGHT,50,
2026-06-13,06:16,LIGHT,51,
2026-06-13,06:17,DEEP,51,
2026-06-13,06:18,DEEP,51,
2026-06-13,06:19,DEEP,51,
2026-06-13,06:20,DEEP,51,
2026-06-13,06:21,DEEP,51,
2026-06-13,06:22,DEEP,51,
2026-06-13,06:23,DEEP,51,
2026-06-13,06:24,DEEP,51,
2026-06-13,06:25,DEEP,52,
2026-06-13,06:26,LIGHT,52,
2026-06-13,06:27,LIGHT,52,
2026-06-13,06:28,LIGHT,52,
2026-06-13,06:29,LIGHT,52,
2026-06-13,06:30,LIGHT,52,
2026-06-13,06:31,LIGHT,52,
2026-06-13,06:32,LIGHT,52,
2026-06-13,06:33,DEEP,54,
2026-06-13,06:34,DEEP,68,
2026-06-13,06:35,DEEP,67,
2026-06-13,06:36,DEEP,62,
2026-06-13,06:37,DEEP,51,
2026-06-13,06:38,DEEP,48,
2026-06-13,06:39,DEEP,48,
2026-06-13,06:40,DEEP,50,
2026-06-13,06:41,DEEP,50,
2026-06-13,06:42,DEEP,52,
2026-06-13,06:43,DEEP,57,
2026-06-13,06:44,DEEP,51,
2026-06-13,06:45,DEEP,51,
2026-06-13,06:46,DEEP,52,
2026-06-13,06:47,DEEP,53,
2026-06-13,06:48,DEEP,55,
2026-06-13,06:49,DEEP,51,
2026-06-13,06:50,DEEP,51,
2026-06-13,06:51,DEEP,52,
2026-06-13,06:52,DEEP,52,
2026-06-13,06:53,DEEP,51,
2026-06-13,06:54,DEEP,54,
2026-06-13,06:55,DEEP,52,
2026-06-13,06:56,DEEP,50,
2026-06-13,06:57,LIGHT,51,
2026-06-13,06:58,LIGHT,51,
2026-06-13,06:59,LIGHT,54,
2026-06-13,07:00,LIGHT,55,
2026-06-13,07:01,LIGHT,53,
2026-06-13,07:02,REM,53,
2026-06-13,07:03,REM,58,
2026-06-13,07:04,REM,55,
2026-06-13,07:05,REM,52,
2026-06-13,07:06,REM,50,
2026-06-13,07:07,REM,49,
2026-06-13,07:08,REM,49,
2026-06-13,07:09,REM,49,
2026-06-13,07:10,REM,49,
2026-06-13,07:11,REM,49,
2026-06-13,07:12,REM,49,
2026-06-13,07:13,REM,49,
2026-06-13,07:14,REM,49,
2026-06-13,07:15,REM,51,
2026-06-13,07:16,REM,51,
2026-06-13,07:17,REM,51,
2026-06-13,07:18,REM,49,
2026-06-13,07:19,REM,49,
2026-06-13,07:20,REM,48,
2026-06-13,07:21,REM,48,
2026-06-13,07:22,REM,49,
2026-06-13,07:23,REM,49,
2026-06-13,07:24,REM,49,
2026-06-13,07:25,REM,51,
2026-06-13,07:26,REM,49,
2026-06-13,07:27,REM,49,
2026-06-13,07:28,REM,47,
2026-06-13,07:29,REM,47,
2026-06-13,07:30,REM,47,
2026-06-13,07:31,REM,47,
2026-06-13,07:32,REM,47,
2026-06-13,07:33,REM,48,
2026-06-13,07:34,REM,48,
2026-06-13,07:35,REM,47,
2026-06-13,07:36,REM,54,
2026-06-13,07:37,REM,46,
2026-06-13,07:38,REM,43,
2026-06-13,07:39,REM,43,
2026-06-13,07:40,REM,43,
2026-06-13,07:41,REM,44,
2026-06-13,07:42,REM,44,
2026-06-13,07:43,REM,44,
2026-06-13,07:44,REM,44,
2026-06-13,07:45,REM,45,
2026-06-13,07:46,LIGHT,45,
2026-06-13,07:47,LIGHT,45,
2026-06-13,07:48,LIGHT,45,
2026-06-13,07:49,LIGHT,45,
2026-06-13,07:50,LIGHT,45,
2026-06-13,07:51,LIGHT,45,
2026-06-13,07:52,LIGHT,45,
2026-06-13,07:53,LIGHT,46,
2026-06-13,07:54,LIGHT,46,
2026-06-13,07:55,LIGHT,47,
2026-06-13,07:56,LIGHT,47,
2026-06-13,07:57,LIGHT,46,
2026-06-13,07:58,LIGHT,46,
2026-06-13,07:59,LIGHT,46,
2026-06-13,08:00,LIGHT,46,
2026-06-13,08:01,LIGHT,46,
2026-06-13,08:02,LIGHT,46,
2026-06-13,08:03,LIGHT,47,
2026-06-13,08:04,LIGHT,54,
2026-06-13,08:05,LIGHT,48,
2026-06-13,08:06,LIGHT,47,
2026-06-13,08:07,LIGHT,46,
2026-06-13,08:08,LIGHT,46,
2026-06-13,08:09,LIGHT,53,
2026-06-13,08:10,LIGHT,51,
2026-06-13,08:11,LIGHT,45,
2026-06-13,08:12,LIGHT,44,
2026-06-13,08:13,LIGHT,50,
2026-06-13,08:14,LIGHT,44,
2026-06-13,08:15,LIGHT,43,
2026-06-13,08:16,LIGHT,45,
2026-06-13,08:17,LIGHT,45,
2026-06-13,08:18,LIGHT,47,
2026-06-13,08:19,LIGHT,46,
2026-06-13,08:20,LIGHT,46,
2026-06-13,08:21,LIGHT,47,
2026-06-13,08:22,LIGHT,47,
2026-06-13,08:23,LIGHT,45,
2026-06-13,08:24,LIGHT,47,
2026-06-13,08:25,LIGHT,49,
2026-06-13,08:26,LIGHT,53,
2026-06-13,08:27,LIGHT,55,
2026-06-13,08:28,LIGHT,53,
2026-06-13,08:29,LIGHT,50,
2026-06-13,08:30,LIGHT,45,
2026-06-13,08:31,LIGHT,45,
2026-06-13,08:32,LIGHT,46,
2026-06-13,08:33,WAKE,44,
2026-06-13,08:34,WAKE,46,
2026-06-13,08:35,LIGHT,51,
2026-06-13,08:36,WAKE,48,
2026-06-13,08:37,LIGHT,46,
2026-06-13,08:38,LIGHT,53,
2026-06-13,08:39,LIGHT,53,
2026-06-13,08:40,REM,50,
2026-06-13,08:41,REM,44,
2026-06-13,08:42,REM,44,
2026-06-13,08:43,LIGHT,43,
2026-06-13,08:44,LIGHT,44,
2026-06-13,08:45,LIGHT,45,
2026-06-13,08:46,WAKE,44,
2026-06-13,08:47,WAKE,44,
2026-06-13,08:48,WAKE,44,
2026-06-13,08:49,WAKE,44,
2026-06-13,08:50,WAKE,44,
2026-06-13,08:51,WAKE,43,
2026-06-13,08:52,WAKE,43,
2026-06-13,08:53,WAKE,44,
2026-06-13,08:54,WAKE,44,
2026-06-13,08:55,LIGHT,44,
2026-06-13,08:56,LIGHT,45,
2026-06-13,08:57,LIGHT,56,
2026-06-13,08:58,WAKE,49,
2026-06-13,08:59,LIGHT,46,
2026-06-13,09:00,LIGHT,44,
2026-06-13,09:01,LIGHT,44,
2026-06-13,09:02,LIGHT,44,
2026-06-13,09:03,LIGHT,44,
2026-06-13,09:04,LIGHT,46,
2026-06-13,09:05,LIGHT,51,
2026-06-13,09:06,LIGHT,48,
2026-06-13,09:07,LIGHT,47,
2026-06-13,09:08,LIGHT,47,
2026-06-13,09:09,LIGHT,46,
2026-06-13,09:10,LIGHT,46,
2026-06-13,09:11,LIGHT,46,
2026-06-13,09:12,LIGHT,46,
2026-06-13,15:22,LIGHT,70,
2026-06-13,15:23,LIGHT,77,
2026-06-13,15:24,LIGHT,71,
2026-06-13,15:25,LIGHT,68,
2026-06-13,15:26,LIGHT,81,
2026-06-13,15:27,LIGHT,80,
2026-06-13,15:28,LIGHT,85,
2026-06-13,15:29,LIGHT,84,
2026-06-13,15:30,LIGHT,92,
2026-06-13,15:31,LIGHT,89,
2026-06-13,15:32,LIGHT,87,
2026-06-13,15:33,LIGHT,83,
2026-06-13,15:34,LIGHT,85,
2026-06-13,15:35,LIGHT,82,
2026-06-13,15:36,LIGHT,79,
2026-06-13,15:37,LIGHT,80,
2026-06-13,15:38,LIGHT,69,
2026-06-13,15:39,LIGHT,69,
2026-06-13,15:40,LIGHT,72,
2026-06-13,15:41,LIGHT,69,
2026-06-13,15:42,LIGHT,69,
2026-06-13,15:43,LIGHT,66,
2026-06-13,15:44,WAKE,65,
2026-06-13,15:45,WAKE,68,
2026-06-13,15:46,LIGHT,70,
2026-06-13,15:47,LIGHT,69,
2026-06-13,15:48,LIGHT,63,
2026-06-13,15:49,LIGHT,65,
2026-06-13,15:50,LIGHT,65,
2026-06-13,15:51,LIGHT,65,
2026-06-13,15:52,WAKE,63,
2026-06-13,15:53,WAKE,70,
2026-06-13,15:54,WAKE,69,
2026-06-13,15:55,LIGHT,66,
2026-06-13,15:56,LIGHT,67,
2026-06-13,15:57,LIGHT,69,
2026-06-13,15:58,LIGHT,69,
2026-06-13,15:59,LIGHT,66,
2026-06-13,16:00,LIGHT,66,
2026-06-13,16:01,LIGHT,64,
2026-06-13,16:02,LIGHT,64,
2026-06-13,16:03,WAKE,62,
2026-06-13,16:04,WAKE,63,
2026-06-13,16:05,LIGHT,64,
2026-06-13,16:06,LIGHT,62,
2026-06-13,16:07,LIGHT,68,
2026-06-13,16:08,LIGHT,71,
2026-06-13,16:09,LIGHT,68,
2026-06-13,16:10,LIGHT,63,
2026-06-14,02:36,LIGHT,51,
2026-06-14,02:37,LIGHT,50,
2026-06-14,02:38,LIGHT,50,
2026-06-14,02:39,LIGHT,50,
2026-06-14,02:40,LIGHT,51,
2026-06-14,02:41,LIGHT,50,
2026-06-14,02:42,LIGHT,50,
2026-06-14,02:43,LIGHT,51,
2026-06-14,02:44,LIGHT,51,
2026-06-14,02:45,LIGHT,52,
2026-06-14,02:46,LIGHT,52,
2026-06-14,02:47,DEEP,52,
2026-06-14,02:48,DEEP,54,
2026-06-14,02:49,DEEP,51,
2026-06-14,02:50,DEEP,51,
2026-06-14,02:51,DEEP,51,
2026-06-14,02:52,DEEP,51,
2026-06-14,02:53,DEEP,51,
2026-06-14,02:54,DEEP,51,
2026-06-14,02:55,DEEP,51,
2026-06-14,02:56,DEEP,51,
2026-06-14,02:57,DEEP,51,
2026-06-14,02:58,DEEP,51,
2026-06-14,02:59,DEEP,51,
2026-06-14,03:00,DEEP,51,
2026-06-14,03:01,DEEP,51,
2026-06-14,03:02,DEEP,51,
2026-06-14,03:03,DEEP,51,
2026-06-14,03:04,DEEP,51,
2026-06-14,03:05,DEEP,51,
2026-06-14,03:06,DEEP,51,
2026-06-14,03:07,DEEP,51,
2026-06-14,03:08,DEEP,51,
2026-06-14,03:09,DEEP,51,
2026-06-14,03:10,DEEP,51,
2026-06-14,03:11,DEEP,51,
2026-06-14,03:12,DEEP,52,
2026-06-14,03:13,DEEP,51,
2026-06-14,03:14,DEEP,51,
2026-06-14,03:15,DEEP,51,
2026-06-14,03:16,DEEP,53,
2026-06-14,03:17,DEEP,56,
2026-06-14,03:18,DEEP,56,
2026-06-14,03:19,DEEP,62,
2026-06-14,03:20,DEEP,57,
2026-06-14,03:21,DEEP,52,
2026-06-14,03:22,DEEP,57,
2026-06-14,03:23,LIGHT,60,
2026-06-14,03:24,LIGHT,57,
2026-06-14,03:25,LIGHT,60,
2026-06-14,03:26,LIGHT,62,
2026-06-14,03:27,LIGHT,62,
2026-06-14,03:28,LIGHT,58,
2026-06-14,03:29,REM,58,
2026-06-14,03:30,REM,58,
2026-06-14,03:31,REM,58,
2026-06-14,03:32,REM,56,
2026-06-14,03:33,REM,55,
2026-06-14,03:34,REM,57,
2026-06-14,03:35,REM,55,
2026-06-14,03:36,REM,54,
2026-06-14,03:37,REM,54,
2026-06-14,03:38,REM,54,
2026-06-14,03:39,REM,54,
2026-06-14,03:40,REM,55,
2026-06-14,03:41,REM,55,
2026-06-14,03:42,REM,55,
2026-06-14,03:43,REM,53,
2026-06-14,03:44,REM,50,
2026-06-14,03:45,REM,51,
2026-06-14,03:46,REM,53,
2026-06-14,03:47,REM,50,
2026-06-14,03:48,REM,49,
2026-06-14,03:49,REM,48,
2026-06-14,03:50,REM,48,
2026-06-14,03:51,REM,49,
2026-06-14,03:52,REM,49,
2026-06-14,03:53,REM,49,
2026-06-14,03:54,REM,49,
2026-06-14,03:55,REM,49,
2026-06-14,03:56,REM,48,
2026-06-14,03:57,REM,48,
2026-06-14,03:58,LIGHT,48,
2026-06-14,03:59,LIGHT,48,
2026-06-14,04:00,LIGHT,47,
2026-06-14,04:01,LIGHT,48,
2026-06-14,04:02,LIGHT,48,
2026-06-14,04:03,LIGHT,48,
2026-06-14,04:04,LIGHT,48,
2026-06-14,04:05,LIGHT,48,
2026-06-14,04:06,LIGHT,47,
2026-06-14,04:07,LIGHT,47,
2026-06-14,04:08,LIGHT,47,
2026-06-14,04:09,LIGHT,47,
2026-06-14,04:10,LIGHT,46,
2026-06-14,04:11,LIGHT,58,
2026-06-14,04:12,LIGHT,51,
2026-06-14,04:13,LIGHT,44,
2026-06-14,04:14,LIGHT,43,
2026-06-14,04:15,LIGHT,43,
2026-06-14,04:16,LIGHT,43,
2026-06-14,04:17,LIGHT,43,
2026-06-14,04:18,LIGHT,43,
2026-06-14,04:19,LIGHT,43,
2026-06-14,04:20,LIGHT,43,
2026-06-14,04:21,LIGHT,43,
2026-06-14,04:22,LIGHT,43,
2026-06-14,04:23,LIGHT,43,
2026-06-14,04:24,LIGHT,43,
2026-06-14,04:25,LIGHT,43,
2026-06-14,04:26,LIGHT,43,
2026-06-14,04:27,LIGHT,43,
2026-06-14,04:28,LIGHT,43,
2026-06-14,04:29,LIGHT,44,
2026-06-14,04:30,LIGHT,44,
2026-06-14,04:31,LIGHT,44,
2026-06-14,04:32,LIGHT,44,
2026-06-14,04:33,LIGHT,44,
2026-06-14,04:34,LIGHT,44,
2026-06-14,04:35,LIGHT,44,
2026-06-14,04:36,LIGHT,44,
2026-06-14,04:37,LIGHT,44,
2026-06-14,04:38,LIGHT,44,
2026-06-14,04:39,LIGHT,44,
2026-06-14,04:40,LIGHT,44,
2026-06-14,04:41,LIGHT,44,
2026-06-14,04:42,LIGHT,43,
2026-06-14,04:43,WAKE,43,
2026-06-14,04:44,LIGHT,43,
2026-06-14,04:45,LIGHT,43,
2026-06-14,04:46,LIGHT,43,
2026-06-14,04:47,LIGHT,44,
2026-06-14,04:48,LIGHT,44,
2026-06-14,04:49,LIGHT,44,
2026-06-14,04:50,LIGHT,51,
2026-06-14,04:51,LIGHT,47,
2026-06-14,04:52,LIGHT,49,
2026-06-14,04:53,LIGHT,44,
2026-06-14,04:54,LIGHT,44,
2026-06-14,04:55,LIGHT,43,
2026-06-14,04:56,LIGHT,47,
2026-06-14,04:57,LIGHT,46,
2026-06-14,04:58,WAKE,47,
2026-06-14,04:59,LIGHT,42,
2026-06-14,05:00,LIGHT,41,
2026-06-14,05:01,LIGHT,41,
2026-06-14,05:02,LIGHT,41,
2026-06-14,05:03,LIGHT,41,
2026-06-14,05:04,LIGHT,42,
2026-06-14,05:05,LIGHT,42,
2026-06-14,05:06,LIGHT,41,
2026-06-14,05:07,LIGHT,41,
2026-06-14,05:08,LIGHT,41,
2026-06-14,05:09,LIGHT,41,
2026-06-14,05:10,LIGHT,43,
2026-06-14,05:11,LIGHT,51,
2026-06-14,05:12,LIGHT,47,
2026-06-14,05:13,WAKE,43,
2026-06-14,05:14,WAKE,43,
2026-06-14,05:15,WAKE,43,
2026-06-14,05:16,WAKE,43,
2026-06-14,05:17,LIGHT,42,
2026-06-14,05:18,LIGHT,48,
2026-06-14,05:19,LIGHT,43,
2026-06-14,05:20,REM,42,
2026-06-14,05:21,REM,42,
2026-06-14,05:22,REM,42,
2026-06-14,05:23,REM,42,
2026-06-14,05:24,REM,42,
2026-06-14,05:25,LIGHT,43,
2026-06-14,05:26,LIGHT,43,
2026-06-14,05:27,LIGHT,43,
2026-06-14,05:28,WAKE,43,
2026-06-14,05:29,WAKE,43,
2026-06-14,05:30,LIGHT,42,
2026-06-14,05:31,LIGHT,42,
2026-06-14,05:32,LIGHT,42,
2026-06-14,05:33,LIGHT,47,
2026-06-14,05:34,LIGHT,43,
2026-06-14,05:35,LIGHT,42,
2026-06-14,05:36,LIGHT,42,
2026-06-14,05:37,LIGHT,42,
2026-06-14,05:38,LIGHT,41,
2026-06-14,05:39,LIGHT,41,
2026-06-14,05:40,LIGHT,42,
2026-06-14,05:41,LIGHT,42,
2026-06-14,05:42,LIGHT,42,
2026-06-14,05:43,LIGHT,42,
2026-06-14,05:44,LIGHT,43,
2026-06-14,05:45,LIGHT,43,
2026-06-14,05:46,LIGHT,43,
2026-06-14,05:47,LIGHT,43,
2026-06-14,05:48,LIGHT,43,
2026-06-14,05:49,LIGHT,43,
2026-06-14,05:50,LIGHT,43,
2026-06-14,05:51,LIGHT,43,
2026-06-14,05:52,LIGHT,43,
2026-06-14,05:53,LIGHT,43,
2026-06-14,05:54,LIGHT,43,
2026-06-14,05:55,DEEP,43,
2026-06-14,05:56,DEEP,43,
2026-06-14,05:57,DEEP,43,
2026-06-14,05:58,DEEP,43,
2026-06-14,05:59,DEEP,43,
2026-06-14,06:00,DEEP,43,
2026-06-14,06:01,DEEP,43,
2026-06-14,06:02,DEEP,43,
2026-06-14,06:03,DEEP,44,
2026-06-14,06:04,DEEP,44,
2026-06-14,06:05,DEEP,43,
2026-06-14,06:06,DEEP,45,
2026-06-14,06:07,DEEP,46,
2026-06-14,06:08,DEEP,46,
2026-06-14,06:09,DEEP,46,
2026-06-14,06:10,DEEP,46,
2026-06-14,06:11,DEEP,48,
2026-06-14,06:12,DEEP,53,
2026-06-14,06:13,DEEP,47,
2026-06-14,06:14,DEEP,47,
2026-06-14,06:15,DEEP,46,
2026-06-14,06:16,DEEP,48,
2026-06-14,06:17,DEEP,45,
2026-06-14,06:18,DEEP,45,
2026-06-14,06:19,DEEP,45,
2026-06-14,06:20,DEEP,47,
2026-06-14,06:21,DEEP,49,
2026-06-14,06:22,DEEP,48,
2026-06-14,06:23,DEEP,46,
2026-06-14,06:24,DEEP,43,
2026-06-14,06:25,DEEP,47,
2026-06-14,06:26,DEEP,47,
2026-06-14,06:27,DEEP,45,
2026-06-14,06:28,DEEP,43,
2026-06-14,06:29,DEEP,42,
2026-06-14,06:30,DEEP,42,
2026-06-14,06:31,DEEP,42,
2026-06-14,06:32,LIGHT,40,
2026-06-14,06:33,LIGHT,42,
2026-06-14,06:34,LIGHT,47,
2026-06-14,06:35,WAKE,43,
2026-06-14,06:36,WAKE,43,
2026-06-14,06:37,WAKE,45,
2026-06-14,06:38,LIGHT,43,
2026-06-14,06:39,LIGHT,48,
2026-06-14,06:40,LIGHT,44,
2026-06-14,06:41,LIGHT,44,
2026-06-14,06:42,LIGHT,41,
2026-06-14,06:43,REM,42,
2026-06-14,06:44,REM,42,
2026-06-14,06:45,REM,42,
2026-06-14,06:46,REM,47,
2026-06-14,06:47,REM,41,
2026-06-14,06:48,REM,41,
2026-06-14,06:49,REM,41,
2026-06-14,06:50,REM,41,
2026-06-14,06:51,REM,41,
2026-06-14,06:52,REM,41,
2026-06-14,06:53,REM,41,
2026-06-14,06:54,REM,41,
2026-06-14,06:55,REM,41,
2026-06-14,06:56,REM,41,
2026-06-14,06:57,REM,41,
2026-06-14,06:58,REM,41,
2026-06-14,06:59,REM,41,
2026-06-14,07:00,REM,41,
2026-06-14,07:01,REM,41,
2026-06-14,07:02,REM,42,
2026-06-14,07:03,REM,42,
2026-06-14,07:04,REM,42,
2026-06-14,07:05,REM,42,
2026-06-14,07:06,REM,42,
2026-06-14,07:07,REM,42,
2026-06-14,07:08,REM,42,
2026-06-14,07:09,REM,42,
2026-06-14,07:10,REM,42,
2026-06-14,07:11,REM,42,
2026-06-14,07:12,REM,42,
2026-06-14,07:13,REM,42,
2026-06-14,07:14,REM,42,
2026-06-14,07:15,REM,43,
2026-06-14,07:16,REM,43,
2026-06-14,07:17,REM,43,
2026-06-14,07:18,REM,44,
2026-06-14,07:19,REM,54,
2026-06-14,07:20,REM,46,
2026-06-14,07:21,REM,45,
2026-06-14,07:22,REM,47,
2026-06-14,07:23,REM,47,
2026-06-14,07:24,REM,44,
2026-06-14,07:25,REM,44,
2026-06-14,07:26,REM,46,
2026-06-14,07:27,REM,49,
2026-06-14,07:28,REM,43,
2026-06-14,07:29,LIGHT,41,
2026-06-14,07:30,LIGHT,40,
2026-06-14,07:31,LIGHT,40,
2026-06-14,07:32,LIGHT,41,
2026-06-14,07:33,LIGHT,41,
2026-06-14,07:34,LIGHT,41,
2026-06-14,07:35,LIGHT,41,
2026-06-14,07:36,LIGHT,41,
2026-06-14,07:37,LIGHT,41,
2026-06-14,07:38,LIGHT,41,
2026-06-14,07:39,LIGHT,42,
2026-06-14,07:40,LIGHT,42,
2026-06-14,07:41,LIGHT,43,
2026-06-14,07:42,LIGHT,43,
2026-06-14,07:43,LIGHT,43,
2026-06-14,07:44,LIGHT,43,
2026-06-14,07:45,LIGHT,43,
2026-06-14,07:46,LIGHT,43,
2026-06-14,07:47,LIGHT,42,
2026-06-14,07:48,LIGHT,42,
2026-06-14,07:49,LIGHT,42,
2026-06-14,07:50,LIGHT,43,
2026-06-14,07:51,LIGHT,43,
2026-06-14,07:52,LIGHT,43,
2026-06-14,07:53,LIGHT,43,
2026-06-14,07:54,LIGHT,43,
2026-06-14,07:55,LIGHT,43,
2026-06-14,07:56,LIGHT,42,
2026-06-14,07:57,LIGHT,43,
2026-06-14,07:58,LIGHT,52,
2026-06-14,07:59,LIGHT,48,
2026-06-14,08:00,LIGHT,46,
2026-06-14,08:01,LIGHT,47,
2026-06-14,08:02,LIGHT,47,
2026-06-14,08:03,LIGHT,44,
2026-06-14,08:04,LIGHT,43,
2026-06-14,08:05,LIGHT,43,
2026-06-14,08:06,LIGHT,43,
2026-06-14,08:07,LIGHT,43,
2026-06-14,08:08,LIGHT,43,
2026-06-14,08:09,LIGHT,44,
2026-06-14,08:10,LIGHT,46,
2026-06-14,08:11,LIGHT,47,
2026-06-14,08:12,LIGHT,44,
2026-06-14,08:13,LIGHT,43,
2026-06-14,08:14,LIGHT,43,
2026-06-14,08:15,LIGHT,45,
2026-06-14,08:16,LIGHT,45,
2026-06-14,08:17,LIGHT,48,
2026-06-14,08:18,LIGHT,44,
2026-06-14,08:19,LIGHT,44,
2026-06-14,08:20,LIGHT,44,
2026-06-14,08:21,LIGHT,45,
2026-06-14,08:22,LIGHT,46,
2026-06-14,08:23,LIGHT,45,
2026-06-14,08:24,LIGHT,47,
2026-06-14,08:25,LIGHT,47,
2026-06-14,08:26,LIGHT,49,
2026-06-14,08:27,LIGHT,51,
2026-06-14,08:28,LIGHT,45,
2026-06-14,08:29,LIGHT,43,
2026-06-14,08:30,LIGHT,43,
2026-06-14,08:31,LIGHT,42,
2026-06-14,08:32,LIGHT,42,
2026-06-14,08:33,LIGHT,42,
2026-06-14,08:34,REM,43,
2026-06-14,08:35,REM,43,
2026-06-14,08:36,REM,42,
2026-06-14,08:37,REM,42,
2026-06-14,08:38,REM,42,
2026-06-14,08:39,REM,43,
2026-06-14,08:40,REM,45,
2026-06-14,08:41,LIGHT,46,
2026-06-14,08:42,LIGHT,44,
2026-06-14,08:43,LIGHT,44,
2026-06-14,08:44,LIGHT,44,
2026-06-14,08:45,LIGHT,44,
2026-06-14,08:46,LIGHT,44,
2026-06-14,08:47,LIGHT,44,
2026-06-14,08:48,LIGHT,44,
2026-06-14,08:49,LIGHT,44,
2026-06-14,08:50,LIGHT,45,
2026-06-14,08:51,LIGHT,45,
2026-06-14,08:52,LIGHT,44,
2026-06-14,08:53,LIGHT,45,
2026-06-14,08:54,LIGHT,47,
2026-06-14,08:55,LIGHT,45,
2026-06-14,08:56,LIGHT,45,
2026-06-14,08:57,LIGHT,45,
2026-06-14,08:58,LIGHT,45,
2026-06-14,08:59,LIGHT,45,
2026-06-14,09:00,LIGHT,45,
2026-06-14,09:01,LIGHT,45,
2026-06-14,09:02,LIGHT,45,
2026-06-14,09:03,LIGHT,47,
2026-06-14,09:04,LIGHT,47,
2026-06-14,09:05,LIGHT,46,
2026-06-14,09:06,LIGHT,46,
2026-06-14,09:07,LIGHT,53,
2026-06-14,09:08,LIGHT,48,
2026-06-14,09:09,LIGHT,53,
2026-06-14,09:10,LIGHT,48,
2026-06-14,09:11,LIGHT,45,
2026-06-14,09:12,LIGHT,45,
2026-06-14,09:13,LIGHT,44,
2026-06-14,09:14,LIGHT,45,
2026-06-14,09:15,LIGHT,45,
2026-06-14,09:16,LIGHT,45,
2026-06-14,09:17,LIGHT,45,
2026-06-14,09:18,LIGHT,47,
2026-06-14,09:19,LIGHT,46,
2026-06-14,09:20,LIGHT,46,
2026-06-14,09:21,LIGHT,45,
2026-06-14,09:22,LIGHT,45,
2026-06-14,09:23,LIGHT,45,
2026-06-14,09:24,LIGHT,45,
2026-06-14,09:25,LIGHT,46,
2026-06-14,09:26,LIGHT,46,
2026-06-14,09:27,LIGHT,47,
2026-06-14,09:28,LIGHT,47,
2026-06-14,09:29,LIGHT,47,
2026-06-14,09:30,LIGHT,47,
2026-06-14,09:31,LIGHT,47,
2026-06-14,09:32,LIGHT,47,
2026-06-14,09:33,LIGHT,47,
2026-06-14,09:34,LIGHT,47,
2026-06-14,09:35,LIGHT,47,
2026-06-14,09:36,LIGHT,47,
2026-06-14,09:37,LIGHT,47,
2026-06-14,09:38,DEEP,47,
2026-06-14,09:39,DEEP,47,
2026-06-14,09:40,DEEP,47,
2026-06-14,09:41,DEEP,47,
2026-06-14,09:42,DEEP,48,
2026-06-14,09:43,DEEP,55,
2026-06-14,09:44,DEEP,67,
2026-06-14,09:45,DEEP,54,
2026-06-14,09:46,DEEP,51,
2026-06-14,09:47,DEEP,49,
2026-06-14,09:48,DEEP,44,
2026-06-14,09:49,DEEP,45,
2026-06-14,09:50,DEEP,43,
2026-06-14,09:51,DEEP,44,
2026-06-14,09:52,DEEP,50,
2026-06-14,09:53,DEEP,53,
2026-06-14,09:54,DEEP,47,
2026-06-14,09:55,DEEP,52,
2026-06-14,09:56,LIGHT,65,
2026-06-14,09:57,LIGHT,66,
2026-06-14,09:58,LIGHT,68,
2026-06-14,09:59,LIGHT,65,
2026-06-14,10:00,WAKE,61,
2026-06-14,10:01,LIGHT,61,
2026-06-14,10:02,LIGHT,65,
2026-06-14,10:03,LIGHT,59,
2026-06-14,10:04,LIGHT,54,
2026-06-14,10:05,LIGHT,61,
2026-06-14,10:06,LIGHT,60,
2026-06-14,10:07,LIGHT,60,
2026-06-14,10:08,LIGHT,69,
2026-06-14,10:09,REM,66,
2026-06-14,10:10,REM,57,
2026-06-14,10:11,REM,54,
2026-06-14,10:12,REM,52,
2026-06-14,10:13,REM,52,
2026-06-14,10:14,REM,56,
2026-06-14,10:15,REM,65,
2026-06-14,10:16,REM,59,
2026-06-14,10:17,REM,62,
2026-06-14,10:18,REM,61,
2026-06-14,10:19,REM,62,
2026-06-14,10:20,LIGHT,77,
2026-06-14,10:21,LIGHT,66,
2026-06-14,10:22,LIGHT,52,
2026-06-14,10:23,LIGHT,54,
2026-06-14,10:24,LIGHT,52,
2026-06-15,01:36,LIGHT,84,
2026-06-15,01:37,LIGHT,87,
2026-06-15,01:38,LIGHT,84,
2026-06-15,01:39,LIGHT,76,
2026-06-15,01:40,LIGHT,76,
2026-06-15,01:41,LIGHT,80,
2026-06-15,01:42,LIGHT,81,
2026-06-15,01:43,LIGHT,78,
2026-06-15,01:44,DEEP,82,
2026-06-15,01:45,DEEP,79,
2026-06-15,01:46,DEEP,84,
2026-06-15,01:47,DEEP,86,
2026-06-15,01:48,DEEP,85,
2026-06-15,01:49,DEEP,77,
2026-06-15,01:50,DEEP,77,
2026-06-15,01:51,DEEP,76,
2026-06-15,01:52,DEEP,75,
2026-06-15,01:53,DEEP,80,
2026-06-15,01:54,DEEP,83,
2026-06-15,01:55,DEEP,78,
2026-06-15,01:56,DEEP,75,
2026-06-15,01:57,DEEP,76,
2026-06-15,01:58,DEEP,76,
2026-06-15,01:59,LIGHT,81,
2026-06-15,02:00,LIGHT,81,
2026-06-15,02:01,LIGHT,79,
2026-06-15,02:02,LIGHT,79,
2026-06-15,02:03,LIGHT,79,
2026-06-15,02:04,DEEP,78,
2026-06-15,02:05,DEEP,92,
2026-06-15,02:06,DEEP,92,
2026-06-15,02:07,DEEP,81,
2026-06-15,02:08,DEEP,79,
2026-06-15,02:09,DEEP,73,
2026-06-15,02:10,LIGHT,73,
2026-06-15,02:11,LIGHT,72,
2026-06-15,02:12,LIGHT,69,
2026-06-15,02:13,WAKE,66,
2026-06-15,02:14,LIGHT,68,
2026-06-15,02:15,LIGHT,81,
2026-06-15,02:16,LIGHT,95,
2026-06-15,02:17,LIGHT,91,
2026-06-15,02:18,LIGHT,82,
2026-06-15,02:19,LIGHT,82,
2026-06-15,02:20,LIGHT,79,
2026-06-15,02:21,LIGHT,71,
2026-06-15,02:22,LIGHT,65,
2026-06-15,02:23,LIGHT,61,
2026-06-15,02:24,LIGHT,61,
2026-06-15,02:25,LIGHT,59,
2026-06-15,02:26,LIGHT,60,
2026-06-15,02:27,LIGHT,58,
2026-06-15,02:28,LIGHT,59,
2026-06-15,02:29,LIGHT,59,
2026-06-15,02:30,LIGHT,59,
2026-06-15,02:31,LIGHT,61,
2026-06-15,02:32,LIGHT,61,
2026-06-15,02:33,LIGHT,61,
2026-06-15,02:34,DEEP,62,
2026-06-15,02:35,DEEP,60,
2026-06-15,02:36,DEEP,58,
2026-06-15,02:37,DEEP,62,
2026-06-15,02:38,DEEP,62,
2026-06-15,02:39,DEEP,59,
2026-06-15,02:40,DEEP,60,
2026-06-15,02:41,DEEP,61,
2026-06-15,02:42,DEEP,59,
2026-06-15,02:43,DEEP,60,
2026-06-15,02:44,DEEP,62,
2026-06-15,02:45,DEEP,61,
2026-06-15,02:46,DEEP,61,
2026-06-15,02:47,DEEP,60,
2026-06-15,02:48,DEEP,61,
2026-06-15,02:49,DEEP,60,
2026-06-15,02:50,DEEP,59,
2026-06-15,02:51,DEEP,57,
2026-06-15,02:52,DEEP,57,
2026-06-15,02:53,DEEP,58,
2026-06-15,02:54,DEEP,58,
2026-06-15,02:55,DEEP,55,
2026-06-15,02:56,DEEP,57,
2026-06-15,02:57,DEEP,62,
2026-06-15,02:58,DEEP,61,
2026-06-15,02:59,DEEP,73,
2026-06-15,03:00,DEEP,57,
2026-06-15,03:01,DEEP,55,
2026-06-15,03:02,DEEP,55,
2026-06-15,03:03,DEEP,51,
2026-06-15,03:04,DEEP,51,
2026-06-15,03:05,DEEP,53,
2026-06-15,03:06,DEEP,61,
2026-06-15,03:07,DEEP,60,
2026-06-15,03:08,DEEP,58,
2026-06-15,03:09,DEEP,66,
2026-06-15,03:10,DEEP,63,
2026-06-15,03:11,DEEP,60,
2026-06-15,03:12,DEEP,59,
2026-06-15,03:13,DEEP,58,
2026-06-15,03:14,DEEP,56,
2026-06-15,03:15,LIGHT,58,
2026-06-15,03:16,LIGHT,55,
2026-06-15,03:17,LIGHT,54,
2026-06-15,03:18,LIGHT,56,
2026-06-15,03:19,LIGHT,54,
2026-06-15,03:20,WAKE,54,
2026-06-15,03:21,LIGHT,54,
2026-06-15,03:22,LIGHT,53,
2026-06-15,03:23,LIGHT,53,
2026-06-15,03:24,REM,53,
2026-06-15,03:25,REM,53,
2026-06-15,03:26,REM,54,
2026-06-15,03:27,REM,56,
2026-06-15,03:28,REM,54,
2026-06-15,03:29,REM,52,
2026-06-15,03:30,REM,53,
2026-06-15,03:31,REM,51,
2026-06-15,03:32,REM,51,
2026-06-15,03:33,REM,50,
2026-06-15,03:34,REM,50,
2026-06-15,03:35,REM,50,
2026-06-15,03:36,REM,50,
2026-06-15,03:37,REM,50,
2026-06-15,03:38,REM,51,
2026-06-15,03:39,REM,51,
2026-06-15,03:40,REM,51,
2026-06-15,03:41,REM,51,
2026-06-15,03:42,REM,50,
2026-06-15,03:43,REM,50,
2026-06-15,03:44,REM,49,
2026-06-15,03:45,REM,49,
2026-06-15,03:46,REM,49,
2026-06-15,03:47,REM,49,
2026-06-15,03:48,REM,56,
2026-06-15,03:49,LIGHT,56,
2026-06-15,03:50,LIGHT,53,
2026-06-15,03:51,LIGHT,51,
2026-06-15,03:52,LIGHT,58,
2026-06-15,03:53,LIGHT,51,
2026-06-15,03:54,LIGHT,49,
2026-06-15,03:55,LIGHT,49,
2026-06-15,03:56,LIGHT,49,
2026-06-15,03:57,LIGHT,49,
2026-06-15,03:58,LIGHT,49,
2026-06-15,03:59,LIGHT,49,
2026-06-15,04:00,LIGHT,50,
2026-06-15,04:01,LIGHT,61,
2026-06-15,04:02,LIGHT,52,
2026-06-15,04:03,LIGHT,51,
2026-06-15,04:04,LIGHT,51,
2026-06-15,04:05,LIGHT,49,
2026-06-15,04:06,LIGHT,49,
2026-06-15,04:07,LIGHT,49,
2026-06-15,04:08,LIGHT,49,
2026-06-15,04:09,LIGHT,49,
2026-06-15,04:10,LIGHT,49,
2026-06-15,04:11,LIGHT,49,
2026-06-15,04:12,WAKE,49,
2026-06-15,04:13,LIGHT,49,
2026-06-15,04:14,LIGHT,49,
2026-06-15,04:15,LIGHT,49,
2026-06-15,04:16,LIGHT,49,
2026-06-15,04:17,LIGHT,49,
2026-06-15,04:18,LIGHT,49,
2026-06-15,04:19,LIGHT,49,
2026-06-15,04:20,LIGHT,58,
2026-06-15,04:21,LIGHT,55,
2026-06-15,04:22,LIGHT,54,
2026-06-15,04:23,LIGHT,53,
2026-06-15,04:24,LIGHT,53,
2026-06-15,04:25,LIGHT,50,
2026-06-15,04:26,LIGHT,49,
2026-06-15,04:27,LIGHT,49,
2026-06-15,04:28,LIGHT,49,
2026-06-15,04:29,LIGHT,49,
2026-06-15,04:30,LIGHT,51,
2026-06-15,04:31,LIGHT,52,
2026-06-15,04:32,LIGHT,53,
2026-06-15,04:33,DEEP,53,
2026-06-15,04:34,DEEP,54,
2026-06-15,04:35,DEEP,54,
2026-06-15,04:36,DEEP,53,
2026-06-15,04:37,DEEP,51,
2026-06-15,04:38,DEEP,52,
2026-06-15,04:39,DEEP,54,
2026-06-15,04:40,DEEP,51,
2026-06-15,04:41,DEEP,51,
2026-06-15,04:42,DEEP,51,
2026-06-15,04:43,DEEP,51,
2026-06-15,04:44,DEEP,59,
2026-06-15,04:45,DEEP,61,
2026-06-15,04:46,DEEP,54,
2026-06-15,04:47,DEEP,51,
2026-06-15,04:48,LIGHT,51,
2026-06-15,04:49,LIGHT,49,
2026-06-15,04:50,LIGHT,49,
2026-06-15,04:51,WAKE,48,
2026-06-15,04:52,LIGHT,48,
2026-06-15,04:53,WAKE,49,
2026-06-15,04:54,LIGHT,49,
2026-06-15,04:55,LIGHT,49,
2026-06-15,04:56,LIGHT,49,
2026-06-15,04:57,LIGHT,49,
2026-06-15,04:58,LIGHT,49,
2026-06-15,04:59,LIGHT,49,
2026-06-15,05:00,LIGHT,49,
2026-06-15,05:01,LIGHT,49,
2026-06-15,05:02,LIGHT,49,
2026-06-15,05:03,LIGHT,49,
2026-06-15,05:04,LIGHT,51,
2026-06-15,05:05,LIGHT,54,
2026-06-15,05:06,LIGHT,49,
2026-06-15,05:07,REM,48,
2026-06-15,05:08,REM,48,
2026-06-15,05:09,LIGHT,48,
2026-06-15,05:10,LIGHT,48,
2026-06-15,05:11,LIGHT,48,
2026-06-15,05:12,WAKE,50,
2026-06-15,05:13,WAKE,50,
2026-06-15,05:14,LIGHT,52,
2026-06-15,05:15,LIGHT,48,
2026-06-15,05:16,LIGHT,47,
2026-06-15,05:17,LIGHT,48,
2026-06-15,05:18,LIGHT,49,
2026-06-15,05:19,LIGHT,49,
2026-06-15,05:20,LIGHT,49,
2026-06-15,05:21,LIGHT,49,
2026-06-15,05:22,LIGHT,49,
2026-06-15,05:23,LIGHT,49,
2026-06-15,05:24,LIGHT,49,
2026-06-15,05:25,LIGHT,49,
2026-06-15,05:26,LIGHT,49,
2026-06-15,05:27,LIGHT,49,
2026-06-15,05:28,LIGHT,49,
2026-06-15,05:29,LIGHT,49,
2026-06-15,05:30,LIGHT,50,
2026-06-15,05:31,LIGHT,50,
2026-06-15,05:32,LIGHT,50,
2026-06-15,05:33,LIGHT,50,
2026-06-15,05:34,LIGHT,50,
2026-06-15,05:35,LIGHT,50,
2026-06-15,05:36,LIGHT,50,
2026-06-15,05:37,LIGHT,50,
2026-06-15,05:38,LIGHT,50,
2026-06-15,05:39,LIGHT,53,
2026-06-15,05:40,LIGHT,52,
2026-06-15,05:41,LIGHT,52,
2026-06-15,05:42,LIGHT,50,
2026-06-15,05:43,LIGHT,49,
2026-06-15,05:44,LIGHT,49,
2026-06-15,05:45,LIGHT,49,
2026-06-15,05:46,LIGHT,51,
2026-06-15,05:47,LIGHT,54,
2026-06-15,05:48,LIGHT,50,
2026-06-15,05:49,LIGHT,47,
2026-06-15,05:50,LIGHT,47,
2026-06-15,05:51,LIGHT,48,
2026-06-15,05:52,LIGHT,47,
2026-06-15,05:53,LIGHT,47,
2026-06-15,05:54,LIGHT,48,
2026-06-15,05:55,LIGHT,56,
2026-06-15,05:56,LIGHT,56,
2026-06-15,05:57,DEEP,50,
2026-06-15,05:58,DEEP,47,
2026-06-15,05:59,DEEP,46,
2026-06-15,06:00,DEEP,46,
2026-06-15,06:01,DEEP,45,
2026-06-15,06:02,DEEP,45,
2026-06-15,06:03,DEEP,45,
2026-06-15,06:04,DEEP,46,
2026-06-15,06:05,DEEP,46,
2026-06-15,06:06,DEEP,48,
2026-06-15,06:07,DEEP,48,
2026-06-15,06:08,DEEP,50,
2026-06-15,06:09,DEEP,47,
2026-06-15,06:10,DEEP,47,
2026-06-15,06:11,DEEP,47,
2026-06-15,06:12,DEEP,47,
2026-06-15,06:13,LIGHT,47,
2026-06-15,06:14,LIGHT,56,
2026-06-15,06:15,LIGHT,63,
2026-06-15,06:16,LIGHT,53,
2026-06-15,06:17,LIGHT,55,
2026-06-15,06:18,REM,49,
2026-06-15,06:19,REM,46,
2026-06-15,06:20,REM,47,
2026-06-15,06:21,REM,48,
2026-06-15,06:22,REM,53,
2026-06-15,06:23,REM,50,
2026-06-15,06:24,REM,50,
2026-06-15,06:25,REM,50,
2026-06-15,06:26,REM,55,
2026-06-15,06:27,REM,51,
2026-06-15,06:28,REM,52,
2026-06-15,06:29,REM,52,
2026-06-15,06:30,REM,52,
2026-06-15,06:31,REM,54,
2026-06-15,06:32,REM,55,
2026-06-15,06:33,REM,54,
2026-06-15,06:34,REM,54,
2026-06-15,06:35,REM,54,
2026-06-15,06:36,REM,54,
2026-06-15,06:37,REM,56,
2026-06-15,06:38,REM,55,
2026-06-15,06:39,REM,58,
2026-06-15,06:40,REM,51,
2026-06-15,06:41,REM,49,
2026-06-15,06:42,REM,47,
2026-06-15,06:43,REM,47,
2026-06-15,06:44,REM,49,
2026-06-15,06:45,REM,50,
2026-06-15,06:46,LIGHT,52,
2026-06-15,06:47,LIGHT,50,
2026-06-15,06:48,LIGHT,50,
2026-06-15,06:49,LIGHT,51,
2026-06-15,06:50,LIGHT,51,
2026-06-15,06:51,LIGHT,49,
2026-06-15,06:52,LIGHT,49,
2026-06-15,06:53,LIGHT,49,
2026-06-15,06:54,LIGHT,49,
2026-06-15,06:55,LIGHT,50,
2026-06-15,06:56,LIGHT,50,
2026-06-15,06:57,LIGHT,50,
2026-06-15,06:58,LIGHT,58,
2026-06-15,06:59,LIGHT,50,
2026-06-15,07:00,LIGHT,48,
2026-06-15,07:01,LIGHT,48,
2026-06-15,07:02,LIGHT,48,
2026-06-15,07:03,LIGHT,48,
2026-06-15,07:04,LIGHT,48,
2026-06-15,07:05,LIGHT,48,
2026-06-15,07:06,LIGHT,48,
2026-06-15,07:07,DEEP,48,
2026-06-15,07:08,DEEP,48,
2026-06-15,07:09,DEEP,48,
2026-06-15,07:10,DEEP,50,
2026-06-15,07:11,DEEP,50,
2026-06-15,07:12,DEEP,49,
2026-06-15,07:13,DEEP,49,
2026-06-15,07:14,DEEP,49,
2026-06-15,07:15,DEEP,50,
2026-06-15,07:16,DEEP,50,
2026-06-15,07:17,DEEP,49,
2026-06-15,07:18,DEEP,49,
2026-06-15,07:19,DEEP,50,
2026-06-15,07:20,LIGHT,50,
2026-06-15,07:21,LIGHT,50,
2026-06-15,07:22,LIGHT,50,
2026-06-15,07:23,LIGHT,50,
2026-06-15,07:24,LIGHT,51,
2026-06-15,07:25,LIGHT,51,
2026-06-15,07:26,LIGHT,51,
2026-06-15,07:27,LIGHT,51,
2026-06-15,07:28,LIGHT,51,
2026-06-15,07:29,LIGHT,51,
2026-06-15,07:30,LIGHT,61,
2026-06-15,07:31,LIGHT,64,
2026-06-15,07:32,LIGHT,55,
2026-06-15,07:33,LIGHT,49,
2026-06-15,07:34,LIGHT,48,
2026-06-15,07:35,LIGHT,48,
2026-06-15,07:36,LIGHT,50,
2026-06-15,07:37,LIGHT,48,
2026-06-15,07:38,LIGHT,47,
2026-06-15,07:39,LIGHT,48,
2026-06-15,07:40,LIGHT,48,
2026-06-15,07:41,LIGHT,48,
2026-06-15,07:42,LIGHT,48,
2026-06-15,07:43,LIGHT,58,
2026-06-15,07:44,DEEP,59,
2026-06-15,07:45,DEEP,59,
2026-06-15,07:46,DEEP,51,
2026-06-15,07:47,DEEP,48,
2026-06-15,07:48,DEEP,47,
2026-06-15,07:49,DEEP,47,
2026-06-15,07:50,DEEP,48,
2026-06-15,07:51,DEEP,48,
2026-06-15,07:52,DEEP,52,
2026-06-15,07:53,DEEP,54,
2026-06-15,07:54,DEEP,54,
2026-06-15,07:55,DEEP,61,
2026-06-15,07:56,DEEP,58,
2026-06-15,07:57,DEEP,55,
2026-06-15,07:58,DEEP,58,
2026-06-15,07:59,LIGHT,52,
2026-06-15,08:00,LIGHT,52,
2026-06-15,08:01,LIGHT,56,
2026-06-15,08:02,LIGHT,55,
2026-06-15,08:03,LIGHT,49,
2026-06-15,08:04,LIGHT,49,
2026-06-15,08:05,LIGHT,48,
2026-06-15,08:06,LIGHT,46,
2026-06-15,08:07,LIGHT,47,
2026-06-15,08:08,REM,52,
2026-06-15,08:09,REM,48,
2026-06-15,08:10,REM,48,
2026-06-15,08:11,REM,47,
2026-06-15,08:12,REM,48,
2026-06-15,08:13,REM,52,
2026-06-15,08:14,REM,49,
2026-06-15,08:15,REM,49,
2026-06-15,08:16,REM,46,
2026-06-15,08:17,REM,47,
2026-06-15,08:18,REM,48,
2026-06-15,08:19,REM,50,
2026-06-15,08:20,REM,50,
2026-06-15,08:21,REM,50,
2026-06-15,08:22,REM,49,
2026-06-15,08:23,REM,51,
2026-06-15,08:24,REM,51,
2026-06-15,08:25,REM,53,
2026-06-15,08:26,REM,53,
2026-06-15,08:27,REM,53,
2026-06-15,08:28,REM,53,
2026-06-15,08:29,REM,53,
2026-06-15,08:30,REM,55,
2026-06-15,08:31,REM,57,
2026-06-15,08:32,REM,57,
2026-06-15,08:33,REM,54,
2026-06-15,08:34,REM,53,
2026-06-15,08:35,REM,50,
2026-06-15,08:36,REM,51,
2026-06-15,08:37,REM,51,
2026-06-15,08:38,REM,52,
2026-06-15,08:39,REM,52,
2026-06-15,08:40,REM,51,
2026-06-15,08:41,REM,51,
2026-06-15,08:42,LIGHT,52,
2026-06-15,08:43,LIGHT,52,
2026-06-15,08:44,LIGHT,52,
2026-06-15,08:45,LIGHT,51,
2026-06-15,08:46,LIGHT,52,
2026-06-15,08:47,LIGHT,52,
2026-06-15,08:48,LIGHT,53,
2026-06-15,08:49,LIGHT,51,
2026-06-15,08:50,LIGHT,51,
2026-06-15,08:51,REM,51,
2026-06-15,08:52,REM,51,
2026-06-15,08:53,REM,53,
2026-06-15,08:54,REM,53,
2026-06-15,08:55,REM,53,
2026-06-15,08:56,REM,52,
2026-06-15,08:57,REM,52,
2026-06-15,08:58,REM,52,
2026-06-15,08:59,REM,53,
2026-06-15,09:00,REM,61,
2026-06-15,09:01,REM,53,
2026-06-15,09:02,REM,51,
2026-06-15,09:03,REM,50,
2026-06-15,09:04,REM,50,
2026-06-15,09:05,REM,57,
2026-06-15,09:06,REM,49,
2026-06-15,09:07,REM,48,
2026-06-15,09:08,REM,48,
2026-06-15,09:09,LIGHT,48,
2026-06-15,09:10,LIGHT,48,
2026-06-15,09:11,LIGHT,48,
2026-06-15,09:12,LIGHT,48,
2026-06-15,09:13,LIGHT,49,
2026-06-15,09:14,LIGHT,49,
2026-06-15,09:15,LIGHT,49,
2026-06-15,09:16,LIGHT,50,
2026-06-15,09:17,LIGHT,50,
2026-06-15,09:18,LIGHT,52,
2026-06-15,09:19,LIGHT,51,
2026-06-15,09:20,LIGHT,51,
2026-06-15,09:21,LIGHT,51,
2026-06-15,09:22,LIGHT,51,
2026-06-15,09:23,LIGHT,52,
2026-06-15,09:24,LIGHT,52,
2026-06-15,09:25,LIGHT,58,
2026-06-15,09:26,LIGHT,70,
2026-06-15,09:27,LIGHT,72,
2026-06-15,09:28,LIGHT,66,
2026-06-15,09:29,LIGHT,68,
2026-06-15,09:30,LIGHT,73,
2026-06-15,09:31,LIGHT,78,
2026-06-15,09:32,LIGHT,71,
2026-06-15,09:33,LIGHT,76,
2026-06-15,09:34,DEEP,75,
2026-06-15,09:35,DEEP,69,
2026-06-15,09:36,DEEP,69,
2026-06-15,09:37,DEEP,76,
2026-06-15,09:38,DEEP,73,
2026-06-15,09:39,DEEP,70,
2026-06-15,09:40,DEEP,70,
2026-06-15,09:41,LIGHT,71,
2026-06-15,09:42,LIGHT,73,
2026-06-15,09:43,LIGHT,67,
2026-06-15,09:44,WAKE,63,
2026-06-15,09:45,WAKE,65,
2026-06-15,09:46,LIGHT,78,
2026-06-15,09:47,LIGHT,93,
2026-06-15,09:48,LIGHT,95,
2026-06-15,09:49,LIGHT,89,
2026-06-15,09:50,LIGHT,83,
2026-06-15,09:51,LIGHT,84,
2026-06-15,09:52,LIGHT,69,
2026-06-15,09:53,LIGHT,64,
2026-06-16,03:22,LIGHT,53,
2026-06-16,03:23,LIGHT,53,
2026-06-16,03:24,LIGHT,53,
2026-06-16,03:25,LIGHT,54,
2026-06-16,03:26,LIGHT,54,
2026-06-16,03:27,LIGHT,55,
2026-06-16,03:28,LIGHT,54,
2026-06-16,03:29,LIGHT,54,
2026-06-16,03:30,LIGHT,55,
2026-06-16,03:31,LIGHT,55,
2026-06-16,03:32,LIGHT,55,
2026-06-16,03:33,LIGHT,55,
2026-06-16,03:34,LIGHT,55,
2026-06-16,03:35,LIGHT,55,
2026-06-16,03:36,DEEP,55,
2026-06-16,03:37,DEEP,55,
2026-06-16,03:38,DEEP,55,
2026-06-16,03:39,DEEP,55,
2026-06-16,03:40,DEEP,55,
2026-06-16,03:41,DEEP,55,
2026-06-16,03:42,DEEP,55,
2026-06-16,03:43,DEEP,55,
2026-06-16,03:44,DEEP,56,
2026-06-16,03:45,DEEP,58,
2026-06-16,03:46,DEEP,56,
2026-06-16,03:47,DEEP,65,
2026-06-16,03:48,DEEP,61,
2026-06-16,03:49,DEEP,63,
2026-06-16,03:50,LIGHT,61,
2026-06-16,03:51,LIGHT,58,
2026-06-16,03:52,LIGHT,55,
2026-06-16,03:53,LIGHT,55,
2026-06-16,03:54,LIGHT,54,
2026-06-16,03:55,LIGHT,56,
2026-06-16,03:56,DEEP,54,
2026-06-16,03:57,DEEP,54,
2026-06-16,03:58,DEEP,54,
2026-06-16,03:59,DEEP,54,
2026-06-16,04:00,DEEP,56,
2026-06-16,04:01,DEEP,60,
2026-06-16,04:02,LIGHT,60,
2026-06-16,04:03,LIGHT,56,
2026-06-16,04:04,LIGHT,54,
2026-06-16,04:05,LIGHT,57,
2026-06-16,04:06,LIGHT,55,
2026-06-16,04:07,LIGHT,61,
2026-06-16,04:08,DEEP,59,
2026-06-16,04:09,DEEP,56,
2026-06-16,04:10,DEEP,58,
2026-06-16,04:11,DEEP,56,
2026-06-16,04:12,DEEP,55,
2026-06-16,04:13,DEEP,59,
2026-06-16,04:14,DEEP,58,
2026-06-16,04:15,DEEP,54,
2026-06-16,04:16,DEEP,53,
2026-06-16,04:17,DEEP,57,
2026-06-16,04:18,DEEP,54,
2026-06-16,04:19,DEEP,54,
2026-06-16,04:20,DEEP,54,
2026-06-16,04:21,LIGHT,53,
2026-06-16,04:22,LIGHT,54,
2026-06-16,04:23,LIGHT,54,
2026-06-16,04:24,LIGHT,55,
2026-06-16,04:25,LIGHT,54,
2026-06-16,04:26,LIGHT,56,
2026-06-16,04:27,LIGHT,55,
2026-06-16,04:28,LIGHT,55,
2026-06-16,04:29,LIGHT,66,
2026-06-16,04:30,REM,58,
2026-06-16,04:31,REM,55,
2026-06-16,04:32,REM,58,
2026-06-16,04:33,REM,56,
2026-06-16,04:34,REM,55,
2026-06-16,04:35,REM,55,
2026-06-16,04:36,REM,55,
2026-06-16,04:37,REM,55,
2026-06-16,04:38,REM,55,
2026-06-16,04:39,REM,58,
2026-06-16,04:40,REM,58,
2026-06-16,04:41,REM,55,
2026-06-16,04:42,REM,54,
2026-06-16,04:43,REM,56,
2026-06-16,04:44,REM,55,
2026-06-16,04:45,REM,56,
2026-06-16,04:46,REM,57,
2026-06-16,04:47,LIGHT,55,
2026-06-16,04:48,LIGHT,55,
2026-06-16,04:49,LIGHT,56,
2026-06-16,04:50,LIGHT,56,
2026-06-16,04:51,LIGHT,56,
2026-06-16,04:52,LIGHT,56,
2026-06-16,04:53,LIGHT,57,
2026-06-16,04:54,LIGHT,57,
2026-06-16,04:55,LIGHT,63,
2026-06-16,04:56,LIGHT,55,
2026-06-16,04:57,LIGHT,56,
2026-06-16,04:58,LIGHT,59,
2026-06-16,04:59,LIGHT,64,
2026-06-16,05:00,LIGHT,58,
2026-06-16,05:01,LIGHT,55,
2026-06-16,05:02,LIGHT,54,
2026-06-16,05:03,LIGHT,56,
2026-06-16,05:04,LIGHT,56,
2026-06-16,05:05,LIGHT,55,
2026-06-16,05:06,LIGHT,57,
2026-06-16,05:07,LIGHT,56,
2026-06-16,05:08,LIGHT,57,
2026-06-16,05:09,LIGHT,56,
2026-06-16,05:10,LIGHT,60,
2026-06-16,05:11,LIGHT,58,
2026-06-16,05:12,LIGHT,57,
2026-06-16,05:13,LIGHT,57,
2026-06-16,05:14,LIGHT,57,
2026-06-16,05:15,LIGHT,58,
2026-06-16,05:16,LIGHT,55,
2026-06-16,05:17,LIGHT,56,
2026-06-16,05:18,LIGHT,55,
2026-06-16,05:19,LIGHT,59,
2026-06-16,05:20,LIGHT,56,
2026-06-16,05:21,LIGHT,56,
2026-06-16,05:22,LIGHT,56,
2026-06-16,05:23,LIGHT,56,
2026-06-16,05:24,LIGHT,58,
2026-06-16,05:25,LIGHT,58,
2026-06-16,05:26,DEEP,58,
2026-06-16,05:27,DEEP,58,
2026-06-16,05:28,DEEP,60,
2026-06-16,05:29,DEEP,59,
2026-06-16,05:30,DEEP,66,
2026-06-16,05:31,DEEP,57,
2026-06-16,05:32,DEEP,56,
2026-06-16,05:33,DEEP,56,
2026-06-16,05:34,DEEP,56,
2026-06-16,05:35,DEEP,56,
2026-06-16,05:36,DEEP,58,
2026-06-16,05:37,DEEP,58,
2026-06-16,05:38,DEEP,57,
2026-06-16,05:39,DEEP,57,
2026-06-16,05:40,DEEP,57,
2026-06-16,05:41,LIGHT,57,
2026-06-16,05:42,LIGHT,57,
2026-06-16,05:43,LIGHT,57,
2026-06-16,05:44,LIGHT,57,
2026-06-16,05:45,LIGHT,57,
2026-06-16,05:46,LIGHT,57,
2026-06-16,05:47,LIGHT,58,
2026-06-16,05:48,LIGHT,76,
2026-06-16,05:49,LIGHT,75,
2026-06-16,05:50,LIGHT,70,
2026-06-16,05:51,LIGHT,65,
2026-06-16,05:52,LIGHT,59,
2026-06-16,05:53,LIGHT,58,
2026-06-16,05:54,LIGHT,60,
2026-06-16,05:55,LIGHT,57,
2026-06-16,05:56,WAKE,57,
2026-06-16,05:57,WAKE,57,
2026-06-16,05:58,LIGHT,57,
2026-06-16,05:59,LIGHT,59,
2026-06-16,06:00,LIGHT,66,
2026-06-16,06:01,LIGHT,68,
2026-06-16,06:02,LIGHT,60,
2026-06-16,06:03,LIGHT,60,
2026-06-16,06:04,LIGHT,56,
2026-06-16,06:05,LIGHT,56,
2026-06-16,06:06,LIGHT,57,
2026-06-16,06:07,LIGHT,57,
2026-06-16,06:08,LIGHT,59,
2026-06-16,06:09,LIGHT,66,
2026-06-16,06:10,LIGHT,58,
2026-06-16,06:11,LIGHT,59,
2026-06-16,06:12,LIGHT,54,
2026-06-16,06:13,LIGHT,55,
2026-06-16,06:14,LIGHT,55,
2026-06-16,06:15,LIGHT,57,
2026-06-16,06:16,LIGHT,55,
2026-06-16,06:17,LIGHT,56,
2026-06-16,06:18,LIGHT,58,
2026-06-16,06:19,LIGHT,57,
2026-06-16,06:20,LIGHT,62,
2026-06-16,06:21,LIGHT,57,
2026-06-16,06:22,REM,61,
2026-06-16,06:23,REM,55,
2026-06-16,06:24,REM,55,
2026-06-16,06:25,REM,55,
2026-06-16,06:26,REM,60,
2026-06-16,06:27,REM,63,
2026-06-16,06:28,REM,57,
2026-06-16,06:29,REM,57,
2026-06-16,06:30,REM,57,
2026-06-16,06:31,REM,57,
2026-06-16,06:32,REM,59,
2026-06-16,06:33,REM,59,
2026-06-16,06:34,REM,61,
2026-06-16,06:35,REM,65,
2026-06-16,06:36,REM,62,
2026-06-16,06:37,REM,58,
2026-06-16,06:38,REM,56,
2026-06-16,06:39,REM,56,
2026-06-16,06:40,REM,56,
2026-06-16,06:41,REM,58,
2026-06-16,06:42,REM,57,
2026-06-16,06:43,REM,64,
2026-06-16,06:44,REM,67,
2026-06-16,06:45,REM,60,
2026-06-16,06:46,REM,63,
2026-06-16,06:47,REM,60,
2026-06-16,06:48,REM,62,
2026-06-16,06:49,REM,56,
2026-06-16,06:50,REM,56,
2026-06-16,06:51,REM,62,
2026-06-16,06:52,REM,62,
2026-06-16,06:53,REM,62,
2026-06-16,06:54,REM,62,
2026-06-16,06:55,REM,59,
2026-06-16,06:56,LIGHT,57,
2026-06-16,06:57,LIGHT,66,
2026-06-16,06:58,LIGHT,71,
2026-06-16,06:59,LIGHT,59,
2026-06-16,07:00,LIGHT,59,
2026-06-16,07:01,LIGHT,58,
2026-06-16,07:02,LIGHT,53,
2026-06-16,07:03,LIGHT,53,
2026-06-16,07:04,LIGHT,56,
2026-06-16,07:05,LIGHT,56,
2026-06-16,07:06,LIGHT,56,
2026-06-16,07:07,LIGHT,50,
2026-06-16,07:08,LIGHT,52,
2026-06-16,07:09,LIGHT,60,
2026-06-16,07:10,LIGHT,62,
2026-06-16,07:11,LIGHT,55,
2026-06-16,07:12,LIGHT,55,
2026-06-16,07:13,LIGHT,56,
2026-06-16,07:14,LIGHT,56,
2026-06-16,07:15,LIGHT,58,
2026-06-16,07:16,LIGHT,61,
2026-06-16,07:17,LIGHT,57,
2026-06-16,07:18,DEEP,57,
2026-06-16,07:19,DEEP,59,
2026-06-16,07:20,DEEP,57,
2026-06-16,07:21,DEEP,54,
2026-06-16,07:22,DEEP,56,
2026-06-16,07:23,DEEP,56,
2026-06-16,07:24,DEEP,56,
2026-06-16,07:25,DEEP,56,
2026-06-16,07:26,DEEP,58,
2026-06-16,07:27,DEEP,58,
2026-06-16,07:28,DEEP,57,
2026-06-16,07:29,LIGHT,58,
2026-06-16,07:30,LIGHT,58,
2026-06-16,07:31,LIGHT,67,
2026-06-16,07:32,WAKE,60,
2026-06-16,07:33,LIGHT,65,
2026-06-16,07:34,LIGHT,60,
2026-06-16,07:35,LIGHT,58,
2026-06-16,07:36,LIGHT,60,
2026-06-16,07:37,LIGHT,59,
2026-06-16,07:38,LIGHT,64,
2026-06-16,07:39,LIGHT,66,
2026-06-16,07:40,LIGHT,62,
2026-06-16,07:41,LIGHT,61,
2026-06-16,07:42,LIGHT,57,
2026-06-16,07:43,LIGHT,68,
2026-06-16,07:44,LIGHT,62,
2026-06-16,07:45,WAKE,69,
2026-06-16,07:46,WAKE,69,
2026-06-16,07:47,LIGHT,63,
2026-06-16,07:48,LIGHT,62,
2026-06-16,07:49,LIGHT,69,
2026-06-16,07:50,LIGHT,66,
2026-06-16,07:51,LIGHT,64,
2026-06-16,07:52,REM,63,
2026-06-16,07:53,REM,63,
2026-06-16,07:54,REM,64,
2026-06-16,07:55,REM,62,
2026-06-16,07:56,REM,61,
2026-06-16,07:57,REM,61,
2026-06-16,07:58,REM,61,
2026-06-16,07:59,REM,62,
2026-06-16,08:00,REM,71,
2026-06-16,08:01,REM,63,
2026-06-16,08:02,REM,59,
2026-06-16,08:03,REM,56,
2026-06-16,08:04,LIGHT,58,
2026-06-16,08:05,LIGHT,67,
2026-06-16,08:06,LIGHT,67,
2026-06-16,08:07,LIGHT,72,
2026-06-16,08:08,LIGHT,64,
2026-06-16,08:09,LIGHT,60,
2026-06-16,08:10,LIGHT,59,
2026-06-16,08:11,LIGHT,64,
2026-06-16,08:12,LIGHT,61,
2026-06-16,08:13,LIGHT,65,
2026-06-16,08:14,LIGHT,72,
2026-06-16,08:15,LIGHT,68,
2026-06-16,08:16,LIGHT,62,
2026-06-16,08:17,LIGHT,68,
2026-06-16,08:18,LIGHT,61,
2026-06-16,08:19,REM,55,
2026-06-16,08:20,REM,60,
2026-06-16,08:21,REM,56,
2026-06-16,08:22,REM,53,
2026-06-16,08:23,REM,53,
2026-06-16,08:24,REM,60,
2026-06-16,08:25,REM,53,
2026-06-16,08:26,REM,54,
2026-06-16,08:27,REM,54,
2026-06-16,08:28,REM,56,
2026-06-16,08:29,REM,62,
2026-06-16,08:30,REM,59,
2026-06-16,08:31,REM,55,
2026-06-16,08:32,REM,55,
2026-06-16,08:33,REM,57,
2026-06-16,08:34,REM,60,
2026-06-16,08:35,REM,58,
2026-06-16,08:36,REM,69,
2026-06-16,08:37,REM,57,
2026-06-16,08:38,REM,59,
2026-06-16,08:39,REM,64,
2026-06-16,08:40,REM,64,
2026-06-16,08:41,REM,59,
2026-06-16,08:42,REM,58,
2026-06-16,08:43,REM,58,
2026-06-16,08:44,REM,58,
2026-06-16,08:45,LIGHT,63,
2026-06-16,08:46,LIGHT,65,
2026-06-16,08:47,LIGHT,59,
2026-06-16,08:48,LIGHT,58,
2026-06-16,08:49,LIGHT,58,
2026-06-16,08:50,LIGHT,57,
2026-06-16,08:51,LIGHT,57,
2026-06-16,08:52,LIGHT,58,
2026-06-16,08:53,LIGHT,57,
2026-06-16,08:54,LIGHT,57,
2026-06-16,08:55,LIGHT,60,
2026-06-16,08:56,LIGHT,58,
2026-06-16,08:57,LIGHT,61,
2026-06-16,08:58,LIGHT,61,
2026-06-16,08:59,LIGHT,58,
2026-06-16,09:00,LIGHT,68,
2026-06-16,09:01,LIGHT,69,
2026-06-16,09:02,LIGHT,63,
2026-06-16,09:03,LIGHT,59,
2026-06-16,09:04,LIGHT,58,
2026-06-16,09:05,LIGHT,59,
2026-06-16,09:06,LIGHT,60,
2026-06-16,09:07,LIGHT,64,
2026-06-16,09:08,LIGHT,62,
2026-06-16,09:09,LIGHT,62,
2026-06-16,09:10,LIGHT,60,
2026-06-16,09:11,LIGHT,58,
2026-06-16,09:12,LIGHT,56,
2026-06-16,09:13,LIGHT,57,
2026-06-16,09:14,LIGHT,58,
2026-06-16,09:15,LIGHT,58,
2026-06-16,09:16,LIGHT,58,
2026-06-16,09:17,LIGHT,59,
2026-06-16,09:18,LIGHT,59,
2026-06-16,09:19,LIGHT,59,
2026-06-16,09:20,LIGHT,60,
2026-06-16,09:21,LIGHT,61,
2026-06-16,09:22,LIGHT,61,
2026-06-16,09:23,LIGHT,61,
2026-06-16,09:24,LIGHT,60,
2026-06-16,09:25,LIGHT,60,
2026-06-16,09:26,LIGHT,60,
2026-06-16,18:04,LIGHT,98,
2026-06-16,18:05,LIGHT,98,
2026-06-16,18:06,LIGHT,99,
2026-06-16,18:07,LIGHT,69,
2026-06-16,18:08,LIGHT,62,
2026-06-16,18:09,LIGHT,65,
2026-06-16,18:10,LIGHT,58,
2026-06-16,18:11,LIGHT,58,
2026-06-16,18:12,LIGHT,70,
2026-06-16,18:13,LIGHT,74,
2026-06-16,18:14,LIGHT,76,
2026-06-16,18:15,LIGHT,74,
2026-06-16,18:16,LIGHT,68,
2026-06-16,18:17,LIGHT,67,
2026-06-16,18:18,DEEP,61,
2026-06-16,18:19,DEEP,61,
2026-06-16,18:20,DEEP,58,
2026-06-16,18:21,DEEP,59,
2026-06-16,18:22,DEEP,61,
2026-06-16,18:23,DEEP,59,
2026-06-16,18:24,DEEP,59,
2026-06-16,18:25,DEEP,61,
2026-06-16,18:26,DEEP,59,
2026-06-16,18:27,DEEP,56,
2026-06-16,18:28,DEEP,57,
2026-06-16,18:29,DEEP,56,
2026-06-16,18:30,DEEP,55,
2026-06-16,18:31,DEEP,55,
2026-06-16,18:32,DEEP,55,
2026-06-16,18:33,LIGHT,60,
2026-06-16,18:34,LIGHT,56,
2026-06-16,18:35,LIGHT,58,
2026-06-16,18:36,LIGHT,58,
2026-06-16,18:37,LIGHT,57,
2026-06-16,18:38,LIGHT,62,
2026-06-16,18:39,LIGHT,56,
2026-06-16,18:40,LIGHT,56,
2026-06-16,18:41,LIGHT,55,
2026-06-16,18:42,LIGHT,57,
2026-06-16,18:43,LIGHT,59,
2026-06-16,18:44,LIGHT,56,
2026-06-16,18:45,LIGHT,55,
2026-06-16,18:46,REM,56,
2026-06-16,18:47,REM,55,
2026-06-16,18:48,REM,64,
2026-06-16,18:49,REM,61,
2026-06-16,18:50,REM,59,
2026-06-16,18:51,REM,59,
2026-06-16,18:52,REM,58,
2026-06-16,18:53,REM,55,
2026-06-16,18:54,REM,59,
2026-06-16,18:55,REM,54,
2026-06-16,18:56,REM,54,
2026-06-16,18:57,REM,55,
2026-06-16,18:58,REM,53,
2026-06-16,18:59,REM,53,
2026-06-16,19:00,REM,55,
2026-06-16,19:01,REM,53,
2026-06-16,19:02,REM,57,
2026-06-16,19:03,LIGHT,56,
2026-06-16,19:04,LIGHT,55,
2026-06-16,19:05,LIGHT,57,
2026-06-16,19:06,LIGHT,57,
2026-06-16,19:07,LIGHT,57,
2026-06-17,02:07,LIGHT,52,
2026-06-17,02:08,LIGHT,53,
2026-06-17,02:09,LIGHT,54,
2026-06-17,02:10,LIGHT,54,
2026-06-17,02:11,LIGHT,54,
2026-06-17,02:12,LIGHT,54,
2026-06-17,02:13,LIGHT,55,
2026-06-17,02:14,LIGHT,55,
2026-06-17,02:15,LIGHT,53,
2026-06-17,02:16,LIGHT,52,
2026-06-17,02:17,LIGHT,52,
2026-06-17,02:18,LIGHT,54,
2026-06-17,02:19,LIGHT,54,
2026-06-17,02:20,LIGHT,54,
2026-06-17,02:21,LIGHT,53,
2026-06-17,02:22,LIGHT,53,
2026-06-17,02:23,LIGHT,53,
2026-06-17,02:24,LIGHT,52,
2026-06-17,02:25,LIGHT,51,
2026-06-17,02:26,LIGHT,51,
2026-06-17,02:27,DEEP,52,
2026-06-17,02:28,DEEP,52,
2026-06-17,02:29,DEEP,65,
2026-06-17,02:30,DEEP,56,
2026-06-17,02:31,DEEP,53,
2026-06-17,02:32,DEEP,49,
2026-06-17,02:33,DEEP,49,
2026-06-17,02:34,DEEP,49,
2026-06-17,02:35,DEEP,50,
2026-06-17,02:36,DEEP,49,
2026-06-17,02:37,DEEP,50,
2026-06-17,02:38,DEEP,50,
2026-06-17,02:39,DEEP,51,
2026-06-17,02:40,DEEP,60,
2026-06-17,02:41,DEEP,54,
2026-06-17,02:42,DEEP,48,
2026-06-17,02:43,DEEP,48,
2026-06-17,02:44,DEEP,48,
2026-06-17,02:45,DEEP,49,
2026-06-17,02:46,LIGHT,49,
2026-06-17,02:47,LIGHT,49,
2026-06-17,02:48,LIGHT,62,
2026-06-17,02:49,WAKE,55,
2026-06-17,02:50,LIGHT,51,
2026-06-17,02:51,LIGHT,51,
2026-06-17,02:52,LIGHT,51,
2026-06-17,02:53,LIGHT,51,
2026-06-17,02:54,LIGHT,51,
2026-06-17,02:55,LIGHT,51,
2026-06-17,02:56,LIGHT,51,
2026-06-17,02:57,LIGHT,55,
2026-06-17,02:58,LIGHT,53,
2026-06-17,02:59,LIGHT,53,
2026-06-17,03:00,LIGHT,60,
2026-06-17,03:01,LIGHT,54,
2026-06-17,03:02,REM,49,
2026-06-17,03:03,REM,50,
2026-06-17,03:04,REM,50,
2026-06-17,03:05,REM,49,
2026-06-17,03:06,REM,49,
2026-06-17,03:07,REM,49,
2026-06-17,03:08,REM,49,
2026-06-17,03:09,LIGHT,49,
2026-06-17,03:10,LIGHT,49,
2026-06-17,03:11,LIGHT,55,
2026-06-17,03:12,LIGHT,53,
2026-06-17,03:13,LIGHT,50,
2026-06-17,03:14,LIGHT,49,
2026-06-17,03:15,LIGHT,49,
2026-06-17,03:16,LIGHT,49,
2026-06-17,03:17,LIGHT,49,
2026-06-17,03:18,LIGHT,48,
2026-06-17,03:19,LIGHT,48,
2026-06-17,03:20,LIGHT,48,
2026-06-17,03:21,LIGHT,49,
2026-06-17,03:22,LIGHT,49,
2026-06-17,03:23,LIGHT,49,
2026-06-17,03:24,LIGHT,61,
2026-06-17,03:25,LIGHT,51,
2026-06-17,03:26,LIGHT,45,
2026-06-17,03:27,LIGHT,42,
2026-06-17,03:28,LIGHT,43,
2026-06-17,03:29,LIGHT,44,
2026-06-17,03:30,DEEP,44,
2026-06-17,03:31,DEEP,44,
2026-06-17,03:32,DEEP,45,
2026-06-17,03:33,DEEP,46,
2026-06-17,03:34,DEEP,46,
2026-06-17,03:35,DEEP,46,
2026-06-17,03:36,DEEP,56,
2026-06-17,03:37,DEEP,48,
2026-06-17,03:38,DEEP,46,
2026-06-17,03:39,DEEP,45,
2026-06-17,03:40,DEEP,45,
2026-06-17,03:41,DEEP,46,
2026-06-17,03:42,DEEP,46,
2026-06-17,03:43,DEEP,47,
2026-06-17,03:44,DEEP,49,
2026-06-17,03:45,DEEP,49,
2026-06-17,03:46,DEEP,49,
2026-06-17,03:47,DEEP,49,
2026-06-17,03:48,LIGHT,49,
2026-06-17,03:49,LIGHT,52,
2026-06-17,03:50,LIGHT,53,
2026-06-17,03:51,LIGHT,54,
2026-06-17,03:52,LIGHT,51,
2026-06-17,03:53,LIGHT,55,
2026-06-17,03:54,LIGHT,49,
2026-06-17,03:55,LIGHT,47,
2026-06-17,03:56,LIGHT,47,
2026-06-17,03:57,LIGHT,47,
2026-06-17,03:58,LIGHT,48,
2026-06-17,03:59,LIGHT,48,
2026-06-17,04:00,LIGHT,56,
2026-06-17,04:01,REM,51,
2026-06-17,04:02,REM,53,
2026-06-17,04:03,REM,56,
2026-06-17,04:04,REM,49,
2026-06-17,04:05,REM,47,
2026-06-17,04:06,REM,48,
2026-06-17,04:07,REM,48,
2026-06-17,04:08,REM,49,
2026-06-17,04:09,REM,48,
2026-06-17,04:10,REM,54,
2026-06-17,04:11,REM,50,
2026-06-17,04:12,REM,52,
2026-06-17,04:13,REM,53,
2026-06-17,04:14,LIGHT,49,
2026-06-17,04:15,LIGHT,48,
2026-06-17,04:16,LIGHT,48,
2026-06-17,04:17,LIGHT,47,
2026-06-17,04:18,LIGHT,47,
2026-06-17,04:19,LIGHT,47,
2026-06-17,04:20,LIGHT,49,
2026-06-17,04:21,LIGHT,52,
2026-06-17,04:22,LIGHT,48,
2026-06-17,04:23,LIGHT,47,
2026-06-17,04:24,LIGHT,52,
2026-06-17,04:25,LIGHT,52,
2026-06-17,04:26,LIGHT,52,
2026-06-17,04:27,LIGHT,48,
2026-06-17,04:28,LIGHT,54,
2026-06-17,04:29,LIGHT,50,
2026-06-17,04:30,LIGHT,56,
2026-06-17,04:31,LIGHT,49,
2026-06-17,04:32,LIGHT,47,
2026-06-17,04:33,LIGHT,48,
2026-06-17,04:34,LIGHT,46,
2026-06-17,04:35,LIGHT,49,
2026-06-17,04:36,LIGHT,46,
2026-06-17,04:37,LIGHT,46,
2026-06-17,04:38,LIGHT,46,
2026-06-17,04:39,LIGHT,46,
2026-06-17,04:40,LIGHT,46,
2026-06-17,04:41,LIGHT,47,
2026-06-17,04:42,LIGHT,47,
2026-06-17,04:43,LIGHT,50,
2026-06-17,04:44,LIGHT,65,
2026-06-17,04:45,LIGHT,75,
2026-06-17,04:46,LIGHT,80,
2026-06-17,04:47,LIGHT,77,
2026-06-17,04:48,LIGHT,78,
2026-06-17,04:49,LIGHT,71,
2026-06-17,04:50,REM,81,
2026-06-17,04:51,REM,81,
2026-06-17,04:52,REM,73,
2026-06-17,04:53,REM,91,
2026-06-17,04:54,REM,94,
2026-06-17,04:55,REM,101,
2026-06-17,04:56,REM,101,
2026-06-17,04:57,REM,100,
2026-06-17,04:58,REM,98,
2026-06-17,04:59,REM,100,
2026-06-17,05:00,REM,88,
2026-06-17,05:01,REM,85,
2026-06-17,05:02,REM,81,
2026-06-17,05:03,REM,83,
2026-06-17,05:04,REM,81,
2026-06-17,05:05,REM,76,
2026-06-17,05:06,REM,75,
2026-06-17,05:07,REM,75,
2026-06-17,05:08,REM,72,
2026-06-17,05:09,REM,77,
2026-06-17,05:10,REM,71,
2026-06-17,05:11,REM,78,
2026-06-17,05:12,REM,86,
2026-06-17,05:13,REM,78,
2026-06-17,05:14,REM,80,
2026-06-17,05:15,REM,71,
2026-06-17,05:16,REM,76,
2026-06-17,05:17,REM,70,
2026-06-17,05:18,REM,70,
2026-06-17,05:19,REM,75,
2026-06-17,05:20,LIGHT,75,
2026-06-17,05:21,LIGHT,76,
2026-06-17,05:22,LIGHT,78,
2026-06-17,05:23,LIGHT,77,
2026-06-17,05:24,LIGHT,79,
2026-06-17,05:25,LIGHT,76,
2026-06-17,05:26,LIGHT,70,
2026-06-17,05:27,LIGHT,70,
2026-06-17,05:28,LIGHT,81,
2026-06-17,05:29,LIGHT,75,
2026-06-17,05:30,LIGHT,80,
2026-06-17,05:31,LIGHT,90,
2026-06-17,05:32,LIGHT,95,
2026-06-17,05:33,LIGHT,94,
2026-06-17,05:34,LIGHT,78,
2026-06-17,05:35,LIGHT,78,
2026-06-17,05:36,LIGHT,70,
2026-06-17,05:37,LIGHT,71,
2026-06-17,05:38,LIGHT,71,
2026-06-17,05:39,LIGHT,74,
2026-06-17,05:40,LIGHT,86,
2026-06-17,05:41,LIGHT,96,
2026-06-17,05:42,LIGHT,104,
2026-06-17,05:43,DEEP,106,
2026-06-17,05:44,DEEP,107,
2026-06-17,05:45,DEEP,97,
2026-06-17,05:46,LIGHT,101,
2026-06-17,05:47,LIGHT,101,
2026-06-17,05:48,LIGHT,95,
2026-06-17,05:49,WAKE,96,
2026-06-17,05:50,WAKE,93,
2026-06-17,05:51,WAKE,113,
2026-06-17,05:52,LIGHT,129,
2026-06-17,05:53,LIGHT,140,
2026-06-17,05:54,LIGHT,144,
2026-06-17,05:55,LIGHT,149,
2026-06-17,05:56,LIGHT,154,
2026-06-17,05:57,LIGHT,156,
2026-06-17,05:58,LIGHT,161,
2026-06-17,05:59,LIGHT,164,
2026-06-17,06:00,LIGHT,164,
2026-06-17,06:01,LIGHT,165,
2026-06-17,06:02,WAKE,167,
2026-06-17,06:03,LIGHT,167,
2026-06-17,06:04,LIGHT,166,
2026-06-17,06:05,LIGHT,166,
2026-06-17,06:06,LIGHT,166,
2026-06-17,06:07,LIGHT,167,
2026-06-17,06:08,LIGHT,169,
2026-06-17,06:09,LIGHT,169,
2026-06-17,06:10,LIGHT,171,
2026-06-17,06:11,LIGHT,173,
2026-06-17,06:12,LIGHT,173,
2026-06-17,06:13,LIGHT,172,
2026-06-17,06:14,LIGHT,169,
2026-06-17,06:15,LIGHT,168,
2026-06-17,06:16,LIGHT,166,
2026-06-17,06:17,LIGHT,165,
2026-06-17,06:18,LIGHT,166,
2026-06-17,06:19,LIGHT,166,
2026-06-17,06:20,LIGHT,163,
2026-06-17,06:21,LIGHT,165,
2026-06-17,06:22,LIGHT,170,
2026-06-17,06:23,LIGHT,172,
2026-06-17,06:24,LIGHT,172,
2026-06-17,06:25,LIGHT,174,
2026-06-17,06:26,LIGHT,172,
2026-06-17,06:27,LIGHT,170,
2026-06-17,06:28,LIGHT,172,
2026-06-17,06:29,LIGHT,174,
2026-06-17,06:30,LIGHT,176,
2026-06-17,06:31,LIGHT,177,
2026-06-17,06:32,LIGHT,177,
2026-06-17,06:33,LIGHT,177,
2026-06-17,06:34,LIGHT,177,
2026-06-17,06:35,LIGHT,178,
2026-06-17,06:36,WAKE,178,
2026-06-17,06:37,LIGHT,178,
2026-06-17,06:38,LIGHT,178,
2026-06-17,06:39,LIGHT,180,
2026-06-17,06:40,LIGHT,175,
2026-06-17,06:41,LIGHT,158,
2026-06-17,06:42,LIGHT,152,
2026-06-17,06:43,LIGHT,136,
2026-06-17,06:44,WAKE,125,
2026-06-17,06:45,WAKE,114,
2026-06-17,06:46,LIGHT,109,
2026-06-17,06:47,LIGHT,109,
2026-06-17,06:48,LIGHT,109,
2026-06-17,06:49,REM,105,
2026-06-17,06:50,REM,113,
2026-06-17,06:51,REM,107,
2026-06-17,06:52,REM,106,
2026-06-17,06:53,REM,105,
2026-06-17,06:54,REM,105,
2026-06-17,06:55,REM,96,
2026-06-17,06:56,LIGHT,93,
2026-06-17,06:57,LIGHT,95,
2026-06-17,06:58,LIGHT,96,
2026-06-17,06:59,WAKE,95,
2026-06-17,07:00,LIGHT,95,
2026-06-17,07:01,LIGHT,93,
2026-06-17,07:02,LIGHT,95,
2026-06-17,07:03,REM,93,
2026-06-17,07:04,REM,93,
2026-06-17,07:05,REM,90,
2026-06-17,07:06,REM,95,
2026-06-17,07:07,REM,93,
2026-06-17,07:08,REM,92,
2026-06-17,07:09,REM,94,
2026-06-17,07:10,REM,93,
2026-06-17,07:11,REM,93,
2026-06-17,07:12,LIGHT,90,
2026-06-17,07:13,LIGHT,87,
2026-06-17,07:14,LIGHT,86,
2026-06-17,07:15,LIGHT,86,
2026-06-17,07:16,LIGHT,88,
2026-06-17,07:17,LIGHT,87,
2026-06-17,07:18,LIGHT,88,
2026-06-17,07:19,LIGHT,88,
2026-06-17,07:20,LIGHT,85,
2026-06-17,07:21,LIGHT,82,
2026-06-17,07:22,LIGHT,83,
2026-06-17,07:23,LIGHT,83,
2026-06-17,07:24,LIGHT,84,
2026-06-17,07:25,LIGHT,84,
2026-06-17,07:26,LIGHT,84,
2026-06-17,07:27,LIGHT,86,
2026-06-17,07:28,LIGHT,88,
2026-06-17,07:29,LIGHT,90,
2026-06-17,07:30,LIGHT,87,
2026-06-17,07:31,LIGHT,85,
2026-06-17,07:32,WAKE,84,
2026-06-17,07:33,LIGHT,89,
2026-06-17,07:34,WAKE,88,
2026-06-17,07:35,LIGHT,85,
2026-06-17,07:36,LIGHT,85,
2026-06-17,07:37,LIGHT,82,
2026-06-17,07:38,LIGHT,90,
2026-06-17,07:39,LIGHT,85,
2026-06-17,07:40,LIGHT,79,
2026-06-17,07:41,LIGHT,80,
2026-06-17,07:42,WAKE,80,
2026-06-17,07:43,LIGHT,76,
2026-06-17,07:44,WAKE,77,
2026-06-17,07:45,WAKE,75,
2026-06-17,07:46,WAKE,75,
2026-06-17,07:47,WAKE,79,
2026-06-17,07:48,WAKE,76,
2026-06-17,07:49,WAKE,76,
2026-06-17,07:50,WAKE,79,
2026-06-17,07:51,WAKE,77,
2026-06-17,07:52,WAKE,78,
2026-06-17,07:53,WAKE,82,
2026-06-17,07:54,WAKE,84,
2026-06-17,07:55,WAKE,80,
2026-06-17,07:56,WAKE,78,
2026-06-17,07:57,LIGHT,78,
2026-06-17,07:58,WAKE,78,
2026-06-17,07:59,WAKE,78,
2026-06-17,08:00,LIGHT,76,
2026-06-17,08:01,WAKE,76,
2026-06-17,08:02,LIGHT,82,
2026-06-17,08:03,LIGHT,70,
2026-06-17,08:04,LIGHT,70,
2026-06-17,08:05,LIGHT,68,
2026-06-17,08:06,WAKE,71,
2026-06-17,08:07,WAKE,75,
2026-06-17,08:08,WAKE,75,
2026-06-17,08:09,WAKE,75,
2026-06-17,08:10,WAKE,94,
2026-06-17,08:11,WAKE,91,
2026-06-17,08:12,WAKE,86,
2026-06-17,08:13,WAKE,83,
2026-06-17,08:14,WAKE,85,
2026-06-17,08:15,WAKE,84,
2026-06-17,08:16,WAKE,83,
2026-06-17,08:17,WAKE,83,
2026-06-17,08:18,WAKE,82,
2026-06-17,08:19,WAKE,85,
2026-06-17,08:20,WAKE,87,
2026-06-17,08:21,WAKE,87,
2026-06-17,08:22,WAKE,88,
2026-06-17,08:23,LIGHT,90,
2026-06-17,08:24,LIGHT,87,
2026-06-17,08:25,LIGHT,91,
2026-06-17,08:26,LIGHT,88,
2026-06-17,08:27,LIGHT,86,
2026-06-17,08:28,LIGHT,88,
2026-06-17,08:29,LIGHT,75,
2026-06-17,08:30,LIGHT,69,
2026-06-17,08:31,LIGHT,85,
2026-06-17,08:32,LIGHT,88,
2026-06-17,08:33,LIGHT,85,
2026-06-17,08:34,LIGHT,80,
2026-06-17,08:35,LIGHT,77,
2026-06-17,08:36,LIGHT,77,
2026-06-17,08:37,WAKE,78,
2026-06-17,08:38,LIGHT,83,
2026-06-17,08:39,LIGHT,95,
2026-06-17,08:40,WAKE,102,
2026-06-17,08:41,LIGHT,100,
2026-06-17,08:42,LIGHT,87,
2026-06-17,08:43,LIGHT,76,
2026-06-17,08:44,LIGHT,75,
2026-06-17,08:45,LIGHT,75,
2026-06-17,08:46,LIGHT,89,
2026-06-17,08:47,WAKE,92,
2026-06-17,08:48,LIGHT,93,
2026-06-17,08:49,LIGHT,93,
2026-06-17,08:50,LIGHT,88,
2026-06-17,08:51,LIGHT,83,
2026-06-17,08:52,LIGHT,85,
2026-06-17,08:53,LIGHT,80,
2026-06-17,08:54,LIGHT,81,
2026-06-17,08:55,LIGHT,86,
2026-06-17,08:56,LIGHT,85,
2026-06-17,08:57,LIGHT,82,
2026-06-17,08:58,LIGHT,83,
2026-06-17,08:59,LIGHT,84,
2026-06-17,09:00,LIGHT,99,
2026-06-17,09:01,LIGHT,109,
2026-06-17,09:02,LIGHT,108,
2026-06-17,09:03,LIGHT,87,
2026-06-17,09:04,LIGHT,80,
2026-06-17,09:05,LIGHT,78,
2026-06-17,09:06,LIGHT,85,
2026-06-17,09:07,LIGHT,95,
2026-06-17,09:08,LIGHT,104,
2026-06-17,09:09,LIGHT,107,
2026-06-17,09:10,LIGHT,96,
2026-06-17,09:11,LIGHT,83,
2026-06-17,09:12,LIGHT,89,
2026-06-17,09:13,LIGHT,71,
2026-06-17,09:14,LIGHT,71,
2026-06-17,09:15,LIGHT,79,
2026-06-17,09:16,LIGHT,86,
2026-06-17,09:17,LIGHT,96,
2026-06-17,09:18,LIGHT,95,
2026-06-17,09:19,LIGHT,87,
2026-06-17,09:20,LIGHT,76,
2026-06-17,09:21,LIGHT,70,
2026-06-17,09:22,LIGHT,67,
2026-06-17,09:23,LIGHT,63,
2026-06-17,09:24,LIGHT,64,
2026-06-17,09:25,LIGHT,62,
2026-06-17,09:26,LIGHT,65,
2026-06-17,09:27,LIGHT,62,
2026-06-17,21:35,LIGHT,82,
2026-06-17,21:36,LIGHT,84,
2026-06-17,21:37,LIGHT,82,
2026-06-17,21:38,LIGHT,84,
2026-06-17,21:39,LIGHT,81,
2026-06-17,21:40,LIGHT,79,
2026-06-17,21:41,LIGHT,84,
2026-06-17,21:42,LIGHT,82,
2026-06-17,21:43,LIGHT,82,
2026-06-17,21:44,LIGHT,88,
2026-06-17,21:45,LIGHT,82,
2026-06-17,21:46,LIGHT,85,
2026-06-17,21:47,LIGHT,82,
2026-06-17,21:48,LIGHT,80,
2026-06-17,21:49,LIGHT,77,
2026-06-17,21:50,LIGHT,79,
2026-06-17,21:51,LIGHT,75,
2026-06-17,21:52,LIGHT,77,
2026-06-17,21:53,LIGHT,76,
2026-06-17,21:54,LIGHT,75,
2026-06-17,21:55,LIGHT,75,
2026-06-17,21:56,LIGHT,74,
2026-06-17,21:57,LIGHT,82,
2026-06-17,21:58,LIGHT,88,
2026-06-17,21:59,LIGHT,85,
2026-06-17,22:00,LIGHT,80,
2026-06-17,22:01,LIGHT,80,
2026-06-17,22:02,LIGHT,87,
2026-06-17,22:03,LIGHT,91,
2026-06-17,22:04,LIGHT,91,
2026-06-17,22:05,LIGHT,87,
2026-06-17,22:06,LIGHT,80,
2026-06-17,22:07,LIGHT,80,
2026-06-18,00:48,LIGHT,63,
2026-06-18,00:49,LIGHT,60,
2026-06-18,00:50,LIGHT,61,
2026-06-18,00:51,LIGHT,61,
2026-06-18,00:52,LIGHT,63,
2026-06-18,00:53,DEEP,65,
2026-06-18,00:54,DEEP,60,
2026-06-18,00:55,DEEP,59,
2026-06-18,00:56,DEEP,63,
2026-06-18,00:57,DEEP,61,
2026-06-18,00:58,LIGHT,61,
2026-06-18,00:59,LIGHT,59,
2026-06-18,01:00,LIGHT,59,
2026-06-18,01:01,WAKE,59,
2026-06-18,01:02,WAKE,59,
2026-06-18,01:03,WAKE,66,
2026-06-18,01:04,LIGHT,68,
2026-06-18,01:05,LIGHT,75,
2026-06-18,01:06,LIGHT,85,
2026-06-18,01:07,WAKE,82,
2026-06-18,01:08,LIGHT,85,
2026-06-18,01:09,LIGHT,87,
2026-06-18,01:10,LIGHT,86,
2026-06-18,01:11,LIGHT,82,
2026-06-18,01:12,LIGHT,89,
2026-06-18,01:13,LIGHT,98,
2026-06-18,01:14,LIGHT,85,
2026-06-18,01:15,LIGHT,81,
2026-06-18,01:16,LIGHT,76,
2026-06-18,01:17,LIGHT,69,
2026-06-18,01:18,LIGHT,73,
2026-06-18,01:19,LIGHT,67,
2026-06-18,01:20,LIGHT,64,
2026-06-18,01:21,LIGHT,62,
2026-06-18,01:22,LIGHT,64,
2026-06-18,01:23,LIGHT,64,
2026-06-18,01:24,LIGHT,65,
2026-06-18,01:25,LIGHT,66,
2026-06-18,01:26,LIGHT,73,
2026-06-18,01:27,LIGHT,74,
2026-06-18,01:28,LIGHT,79,
2026-06-18,01:29,LIGHT,79,
2026-06-18,01:30,DEEP,66,
2026-06-18,01:31,DEEP,68,
2026-06-18,01:32,DEEP,62,
2026-06-18,01:33,DEEP,59,
2026-06-18,01:34,DEEP,57,
2026-06-18,01:35,DEEP,57,
2026-06-18,01:36,DEEP,57,
2026-06-18,01:37,DEEP,56,
2026-06-18,01:38,DEEP,57,
2026-06-18,01:39,DEEP,55,
2026-06-18,01:40,DEEP,55,
2026-06-18,01:41,DEEP,57,
2026-06-18,01:42,DEEP,57,
2026-06-18,01:43,DEEP,57,
2026-06-18,01:44,DEEP,54,
2026-06-18,01:45,DEEP,56,
2026-06-18,01:46,DEEP,58,
2026-06-18,01:47,DEEP,61,
2026-06-18,01:48,DEEP,61,
2026-06-18,01:49,DEEP,60,
2026-06-18,01:50,DEEP,59,
2026-06-18,01:51,DEEP,57,
2026-06-18,01:52,DEEP,55,
2026-06-18,01:53,LIGHT,58,
2026-06-18,01:54,LIGHT,59,
2026-06-18,01:55,LIGHT,63,
2026-06-18,01:56,WAKE,68,
2026-06-18,01:57,LIGHT,64,
2026-06-18,01:58,LIGHT,62,
2026-06-18,01:59,LIGHT,61,
2026-06-18,02:00,LIGHT,60,
2026-06-18,02:01,REM,60,
2026-06-18,02:02,REM,61,
2026-06-18,02:03,REM,66,
2026-06-18,02:04,REM,68,
2026-06-18,02:05,REM,68,
2026-06-18,02:06,REM,68,
2026-06-18,02:07,REM,61,
2026-06-18,02:08,REM,53,
2026-06-18,02:09,REM,53,
2026-06-18,02:10,REM,55,
2026-06-18,02:11,REM,55,
2026-06-18,02:12,REM,55,
2026-06-18,02:13,REM,55,
2026-06-18,02:14,REM,54,
2026-06-18,02:15,REM,56,
2026-06-18,02:16,REM,57,
2026-06-18,02:17,REM,57,
2026-06-18,02:18,REM,59,
2026-06-18,02:19,REM,59,
2026-06-18,02:20,REM,65,
2026-06-18,02:21,REM,64,
2026-06-18,02:22,REM,66,
2026-06-18,02:23,REM,73,
2026-06-18,02:24,REM,68,
2026-06-18,02:25,REM,69,
2026-06-18,02:26,REM,70,
2026-06-18,02:27,LIGHT,69,
2026-06-18,02:28,LIGHT,69,
2026-06-18,02:29,LIGHT,69,
2026-06-18,02:30,LIGHT,67,
2026-06-18,02:31,LIGHT,66,
2026-06-18,02:32,LIGHT,66,
2026-06-18,02:33,LIGHT,68,
2026-06-18,02:34,LIGHT,65,
2026-06-18,02:35,LIGHT,65,
2026-06-18,02:36,LIGHT,65,
2026-06-18,02:37,LIGHT,66,
2026-06-18,02:38,LIGHT,66,
2026-06-18,02:39,LIGHT,64,
2026-06-18,02:40,LIGHT,66,
2026-06-18,02:41,LIGHT,62,
2026-06-18,02:42,LIGHT,65,
2026-06-18,02:43,LIGHT,72,
2026-06-18,02:44,LIGHT,64,
2026-06-18,02:45,LIGHT,58,
2026-06-18,02:46,LIGHT,56,
2026-06-18,02:47,LIGHT,57,
2026-06-18,02:48,LIGHT,58,
2026-06-18,02:49,WAKE,55,
2026-06-18,02:50,LIGHT,55,
2026-06-18,02:51,LIGHT,56,
2026-06-18,02:52,LIGHT,58,
2026-06-18,02:53,LIGHT,58,
2026-06-18,02:54,LIGHT,62,
2026-06-18,02:55,LIGHT,61,
2026-06-18,02:56,LIGHT,61,
2026-06-18,02:57,LIGHT,59,
2026-06-18,02:58,LIGHT,59,
2026-06-18,02:59,LIGHT,61,
2026-06-18,03:00,LIGHT,66,
2026-06-18,03:01,LIGHT,58,
2026-06-18,03:02,LIGHT,58,
2026-06-18,03:03,LIGHT,55,
2026-06-18,03:04,LIGHT,55,
2026-06-18,03:05,LIGHT,57,
2026-06-18,03:06,LIGHT,59,
2026-06-18,03:07,LIGHT,58,
2026-06-18,03:08,LIGHT,63,
2026-06-18,03:09,LIGHT,62,
2026-06-18,03:10,LIGHT,64,
2026-06-18,03:11,LIGHT,64,
2026-06-18,03:12,LIGHT,61,
2026-06-18,03:13,LIGHT,63,
2026-06-18,03:14,LIGHT,63,
2026-06-18,03:15,LIGHT,61,
2026-06-18,03:16,LIGHT,59,
2026-06-18,03:17,LIGHT,59,
2026-06-18,03:18,LIGHT,61,
2026-06-18,03:19,LIGHT,64,
2026-06-18,03:20,LIGHT,62,
2026-06-18,03:21,LIGHT,64,
2026-06-18,03:22,LIGHT,66,
2026-06-18,03:23,LIGHT,65,
2026-06-18,03:24,LIGHT,62,
2026-06-18,03:25,WAKE,62,
2026-06-18,03:26,LIGHT,63,
2026-06-18,03:27,LIGHT,63,
2026-06-18,03:28,LIGHT,60,
2026-06-18,03:29,LIGHT,59,
2026-06-18,03:30,LIGHT,63,
2026-06-18,03:31,LIGHT,63,
2026-06-18,03:32,LIGHT,63,
2026-06-18,03:33,LIGHT,68,
2026-06-18,03:34,LIGHT,69,
2026-06-18,03:35,LIGHT,72,
2026-06-18,03:36,LIGHT,72,
2026-06-18,03:37,LIGHT,75,
2026-06-18,03:38,LIGHT,74,
2026-06-18,03:39,LIGHT,76,
2026-06-18,03:40,LIGHT,77,
2026-06-18,03:41,LIGHT,71,
2026-06-18,03:42,LIGHT,65,
2026-06-18,03:43,REM,62,
2026-06-18,03:44,REM,61,
2026-06-18,03:45,REM,62,
2026-06-18,03:46,REM,64,
2026-06-18,03:47,REM,71,
2026-06-18,03:48,REM,78,
2026-06-18,03:49,REM,80,
2026-06-18,03:50,REM,79,
2026-06-18,03:51,REM,74,
2026-06-18,03:52,REM,68,
2026-06-18,03:53,REM,69,
2026-06-18,03:54,REM,68,
2026-06-18,03:55,REM,60,
2026-06-18,03:56,REM,61,
2026-06-18,03:57,REM,70,
2026-06-18,03:58,REM,83,
2026-06-18,03:59,REM,92,
2026-06-18,04:00,REM,82,
2026-06-18,04:01,REM,67,
2026-06-18,04:02,REM,61,
2026-06-18,04:03,REM,60,
2026-06-18,04:04,REM,57,
2026-06-18,04:05,LIGHT,59,
2026-06-18,04:06,LIGHT,60,
2026-06-18,04:07,LIGHT,60,
2026-06-18,04:08,LIGHT,58,
2026-06-18,04:09,LIGHT,58,
2026-06-18,04:10,LIGHT,59,
2026-06-18,04:11,LIGHT,62,
2026-06-18,04:12,LIGHT,61,
2026-06-18,04:13,LIGHT,61,
2026-06-18,04:14,LIGHT,60,
2026-06-18,04:15,LIGHT,57,
2026-06-18,04:16,LIGHT,59,
2026-06-18,04:17,LIGHT,55,
2026-06-18,04:18,LIGHT,56,
2026-06-18,04:19,LIGHT,56,
2026-06-18,04:20,LIGHT,53,
2026-06-18,04:21,REM,55,
2026-06-18,04:22,REM,63,
2026-06-18,04:23,REM,68,
2026-06-18,04:24,REM,72,
2026-06-18,04:25,REM,56,
2026-06-18,04:26,REM,57,
2026-06-18,04:27,REM,58,
2026-06-18,04:28,REM,56,
2026-06-18,04:29,REM,55,
2026-06-18,04:30,LIGHT,51,
2026-06-18,04:31,LIGHT,53,
2026-06-18,04:32,LIGHT,52,
2026-06-18,04:33,LIGHT,52,
2026-06-18,04:34,LIGHT,51,
2026-06-18,04:35,LIGHT,51,
2026-06-18,04:36,LIGHT,52,
2026-06-18,04:37,LIGHT,52,
2026-06-18,04:38,LIGHT,52,
2026-06-18,04:39,LIGHT,52,
2026-06-18,04:40,LIGHT,52,
2026-06-18,04:41,LIGHT,52,
2026-06-18,04:42,LIGHT,51,
2026-06-18,04:43,LIGHT,51,
2026-06-18,17:52,LIGHT,54,
2026-06-18,17:53,LIGHT,53,
2026-06-18,17:54,LIGHT,53,
2026-06-18,17:55,LIGHT,53,
2026-06-18,17:56,LIGHT,54,
2026-06-18,17:57,LIGHT,54,
2026-06-18,17:58,LIGHT,56,
2026-06-18,17:59,LIGHT,55,
2026-06-18,18:00,LIGHT,55,
2026-06-18,18:01,LIGHT,55,
2026-06-18,18:02,LIGHT,54,
2026-06-18,18:03,LIGHT,56,
2026-06-18,18:04,LIGHT,70,
2026-06-18,18:05,LIGHT,76,
2026-06-18,18:06,LIGHT,73,
2026-06-18,18:07,LIGHT,71,
2026-06-18,18:08,LIGHT,68,
2026-06-18,18:09,LIGHT,70,
2026-06-18,18:10,LIGHT,77,
2026-06-18,18:11,LIGHT,77,
2026-06-18,18:12,LIGHT,85,
2026-06-18,18:13,LIGHT,82,
2026-06-18,18:14,LIGHT,82,
2026-06-18,18:15,LIGHT,89,
2026-06-18,18:16,LIGHT,88,
2026-06-18,18:17,DEEP,83,
2026-06-18,18:18,DEEP,94,
2026-06-18,18:19,DEEP,85,
2026-06-18,18:20,LIGHT,86,
2026-06-18,18:21,LIGHT,90,
2026-06-18,18:22,LIGHT,90,
2026-06-18,18:23,LIGHT,82,
2026-06-18,18:24,LIGHT,84,
2026-06-18,18:25,LIGHT,88,
2026-06-18,18:26,LIGHT,93,
2026-06-18,18:27,LIGHT,99,
2026-06-18,18:28,LIGHT,99,
2026-06-18,18:29,LIGHT,97,
2026-06-18,18:30,REM,100,
2026-06-18,18:31,REM,95,
2026-06-18,18:32,REM,94,
2026-06-18,18:33,REM,92,
2026-06-18,18:34,REM,94,
2026-06-18,18:35,REM,103,
2026-06-18,18:36,REM,113,
2026-06-18,18:37,REM,117,
2026-06-18,18:38,REM,109,
2026-06-18,18:39,REM,102,
2026-06-18,18:40,REM,95,
2026-06-18,18:41,REM,97,
2026-06-18,18:42,REM,102,
2026-06-18,18:43,REM,101,
2026-06-18,18:44,REM,98,
2026-06-18,18:45,REM,97,
2026-06-18,18:46,REM,99,
2026-06-18,18:47,REM,86,
2026-06-18,18:48,REM,79,
2026-06-18,18:49,REM,81,
2026-06-18,18:50,REM,87,
2026-06-18,18:51,REM,88,
2026-06-18,18:52,REM,96,
2026-06-18,18:53,REM,107,
2026-06-18,18:54,REM,101,
2026-06-18,18:55,REM,94,
2026-06-18,18:56,REM,100,
2026-06-18,18:57,REM,107,
2026-06-18,18:58,REM,107,
2026-06-18,18:59,REM,107,
2026-06-18,19:00,REM,102,
2026-06-18,19:01,REM,96,
2026-06-18,19:02,REM,96,
2026-06-18,19:03,REM,92,
2026-06-18,19:04,REM,86,
2026-06-18,19:05,REM,84,
2026-06-18,19:06,REM,86,
2026-06-18,19:07,REM,84,
2026-06-18,19:08,REM,91,
2026-06-18,19:09,REM,94,
2026-06-18,19:10,REM,97,
2026-06-18,19:11,REM,94,
2026-06-18,19:12,REM,98,
2026-06-18,19:13,REM,107,
2026-06-18,19:14,LIGHT,111,
2026-06-18,19:15,LIGHT,114,
2026-06-18,19:16,LIGHT,117,
2026-06-18,19:17,LIGHT,114,
2026-06-18,19:18,LIGHT,109,
2026-06-18,19:19,LIGHT,106,
2026-06-18,19:20,LIGHT,107,
2026-06-18,19:21,LIGHT,104,
2026-06-18,19:22,LIGHT,96,
2026-06-18,19:23,LIGHT,93,
2026-06-18,19:24,LIGHT,91,
2026-06-18,19:25,LIGHT,95,
2026-06-18,19:26,LIGHT,95,
2026-06-18,19:27,LIGHT,100,
2026-06-18,19:28,LIGHT,96,
2026-06-18,19:29,LIGHT,100,
2026-06-18,19:30,LIGHT,105,
2026-06-18,19:31,LIGHT,96,
2026-06-18,19:32,LIGHT,96,
2026-06-18,19:33,LIGHT,101,
2026-06-18,19:34,DEEP,104,
2026-06-18,19:35,DEEP,112,
2026-06-18,19:36,DEEP,109,
2026-06-18,19:37,DEEP,106,
2026-06-18,19:38,DEEP,99,
2026-06-18,19:39,DEEP,83,
2026-06-18,19:40,LIGHT,89,
2026-06-18,19:41,LIGHT,98,
2026-06-18,19:42,LIGHT,99,
2026-06-18,19:43,LIGHT,108,
2026-06-18,19:44,LIGHT,123,
2026-06-19,04:35,LIGHT,45,
2026-06-19,04:36,LIGHT,46,
2026-06-19,04:37,LIGHT,46,
2026-06-19,04:38,LIGHT,48,
2026-06-19,04:39,LIGHT,48,
2026-06-19,04:40,LIGHT,48,
2026-06-19,04:41,LIGHT,48,
2026-06-19,04:42,LIGHT,48,
2026-06-19,04:43,LIGHT,47,
2026-06-19,04:44,LIGHT,47,
2026-06-19,04:45,DEEP,47,
2026-06-19,04:46,DEEP,47,
2026-06-19,04:47,DEEP,47,
2026-06-19,04:48,DEEP,47,
2026-06-19,04:49,DEEP,47,
2026-06-19,04:50,DEEP,47,
2026-06-19,04:51,DEEP,47,
2026-06-19,04:52,DEEP,47,
2026-06-19,04:53,DEEP,47,
2026-06-19,04:54,DEEP,47,
2026-06-19,04:55,DEEP,48,
2026-06-19,04:56,DEEP,48,
2026-06-19,04:57,DEEP,48,
2026-06-19,04:58,DEEP,48,
2026-06-19,04:59,DEEP,48,
2026-06-19,05:00,DEEP,48,
2026-06-19,05:01,DEEP,48,
2026-06-19,05:02,DEEP,48,
2026-06-19,05:03,DEEP,47,
2026-06-19,05:04,DEEP,50,
2026-06-19,05:05,DEEP,46,
2026-06-19,05:06,DEEP,45,
2026-06-19,05:07,DEEP,45,
2026-06-19,05:08,DEEP,45,
2026-06-19,05:09,DEEP,45,
2026-06-19,05:10,DEEP,45,
2026-06-19,05:11,DEEP,45,
2026-06-19,05:12,DEEP,45,
2026-06-19,05:13,DEEP,51,
2026-06-19,05:14,DEEP,48,
2026-06-19,05:15,DEEP,54,
2026-06-19,05:16,DEEP,48,
2026-06-19,05:17,DEEP,46,
2026-06-19,05:18,DEEP,46,
2026-06-19,05:19,DEEP,46,
2026-06-19,05:20,DEEP,43,
2026-06-19,05:21,DEEP,46,
2026-06-19,05:22,DEEP,45,
2026-06-19,05:23,LIGHT,46,
2026-06-19,05:24,LIGHT,47,
2026-06-19,05:25,LIGHT,50,
2026-06-19,05:26,WAKE,47,
2026-06-19,05:27,LIGHT,48,
2026-06-19,05:28,LIGHT,47,
2026-06-19,05:29,LIGHT,47,
2026-06-19,05:30,LIGHT,49,
2026-06-19,05:31,LIGHT,49,
2026-06-19,05:32,LIGHT,49,
2026-06-19,05:33,LIGHT,51,
2026-06-19,05:34,REM,48,
2026-06-19,05:35,REM,48,
2026-06-19,05:36,REM,47,
2026-06-19,05:37,REM,46,
2026-06-19,05:38,REM,46,
2026-06-19,05:39,REM,47,
2026-06-19,05:40,REM,52,
2026-06-19,05:41,REM,49,
2026-06-19,05:42,REM,48,
2026-06-19,05:43,REM,48,
2026-06-19,05:44,REM,50,
2026-06-19,05:45,REM,49,
2026-06-19,05:46,REM,48,
2026-06-19,05:47,REM,53,
2026-06-19,05:48,REM,47,
2026-06-19,05:49,REM,47,
2026-06-19,05:50,REM,47,
2026-06-19,05:51,REM,47,
2026-06-19,05:52,REM,47,
2026-06-19,05:53,REM,47,
2026-06-19,05:54,REM,47,
2026-06-19,05:55,REM,47,
2026-06-19,05:56,REM,47,
2026-06-19,05:57,LIGHT,46,
2026-06-19,05:58,LIGHT,46,
2026-06-19,05:59,LIGHT,46,
2026-06-19,06:00,LIGHT,46,
2026-06-19,06:01,LIGHT,46,
2026-06-19,06:02,LIGHT,46,
2026-06-19,06:03,LIGHT,47,
2026-06-19,06:04,LIGHT,47,
2026-06-19,06:05,LIGHT,47,
2026-06-19,06:06,LIGHT,47,
2026-06-19,06:07,LIGHT,46,
2026-06-19,06:08,LIGHT,46,
2026-06-19,06:09,LIGHT,46,
2026-06-19,06:10,LIGHT,46,
2026-06-19,06:11,LIGHT,46,
2026-06-19,06:12,LIGHT,46,
2026-06-19,06:13,LIGHT,46,
2026-06-19,06:14,LIGHT,46,
2026-06-19,06:15,LIGHT,46,
2026-06-19,06:16,LIGHT,46,
2026-06-19,06:17,LIGHT,47,
2026-06-19,06:18,LIGHT,56,
2026-06-19,06:19,LIGHT,50,
2026-06-19,06:20,WAKE,57,
2026-06-19,06:21,LIGHT,50,
2026-06-19,06:22,LIGHT,47,
2026-06-19,06:23,LIGHT,46,
2026-06-19,06:24,LIGHT,46,
2026-06-19,06:25,LIGHT,46,
2026-06-19,06:26,LIGHT,46,
2026-06-19,06:27,LIGHT,46,
2026-06-19,06:28,LIGHT,46,
2026-06-19,06:29,LIGHT,46,
2026-06-19,06:30,LIGHT,46,
2026-06-19,06:31,LIGHT,47,
2026-06-19,06:32,LIGHT,47,
2026-06-19,06:33,LIGHT,47,
2026-06-19,06:34,LIGHT,47,
2026-06-19,06:35,LIGHT,47,
2026-06-19,06:36,LIGHT,46,
2026-06-19,06:37,LIGHT,46,
2026-06-19,06:38,LIGHT,45,
2026-06-19,06:39,LIGHT,46,
2026-06-19,06:40,LIGHT,46,
2026-06-19,06:41,LIGHT,46,
2026-06-19,06:42,LIGHT,46,
2026-06-19,06:43,LIGHT,46,
2026-06-19,06:44,LIGHT,51,
2026-06-19,06:45,LIGHT,51,
2026-06-19,06:46,LIGHT,48,
2026-06-19,06:47,LIGHT,46,
2026-06-19,06:48,LIGHT,50,
2026-06-19,06:49,LIGHT,53,
2026-06-19,06:50,LIGHT,50,
2026-06-19,06:51,LIGHT,55,
2026-06-19,06:52,DEEP,49,
2026-06-19,06:53,DEEP,46,
2026-06-19,06:54,DEEP,44,
2026-06-19,06:55,DEEP,43,
2026-06-19,06:56,DEEP,43,
2026-06-19,06:57,DEEP,43,
2026-06-19,06:58,LIGHT,45,
2026-06-19,06:59,LIGHT,44,
2026-06-19,07:00,LIGHT,44,
2026-06-19,07:01,LIGHT,44,
2026-06-19,07:02,LIGHT,45,
2026-06-19,07:03,LIGHT,45,
2026-06-19,07:04,LIGHT,49,
2026-06-19,07:05,LIGHT,49,
2026-06-19,07:06,WAKE,48,
2026-06-19,07:07,LIGHT,47,
2026-06-19,07:08,LIGHT,47,
2026-06-19,07:09,LIGHT,47,
2026-06-19,07:10,LIGHT,59,
2026-06-19,07:11,LIGHT,48,
2026-06-19,07:12,REM,45,
2026-06-19,07:13,REM,45,
2026-06-19,07:14,REM,45,
2026-06-19,07:15,REM,47,
2026-06-19,07:16,REM,45,
2026-06-19,07:17,REM,45,
2026-06-19,07:18,REM,46,
2026-06-19,07:19,REM,48,
2026-06-19,07:20,REM,46,
2026-06-19,07:21,REM,40,
2026-06-19,07:22,REM,,
2026-06-19,07:23,REM,,
2026-06-19,07:24,REM,45,
2026-06-19,07:25,REM,50,
2026-06-19,07:26,REM,46,
2026-06-19,07:27,REM,44,
2026-06-19,07:28,REM,44,
2026-06-19,07:29,REM,44,
2026-06-19,07:30,REM,42,
2026-06-19,07:31,REM,43,
2026-06-19,07:32,REM,43,
2026-06-19,07:33,REM,43,
2026-06-19,07:34,REM,43,
2026-06-19,07:35,REM,45,
2026-06-19,07:36,REM,48,
2026-06-19,07:37,REM,44,
2026-06-19,07:38,REM,44,
2026-06-19,07:39,REM,43,
2026-06-19,07:40,REM,43,
2026-06-19,07:41,REM,43,
2026-06-19,07:42,REM,43,
2026-06-19,07:43,REM,42,
2026-06-19,07:44,REM,43,
2026-06-19,07:45,REM,43,
2026-06-19,07:46,REM,43,
2026-06-19,07:47,REM,43,
2026-06-19,07:48,REM,45,
2026-06-19,07:49,REM,44,
2026-06-19,07:50,REM,44,
2026-06-19,07:51,REM,44,
2026-06-19,07:52,REM,44,
2026-06-19,07:53,REM,45,
2026-06-19,07:54,LIGHT,44,
2026-06-19,07:55,LIGHT,44,
2026-06-19,07:56,LIGHT,44,
2026-06-19,07:57,LIGHT,44,
2026-06-19,07:58,LIGHT,44,
2026-06-19,07:59,LIGHT,44,
2026-06-19,08:00,LIGHT,44,
2026-06-19,08:01,LIGHT,45,
2026-06-19,08:02,LIGHT,44,
2026-06-19,08:03,LIGHT,45,
2026-06-19,08:04,LIGHT,45,
2026-06-19,08:05,LIGHT,45,
2026-06-19,08:06,LIGHT,45,
2026-06-19,08:07,LIGHT,45,
2026-06-19,08:08,LIGHT,45,
2026-06-19,08:09,LIGHT,45,
2026-06-19,08:10,LIGHT,45,
2026-06-19,08:11,LIGHT,45,
2026-06-19,08:12,LIGHT,45,
2026-06-19,08:13,LIGHT,45,
2026-06-19,08:14,LIGHT,45,
2026-06-19,08:15,LIGHT,45,
2026-06-19,08:16,LIGHT,45,
2026-06-19,08:17,LIGHT,45,
2026-06-19,08:18,LIGHT,45,
2026-06-19,08:19,LIGHT,45,
2026-06-19,08:20,LIGHT,45,
2026-06-19,08:21,LIGHT,45,
2026-06-19,08:22,LIGHT,45,
2026-06-19,08:23,LIGHT,45,
2026-06-19,08:24,LIGHT,45,
2026-06-19,08:25,LIGHT,55,
2026-06-19,08:26,LIGHT,47,
2026-06-19,08:27,DEEP,53,
2026-06-19,08:28,DEEP,48,
2026-06-19,08:29,DEEP,50,
2026-06-19,08:30,DEEP,51,
2026-06-19,08:31,DEEP,46,
2026-06-19,08:32,DEEP,45,
2026-06-19,08:33,DEEP,45,
2026-06-19,08:34,DEEP,47,
2026-06-19,08:35,DEEP,44,
2026-06-19,08:36,DEEP,43,
2026-06-19,08:37,DEEP,43,
2026-06-19,08:38,DEEP,43,
2026-06-19,08:39,DEEP,42,
2026-06-19,08:40,LIGHT,49,
2026-06-19,08:41,LIGHT,54,
2026-06-19,08:42,LIGHT,49,
2026-06-19,08:43,LIGHT,45,
2026-06-19,08:44,LIGHT,41,
2026-06-19,08:45,LIGHT,47,
2026-06-19,08:46,LIGHT,45,
2026-06-19,08:47,LIGHT,41,
2026-06-19,08:48,LIGHT,41,
2026-06-19,08:49,LIGHT,42,
2026-06-19,08:50,LIGHT,47,
2026-06-19,08:51,LIGHT,43,
2026-06-19,08:52,LIGHT,41,
2026-06-19,08:53,LIGHT,42,
2026-06-19,08:54,LIGHT,42,
2026-06-19,08:55,LIGHT,48,
2026-06-19,08:56,LIGHT,41,
2026-06-19,08:57,LIGHT,40,
2026-06-19,08:58,LIGHT,40,
2026-06-19,08:59,LIGHT,41,
2026-06-19,09:00,LIGHT,50,
2026-06-19,09:01,WAKE,43,
2026-06-19,09:02,LIGHT,45,
2026-06-19,09:03,LIGHT,47,
2026-06-19,09:04,LIGHT,49,
2026-06-19,09:05,LIGHT,49,
2026-06-19,09:06,LIGHT,49,
2026-06-19,09:07,LIGHT,49,
2026-06-19,09:08,LIGHT,55,
2026-06-19,09:09,LIGHT,62,
2026-06-19,09:10,LIGHT,58,
2026-06-19,09:11,LIGHT,58,
2026-06-19,09:12,LIGHT,58,
2026-06-19,09:13,LIGHT,62,
2026-06-19,09:14,LIGHT,54,
2026-06-19,09:15,LIGHT,55,
2026-06-19,09:16,LIGHT,57,
2026-06-19,09:17,LIGHT,58,
2026-06-19,09:18,LIGHT,60,
2026-06-19,09:19,LIGHT,56,
2026-06-19,09:20,LIGHT,58,
2026-06-19,09:21,LIGHT,58,
2026-06-19,09:22,LIGHT,56,
2026-06-19,09:23,LIGHT,61,
2026-06-19,09:24,LIGHT,67,
2026-06-19,09:25,LIGHT,60,
2026-06-19,09:26,LIGHT,61,
2026-06-19,09:27,LIGHT,61,
2026-06-19,09:28,LIGHT,70,
2026-06-19,09:29,LIGHT,60,
2026-06-19,09:30,LIGHT,60,
2026-06-19,09:31,LIGHT,57,
2026-06-19,09:32,LIGHT,57,
2026-06-19,09:33,LIGHT,54,
2026-06-19,09:34,LIGHT,57,
2026-06-19,09:35,LIGHT,62,
2026-06-19,09:36,LIGHT,59,
2026-06-19,09:37,LIGHT,,
2026-06-19,09:38,LIGHT,,
2026-06-19,09:39,LIGHT,,
2026-06-19,09:40,WAKE,,
2026-06-19,09:41,LIGHT,,
2026-06-19,09:42,WAKE,,
2026-06-19,09:43,LIGHT,,
2026-06-19,09:44,LIGHT,,
2026-06-19,09:45,LIGHT,,
2026-06-19,09:46,LIGHT,,
2026-06-19,09:47,LIGHT,,
2026-06-19,09:48,LIGHT,,
2026-06-19,09:49,LIGHT,,
2026-06-19,09:50,LIGHT,60,
2026-06-19,09:51,REM,,
2026-06-19,09:52,REM,,
2026-06-19,09:53,REM,,
2026-06-19,09:54,REM,,
2026-06-19,09:55,REM,,
2026-06-19,09:56,REM,,
2026-06-19,09:57,REM,,
2026-06-19,09:58,REM,,
2026-06-19,09:59,REM,,
2026-06-19,10:00,REM,,
2026-06-19,10:01,REM,61,
2026-06-19,10:02,REM,75,
2026-06-19,10:03,REM,70,
2026-06-19,10:04,REM,64,
2026-06-19,10:05,REM,64,
2026-06-19,10:06,REM,67,
2026-06-19,10:07,REM,69,
2026-06-19,10:08,REM,61,
2026-06-19,10:09,REM,58,
2026-06-19,10:10,REM,62,
2026-06-19,10:11,REM,56,
2026-06-19,10:12,REM,56,
2026-06-19,10:13,REM,61,
2026-06-19,10:14,REM,63,
2026-06-19,10:15,REM,68,
2026-06-19,10:16,REM,62,
2026-06-19,10:17,REM,68,
2026-06-19,10:18,REM,65,
2026-06-19,10:19,REM,61,
2026-06-19,10:20,REM,57,
2026-06-19,10:21,REM,57,
2026-06-19,10:22,REM,64,
2026-06-19,10:23,REM,57,
2026-06-19,10:24,REM,65,
2026-06-19,10:25,REM,75,
2026-06-19,10:26,LIGHT,77,
2026-06-19,10:27,LIGHT,79,
2026-06-19,10:28,LIGHT,78,
2026-06-19,10:29,LIGHT,76,
2026-06-19,10:30,LIGHT,70,
2026-06-19,10:31,LIGHT,70,
2026-06-19,10:32,LIGHT,84,
2026-06-19,10:33,LIGHT,78,
2026-06-19,10:34,LIGHT,80,
2026-06-19,10:35,LIGHT,85,
2026-06-19,10:36,LIGHT,82,
2026-06-19,10:37,LIGHT,84,
2026-06-19,10:38,LIGHT,80,
2026-06-19,10:39,LIGHT,77,
2026-06-19,10:40,LIGHT,79,
2026-06-19,10:41,LIGHT,76,
2026-06-19,10:42,LIGHT,73,
2026-06-19,10:43,LIGHT,70,
2026-06-19,10:44,LIGHT,69,
2026-06-19,10:45,LIGHT,71,
2026-06-19,10:46,LIGHT,73,
2026-06-19,10:47,LIGHT,79,
2026-06-19,10:48,LIGHT,86,
2026-06-19,10:49,LIGHT,89,
2026-06-19,10:50,LIGHT,94,
2026-06-19,10:51,LIGHT,99,
2026-06-19,10:52,LIGHT,99,
2026-06-19,10:53,LIGHT,103,
2026-06-19,10:54,LIGHT,97,
2026-06-19,10:55,LIGHT,82,
2026-06-20,03:07,LIGHT,67,
2026-06-20,03:08,LIGHT,69,
2026-06-20,03:09,LIGHT,63,
2026-06-20,03:10,LIGHT,63,
2026-06-20,03:11,LIGHT,55,
2026-06-20,03:12,LIGHT,51,
2026-06-20,03:13,LIGHT,51,
2026-06-20,03:14,LIGHT,48,
2026-06-20,03:15,LIGHT,49,
2026-06-20,03:16,LIGHT,49,
2026-06-20,03:17,LIGHT,49,
2026-06-20,03:18,LIGHT,51,
2026-06-20,03:19,LIGHT,66,
2026-06-20,03:20,LIGHT,71,
2026-06-20,03:21,LIGHT,71,
2026-06-20,03:22,DEEP,55,
2026-06-20,03:23,DEEP,47,
2026-06-20,03:24,DEEP,47,
2026-06-20,03:25,DEEP,45,
2026-06-20,03:26,DEEP,45,
2026-06-20,03:27,DEEP,46,
2026-06-20,03:28,DEEP,47,
2026-06-20,03:29,DEEP,48,
2026-06-20,03:30,DEEP,48,
2026-06-20,03:31,DEEP,47,
2026-06-20,03:32,DEEP,52,
2026-06-20,03:33,DEEP,50,
2026-06-20,03:34,DEEP,51,
2026-06-20,03:35,DEEP,49,
2026-06-20,03:36,DEEP,49,
2026-06-20,03:37,DEEP,51,
2026-06-20,03:38,DEEP,49,
2026-06-20,03:39,DEEP,47,
2026-06-20,03:40,DEEP,47,
2026-06-20,03:41,DEEP,46,
2026-06-20,03:42,DEEP,46,
2026-06-20,03:43,DEEP,45,
2026-06-20,03:44,DEEP,45,
2026-06-20,03:45,DEEP,45,
2026-06-20,03:46,DEEP,45,
2026-06-20,03:47,LIGHT,45,
2026-06-20,03:48,LIGHT,45,
2026-06-20,03:49,LIGHT,45,
2026-06-20,03:50,LIGHT,45,
2026-06-20,03:51,LIGHT,45,
2026-06-20,03:52,LIGHT,45,
2026-06-20,03:53,LIGHT,45,
2026-06-20,03:54,LIGHT,45,
2026-06-20,03:55,LIGHT,45,
2026-06-20,03:56,REM,44,
2026-06-20,03:57,REM,44,
2026-06-20,03:58,REM,48,
2026-06-20,03:59,REM,45,
2026-06-20,04:00,REM,43,
2026-06-20,04:01,REM,43,
2026-06-20,04:02,REM,43,
2026-06-20,04:03,REM,43,
2026-06-20,04:04,REM,43,
2026-06-20,04:05,REM,43,
2026-06-20,04:06,REM,43,
2026-06-20,04:07,REM,43,
2026-06-20,04:08,REM,43,
2026-06-20,04:09,REM,43,
2026-06-20,04:10,REM,43,
2026-06-20,04:11,REM,43,
2026-06-20,04:12,REM,43,
2026-06-20,04:13,REM,43,
2026-06-20,04:14,REM,43,
2026-06-20,04:15,REM,43,
2026-06-20,04:16,REM,45,
2026-06-20,04:17,REM,44,
2026-06-20,04:18,LIGHT,44,
2026-06-20,04:19,LIGHT,44,
2026-06-20,04:20,LIGHT,45,
2026-06-20,04:21,LIGHT,45,
2026-06-20,04:22,LIGHT,45,
2026-06-20,04:23,LIGHT,45,
2026-06-20,04:24,WAKE,45,
2026-06-20,04:25,WAKE,46,
2026-06-20,04:26,LIGHT,47,
2026-06-20,04:27,LIGHT,47,
2026-06-20,04:28,LIGHT,47,
2026-06-20,04:29,LIGHT,47,
2026-06-20,04:30,LIGHT,47,
2026-06-20,04:31,LIGHT,47,
2026-06-20,04:32,LIGHT,47,
2026-06-20,04:33,LIGHT,48,
2026-06-20,04:34,LIGHT,48,
2026-06-20,04:35,LIGHT,48,
2026-06-20,04:36,LIGHT,49,
2026-06-20,04:37,LIGHT,49,
2026-06-20,04:38,LIGHT,49,
2026-06-20,04:39,LIGHT,49,
2026-06-20,04:40,LIGHT,50,
2026-06-20,04:41,LIGHT,50,
2026-06-20,04:42,LIGHT,51,
2026-06-20,04:43,LIGHT,51,
2026-06-20,04:44,LIGHT,51,
2026-06-20,04:45,LIGHT,51,
2026-06-20,04:46,LIGHT,52,
2026-06-20,04:47,LIGHT,54,
2026-06-20,04:48,DEEP,53,
2026-06-20,04:49,DEEP,54,
2026-06-20,04:50,DEEP,56,
2026-06-20,04:51,DEEP,58,
2026-06-20,04:52,DEEP,58,
2026-06-20,04:53,DEEP,60,
2026-06-20,04:54,DEEP,61,
2026-06-20,04:55,DEEP,61,
2026-06-20,04:56,DEEP,59,
2026-06-20,04:57,DEEP,60,
2026-06-20,04:58,DEEP,59,
2026-06-20,04:59,DEEP,69,
2026-06-20,05:00,DEEP,59,
2026-06-20,05:01,DEEP,56,
2026-06-20,05:02,DEEP,56,
2026-06-20,05:03,DEEP,56,
2026-06-20,05:04,DEEP,57,
2026-06-20,05:05,LIGHT,59,
2026-06-20,05:06,LIGHT,56,
2026-06-20,05:07,LIGHT,56,
2026-06-20,05:08,LIGHT,56,
2026-06-20,05:09,LIGHT,58,
2026-06-20,05:10,LIGHT,59,
2026-06-20,05:11,LIGHT,56,
2026-06-20,05:12,LIGHT,54,
2026-06-20,05:13,LIGHT,53,
2026-06-20,05:14,LIGHT,51,
2026-06-20,05:15,LIGHT,51,
2026-06-20,05:16,LIGHT,51,
2026-06-20,05:17,LIGHT,51,
2026-06-20,05:18,LIGHT,51,
2026-06-20,05:19,LIGHT,50,
2026-06-20,05:20,LIGHT,50,
2026-06-20,05:21,LIGHT,49,
2026-06-20,05:22,LIGHT,49,
2026-06-20,05:23,REM,49,
2026-06-20,05:24,REM,49,
2026-06-20,05:25,REM,56,
2026-06-20,05:26,REM,48,
2026-06-20,05:27,REM,47,
2026-06-20,05:28,REM,47,
2026-06-20,05:29,REM,47,
2026-06-20,05:30,REM,47,
2026-06-20,05:31,REM,47,
2026-06-20,05:32,REM,47,
2026-06-20,05:33,REM,47,
2026-06-20,05:34,REM,47,
2026-06-20,05:35,REM,47,
2026-06-20,05:36,REM,47,
2026-06-20,05:37,REM,47,
2026-06-20,05:38,REM,47,
2026-06-20,05:39,REM,48,
2026-06-20,05:40,REM,48,
2026-06-20,05:41,REM,48,
2026-06-20,05:42,REM,48,
2026-06-20,05:43,REM,48,
2026-06-20,05:44,REM,48,
2026-06-20,05:45,REM,48,
2026-06-20,05:46,REM,46,
2026-06-20,05:47,REM,46,
2026-06-20,05:48,REM,46,
2026-06-20,05:49,LIGHT,46,
2026-06-20,05:50,LIGHT,46,
2026-06-20,05:51,LIGHT,46,
2026-06-20,05:52,LIGHT,46,
2026-06-20,05:53,LIGHT,46,
2026-06-20,05:54,LIGHT,46,
2026-06-20,05:55,LIGHT,48,
2026-06-20,05:56,LIGHT,46,
2026-06-20,05:57,LIGHT,48,
2026-06-20,05:58,LIGHT,56,
2026-06-20,05:59,LIGHT,50,
2026-06-20,06:00,LIGHT,47,
2026-06-20,06:01,LIGHT,47,
2026-06-20,06:02,LIGHT,47,
2026-06-20,06:03,LIGHT,47,
2026-06-20,06:04,LIGHT,47,
2026-06-20,06:05,LIGHT,47,
2026-06-20,06:06,LIGHT,47,
2026-06-20,06:07,LIGHT,46,
2026-06-20,06:08,LIGHT,45,
2026-06-20,06:09,LIGHT,45,
2026-06-20,06:10,DEEP,45,
2026-06-20,06:11,DEEP,45,
2026-06-20,06:12,DEEP,45,
2026-06-20,06:13,DEEP,45,
2026-06-20,06:14,DEEP,45,
2026-06-20,06:15,DEEP,45,
2026-06-20,06:16,DEEP,45,
2026-06-20,06:17,DEEP,45,
2026-06-20,06:18,LIGHT,45,
2026-06-20,06:19,LIGHT,52,
2026-06-20,06:20,LIGHT,46,
2026-06-20,06:21,LIGHT,44,
2026-06-20,06:22,LIGHT,42,
2026-06-20,06:23,LIGHT,42,
2026-06-20,06:24,LIGHT,42,
2026-06-20,06:25,LIGHT,42,
2026-06-20,06:26,LIGHT,44,
2026-06-20,06:27,LIGHT,42,
2026-06-20,06:28,LIGHT,44,
2026-06-20,06:29,LIGHT,43,
2026-06-20,06:30,LIGHT,43,
2026-06-20,06:31,LIGHT,43,
2026-06-20,06:32,LIGHT,43,
2026-06-20,06:33,LIGHT,43,
2026-06-20,06:34,LIGHT,43,
2026-06-20,06:35,LIGHT,43,
2026-06-20,06:36,LIGHT,41,
2026-06-20,06:37,LIGHT,42,
2026-06-20,06:38,LIGHT,47,
2026-06-20,06:39,LIGHT,42,
2026-06-20,06:40,LIGHT,42,
2026-06-20,06:41,LIGHT,44,
2026-06-20,06:42,LIGHT,41,
2026-06-20,06:43,LIGHT,42,
2026-06-20,06:44,LIGHT,42,
2026-06-20,06:45,LIGHT,42,
2026-06-20,06:46,LIGHT,43,
2026-06-20,06:47,LIGHT,43,
2026-06-20,06:48,LIGHT,43,
2026-06-20,06:49,LIGHT,43,
2026-06-20,06:50,WAKE,41,
2026-06-20,06:51,WAKE,41,
2026-06-20,06:52,WAKE,43,
2026-06-20,06:53,WAKE,45,
2026-06-20,06:54,LIGHT,42,
2026-06-20,06:55,LIGHT,43,
2026-06-20,06:56,LIGHT,43,
2026-06-20,06:57,REM,44,
2026-06-20,06:58,REM,43,
2026-06-20,06:59,REM,42,
2026-06-20,07:00,REM,43,
2026-06-20,07:01,REM,44,
2026-06-20,07:02,REM,42,
2026-06-20,07:03,REM,42,
2026-06-20,07:04,REM,44,
2026-06-20,07:05,REM,44,
2026-06-20,07:06,REM,44,
2026-06-20,07:07,REM,44,
2026-06-20,07:08,REM,44,
2026-06-20,07:09,REM,45,
2026-06-20,07:10,REM,52,
2026-06-20,07:11,REM,46,
2026-06-20,07:12,REM,45,
2026-06-20,07:13,REM,45,
2026-06-20,07:14,REM,45,
2026-06-20,07:15,REM,45,
2026-06-20,07:16,REM,45,
2026-06-20,07:17,REM,45,
2026-06-20,07:18,REM,45,
2026-06-20,07:19,REM,45,
2026-06-20,07:20,REM,45,
2026-06-20,07:21,REM,44,
2026-06-20,07:22,REM,44,
2026-06-20,07:23,REM,44,
2026-06-20,07:24,REM,44,
2026-06-20,07:25,REM,44,
2026-06-20,07:26,REM,44,
2026-06-20,07:27,REM,44,
2026-06-20,07:28,REM,44,
2026-06-20,07:29,REM,44,
2026-06-20,07:30,LIGHT,44,
2026-06-20,07:31,LIGHT,45,
2026-06-20,07:32,LIGHT,45,
2026-06-20,07:33,LIGHT,45,
2026-06-20,07:34,LIGHT,45,
2026-06-20,07:35,LIGHT,45,
2026-06-20,07:36,LIGHT,45,
2026-06-20,07:37,LIGHT,45,
2026-06-20,07:38,LIGHT,56,
2026-06-20,07:39,LIGHT,50,
2026-06-20,07:40,LIGHT,44,
2026-06-20,07:41,LIGHT,41,
2026-06-20,07:42,LIGHT,41,
2026-06-20,07:43,LIGHT,41,
2026-06-20,07:44,LIGHT,41,
2026-06-20,07:45,LIGHT,41,
2026-06-20,07:46,LIGHT,43,
2026-06-20,07:47,LIGHT,41,
2026-06-20,07:48,LIGHT,40,
2026-06-20,07:49,LIGHT,40,
2026-06-20,07:50,LIGHT,40,
2026-06-20,07:51,LIGHT,41,
2026-06-20,07:52,LIGHT,41,
2026-06-20,07:53,LIGHT,43,
2026-06-20,07:54,LIGHT,41,
2026-06-20,07:55,LIGHT,41,
2026-06-20,07:56,LIGHT,41,
2026-06-20,07:57,LIGHT,41,
2026-06-20,07:58,LIGHT,41,
2026-06-20,07:59,LIGHT,41,
2026-06-20,08:00,LIGHT,41,
2026-06-20,08:01,LIGHT,41,
2026-06-20,08:02,LIGHT,41,
2026-06-20,08:03,LIGHT,41,
2026-06-20,08:04,LIGHT,41,
2026-06-20,08:05,LIGHT,43,
2026-06-20,08:06,LIGHT,53,
2026-06-20,08:07,LIGHT,48,
2026-06-20,08:08,LIGHT,43,
2026-06-20,08:09,LIGHT,42,
2026-06-20,08:10,DEEP,40,
2026-06-20,08:11,DEEP,40,
2026-06-20,08:12,DEEP,41,
2026-06-20,08:13,DEEP,42,
2026-06-20,08:14,DEEP,48,
2026-06-20,08:15,DEEP,45,
2026-06-20,08:16,DEEP,45,
2026-06-20,08:17,DEEP,44,
2026-06-20,08:18,DEEP,45,
2026-06-20,08:19,DEEP,45,
2026-06-20,08:20,DEEP,44,
2026-06-20,08:21,DEEP,43,
2026-06-20,08:22,DEEP,43,
2026-06-20,08:23,DEEP,40,
2026-06-20,08:24,DEEP,42,
2026-06-20,08:25,DEEP,41,
2026-06-20,08:26,LIGHT,41,
2026-06-20,08:27,LIGHT,41,
2026-06-20,08:28,LIGHT,41,
2026-06-20,08:29,LIGHT,43,
2026-06-20,08:30,LIGHT,43,
2026-06-20,08:31,WAKE,42,
2026-06-20,08:32,LIGHT,42,
2026-06-20,08:33,LIGHT,44,
2026-06-20,08:34,LIGHT,42,
2026-06-20,08:35,LIGHT,42,
2026-06-20,08:36,LIGHT,47,
2026-06-20,08:37,LIGHT,44,
2026-06-20,08:38,LIGHT,44,
2026-06-20,08:39,LIGHT,43,
2026-06-20,08:40,LIGHT,44,
2026-06-20,08:41,LIGHT,46,
2026-06-20,08:42,WAKE,43,
2026-06-20,08:43,WAKE,43,
2026-06-20,08:44,LIGHT,43,
2026-06-20,08:45,LIGHT,46,
2026-06-20,08:46,WAKE,49,
2026-06-20,08:47,LIGHT,45,
2026-06-20,08:48,LIGHT,44,
2026-06-20,08:49,LIGHT,42,
2026-06-20,08:50,LIGHT,41,
2026-06-20,08:51,WAKE,41,
2026-06-20,08:52,LIGHT,41,
2026-06-20,08:53,LIGHT,43,
2026-06-20,08:54,LIGHT,44,
2026-06-20,08:55,LIGHT,41,
2026-06-21,03:43,LIGHT,47,
2026-06-21,03:44,LIGHT,49,
2026-06-21,03:45,LIGHT,49,
2026-06-21,03:46,LIGHT,48,
2026-06-21,03:47,LIGHT,48,
2026-06-21,03:48,LIGHT,50,
2026-06-21,03:49,LIGHT,55,
2026-06-21,03:50,LIGHT,49,
2026-06-21,03:51,LIGHT,46,
2026-06-21,03:52,LIGHT,45,
2026-06-21,03:53,LIGHT,45,
2026-06-21,03:54,LIGHT,45,
2026-06-21,03:55,LIGHT,45,
2026-06-21,03:56,LIGHT,45,
2026-06-21,03:57,LIGHT,45,
2026-06-21,03:58,LIGHT,48,
2026-06-21,03:59,LIGHT,47,
2026-06-21,04:00,LIGHT,46,
2026-06-21,04:01,LIGHT,44,
2026-06-21,04:02,LIGHT,44,
2026-06-21,04:03,LIGHT,44,
2026-06-21,04:04,DEEP,44,
2026-06-21,04:05,DEEP,43,
2026-06-21,04:06,DEEP,43,
2026-06-21,04:07,DEEP,43,
2026-06-21,04:08,DEEP,42,
2026-06-21,04:09,DEEP,42,
2026-06-21,04:10,DEEP,42,
2026-06-21,04:11,DEEP,42,
2026-06-21,04:12,DEEP,42,
2026-06-21,04:13,DEEP,42,
2026-06-21,04:14,DEEP,42,
2026-06-21,04:15,DEEP,42,
2026-06-21,04:16,DEEP,43,
2026-06-21,04:17,DEEP,43,
2026-06-21,04:18,DEEP,43,
2026-06-21,04:19,DEEP,43,
2026-06-21,04:20,DEEP,43,
2026-06-21,04:21,DEEP,43,
2026-06-21,04:22,DEEP,43,
2026-06-21,04:23,DEEP,43,
2026-06-21,04:24,DEEP,42,
2026-06-21,04:25,DEEP,42,
2026-06-21,04:26,DEEP,42,
2026-06-21,04:27,DEEP,42,
2026-06-21,04:28,DEEP,42,
2026-06-21,04:29,DEEP,43,
2026-06-21,04:30,DEEP,51,
2026-06-21,04:31,DEEP,44,
2026-06-21,04:32,DEEP,42,
2026-06-21,04:33,DEEP,44,
2026-06-21,04:34,DEEP,44,
2026-06-21,04:35,DEEP,43,
2026-06-21,04:36,DEEP,42,
2026-06-21,04:37,DEEP,42,
2026-06-21,04:38,DEEP,42,
2026-06-21,04:39,DEEP,42,
2026-06-21,04:40,DEEP,47,
2026-06-21,04:41,DEEP,43,
2026-06-21,04:42,DEEP,42,
2026-06-21,04:43,DEEP,42,
2026-06-21,04:44,DEEP,42,
2026-06-21,04:45,DEEP,41,
2026-06-21,04:46,DEEP,41,
2026-06-21,04:47,LIGHT,41,
2026-06-21,04:48,LIGHT,44,
2026-06-21,04:49,LIGHT,44,
2026-06-21,04:50,LIGHT,44,
2026-06-21,04:51,REM,45,
2026-06-21,04:52,REM,46,
2026-06-21,04:53,REM,45,
2026-06-21,04:54,REM,45,
2026-06-21,04:55,REM,44,
2026-06-21,04:56,REM,44,
2026-06-21,04:57,LIGHT,44,
2026-06-21,04:58,LIGHT,43,
2026-06-21,04:59,LIGHT,43,
2026-06-21,05:00,WAKE,42,
2026-06-21,05:01,LIGHT,42,
2026-06-21,05:02,LIGHT,42,
2026-06-21,05:03,LIGHT,42,
2026-06-21,05:04,REM,42,
2026-06-21,05:05,REM,42,
2026-06-21,05:06,REM,42,
2026-06-21,05:07,REM,42,
2026-06-21,05:08,REM,42,
2026-06-21,05:09,REM,47,
2026-06-21,05:10,REM,50,
2026-06-21,05:11,REM,44,
2026-06-21,05:12,REM,42,
2026-06-21,05:13,REM,42,
2026-06-21,05:14,REM,42,
2026-06-21,05:15,REM,51,
2026-06-21,05:16,LIGHT,45,
2026-06-21,05:17,LIGHT,41,
2026-06-21,05:18,LIGHT,,
2026-06-21,05:19,LIGHT,40,
2026-06-21,05:20,LIGHT,43,
2026-06-21,05:21,LIGHT,40,
2026-06-21,05:22,LIGHT,,
2026-06-21,05:23,LIGHT,,
2026-06-21,05:24,LIGHT,,
2026-06-21,05:25,LIGHT,,
2026-06-21,05:26,LIGHT,,
2026-06-21,05:27,LIGHT,,
2026-06-21,05:28,LIGHT,,
2026-06-21,05:29,LIGHT,40,
2026-06-21,05:30,LIGHT,47,
2026-06-21,05:31,LIGHT,42,
2026-06-21,05:32,LIGHT,40,
2026-06-21,05:33,LIGHT,40,
2026-06-21,05:34,LIGHT,40,
2026-06-21,05:35,LIGHT,40,
2026-06-21,05:36,LIGHT,40,
2026-06-21,05:37,LIGHT,40,
2026-06-21,05:38,LIGHT,40,
2026-06-21,05:39,LIGHT,,
2026-06-21,05:40,LIGHT,43,
2026-06-21,05:41,LIGHT,40,
2026-06-21,05:42,LIGHT,40,
2026-06-21,05:43,LIGHT,,
2026-06-21,05:44,LIGHT,,
2026-06-21,05:45,LIGHT,,
2026-06-21,05:46,LIGHT,40,
2026-06-21,05:47,DEEP,,
2026-06-21,05:48,DEEP,,
2026-06-21,05:49,DEEP,,
2026-06-21,05:50,DEEP,,
2026-06-21,05:51,DEEP,,
2026-06-21,05:52,DEEP,,
2026-06-21,05:53,DEEP,,
2026-06-21,05:54,LIGHT,,
2026-06-21,05:55,LIGHT,,
2026-06-21,05:56,LIGHT,,
2026-06-21,05:57,LIGHT,41,
2026-06-21,05:58,LIGHT,46,
2026-06-21,05:59,LIGHT,43,
2026-06-21,06:00,LIGHT,41,
2026-06-21,06:01,LIGHT,41,
2026-06-21,06:02,LIGHT,41,
2026-06-21,06:03,LIGHT,43,
2026-06-21,06:04,LIGHT,42,
2026-06-21,06:05,LIGHT,42,
2026-06-21,06:06,LIGHT,42,
2026-06-21,06:07,LIGHT,41,
2026-06-21,06:08,LIGHT,41,
2026-06-21,06:09,LIGHT,46,
2026-06-21,06:10,LIGHT,45,
2026-06-21,06:11,LIGHT,42,
2026-06-21,06:12,LIGHT,40,
2026-06-21,06:13,LIGHT,40,
2026-06-21,06:14,LIGHT,40,
2026-06-21,06:15,LIGHT,43,
2026-06-21,06:16,LIGHT,40,
2026-06-21,06:17,LIGHT,40,
2026-06-21,06:18,LIGHT,40,
2026-06-21,06:19,LIGHT,40,
2026-06-21,06:20,LIGHT,40,
2026-06-21,06:21,LIGHT,40,
2026-06-21,06:22,LIGHT,40,
2026-06-21,06:23,LIGHT,40,
2026-06-21,06:24,LIGHT,40,
2026-06-21,06:25,LIGHT,40,
2026-06-21,06:26,LIGHT,40,
2026-06-21,06:27,LIGHT,40,
2026-06-21,06:28,LIGHT,40,
2026-06-21,06:29,LIGHT,40,
2026-06-21,06:30,LIGHT,41,
2026-06-21,06:31,LIGHT,41,
2026-06-21,06:32,REM,45,
2026-06-21,06:33,REM,49,
2026-06-21,06:34,REM,50,
2026-06-21,06:35,REM,62,
2026-06-21,06:36,REM,69,
2026-06-21,06:37,REM,74,
2026-06-21,06:38,REM,64,
2026-06-21,06:39,REM,65,
2026-06-21,06:40,REM,62,
2026-06-21,06:41,REM,69,
2026-06-21,06:42,REM,79,
2026-06-21,06:43,REM,81,
2026-06-21,06:44,REM,86,
2026-06-21,06:45,REM,88,
2026-06-21,06:46,REM,89,
2026-06-21,06:47,REM,91,
2026-06-21,06:48,REM,93,
2026-06-21,06:49,REM,95,
2026-06-21,06:50,REM,90,
2026-06-21,06:51,REM,91,
2026-06-21,06:52,REM,94,
2026-06-21,06:53,REM,102,
2026-06-21,06:54,REM,95,
2026-06-21,06:55,REM,84,
2026-06-21,06:56,REM,72,
2026-06-21,06:57,REM,66,
2026-06-21,06:58,REM,63,
2026-06-21,06:59,REM,65,
2026-06-21,07:00,REM,65,
2026-06-21,07:01,REM,62,
2026-06-21,07:02,REM,62,
2026-06-21,07:03,REM,58,
2026-06-21,07:04,REM,59,
2026-06-21,07:05,REM,60,
2026-06-21,07:06,REM,60,
2026-06-21,07:07,REM,61,
2026-06-21,07:08,REM,60,
2026-06-21,07:09,REM,59,
2026-06-21,07:10,REM,64,
2026-06-21,07:11,LIGHT,62,
2026-06-21,07:12,LIGHT,59,
2026-06-21,07:13,LIGHT,60,
2026-06-21,07:14,LIGHT,56,
2026-06-21,07:15,LIGHT,54,
2026-06-21,07:16,LIGHT,56,
2026-06-21,07:17,LIGHT,58,
2026-06-21,07:18,LIGHT,59,
2026-06-21,07:19,LIGHT,59,
2026-06-21,07:20,LIGHT,60,
2026-06-21,07:21,LIGHT,60,
2026-06-21,07:22,LIGHT,60,
2026-06-21,07:23,LIGHT,60,
2026-06-21,07:24,LIGHT,58,
2026-06-21,07:25,LIGHT,61,
2026-06-21,07:26,LIGHT,67,
2026-06-21,07:27,LIGHT,56,
2026-06-21,07:28,LIGHT,53,
2026-06-21,07:29,LIGHT,54,
2026-06-21,07:30,LIGHT,54,
2026-06-21,07:31,DEEP,51,
2026-06-21,07:32,DEEP,50,
2026-06-21,07:33,DEEP,59,
2026-06-21,07:34,DEEP,77,
2026-06-21,07:35,DEEP,82,
2026-06-21,07:36,DEEP,79,
2026-06-21,07:37,DEEP,79,
2026-06-21,07:38,LIGHT,79,
2026-06-21,07:39,LIGHT,81,
2026-06-21,07:40,LIGHT,81,
2026-06-21,07:41,LIGHT,82,
2026-06-21,07:42,LIGHT,83,
2026-06-21,07:43,LIGHT,85,
2026-06-21,07:44,LIGHT,88,
2026-06-21,07:45,LIGHT,89,
2026-06-21,07:46,LIGHT,85,
2026-06-21,07:47,LIGHT,85,
2026-06-21,07:48,LIGHT,85,
2026-06-21,07:49,LIGHT,80,
2026-06-21,07:50,LIGHT,82,
2026-06-21,07:51,LIGHT,82,
2026-06-21,07:52,LIGHT,86,
2026-06-21,07:53,LIGHT,83,
2026-06-21,07:54,LIGHT,86,
2026-06-21,07:55,LIGHT,85,
2026-06-21,07:56,LIGHT,67,
2026-06-21,07:57,LIGHT,60,
2026-06-21,07:58,LIGHT,61,
2026-06-21,07:59,LIGHT,64,
2026-06-21,08:00,LIGHT,69,
2026-06-21,08:01,LIGHT,74,
2026-06-21,08:02,LIGHT,84,
2026-06-21,08:03,LIGHT,115,
2026-06-21,08:04,LIGHT,131,
2026-06-21,08:05,LIGHT,145,
2026-06-21,08:06,LIGHT,139,
2026-06-21,08:07,LIGHT,123,
2026-06-21,08:08,LIGHT,108,
2026-06-21,08:09,LIGHT,102,
2026-06-21,08:10,LIGHT,96,
2026-06-21,08:11,LIGHT,93,
2026-06-21,08:12,LIGHT,93,
2026-06-21,08:13,LIGHT,93,
2026-06-21,08:14,REM,90,
2026-06-21,08:15,REM,90,
2026-06-21,08:16,REM,94,
2026-06-21,08:17,REM,96,
2026-06-21,08:18,REM,90,
2026-06-21,08:19,REM,95,
2026-06-21,08:20,REM,92,
2026-06-21,08:21,REM,90,
2026-06-21,08:22,REM,92,
2026-06-21,08:23,REM,89,
2026-06-21,08:24,REM,89,
2026-06-21,08:25,REM,86,
2026-06-21,08:26,REM,88,
2026-06-21,08:27,REM,90,
2026-06-21,08:28,REM,91,
2026-06-21,08:29,REM,94,
2026-06-21,08:30,REM,94,
2026-06-21,08:31,REM,96,
2026-06-21,08:32,REM,98,
2026-06-21,08:33,REM,93,
2026-06-21,08:34,REM,90,
2026-06-21,08:35,REM,83,
2026-06-21,08:36,REM,80,
2026-06-21,08:37,REM,77,
2026-06-21,08:38,REM,79,
2026-06-21,08:39,REM,76,
2026-06-21,08:40,REM,77,
2026-06-21,08:41,REM,81,
2026-06-21,08:42,REM,79,
2026-06-21,08:43,REM,80,
2026-06-21,08:44,REM,78,
2026-06-21,08:45,REM,77,
2026-06-21,08:46,REM,79,
2026-06-21,08:47,REM,86,
2026-06-21,08:48,REM,83,
2026-06-21,08:49,REM,85,
2026-06-21,08:50,REM,91,
2026-06-21,08:51,REM,85,
2026-06-21,08:52,REM,82,
2026-06-21,08:53,REM,86,
2026-06-21,08:54,LIGHT,86,
2026-06-21,08:55,LIGHT,91,
2026-06-21,08:56,LIGHT,85,
2026-06-21,08:57,LIGHT,77,
2026-06-21,08:58,LIGHT,78,
2026-06-21,08:59,LIGHT,83,
2026-06-21,09:00,LIGHT,79,
2026-06-21,09:01,LIGHT,77,
2026-06-21,09:02,LIGHT,79,
2026-06-21,09:03,LIGHT,81,
2026-06-21,09:04,LIGHT,78,
2026-06-21,09:05,LIGHT,78,
2026-06-21,09:06,LIGHT,78,
2026-06-21,09:07,LIGHT,78,
2026-06-21,09:08,LIGHT,77,
2026-06-21,09:09,LIGHT,79,
2026-06-21,09:10,LIGHT,84,
2026-06-21,09:11,LIGHT,82,
2026-06-21,09:12,LIGHT,82,
2026-06-21,09:13,LIGHT,80,
2026-06-21,09:14,LIGHT,75,
2026-06-21,09:15,LIGHT,72,
2026-06-21,09:16,LIGHT,79,
2026-06-21,09:17,LIGHT,93,
2026-06-21,09:18,LIGHT,85,
2026-06-21,09:19,LIGHT,85,
2026-06-21,09:20,LIGHT,88,
2026-06-21,09:21,DEEP,88,
2026-06-21,09:22,DEEP,95,
2026-06-21,09:23,DEEP,90,
2026-06-21,09:24,DEEP,84,
2026-06-21,09:25,DEEP,84,
2026-06-21,09:26,DEEP,90,
2026-06-21,09:27,DEEP,91,
2026-06-21,09:28,DEEP,94,
2026-06-21,09:29,DEEP,82,
2026-06-21,09:30,DEEP,80,
2026-06-21,09:31,DEEP,83,
2026-06-21,09:32,DEEP,81,
2026-06-21,09:33,DEEP,81,
2026-06-21,09:34,DEEP,83,
2026-06-21,09:35,DEEP,80,
2026-06-21,09:36,DEEP,80,
2026-06-21,09:37,DEEP,79,
2026-06-21,09:38,DEEP,96,
2026-06-21,09:39,DEEP,84,
2026-06-21,09:40,DEEP,78,
2026-06-21,09:41,LIGHT,78,
2026-06-21,09:42,LIGHT,79,
2026-06-21,09:43,LIGHT,76,
2026-06-21,09:44,LIGHT,77,
2026-06-21,09:45,LIGHT,77,
2026-06-21,09:46,LIGHT,78,
2026-06-21,09:47,LIGHT,78,
2026-06-21,09:48,LIGHT,78,
2026-06-21,09:49,LIGHT,80,
2026-06-21,09:50,WAKE,80,
2026-06-21,09:51,LIGHT,84,
2026-06-21,09:52,LIGHT,84,
2026-06-21,09:53,LIGHT,81,
2026-06-21,09:54,LIGHT,81,
2026-06-21,09:55,LIGHT,83,
2026-06-21,09:56,WAKE,85,
2026-06-21,09:57,WAKE,85,
2026-06-21,09:58,WAKE,81,
2026-06-21,09:59,WAKE,81,
2026-06-21,10:00,WAKE,80,
2026-06-21,10:01,WAKE,81,
2026-06-21,10:02,WAKE,82,
2026-06-21,10:03,WAKE,85,
2026-06-21,10:04,WAKE,88,
2026-06-21,10:05,WAKE,82,
2026-06-21,10:06,WAKE,88,
2026-06-21,10:07,WAKE,91,
2026-06-21,10:08,WAKE,89,
2026-06-21,10:09,WAKE,87,
2026-06-21,10:10,WAKE,89,
2026-06-21,10:11,WAKE,91,
2026-06-21,10:12,WAKE,91,
2026-06-21,10:13,WAKE,93,
2026-06-21,10:14,WAKE,89,
2026-06-21,10:15,WAKE,81,
2026-06-21,10:16,WAKE,83,
2026-06-21,10:17,WAKE,83,
2026-06-21,10:18,WAKE,84,
2026-06-21,10:19,WAKE,83,
2026-06-21,10:20,LIGHT,84,
2026-06-21,10:21,LIGHT,86,
2026-06-21,10:22,LIGHT,86,
2026-06-21,10:23,LIGHT,83,
2026-06-21,10:24,LIGHT,83,
2026-06-21,10:25,LIGHT,85,
2026-06-21,10:26,LIGHT,86,
2026-06-21,10:27,LIGHT,85,
2026-06-21,10:28,LIGHT,82,
2026-06-21,10:29,LIGHT,80,
2026-06-21,10:30,LIGHT,82,
2026-06-21,10:31,LIGHT,81,
2026-06-21,10:32,LIGHT,80,
2026-06-21,10:33,LIGHT,85,
2026-06-21,10:34,LIGHT,83,
2026-06-21,10:35,LIGHT,87,
2026-06-21,10:36,LIGHT,88,
2026-06-21,10:37,LIGHT,80,
2026-06-21,10:38,LIGHT,74,
2026-06-21,10:39,LIGHT,72,
2026-06-21,10:40,LIGHT,74,
2026-06-21,10:41,LIGHT,76,
2026-06-21,10:42,LIGHT,82,
2026-06-21,10:43,LIGHT,82,
2026-06-21,10:44,LIGHT,87,
2026-06-21,10:45,LIGHT,92,
2026-06-21,10:46,LIGHT,88,
2026-06-21,10:47,LIGHT,80,
2026-06-21,10:48,LIGHT,72,
2026-06-21,10:49,LIGHT,69,
2026-06-21,10:50,LIGHT,71,
2026-06-21,10:51,LIGHT,71,
2026-06-21,10:52,LIGHT,73,
2026-06-21,10:53,LIGHT,68,
2026-06-21,10:54,LIGHT,69,
2026-06-21,10:55,LIGHT,71,
2026-06-21,10:56,LIGHT,72,
2026-06-21,10:57,LIGHT,72,
2026-06-21,10:58,LIGHT,71,
2026-06-21,10:59,LIGHT,68,
2026-06-21,11:00,LIGHT,68,
2026-06-21,11:01,LIGHT,65,
2026-06-21,11:02,LIGHT,68,
2026-06-21,11:03,LIGHT,67,
2026-06-21,11:04,LIGHT,68,
2026-06-21,11:05,LIGHT,66,
2026-06-21,11:06,LIGHT,66,
2026-06-21,11:07,LIGHT,68,
2026-06-21,11:08,LIGHT,70,
2026-06-21,11:09,LIGHT,72,
2026-06-21,11:10,LIGHT,71,
2026-06-21,11:11,LIGHT,75,
2026-06-21,11:12,LIGHT,70,
2026-06-21,11:13,LIGHT,69,
2026-06-21,11:14,LIGHT,71,
2026-06-21,11:15,LIGHT,69,
2026-06-21,11:16,LIGHT,69,
2026-06-21,11:17,LIGHT,71,
2026-06-21,11:18,LIGHT,68,
2026-06-21,11:19,LIGHT,68,
2026-06-21,11:20,LIGHT,70,
2026-06-21,11:21,LIGHT,67,
2026-06-21,11:22,LIGHT,65,
2026-06-21,11:23,DEEP,62,
2026-06-21,11:24,DEEP,67,
2026-06-21,11:25,DEEP,65,
2026-06-21,11:26,DEEP,67,
2026-06-21,11:27,DEEP,72,
2026-06-21,11:28,DEEP,69,
2026-06-21,11:29,DEEP,77,
2026-06-21,11:30,DEEP,79,
2026-06-21,11:31,DEEP,77,
2026-06-21,11:32,DEEP,67,
2026-06-21,11:33,DEEP,67,
2026-06-21,11:34,DEEP,69,
2026-06-21,11:35,DEEP,71,
2026-06-21,11:36,DEEP,62,
2026-06-21,11:37,DEEP,57,
2026-06-21,11:38,DEEP,54,
2026-06-21,11:39,DEEP,56,
2026-06-21,11:40,DEEP,57,
2026-06-21,11:41,LIGHT,65,
2026-06-21,11:42,LIGHT,72,
2026-06-21,11:43,LIGHT,82,
2026-06-21,11:44,LIGHT,87,
2026-06-21,11:45,LIGHT,84,
2026-06-21,11:46,LIGHT,73,
2026-06-21,11:47,LIGHT,70,
2026-06-21,11:48,LIGHT,59,
2026-06-21,11:49,LIGHT,55,
2026-06-21,11:50,LIGHT,55,
2026-06-21,11:51,LIGHT,55,
2026-06-21,11:52,LIGHT,54,
2026-06-21,11:53,WAKE,66,
2026-06-21,11:54,LIGHT,66,
2026-06-21,11:55,LIGHT,59,
2026-06-21,11:56,LIGHT,61,
2026-06-21,11:57,REM,63,
2026-06-21,11:58,REM,55,
2026-06-21,11:59,REM,59,
2026-06-21,12:00,REM,56,
2026-06-21,12:01,REM,61,
2026-06-21,12:02,REM,73,
2026-06-21,12:03,REM,62,
2026-06-21,12:04,REM,55,
2026-06-21,12:05,REM,52,
2026-06-21,12:06,REM,51,
2026-06-21,12:07,REM,52,
2026-06-21,12:08,REM,57,
2026-06-21,12:09,REM,61,
2026-06-21,12:10,REM,53,
2026-06-21,12:11,REM,53,
2026-06-21,12:12,REM,50,
2026-06-21,12:13,REM,49,
2026-06-21,12:14,REM,48,
2026-06-21,12:15,REM,47,
2026-06-21,12:16,REM,50,
2026-06-21,12:17,REM,47,
2026-06-21,12:18,REM,46,
2026-06-21,12:19,REM,47,
2026-06-21,12:20,REM,45,
2026-06-21,12:21,REM,47,
2026-06-21,12:22,REM,48,
2026-06-21,12:23,REM,47,
2026-06-21,12:24,REM,51,
2026-06-21,12:25,LIGHT,50,
2026-06-21,12:26,LIGHT,47,
2026-06-21,12:27,LIGHT,46,
2026-06-21,12:28,LIGHT,46,
2026-06-21,12:29,LIGHT,46,
2026-06-21,12:30,LIGHT,46,
2026-06-21,12:31,LIGHT,46,
2026-06-21,12:32,LIGHT,46,
2026-06-21,12:33,LIGHT,47,
2026-06-21,12:34,LIGHT,47,
2026-06-21,12:35,LIGHT,47,
2026-06-21,12:36,LIGHT,47,
2026-06-21,12:37,LIGHT,47,
2026-06-21,12:38,LIGHT,47,
2026-06-21,12:39,LIGHT,47,
2026-06-21,12:40,LIGHT,47,
2026-06-21,12:41,LIGHT,47,
2026-06-21,12:42,LIGHT,47,
2026-06-21,12:43,LIGHT,47,
2026-06-21,12:44,LIGHT,47,
2026-06-21,12:45,LIGHT,47,
2026-06-21,12:46,LIGHT,47,
2026-06-21,12:47,LIGHT,47,
2026-06-21,12:48,LIGHT,48,
2026-06-21,12:49,LIGHT,48,
2026-06-21,12:50,LIGHT,48,
2026-06-21,12:51,LIGHT,48,
2026-06-22,03:03,LIGHT,52,
2026-06-22,03:04,LIGHT,51,
2026-06-22,03:05,LIGHT,51,
2026-06-22,03:06,LIGHT,50,
2026-06-22,03:07,LIGHT,51,
2026-06-22,03:08,LIGHT,53,
2026-06-22,03:09,LIGHT,53,
2026-06-22,03:10,LIGHT,49,
2026-06-22,03:11,LIGHT,49,
2026-06-22,03:12,LIGHT,49,
2026-06-22,03:13,LIGHT,49,
2026-06-22,03:14,LIGHT,50,
2026-06-22,03:15,LIGHT,50,
2026-06-22,03:16,LIGHT,50,
2026-06-22,03:17,DEEP,50,
2026-06-22,03:18,DEEP,50,
2026-06-22,03:19,DEEP,51,
2026-06-22,03:20,DEEP,51,
2026-06-22,03:21,DEEP,51,
2026-06-22,03:22,DEEP,51,
2026-06-22,03:23,DEEP,50,
2026-06-22,03:24,DEEP,49,
2026-06-22,03:25,DEEP,49,
2026-06-22,03:26,DEEP,49,
2026-06-22,03:27,DEEP,49,
2026-06-22,03:28,DEEP,49,
2026-06-22,03:29,DEEP,49,
2026-06-22,03:30,DEEP,49,
2026-06-22,03:31,DEEP,49,
2026-06-22,03:32,DEEP,50,
2026-06-22,03:33,DEEP,49,
2026-06-22,03:34,DEEP,49,
2026-06-22,03:35,DEEP,49,
2026-06-22,03:36,DEEP,49,
2026-06-22,03:37,DEEP,48,
2026-06-22,03:38,DEEP,48,
2026-06-22,03:39,LIGHT,48,
2026-06-22,03:40,LIGHT,48,
2026-06-22,03:41,LIGHT,48,
2026-06-22,03:42,LIGHT,48,
2026-06-22,03:43,REM,46,
2026-06-22,03:44,REM,50,
2026-06-22,03:45,REM,51,
2026-06-22,03:46,REM,52,
2026-06-22,03:47,REM,52,
2026-06-22,03:48,REM,50,
2026-06-22,03:49,REM,48,
2026-06-22,03:50,REM,48,
2026-06-22,03:51,REM,48,
2026-06-22,03:52,REM,52,
2026-06-22,03:53,REM,47,
2026-06-22,03:54,REM,45,
2026-06-22,03:55,REM,46,
2026-06-22,03:56,REM,46,
2026-06-22,03:57,REM,47,
2026-06-22,03:58,REM,47,
2026-06-22,03:59,REM,47,
2026-06-22,04:00,REM,46,
2026-06-22,04:01,LIGHT,46,
2026-06-22,04:02,LIGHT,46,
2026-06-22,04:03,LIGHT,46,
2026-06-22,04:04,LIGHT,46,
2026-06-22,04:05,LIGHT,46,
2026-06-22,04:06,LIGHT,46,
2026-06-22,04:07,LIGHT,46,
2026-06-22,04:08,LIGHT,46,
2026-06-22,04:09,LIGHT,46,
2026-06-22,04:10,LIGHT,46,
2026-06-22,04:11,LIGHT,46,
2026-06-22,04:12,LIGHT,46,
2026-06-22,04:13,LIGHT,46,
2026-06-22,04:14,LIGHT,46,
2026-06-22,04:15,LIGHT,46,
2026-06-22,04:16,LIGHT,46,
2026-06-22,04:17,LIGHT,47,
2026-06-22,04:18,LIGHT,47,
2026-06-22,04:19,LIGHT,47,
2026-06-22,04:20,LIGHT,47,
2026-06-22,04:21,LIGHT,47,
2026-06-22,04:22,LIGHT,46,
2026-06-22,04:23,LIGHT,46,
2026-06-22,04:24,LIGHT,46,
2026-06-22,04:25,LIGHT,46,
2026-06-22,04:26,LIGHT,46,
2026-06-22,04:27,LIGHT,46,
2026-06-22,04:28,LIGHT,46,
2026-06-22,04:29,LIGHT,46,
2026-06-22,04:30,LIGHT,46,
2026-06-22,04:31,LIGHT,46,
2026-06-22,04:32,LIGHT,46,
2026-06-22,04:33,LIGHT,46,
2026-06-22,04:34,LIGHT,46,
2026-06-22,04:35,LIGHT,46,
2026-06-22,04:36,LIGHT,46,
2026-06-22,04:37,LIGHT,45,
2026-06-22,04:38,LIGHT,45,
2026-06-22,04:39,LIGHT,45,
2026-06-22,04:40,LIGHT,45,
2026-06-22,04:41,LIGHT,44,
2026-06-22,04:42,LIGHT,43,
2026-06-22,04:43,LIGHT,43,
2026-06-22,04:44,LIGHT,43,
2026-06-22,04:45,LIGHT,43,
2026-06-22,04:46,LIGHT,43,
2026-06-22,04:47,LIGHT,43,
2026-06-22,04:48,LIGHT,43,
2026-06-22,04:49,LIGHT,43,
2026-06-22,04:50,LIGHT,43,
2026-06-22,04:51,LIGHT,43,
2026-06-22,04:52,LIGHT,43,
2026-06-22,04:53,LIGHT,43,
2026-06-22,04:54,REM,43,
2026-06-22,04:55,REM,43,
2026-06-22,04:56,REM,42,
2026-06-22,04:57,REM,42,
2026-06-22,04:58,REM,42,
2026-06-22,04:59,REM,42,
2026-06-22,05:00,REM,51,
2026-06-22,05:01,REM,58,
2026-06-22,05:02,REM,48,
2026-06-22,05:03,REM,44,
2026-06-22,05:04,REM,43,
2026-06-22,05:05,REM,43,
2026-06-22,05:06,REM,43,
2026-06-22,05:07,REM,43,
2026-06-22,05:08,REM,43,
2026-06-22,05:09,REM,43,
2026-06-22,05:10,REM,43,
2026-06-22,05:11,REM,43,
2026-06-22,05:12,REM,45,
2026-06-22,05:13,REM,54,
2026-06-22,05:14,REM,51,
2026-06-22,05:15,REM,45,
2026-06-22,05:16,REM,44,
2026-06-22,05:17,REM,44,
2026-06-22,05:18,REM,44,
2026-06-22,05:19,REM,44,
2026-06-22,05:20,REM,44,
2026-06-22,05:21,REM,44,
2026-06-22,05:22,REM,44,
2026-06-22,05:23,REM,44,
2026-06-22,05:24,REM,44,
2026-06-22,05:25,REM,44,
2026-06-22,05:26,REM,50,
2026-06-22,05:27,REM,45,
2026-06-22,05:28,REM,44,
2026-06-22,05:29,REM,43,
2026-06-22,05:30,REM,43,
2026-06-22,05:31,REM,41,
2026-06-22,05:32,REM,43,
2026-06-22,05:33,REM,50,
2026-06-22,05:34,LIGHT,44,
2026-06-22,05:35,LIGHT,52,
2026-06-22,05:36,LIGHT,45,
2026-06-22,05:37,LIGHT,42,
2026-06-22,05:38,LIGHT,42,
2026-06-22,05:39,LIGHT,42,
2026-06-22,05:40,LIGHT,42,
2026-06-22,05:41,LIGHT,42,
2026-06-22,05:42,LIGHT,42,
2026-06-22,05:43,LIGHT,40,
2026-06-22,05:44,LIGHT,40,
2026-06-22,05:45,LIGHT,42,
2026-06-22,05:46,LIGHT,44,
2026-06-22,05:47,LIGHT,44,
2026-06-22,05:48,LIGHT,44,
2026-06-22,05:49,LIGHT,44,
2026-06-22,05:50,LIGHT,42,
2026-06-22,05:51,LIGHT,42,
2026-06-22,05:52,LIGHT,42,
2026-06-22,05:53,LIGHT,48,
2026-06-22,05:54,LIGHT,49,
2026-06-22,05:55,LIGHT,44,
2026-06-22,05:56,LIGHT,42,
2026-06-22,05:57,LIGHT,42,
2026-06-22,05:58,LIGHT,41,
2026-06-22,05:59,LIGHT,41,
2026-06-22,06:00,LIGHT,41,
2026-06-22,06:01,LIGHT,42,
2026-06-22,06:02,LIGHT,42,
2026-06-22,06:03,LIGHT,42,
2026-06-22,06:04,LIGHT,42,
2026-06-22,06:05,LIGHT,42,
2026-06-22,06:06,LIGHT,43,
2026-06-22,06:07,LIGHT,43,
2026-06-22,06:08,LIGHT,42,
2026-06-22,06:09,LIGHT,43,
2026-06-22,06:10,LIGHT,53,
2026-06-22,06:11,LIGHT,45,
2026-06-22,06:12,LIGHT,44,
2026-06-22,06:13,LIGHT,44,
2026-06-22,06:14,LIGHT,44,
2026-06-22,06:15,LIGHT,44,
2026-06-22,06:16,LIGHT,44,
2026-06-22,06:17,LIGHT,44,
2026-06-22,06:18,LIGHT,44,
2026-06-22,06:19,LIGHT,44,
2026-06-22,06:20,LIGHT,44,
2026-06-22,06:21,LIGHT,44,
2026-06-22,06:22,LIGHT,44,
2026-06-22,06:23,LIGHT,44,
2026-06-22,06:24,LIGHT,44,
2026-06-22,06:25,LIGHT,45,
2026-06-22,06:26,LIGHT,45,
2026-06-22,06:27,LIGHT,45,
2026-06-22,06:28,LIGHT,44,
2026-06-22,06:29,LIGHT,45,
2026-06-22,06:30,LIGHT,45,
2026-06-22,06:31,LIGHT,45,
2026-06-22,06:32,LIGHT,45,
2026-06-22,06:33,LIGHT,53,
2026-06-22,06:34,LIGHT,50,
2026-06-22,12:19,LIGHT,56,
2026-06-22,12:20,LIGHT,53,
2026-06-22,12:21,LIGHT,50,
2026-06-22,12:22,LIGHT,53,
2026-06-22,12:23,LIGHT,53,
2026-06-22,12:24,LIGHT,55,
2026-06-22,12:25,LIGHT,50,
2026-06-22,12:26,LIGHT,57,
2026-06-22,12:27,LIGHT,55,
2026-06-22,12:28,LIGHT,53,
2026-06-22,12:29,LIGHT,59,
2026-06-22,12:30,LIGHT,53,
2026-06-22,12:31,LIGHT,50,
2026-06-22,12:32,LIGHT,51,
2026-06-22,12:33,LIGHT,48,
2026-06-22,12:34,LIGHT,49,
2026-06-22,12:35,LIGHT,49,
2026-06-22,12:36,LIGHT,54,
2026-06-22,12:37,DEEP,50,
2026-06-22,12:38,DEEP,50,
2026-06-22,12:39,DEEP,52,
2026-06-22,12:40,DEEP,52,
2026-06-22,12:41,DEEP,50,
2026-06-22,12:42,DEEP,50,
2026-06-22,12:43,DEEP,51,
2026-06-22,12:44,DEEP,50,
2026-06-22,12:45,DEEP,54,
2026-06-22,12:46,DEEP,53,
2026-06-22,12:47,DEEP,51,
2026-06-22,12:48,DEEP,51,
2026-06-22,12:49,DEEP,48,
2026-06-22,12:50,DEEP,52,
2026-06-22,12:51,DEEP,49,
2026-06-22,12:52,DEEP,47,
2026-06-22,12:53,DEEP,48,
2026-06-22,12:54,DEEP,46,
2026-06-22,12:55,DEEP,46,
2026-06-22,12:56,DEEP,45,
2026-06-22,12:57,DEEP,45,
2026-06-22,12:58,DEEP,45,
2026-06-22,12:59,DEEP,43,
2026-06-22,13:00,DEEP,45,
2026-06-22,13:01,DEEP,45,
2026-06-22,13:02,DEEP,49,
2026-06-22,13:03,LIGHT,46,
2026-06-22,13:04,LIGHT,46,
2026-06-22,13:05,LIGHT,46,
2026-06-22,13:06,LIGHT,55,
2026-06-22,13:07,LIGHT,65,
2026-06-22,13:08,LIGHT,56,
2026-06-22,13:09,LIGHT,53,
2026-06-22,13:10,LIGHT,51,
2026-06-22,13:11,REM,51,
2026-06-22,13:12,REM,52,
2026-06-22,13:13,REM,51,
2026-06-22,13:14,REM,51,
2026-06-22,13:15,REM,55,
2026-06-22,13:16,REM,52,
2026-06-22,13:17,REM,52,
2026-06-22,13:18,REM,52,
2026-06-22,13:19,REM,50,
2026-06-22,13:20,REM,57,
2026-06-22,13:21,REM,52,
2026-06-22,13:22,REM,49,
2026-06-22,13:23,REM,51,
2026-06-22,13:24,REM,56,
2026-06-22,13:25,REM,57,
2026-06-22,13:26,LIGHT,54,
2026-06-22,13:27,LIGHT,52,
2026-06-22,13:28,LIGHT,49,
2026-06-22,13:29,LIGHT,47,
2026-06-22,13:30,LIGHT,48,
2026-06-22,13:31,REM,53,
2026-06-22,13:32,REM,51,
2026-06-22,13:33,REM,53,
2026-06-22,13:34,REM,52,
2026-06-22,13:35,REM,57,
2026-06-22,13:36,REM,54,
2026-06-22,13:37,REM,54,
2026-06-22,13:38,REM,51,
2026-06-22,13:39,REM,51,
2026-06-22,13:40,REM,50,
2026-06-22,13:41,REM,55,
2026-06-22,13:42,REM,60,
2026-06-22,13:43,REM,55,
2026-06-22,13:44,REM,53,
2026-06-22,13:45,REM,53,
2026-06-22,13:46,REM,52,
2026-06-22,13:47,REM,52,
2026-06-22,13:48,REM,56,
2026-06-22,13:49,REM,51,
2026-06-22,13:50,LIGHT,51,
2026-06-22,13:51,LIGHT,49,
2026-06-22,13:52,LIGHT,53,
2026-06-22,13:53,LIGHT,53,
2026-06-22,13:54,LIGHT,53,
2026-06-22,13:55,LIGHT,56,
2026-06-22,13:56,LIGHT,75,
2026-06-22,13:57,LIGHT,81,
2026-06-22,13:58,LIGHT,79,
2026-06-22,13:59,LIGHT,76,
2026-06-22,14:00,LIGHT,73,
2026-06-22,14:01,LIGHT,65,
2026-06-22,14:02,LIGHT,63,
2026-06-22,14:03,LIGHT,60,
2026-06-22,14:04,LIGHT,56,
2026-06-22,14:05,LIGHT,62,
2026-06-22,14:06,LIGHT,65,
2026-06-22,14:07,LIGHT,72,
2026-06-22,14:08,LIGHT,72,
2026-06-22,14:09,LIGHT,75,
2026-06-22,14:10,LIGHT,72,
2026-06-22,14:11,LIGHT,68,
2026-06-22,14:12,LIGHT,59,
2026-06-22,14:13,LIGHT,56,
2026-06-22,14:14,LIGHT,56,
2026-06-22,14:15,LIGHT,58,
2026-06-22,14:16,LIGHT,65,
2026-06-22,14:17,LIGHT,63,
2026-06-22,14:18,LIGHT,57,
2026-06-22,14:19,LIGHT,56,
2026-06-22,14:20,LIGHT,58,
2026-06-22,14:21,LIGHT,60,
2026-06-22,14:22,LIGHT,60,
2026-06-22,14:23,LIGHT,56,
2026-06-22,14:24,LIGHT,54,
2026-06-22,14:25,LIGHT,52,
2026-06-22,14:26,LIGHT,54,
2026-06-22,14:27,LIGHT,58,
2026-06-22,14:28,LIGHT,61,
2026-06-22,14:29,LIGHT,61,
2026-06-22,14:30,LIGHT,59,
2026-06-22,14:31,WAKE,63,
2026-06-22,14:32,LIGHT,56,
2026-06-22,14:33,WAKE,60,
2026-06-22,14:34,LIGHT,56,
2026-06-23,02:22,LIGHT,78,
2026-06-23,02:23,LIGHT,69,
2026-06-23,02:24,LIGHT,71,
2026-06-23,02:25,LIGHT,71,
2026-06-23,02:26,LIGHT,72,
2026-06-23,02:27,LIGHT,72,
2026-06-23,02:28,LIGHT,71,
2026-06-23,02:29,LIGHT,71,
2026-06-23,02:30,LIGHT,71,
2026-06-23,02:31,LIGHT,75,
2026-06-23,02:32,LIGHT,74,
2026-06-23,02:33,DEEP,74,
2026-06-23,02:34,DEEP,75,
2026-06-23,02:35,DEEP,74,
2026-06-23,02:36,DEEP,80,
2026-06-23,02:37,DEEP,74,
2026-06-23,02:38,DEEP,70,
2026-06-23,02:39,DEEP,69,
2026-06-23,02:40,DEEP,69,
2026-06-23,02:41,DEEP,76,
2026-06-23,02:42,DEEP,83,
2026-06-23,02:43,DEEP,87,
2026-06-23,02:44,DEEP,89,
2026-06-23,02:45,DEEP,91,
2026-06-23,02:46,DEEP,89,
2026-06-23,02:47,DEEP,82,
2026-06-23,02:48,DEEP,74,
2026-06-23,02:49,DEEP,74,
2026-06-23,02:50,DEEP,71,
2026-06-23,02:51,DEEP,68,
2026-06-23,02:52,LIGHT,68,
2026-06-23,02:53,LIGHT,70,
2026-06-23,02:54,LIGHT,67,
2026-06-23,02:55,LIGHT,68,
2026-06-23,02:56,LIGHT,71,
2026-06-23,02:57,LIGHT,70,
2026-06-23,02:58,LIGHT,77,
2026-06-23,02:59,LIGHT,89,
2026-06-23,03:00,LIGHT,95,
2026-06-23,03:01,DEEP,74,
2026-06-23,03:02,DEEP,65,
2026-06-23,03:03,DEEP,62,
2026-06-23,03:04,DEEP,62,
2026-06-23,03:05,LIGHT,63,
2026-06-23,03:06,LIGHT,63,
2026-06-23,03:07,LIGHT,61,
2026-06-23,03:08,LIGHT,63,
2026-06-23,03:09,LIGHT,61,
2026-06-23,03:10,LIGHT,64,
2026-06-23,03:11,LIGHT,64,
2026-06-23,03:12,LIGHT,64,
2026-06-23,03:13,LIGHT,62,
2026-06-23,03:14,LIGHT,62,
2026-06-23,03:15,DEEP,62,
2026-06-23,03:16,DEEP,73,
2026-06-23,03:17,DEEP,80,
2026-06-23,03:18,DEEP,69,
2026-06-23,03:19,DEEP,61,
2026-06-23,03:20,DEEP,60,
2026-06-23,03:21,DEEP,59,
2026-06-23,03:22,DEEP,66,
2026-06-23,03:23,DEEP,60,
2026-06-23,03:24,DEEP,59,
2026-06-23,03:25,DEEP,58,
2026-06-23,03:26,DEEP,57,
2026-06-23,03:27,DEEP,58,
2026-06-23,03:28,DEEP,59,
2026-06-23,03:29,DEEP,59,
2026-06-23,03:30,DEEP,59,
2026-06-23,03:31,DEEP,59,
2026-06-23,03:32,DEEP,59,
2026-06-23,03:33,DEEP,61,
2026-06-23,03:34,DEEP,61,
2026-06-23,03:35,DEEP,59,
2026-06-23,03:36,DEEP,59,
2026-06-23,03:37,DEEP,59,
2026-06-23,03:38,DEEP,59,
2026-06-23,03:39,DEEP,59,
2026-06-23,03:40,DEEP,60,
2026-06-23,03:41,DEEP,60,
2026-06-23,03:42,DEEP,60,
2026-06-23,03:43,REM,60,
2026-06-23,03:44,REM,60,
2026-06-23,03:45,REM,60,
2026-06-23,03:46,REM,60,
2026-06-23,03:47,REM,60,
2026-06-23,03:48,REM,61,
2026-06-23,03:49,REM,62,
2026-06-23,03:50,REM,61,
2026-06-23,03:51,REM,60,
2026-06-23,03:52,REM,60,
2026-06-23,03:53,REM,60,
2026-06-23,03:54,REM,60,
2026-06-23,03:55,REM,60,
2026-06-23,03:56,REM,60,
2026-06-23,03:57,REM,60,
2026-06-23,03:58,LIGHT,60,
2026-06-23,03:59,LIGHT,60,
2026-06-23,04:00,LIGHT,67,
2026-06-23,04:01,LIGHT,59,
2026-06-23,04:02,LIGHT,58,
2026-06-23,04:03,LIGHT,60,
2026-06-23,04:04,LIGHT,66,
2026-06-23,04:05,LIGHT,60,
2026-06-23,04:06,LIGHT,57,
2026-06-23,04:07,LIGHT,57,
2026-06-23,04:08,LIGHT,58,
2026-06-23,04:09,LIGHT,58,
2026-06-23,04:10,LIGHT,58,
2026-06-23,04:11,LIGHT,66,
2026-06-23,04:12,LIGHT,60,
2026-06-23,04:13,LIGHT,57,
2026-06-23,04:14,LIGHT,58,
2026-06-23,04:15,LIGHT,60,
2026-06-23,04:16,DEEP,60,
2026-06-23,04:17,DEEP,62,
2026-06-23,04:18,DEEP,64,
2026-06-23,04:19,DEEP,64,
2026-06-23,04:20,DEEP,65,
2026-06-23,04:21,DEEP,67,
2026-06-23,04:22,DEEP,64,
2026-06-23,04:23,DEEP,64,
2026-06-23,04:24,DEEP,69,
2026-06-23,04:25,DEEP,62,
2026-06-23,04:26,DEEP,61,
2026-06-23,04:27,DEEP,61,
2026-06-23,04:28,DEEP,61,
2026-06-23,04:29,DEEP,61,
2026-06-23,04:30,DEEP,65,
2026-06-23,04:31,DEEP,60,
2026-06-23,04:32,DEEP,58,
2026-06-23,04:33,DEEP,58,
2026-06-23,04:34,DEEP,58,
2026-06-23,04:35,DEEP,58,
2026-06-23,04:36,DEEP,58,
2026-06-23,04:37,DEEP,59,
2026-06-23,04:38,DEEP,59,
2026-06-23,04:39,DEEP,59,
2026-06-23,04:40,DEEP,60,
2026-06-23,04:41,DEEP,60,
2026-06-23,04:42,DEEP,59,
2026-06-23,04:43,DEEP,59,
2026-06-23,04:44,DEEP,59,
2026-06-23,04:45,DEEP,59,
2026-06-23,04:46,DEEP,59,
2026-06-23,04:47,DEEP,59,
2026-06-23,04:48,DEEP,59,
2026-06-23,04:49,DEEP,59,
2026-06-23,04:50,DEEP,59,
2026-06-23,04:51,DEEP,59,
2026-06-23,04:52,DEEP,59,
2026-06-23,04:53,DEEP,59,
2026-06-23,04:54,DEEP,59,
2026-06-23,04:55,DEEP,59,
2026-06-23,04:56,DEEP,59,
2026-06-23,04:57,DEEP,58,
2026-06-23,04:58,DEEP,58,
2026-06-23,04:59,LIGHT,59,
2026-06-23,05:00,LIGHT,60,
2026-06-23,05:01,LIGHT,62,
2026-06-23,05:02,WAKE,61,
2026-06-23,05:03,LIGHT,61,
2026-06-23,05:04,LIGHT,76,
2026-06-23,05:05,LIGHT,66,
2026-06-23,05:06,LIGHT,58,
2026-06-23,05:07,LIGHT,55,
2026-06-23,05:08,LIGHT,55,
2026-06-23,05:09,LIGHT,62,
2026-06-23,05:10,LIGHT,56,
2026-06-23,05:11,LIGHT,54,
2026-06-23,05:12,LIGHT,54,
2026-06-23,05:13,LIGHT,54,
2026-06-23,05:14,WAKE,54,
2026-06-23,05:15,WAKE,54,
2026-06-23,05:16,LIGHT,64,
2026-06-23,05:17,LIGHT,66,
2026-06-23,05:18,LIGHT,56,
2026-06-23,05:19,REM,53,
2026-06-23,05:20,REM,53,
2026-06-23,05:21,REM,53,
2026-06-23,05:22,REM,53,
2026-06-23,05:23,REM,53,
2026-06-23,05:24,REM,53,
2026-06-23,05:25,REM,53,
2026-06-23,05:26,REM,53,
2026-06-23,05:27,REM,53,
2026-06-23,05:28,REM,54,
2026-06-23,05:29,REM,54,
2026-06-23,05:30,REM,55,
2026-06-23,05:31,REM,54,
2026-06-23,05:32,REM,54,
2026-06-23,05:33,LIGHT,54,
2026-06-23,05:34,LIGHT,54,
2026-06-23,05:35,LIGHT,63,
2026-06-23,05:36,WAKE,68,
2026-06-23,05:37,LIGHT,59,
2026-06-23,05:38,LIGHT,56,
2026-06-23,05:39,LIGHT,53,
2026-06-23,05:40,LIGHT,54,
2026-06-23,05:41,LIGHT,54,
2026-06-23,05:42,LIGHT,58,
2026-06-23,05:43,LIGHT,56,
2026-06-23,05:44,LIGHT,57,
2026-06-23,05:45,LIGHT,58,
2026-06-23,05:46,LIGHT,58,
2026-06-23,05:47,LIGHT,64,
2026-06-23,05:48,LIGHT,64,
2026-06-23,05:49,LIGHT,55,
2026-06-23,05:50,LIGHT,53,
2026-06-23,05:51,LIGHT,56,
2026-06-23,05:52,LIGHT,59,
2026-06-23,05:53,LIGHT,57,
2026-06-23,05:54,WAKE,57,
2026-06-23,05:55,LIGHT,57,
2026-06-23,05:56,LIGHT,58,
2026-06-23,05:57,LIGHT,60,
2026-06-23,05:58,LIGHT,57,
2026-06-23,05:59,LIGHT,55,
2026-06-23,06:00,LIGHT,55,
2026-06-23,06:01,LIGHT,56,
2026-06-23,06:02,LIGHT,58,
2026-06-23,06:03,LIGHT,55,
2026-06-23,06:04,LIGHT,55,
2026-06-23,06:05,LIGHT,56,
2026-06-23,06:06,LIGHT,58,
2026-06-23,06:07,LIGHT,58,
2026-06-23,06:08,LIGHT,57,
2026-06-23,06:09,LIGHT,57,
2026-06-23,06:10,LIGHT,57,
2026-06-23,06:11,LIGHT,57,
2026-06-23,06:12,LIGHT,57,
2026-06-23,06:13,LIGHT,57,
2026-06-23,06:14,LIGHT,58,
2026-06-23,06:15,LIGHT,57,
2026-06-23,06:16,LIGHT,62,
2026-06-23,06:17,LIGHT,62,
2026-06-23,06:18,LIGHT,65,
2026-06-23,06:19,LIGHT,57,
2026-06-23,06:20,LIGHT,54,
2026-06-23,06:21,LIGHT,54,
2026-06-23,06:22,LIGHT,62,
2026-06-23,06:23,LIGHT,58,
2026-06-23,06:24,LIGHT,60,
2026-06-23,06:25,LIGHT,55,
2026-06-23,06:26,LIGHT,53,
2026-06-23,06:27,LIGHT,53,
2026-06-23,06:28,LIGHT,54,
2026-06-23,06:29,LIGHT,54,
2026-06-23,06:30,LIGHT,54,
2026-06-23,06:31,LIGHT,54,
2026-06-23,06:32,DEEP,54,
2026-06-23,06:33,DEEP,54,
2026-06-23,06:34,LIGHT,55,
2026-06-23,06:35,LIGHT,55,
2026-06-23,06:36,LIGHT,57,
2026-06-23,06:37,LIGHT,57,
2026-06-23,06:38,LIGHT,56,
2026-06-23,06:39,LIGHT,58,
2026-06-23,06:40,LIGHT,59,
2026-06-23,06:41,LIGHT,58,
2026-06-23,06:42,LIGHT,57,
2026-06-23,06:43,LIGHT,57,
2026-06-23,06:44,LIGHT,57,
2026-06-23,06:45,LIGHT,57,
2026-06-23,06:46,LIGHT,57,
2026-06-23,06:47,LIGHT,57,
2026-06-23,06:48,LIGHT,58,
2026-06-23,06:49,LIGHT,58,
2026-06-23,06:50,LIGHT,58,
2026-06-23,06:51,LIGHT,58,
2026-06-23,06:52,LIGHT,57,
2026-06-23,06:53,REM,58,
2026-06-23,06:54,REM,60,
2026-06-23,06:55,REM,59,
2026-06-23,06:56,REM,63,
2026-06-23,06:57,REM,56,
2026-06-23,06:58,REM,58,
2026-06-23,06:59,REM,55,
2026-06-23,07:00,REM,53,
2026-06-23,07:01,REM,52,
2026-06-23,07:02,REM,53,
2026-06-23,07:03,REM,53,
2026-06-23,07:04,REM,53,
2026-06-23,07:05,REM,53,
2026-06-23,07:06,REM,54,
2026-06-23,07:07,REM,55,
2026-06-23,07:08,REM,54,
2026-06-23,07:09,REM,54,
2026-06-23,07:10,REM,54,
2026-06-23,07:11,REM,54,
2026-06-23,07:12,REM,56,
2026-06-23,07:13,REM,56,
2026-06-23,07:14,REM,56,
2026-06-23,07:15,REM,56,
2026-06-23,07:16,LIGHT,59,
2026-06-23,07:17,LIGHT,59,
2026-06-23,07:18,LIGHT,62,
2026-06-23,07:19,LIGHT,64,
2026-06-23,07:20,LIGHT,71,
2026-06-23,07:21,LIGHT,61,
2026-06-23,07:22,LIGHT,58,
2026-06-23,07:23,LIGHT,60,
2026-06-23,07:24,LIGHT,58,
2026-06-23,07:25,LIGHT,60,
2026-06-23,07:26,LIGHT,59,
2026-06-23,07:27,LIGHT,59,
2026-06-23,07:28,LIGHT,59,
2026-06-23,07:29,LIGHT,61,
2026-06-23,07:30,LIGHT,58,
2026-06-23,07:31,LIGHT,59,
2026-06-23,07:32,LIGHT,58,
2026-06-23,07:33,LIGHT,60,
2026-06-23,07:34,LIGHT,60,
2026-06-23,07:35,LIGHT,64,
2026-06-23,07:36,LIGHT,61,
2026-06-23,07:37,LIGHT,57,
2026-06-23,07:38,LIGHT,55,
2026-06-23,07:39,LIGHT,55,
2026-06-23,07:40,LIGHT,55,
2026-06-23,07:41,LIGHT,55,
2026-06-23,07:42,LIGHT,55,
2026-06-23,07:43,LIGHT,55,
2026-06-23,07:44,LIGHT,55,
2026-06-23,07:45,LIGHT,55,
2026-06-23,07:46,LIGHT,57,
2026-06-23,07:47,LIGHT,59,
2026-06-23,07:48,LIGHT,51,
2026-06-23,07:49,LIGHT,51,
2026-06-23,07:50,LIGHT,52,
2026-06-23,07:51,LIGHT,53,
2026-06-23,07:52,LIGHT,54,
2026-06-23,07:53,LIGHT,54,
2026-06-23,07:54,LIGHT,54,
2026-06-23,07:55,LIGHT,54,
2026-06-23,07:56,LIGHT,54,
2026-06-23,07:57,LIGHT,54,
2026-06-23,07:58,LIGHT,55,
2026-06-23,07:59,LIGHT,55,
2026-06-23,08:00,LIGHT,55,
2026-06-23,08:01,WAKE,54,
2026-06-23,08:02,WAKE,55,
2026-06-23,08:03,WAKE,55,
2026-06-23,08:04,WAKE,55,
2026-06-23,08:05,WAKE,56,
2026-06-23,08:06,WAKE,55,
2026-06-23,08:07,WAKE,55,
2026-06-23,08:08,WAKE,55,
2026-06-23,08:09,WAKE,59,
2026-06-23,08:10,WAKE,58,
2026-06-23,08:11,WAKE,51,
2026-06-23,08:12,WAKE,50,
2026-06-23,08:13,WAKE,50,
2026-06-23,08:14,WAKE,50,
2026-06-23,08:15,WAKE,50,
2026-06-23,08:16,WAKE,52,
2026-06-23,08:17,WAKE,54,
2026-06-23,08:18,WAKE,52,
2026-06-23,08:19,WAKE,52,
2026-06-23,08:20,WAKE,51,
2026-06-23,08:21,WAKE,51,
2026-06-23,08:22,WAKE,53,
2026-06-23,08:23,WAKE,53,
2026-06-23,08:24,WAKE,51,
2026-06-23,08:25,WAKE,58,
2026-06-23,08:26,WAKE,52,
2026-06-23,08:27,WAKE,52,
2026-06-23,08:28,WAKE,53,
2026-06-23,08:29,WAKE,53,
2026-06-23,08:30,WAKE,53,
2026-06-23,08:31,WAKE,55,
2026-06-23,08:32,WAKE,56,
2026-06-23,08:33,LIGHT,54,
2026-06-23,08:34,LIGHT,53,
2026-06-23,08:35,LIGHT,50,
2026-06-23,08:36,LIGHT,52,
2026-06-23,08:37,LIGHT,59,
2026-06-23,08:38,LIGHT,53,
2026-06-23,08:39,LIGHT,50,
2026-06-23,08:40,LIGHT,52,
2026-06-23,08:41,LIGHT,54,
2026-06-23,08:42,LIGHT,55,
2026-06-23,08:43,LIGHT,53,
2026-06-23,08:44,LIGHT,54,
2026-06-23,08:45,LIGHT,51,
2026-06-23,08:46,WAKE,52,
2026-06-23,08:47,LIGHT,51,
2026-06-23,08:48,LIGHT,51,
2026-06-23,08:49,LIGHT,52,
2026-06-23,08:50,LIGHT,54,
2026-06-23,08:51,LIGHT,50,
2026-06-23,08:52,LIGHT,49,
2026-06-23,08:53,LIGHT,49,
2026-06-23,08:54,LIGHT,49,
2026-06-23,08:55,WAKE,51,
2026-06-23,08:56,LIGHT,51,
2026-06-23,08:57,LIGHT,51,
2026-06-23,08:58,LIGHT,56,
2026-06-23,08:59,LIGHT,61,
2026-06-23,09:00,LIGHT,67,
2026-06-23,09:01,LIGHT,56,
2026-06-23,09:02,LIGHT,53,
2026-06-23,09:03,LIGHT,58,
2026-06-23,09:04,WAKE,52,
2026-06-23,09:05,WAKE,52,
2026-06-23,09:06,LIGHT,51,
2026-06-23,09:07,LIGHT,51,
2026-06-23,09:08,LIGHT,50,
2026-06-23,09:09,LIGHT,51,
2026-06-23,09:10,LIGHT,51,
2026-06-23,09:11,LIGHT,55,
2026-06-23,09:12,LIGHT,51,
2026-06-23,09:13,LIGHT,53,
2026-06-23,09:14,WAKE,56,
2026-06-23,09:15,LIGHT,52,
2026-06-23,09:16,LIGHT,50,
2026-06-23,09:17,WAKE,50,
2026-06-23,09:18,LIGHT,50,
2026-06-23,09:19,WAKE,50,
2026-06-23,09:20,LIGHT,51,
2026-06-23,09:21,LIGHT,51,
2026-06-23,09:22,LIGHT,50,
2026-06-23,09:23,LIGHT,60,
2026-06-23,09:24,LIGHT,52,
2026-06-23,09:25,LIGHT,50,
2026-06-23,09:26,LIGHT,50,
2026-06-23,09:27,LIGHT,50,
2026-06-23,09:28,LIGHT,51,
2026-06-23,18:33,LIGHT,61,
2026-06-23,18:34,LIGHT,63,
2026-06-23,18:35,LIGHT,63,
2026-06-23,18:36,LIGHT,66,
2026-06-23,18:37,LIGHT,66,
2026-06-23,18:38,LIGHT,62,
2026-06-23,18:39,LIGHT,62,
2026-06-23,18:40,LIGHT,61,
2026-06-23,18:41,LIGHT,59,
2026-06-23,18:42,LIGHT,60,
2026-06-23,18:43,LIGHT,58,
2026-06-23,18:44,LIGHT,57,
2026-06-23,18:45,LIGHT,61,
2026-06-23,18:46,LIGHT,61,
2026-06-23,18:47,LIGHT,61,
2026-06-23,18:48,LIGHT,66,
2026-06-23,18:49,LIGHT,64,
2026-06-23,18:50,LIGHT,61,
2026-06-23,18:51,LIGHT,61,
2026-06-23,18:52,LIGHT,64,
2026-06-23,18:53,LIGHT,70,
2026-06-23,18:54,LIGHT,76,
2026-06-23,18:55,LIGHT,81,
2026-06-24,03:24,LIGHT,49,
2026-06-24,03:25,LIGHT,54,
2026-06-24,03:26,LIGHT,51,
2026-06-24,03:27,LIGHT,48,
2026-06-24,03:28,LIGHT,47,
2026-06-24,03:29,LIGHT,47,
2026-06-24,03:30,LIGHT,48,
2026-06-24,03:31,LIGHT,50,
2026-06-24,03:32,LIGHT,49,
2026-06-24,03:33,LIGHT,48,
2026-06-24,03:34,LIGHT,48,
2026-06-24,03:35,LIGHT,48,
2026-06-24,03:36,LIGHT,48,
2026-06-24,03:37,LIGHT,48,
2026-06-24,03:38,DEEP,60,
2026-06-24,03:39,DEEP,50,
2026-06-24,03:40,DEEP,46,
2026-06-24,03:41,DEEP,46,
2026-06-24,03:42,DEEP,46,
2026-06-24,03:43,DEEP,46,
2026-06-24,03:44,DEEP,45,
2026-06-24,03:45,DEEP,46,
2026-06-24,03:46,DEEP,46,
2026-06-24,03:47,DEEP,46,
2026-06-24,03:48,DEEP,46,
2026-06-24,03:49,DEEP,47,
2026-06-24,03:50,DEEP,49,
2026-06-24,03:51,DEEP,48,
2026-06-24,03:52,DEEP,48,
2026-06-24,03:53,DEEP,48,
2026-06-24,03:54,DEEP,47,
2026-06-24,03:55,DEEP,47,
2026-06-24,03:56,DEEP,48,
2026-06-24,03:57,DEEP,49,
2026-06-24,03:58,DEEP,49,
2026-06-24,03:59,DEEP,52,
2026-06-24,04:00,DEEP,48,
2026-06-24,04:01,LIGHT,48,
2026-06-24,04:02,LIGHT,48,
2026-06-24,04:03,LIGHT,47,
2026-06-24,04:04,LIGHT,47,
2026-06-24,04:05,LIGHT,47,
2026-06-24,04:06,LIGHT,48,
2026-06-24,04:07,LIGHT,50,
2026-06-24,04:08,LIGHT,47,
2026-06-24,04:09,LIGHT,46,
2026-06-24,04:10,LIGHT,46,
2026-06-24,04:11,LIGHT,46,
2026-06-24,04:12,LIGHT,46,
2026-06-24,04:13,LIGHT,46,
2026-06-24,04:14,LIGHT,51,
2026-06-24,04:15,REM,46,
2026-06-24,04:16,REM,46,
2026-06-24,04:17,REM,48,
2026-06-24,04:18,REM,46,
2026-06-24,04:19,REM,46,
2026-06-24,04:20,REM,46,
2026-06-24,04:21,REM,46,
2026-06-24,04:22,REM,51,
2026-06-24,04:23,REM,45,
2026-06-24,04:24,REM,45,
2026-06-24,04:25,REM,44,
2026-06-24,04:26,REM,44,
2026-06-24,04:27,REM,44,
2026-06-24,04:28,REM,44,
2026-06-24,04:29,REM,44,
2026-06-24,04:30,REM,44,
2026-06-24,04:31,LIGHT,44,
2026-06-24,04:32,LIGHT,44,
2026-06-24,04:33,LIGHT,44,
2026-06-24,04:34,LIGHT,44,
2026-06-24,04:35,LIGHT,44,
2026-06-24,04:36,LIGHT,44,
2026-06-24,04:37,LIGHT,44,
2026-06-24,04:38,LIGHT,44,
2026-06-24,04:39,LIGHT,44,
2026-06-24,04:40,LIGHT,44,
2026-06-24,04:41,LIGHT,46,
2026-06-24,04:42,LIGHT,45,
2026-06-24,04:43,LIGHT,44,
2026-06-24,04:44,LIGHT,44,
2026-06-24,04:45,LIGHT,44,
2026-06-24,04:46,LIGHT,44,
2026-06-24,04:47,LIGHT,43,
2026-06-24,04:48,DEEP,43,
2026-06-24,04:49,DEEP,43,
2026-06-24,04:50,DEEP,43,
2026-06-24,04:51,DEEP,43,
2026-06-24,04:52,DEEP,43,
2026-06-24,04:53,DEEP,43,
2026-06-24,04:54,DEEP,43,
2026-06-24,04:55,DEEP,43,
2026-06-24,04:56,DEEP,43,
2026-06-24,04:57,DEEP,43,
2026-06-24,04:58,DEEP,43,
2026-06-24,04:59,DEEP,43,
2026-06-24,05:00,DEEP,43,
2026-06-24,05:01,DEEP,43,
2026-06-24,05:02,DEEP,43,
2026-06-24,05:03,DEEP,43,
2026-06-24,05:04,DEEP,43,
2026-06-24,05:05,LIGHT,43,
2026-06-24,05:06,LIGHT,43,
2026-06-24,05:07,LIGHT,52,
2026-06-24,05:08,LIGHT,48,
2026-06-24,05:09,LIGHT,43,
2026-06-24,05:10,LIGHT,43,
2026-06-24,05:11,LIGHT,43,
2026-06-24,05:12,LIGHT,43,
2026-06-24,05:13,LIGHT,47,
2026-06-24,05:14,LIGHT,48,
2026-06-24,05:15,LIGHT,58,
2026-06-24,05:16,LIGHT,45,
2026-06-24,05:17,LIGHT,42,
2026-06-24,05:18,LIGHT,43,
2026-06-24,05:19,LIGHT,43,
2026-06-24,05:20,LIGHT,45,
2026-06-24,05:21,LIGHT,42,
2026-06-24,05:22,LIGHT,42,
2026-06-24,05:23,LIGHT,44,
2026-06-24,05:24,LIGHT,44,
2026-06-24,05:25,LIGHT,49,
2026-06-24,05:26,LIGHT,43,
2026-06-24,05:27,LIGHT,42,
2026-06-24,05:28,LIGHT,42,
2026-06-24,05:29,LIGHT,41,
2026-06-24,05:30,LIGHT,41,
2026-06-24,05:31,LIGHT,40,
2026-06-24,05:32,LIGHT,40,
2026-06-24,05:33,LIGHT,40,
2026-06-24,05:34,LIGHT,40,
2026-06-24,05:35,LIGHT,40,
2026-06-24,05:36,LIGHT,42,
2026-06-24,05:37,LIGHT,44,
2026-06-24,05:38,LIGHT,40,
2026-06-24,05:39,LIGHT,,
2026-06-24,05:40,LIGHT,,
2026-06-24,05:41,LIGHT,44,
2026-06-24,05:42,REM,44,
2026-06-24,05:43,REM,46,
2026-06-24,05:44,REM,40,
2026-06-24,05:45,REM,40,
2026-06-24,05:46,REM,45,
2026-06-24,05:47,REM,42,
2026-06-24,05:48,REM,41,
2026-06-24,05:49,REM,41,
2026-06-24,05:50,REM,41,
2026-06-24,05:51,REM,46,
2026-06-24,05:52,REM,43,
2026-06-24,05:53,REM,41,
2026-06-24,05:54,REM,41,
2026-06-24,05:55,REM,41,
2026-06-24,05:56,REM,41,
2026-06-24,05:57,REM,41,
2026-06-24,05:58,REM,41,
2026-06-24,05:59,REM,44,
2026-06-24,06:00,REM,42,
2026-06-24,06:01,REM,41,
2026-06-24,06:02,REM,41,
2026-06-24,06:03,REM,41,
2026-06-24,06:04,REM,41,
2026-06-24,06:05,REM,41,
2026-06-24,06:06,REM,41,
2026-06-24,06:07,REM,41,
2026-06-24,06:08,REM,41,
2026-06-24,06:09,REM,41,
2026-06-24,06:10,REM,41,
2026-06-24,06:11,REM,41,
2026-06-24,06:12,REM,41,
2026-06-24,06:13,REM,41,
2026-06-24,06:14,REM,41,
2026-06-24,06:15,LIGHT,41,
2026-06-24,06:16,LIGHT,41,
2026-06-24,06:17,LIGHT,42,
2026-06-24,06:18,WAKE,48,
2026-06-24,06:19,WAKE,48,
2026-06-24,06:20,LIGHT,42,
2026-06-24,06:21,LIGHT,41,
2026-06-24,06:22,LIGHT,44,
2026-06-24,06:23,WAKE,49,
2026-06-24,06:24,LIGHT,45,
2026-06-24,06:25,LIGHT,42,
2026-06-24,06:26,LIGHT,46,
2026-06-24,06:27,LIGHT,41,
2026-06-24,06:28,LIGHT,41,
2026-06-24,06:29,LIGHT,41,
2026-06-24,06:30,LIGHT,41,
2026-06-24,06:31,LIGHT,41,
2026-06-24,06:32,LIGHT,41,
2026-06-24,06:33,LIGHT,44,
2026-06-24,06:34,LIGHT,44,
2026-06-24,06:35,LIGHT,43,
2026-06-24,06:36,LIGHT,42,
2026-06-24,06:37,DEEP,43,
2026-06-24,06:38,DEEP,43,
2026-06-24,06:39,DEEP,49,
2026-06-24,06:40,DEEP,43,
2026-06-24,06:41,DEEP,42,
2026-06-24,06:42,DEEP,42,
2026-06-24,06:43,DEEP,42,
2026-06-24,06:44,DEEP,42,
2026-06-24,06:45,DEEP,44,
2026-06-24,06:46,DEEP,49,
2026-06-24,06:47,DEEP,44,
2026-06-24,06:48,DEEP,52,
2026-06-24,06:49,DEEP,44,
2026-06-24,06:50,DEEP,44,
2026-06-24,06:51,DEEP,42,
2026-06-24,06:52,DEEP,42,
2026-06-24,06:53,DEEP,42,
2026-06-24,06:54,DEEP,42,
2026-06-24,06:55,DEEP,42,
2026-06-24,06:56,DEEP,42,
2026-06-24,06:57,LIGHT,42,
2026-06-24,06:58,LIGHT,42,
2026-06-24,06:59,LIGHT,42,
2026-06-24,07:00,LIGHT,42,
2026-06-24,07:01,LIGHT,44,
2026-06-24,07:02,LIGHT,45,
2026-06-24,07:03,LIGHT,43,
2026-06-24,07:04,LIGHT,43,
2026-06-24,07:05,LIGHT,43,
2026-06-24,07:06,LIGHT,43,
2026-06-24,07:07,LIGHT,47,
2026-06-24,07:08,LIGHT,45,
2026-06-24,07:09,LIGHT,44,
2026-06-24,07:10,LIGHT,43,
2026-06-24,07:11,LIGHT,43,
2026-06-24,07:12,LIGHT,43,
2026-06-24,07:13,LIGHT,43,
2026-06-24,07:14,LIGHT,43,
2026-06-24,07:15,REM,43,
2026-06-24,07:16,REM,43,
2026-06-24,07:17,REM,44,
2026-06-24,07:18,REM,44,
2026-06-24,07:19,REM,44,
2026-06-24,07:20,REM,44,
2026-06-24,07:21,REM,44,
2026-06-24,07:22,REM,44,
2026-06-24,07:23,REM,44,
2026-06-24,07:24,REM,45,
2026-06-24,07:25,REM,45,
2026-06-24,07:26,REM,44,
2026-06-24,07:27,REM,44,
2026-06-24,07:28,REM,44,
2026-06-24,07:29,REM,46,
2026-06-24,07:30,REM,49,
2026-06-24,07:31,REM,44,
2026-06-24,07:32,REM,44,
2026-06-24,07:33,REM,49,
2026-06-24,07:34,REM,43,
2026-06-24,07:35,REM,42,
2026-06-24,07:36,REM,42,
2026-06-24,07:37,LIGHT,42,
2026-06-24,07:38,LIGHT,42,
2026-06-24,07:39,LIGHT,42,
2026-06-24,07:40,LIGHT,43,
2026-06-24,07:41,LIGHT,43,
2026-06-24,07:42,LIGHT,43,
2026-06-24,07:43,LIGHT,43,
2026-06-24,07:44,LIGHT,43,
2026-06-24,07:45,LIGHT,43,
2026-06-24,07:46,LIGHT,43,
2026-06-24,07:47,LIGHT,43,
2026-06-24,07:48,LIGHT,43,
2026-06-24,07:49,LIGHT,45,
2026-06-24,07:50,LIGHT,42,
2026-06-24,07:51,LIGHT,42,
2026-06-24,07:52,LIGHT,42,
2026-06-24,07:53,LIGHT,43,
2026-06-24,07:54,LIGHT,43,
2026-06-24,07:55,LIGHT,43,
2026-06-24,07:56,LIGHT,43,
2026-06-24,07:57,LIGHT,43,
2026-06-24,07:58,LIGHT,43,
2026-06-24,07:59,LIGHT,43,
2026-06-24,08:00,LIGHT,47,
2026-06-24,08:01,LIGHT,47,
2026-06-24,08:02,LIGHT,44,
2026-06-24,08:03,LIGHT,43,
2026-06-24,08:04,LIGHT,43,
2026-06-24,08:05,LIGHT,42,
2026-06-24,08:06,LIGHT,42,
2026-06-24,08:07,LIGHT,42,
2026-06-24,08:08,LIGHT,43,
2026-06-24,08:09,LIGHT,43,
2026-06-24,08:10,LIGHT,47,
2026-06-24,08:11,LIGHT,46,
2026-06-24,08:12,LIGHT,43,
2026-06-24,08:13,LIGHT,42,
2026-06-24,08:14,LIGHT,43,
2026-06-24,08:15,LIGHT,43,
2026-06-24,08:16,LIGHT,45,
2026-06-24,08:17,LIGHT,47,
2026-06-24,08:18,LIGHT,44,
2026-06-24,08:19,LIGHT,50,
2026-06-24,08:20,REM,44,
2026-06-24,08:21,REM,44,
2026-06-24,08:22,REM,44,
2026-06-24,08:23,REM,45,
2026-06-24,08:24,REM,46,
2026-06-24,08:25,REM,44,
2026-06-24,08:26,REM,44,
2026-06-24,08:27,REM,44,
2026-06-24,08:28,REM,44,
2026-06-24,08:29,REM,44,
2026-06-24,08:30,REM,50,
2026-06-24,08:31,REM,46,
2026-06-24,08:32,REM,44,
2026-06-24,08:33,REM,43,
2026-06-24,08:34,REM,43,
2026-06-24,08:35,REM,43,
2026-06-24,08:36,REM,43,
2026-06-24,08:37,REM,44,
2026-06-24,08:38,REM,43,
2026-06-24,08:39,REM,43,
2026-06-24,08:40,REM,44,
2026-06-24,08:41,REM,44,
2026-06-24,08:42,REM,44,
2026-06-24,08:43,REM,44,
2026-06-24,08:44,REM,44,
2026-06-24,08:45,REM,44,
2026-06-24,08:46,REM,44,
2026-06-24,08:47,REM,44,
2026-06-24,08:48,REM,45,
2026-06-24,08:49,REM,45,
2026-06-24,08:50,REM,44,
2026-06-24,08:51,LIGHT,44,
2026-06-24,08:52,LIGHT,43,
2026-06-24,08:53,LIGHT,45,
2026-06-24,08:54,LIGHT,45,
2026-06-24,08:55,LIGHT,46,
2026-06-24,08:56,LIGHT,45,
2026-06-24,08:57,LIGHT,45,
2026-06-24,08:58,LIGHT,45,
2026-06-24,08:59,LIGHT,46,
2026-06-24,09:00,WAKE,47,
2026-06-24,09:01,WAKE,47,
2026-06-24,09:02,LIGHT,44,
2026-06-24,09:03,LIGHT,42,
2026-06-24,09:04,WAKE,42,
2026-06-24,09:05,LIGHT,42,
2026-06-24,09:06,LIGHT,43,
2026-06-24,09:07,LIGHT,42,
2026-06-24,09:08,LIGHT,42,
2026-06-24,09:09,LIGHT,42,
2026-06-24,09:10,LIGHT,42,
2026-06-24,09:11,LIGHT,42,
2026-06-24,09:12,LIGHT,42,
2026-06-24,09:13,LIGHT,42,
2026-06-24,09:14,LIGHT,42,
2026-06-24,09:15,LIGHT,42,
2026-06-24,09:16,LIGHT,42,
2026-06-24,09:17,LIGHT,42,
2026-06-24,09:18,LIGHT,43,
2026-06-24,09:19,LIGHT,43,
2026-06-24,09:20,LIGHT,43,
2026-06-24,09:21,LIGHT,43,
2026-06-24,09:22,LIGHT,43,
2026-06-24,09:23,LIGHT,43,
2026-06-24,09:24,LIGHT,43,
2026-06-24,09:25,LIGHT,44,
2026-06-24,09:26,LIGHT,44,
2026-06-24,09:27,LIGHT,43,
2026-06-24,09:28,LIGHT,43,
2026-06-24,09:29,LIGHT,43,
2026-06-24,09:30,LIGHT,43,
2026-06-24,09:31,LIGHT,43,
2026-06-24,09:32,LIGHT,43,
2026-06-24,09:33,LIGHT,44,
2026-06-24,09:34,LIGHT,44,
2026-06-24,09:35,LIGHT,44,
2026-06-24,09:36,WAKE,44,
2026-06-24,09:37,LIGHT,44,
2026-06-24,09:38,LIGHT,52,
2026-06-24,09:39,LIGHT,55,
2026-06-24,09:40,LIGHT,49,
2026-06-24,09:41,WAKE,48,
2026-06-24,09:42,WAKE,45,
2026-06-24,09:43,LIGHT,45,
2026-06-24,09:44,LIGHT,45,
2026-06-24,09:45,LIGHT,46,
2026-06-24,09:46,LIGHT,45,
2026-06-25,02:58,LIGHT,70,
2026-06-25,02:59,LIGHT,62,
2026-06-25,03:00,LIGHT,59,
2026-06-25,03:01,LIGHT,59,
2026-06-25,03:02,LIGHT,59,
2026-06-25,03:03,LIGHT,60,
2026-06-25,03:04,LIGHT,62,
2026-06-25,03:05,LIGHT,65,
2026-06-25,03:06,LIGHT,62,
2026-06-25,03:07,LIGHT,61,
2026-06-25,03:08,LIGHT,62,
2026-06-25,03:09,LIGHT,66,
2026-06-25,03:10,LIGHT,62,
2026-06-25,03:11,LIGHT,59,
2026-06-25,03:12,LIGHT,58,
2026-06-25,03:13,LIGHT,57,
2026-06-25,03:14,LIGHT,60,
2026-06-25,03:15,LIGHT,60,
2026-06-25,03:16,LIGHT,59,
2026-06-25,03:17,LIGHT,61,
2026-06-25,03:18,LIGHT,58,
2026-06-25,03:19,DEEP,64,
2026-06-25,03:20,DEEP,66,
2026-06-25,03:21,DEEP,59,
2026-06-25,03:22,DEEP,56,
2026-06-25,03:23,DEEP,56,
2026-06-25,03:24,DEEP,56,
2026-06-25,03:25,DEEP,59,
2026-06-25,03:26,DEEP,59,
2026-06-25,03:27,DEEP,56,
2026-06-25,03:28,DEEP,56,
2026-06-25,03:29,DEEP,54,
2026-06-25,03:30,DEEP,54,
2026-06-25,03:31,DEEP,56,
2026-06-25,03:32,LIGHT,58,
2026-06-25,03:33,LIGHT,55,
2026-06-25,03:34,LIGHT,52,
2026-06-25,03:35,LIGHT,51,
2026-06-25,03:36,LIGHT,53,
2026-06-25,03:37,LIGHT,51,
2026-06-25,03:38,LIGHT,51,
2026-06-25,03:39,WAKE,60,
2026-06-25,03:40,LIGHT,67,
2026-06-25,03:41,LIGHT,83,
2026-06-25,03:42,LIGHT,84,
2026-06-25,03:43,LIGHT,71,
2026-06-25,03:44,LIGHT,57,
2026-06-25,03:45,LIGHT,57,
2026-06-25,03:46,LIGHT,54,
2026-06-25,03:47,LIGHT,56,
2026-06-25,03:48,LIGHT,55,
2026-06-25,03:49,LIGHT,54,
2026-06-25,03:50,LIGHT,52,
2026-06-25,03:51,LIGHT,52,
2026-06-25,03:52,LIGHT,51,
2026-06-25,03:53,LIGHT,57,
2026-06-25,03:54,LIGHT,59,
2026-06-25,03:55,REM,50,
2026-06-25,03:56,REM,49,
2026-06-25,03:57,REM,54,
2026-06-25,03:58,REM,49,
2026-06-25,03:59,REM,47,
2026-06-25,04:00,REM,48,
2026-06-25,04:01,REM,48,
2026-06-25,04:02,REM,48,
2026-06-25,04:03,REM,53,
2026-06-25,04:04,REM,48,
2026-06-25,04:05,REM,46,
2026-06-25,04:06,REM,46,
2026-06-25,04:07,REM,46,
2026-06-25,04:08,REM,47,
2026-06-25,04:09,REM,47,
2026-06-25,04:10,REM,48,
2026-06-25,04:11,REM,48,
2026-06-25,04:12,REM,48,
2026-06-25,04:13,REM,47,
2026-06-25,04:14,REM,47,
2026-06-25,04:15,LIGHT,47,
2026-06-25,04:16,LIGHT,47,
2026-06-25,04:17,LIGHT,47,
2026-06-25,04:18,LIGHT,47,
2026-06-25,04:19,LIGHT,47,
2026-06-25,04:20,LIGHT,47,
2026-06-25,04:21,LIGHT,48,
2026-06-25,04:22,LIGHT,48,
2026-06-25,04:23,LIGHT,47,
2026-06-25,04:24,LIGHT,47,
2026-06-25,04:25,LIGHT,47,
2026-06-25,04:26,LIGHT,49,
2026-06-25,04:27,LIGHT,49,
2026-06-25,04:28,LIGHT,59,
2026-06-25,04:29,LIGHT,61,
2026-06-25,04:30,LIGHT,52,
2026-06-25,04:31,LIGHT,47,
2026-06-25,04:32,LIGHT,45,
2026-06-25,04:33,LIGHT,44,
2026-06-25,04:34,DEEP,44,
2026-06-25,04:35,DEEP,44,
2026-06-25,04:36,DEEP,44,
2026-06-25,04:37,DEEP,44,
2026-06-25,04:38,DEEP,44,
2026-06-25,04:39,DEEP,44,
2026-06-25,04:40,DEEP,44,
2026-06-25,04:41,DEEP,44,
2026-06-25,04:42,LIGHT,46,
2026-06-25,04:43,LIGHT,46,
2026-06-25,04:44,LIGHT,47,
2026-06-25,04:45,LIGHT,47,
2026-06-25,04:46,LIGHT,47,
2026-06-25,04:47,LIGHT,47,
2026-06-25,04:48,LIGHT,48,
2026-06-25,04:49,LIGHT,48,
2026-06-25,04:50,LIGHT,48,
2026-06-25,04:51,LIGHT,48,
2026-06-25,04:52,LIGHT,48,
2026-06-25,04:53,LIGHT,55,
2026-06-25,04:54,LIGHT,56,
2026-06-25,04:55,LIGHT,49,
2026-06-25,04:56,LIGHT,49,
2026-06-25,04:57,LIGHT,51,
2026-06-25,04:58,LIGHT,61,
2026-06-25,04:59,LIGHT,54,
2026-06-25,05:00,LIGHT,48,
2026-06-25,05:01,LIGHT,48,
2026-06-25,05:02,DEEP,48,
2026-06-25,05:03,DEEP,47,
2026-06-25,05:04,DEEP,46,
2026-06-25,05:05,DEEP,47,
2026-06-25,05:06,DEEP,47,
2026-06-25,05:07,DEEP,47,
2026-06-25,05:08,LIGHT,48,
2026-06-25,05:09,LIGHT,45,
2026-06-25,05:10,LIGHT,44,
2026-06-25,05:11,LIGHT,42,
2026-06-25,05:12,REM,42,
2026-06-25,05:13,REM,42,
2026-06-25,05:14,REM,43,
2026-06-25,05:15,REM,44,
2026-06-25,05:16,REM,45,
2026-06-25,05:17,REM,46,
2026-06-25,05:18,REM,45,
2026-06-25,05:19,REM,45,
2026-06-25,05:20,REM,45,
2026-06-25,05:21,REM,44,
2026-06-25,05:22,REM,44,
2026-06-25,05:23,LIGHT,45,
2026-06-25,05:24,LIGHT,45,
2026-06-25,05:25,LIGHT,46,
2026-06-25,05:26,WAKE,46,
2026-06-25,05:27,LIGHT,46,
2026-06-25,05:28,LIGHT,45,
2026-06-25,05:29,LIGHT,45,
2026-06-25,05:30,LIGHT,45,
2026-06-25,05:31,LIGHT,44,
2026-06-25,05:32,LIGHT,44,
2026-06-25,05:33,LIGHT,44,
2026-06-25,05:34,LIGHT,44,
2026-06-25,05:35,LIGHT,44,
2026-06-25,05:36,LIGHT,44,
2026-06-25,05:37,LIGHT,44,
2026-06-25,05:38,LIGHT,44,
2026-06-25,05:39,LIGHT,44,
2026-06-25,05:40,LIGHT,45,
2026-06-25,05:41,LIGHT,44,
2026-06-25,05:42,LIGHT,44,
2026-06-25,05:43,LIGHT,44,
2026-06-25,05:44,LIGHT,44,
2026-06-25,05:45,LIGHT,44,
2026-06-25,05:46,LIGHT,43,
2026-06-25,05:47,LIGHT,43,
2026-06-25,05:48,LIGHT,43,
2026-06-25,05:49,LIGHT,43,
2026-06-25,05:50,LIGHT,43,
2026-06-25,05:51,LIGHT,43,
2026-06-25,05:52,LIGHT,43,
2026-06-25,05:53,LIGHT,41,
2026-06-25,05:54,LIGHT,43,
2026-06-25,05:55,LIGHT,43,
2026-06-25,05:56,LIGHT,43,
2026-06-25,05:57,LIGHT,43,
2026-06-25,05:58,LIGHT,42,
2026-06-25,05:59,LIGHT,42,
2026-06-25,06:00,LIGHT,42,
2026-06-25,06:01,LIGHT,42,
2026-06-25,06:02,LIGHT,42,
2026-06-25,06:03,LIGHT,42,
2026-06-25,06:04,LIGHT,42,
2026-06-25,06:05,LIGHT,42,
2026-06-25,06:06,LIGHT,42,
2026-06-25,06:07,DEEP,42,
2026-06-25,06:08,DEEP,42,
2026-06-25,06:09,DEEP,42,
2026-06-25,06:10,DEEP,42,
2026-06-25,06:11,DEEP,42,
2026-06-25,06:12,DEEP,42,
2026-06-25,06:13,DEEP,42,
2026-06-25,06:14,DEEP,42,
2026-06-25,06:15,DEEP,49,
2026-06-25,06:16,DEEP,53,
2026-06-25,06:17,DEEP,57,
2026-06-25,06:18,DEEP,53,
2026-06-25,06:19,DEEP,53,
2026-06-25,06:20,LIGHT,49,
2026-06-25,06:21,LIGHT,51,
2026-06-25,06:22,LIGHT,54,
2026-06-25,06:23,LIGHT,53,
2026-06-25,06:24,LIGHT,53,
2026-06-25,06:25,LIGHT,53,
2026-06-25,06:26,LIGHT,53,
2026-06-25,06:27,LIGHT,53,
2026-06-25,06:28,LIGHT,53,
2026-06-25,06:29,LIGHT,54,
2026-06-25,06:30,LIGHT,42,
2026-06-25,06:31,LIGHT,44,
2026-06-25,06:32,REM,,
2026-06-25,06:33,REM,,
2026-06-25,06:34,REM,43,
2026-06-25,06:35,REM,,
2026-06-25,06:36,REM,,
2026-06-25,06:37,REM,,
2026-06-25,06:38,REM,41,
2026-06-25,06:39,REM,44,
2026-06-25,06:40,REM,49,
2026-06-25,06:41,REM,50,
2026-06-25,06:42,REM,60,
2026-06-25,06:43,REM,65,
2026-06-25,06:44,REM,67,
2026-06-25,06:45,REM,61,
2026-06-25,06:46,REM,68,
2026-06-25,06:47,REM,80,
2026-06-25,06:48,REM,67,
2026-06-25,06:49,REM,50,
2026-06-25,06:50,REM,44,
2026-06-25,06:51,REM,43,
2026-06-25,06:52,REM,43,
2026-06-25,06:53,REM,43,
2026-06-25,06:54,REM,44,
2026-06-25,06:55,REM,44,
2026-06-25,06:56,REM,44,
2026-06-25,06:57,REM,44,
2026-06-25,06:58,REM,45,
2026-06-25,06:59,REM,50,
2026-06-25,07:00,REM,50,
2026-06-25,07:01,REM,40,
2026-06-25,07:02,REM,,
2026-06-25,07:03,LIGHT,,
2026-06-25,07:04,LIGHT,,
2026-06-25,07:05,LIGHT,,
2026-06-25,07:06,LIGHT,40,
2026-06-25,07:07,LIGHT,,
2026-06-25,07:08,LIGHT,,
2026-06-25,07:09,LIGHT,,
2026-06-25,07:10,LIGHT,40,
2026-06-25,07:11,LIGHT,40,
2026-06-25,07:12,LIGHT,40,
2026-06-25,07:13,LIGHT,40,
2026-06-25,07:14,LIGHT,40,
2026-06-25,07:15,LIGHT,40,
2026-06-25,07:16,LIGHT,40,
2026-06-25,07:17,LIGHT,41,
2026-06-25,07:18,LIGHT,42,
2026-06-25,07:19,LIGHT,41,
2026-06-25,07:20,LIGHT,41,
2026-06-25,07:21,LIGHT,41,
2026-06-25,07:22,LIGHT,41,
2026-06-25,07:23,LIGHT,41,
2026-06-25,07:24,LIGHT,41,
2026-06-25,07:25,LIGHT,41,
2026-06-25,07:26,DEEP,49,
2026-06-25,07:27,DEEP,56,
2026-06-25,07:28,DEEP,58,
2026-06-25,07:29,DEEP,52,
2026-06-25,07:30,DEEP,54,
2026-06-25,07:31,LIGHT,48,
2026-06-25,07:32,LIGHT,42,
2026-06-25,07:33,LIGHT,41,
2026-06-25,07:34,LIGHT,46,
2026-06-25,07:35,LIGHT,45,
2026-06-25,07:36,LIGHT,48,
2026-06-25,07:37,LIGHT,51,
2026-06-25,07:38,LIGHT,44,
2026-06-25,07:39,LIGHT,43,
2026-06-25,07:40,LIGHT,44,
2026-06-25,07:41,LIGHT,43,
2026-06-25,07:42,LIGHT,45,
2026-06-25,07:43,LIGHT,43,
2026-06-25,07:44,LIGHT,43,
2026-06-25,07:45,LIGHT,42,
2026-06-25,07:46,LIGHT,45,
2026-06-25,07:47,LIGHT,43,
2026-06-25,07:48,LIGHT,42,
2026-06-25,07:49,LIGHT,44,
2026-06-25,07:50,LIGHT,49,
2026-06-25,07:51,LIGHT,45,
2026-06-25,07:52,LIGHT,44,
2026-06-25,07:53,LIGHT,43,
2026-06-25,07:54,DEEP,44,
2026-06-25,07:55,DEEP,41,
2026-06-25,07:56,DEEP,41,
2026-06-25,07:57,DEEP,,
2026-06-25,07:58,DEEP,40,
2026-06-25,07:59,DEEP,42,
2026-06-25,08:00,DEEP,50,
2026-06-25,08:01,LIGHT,44,
2026-06-25,08:02,LIGHT,41,
2026-06-25,08:03,LIGHT,43,
2026-06-25,08:04,LIGHT,40,
2026-06-25,08:05,LIGHT,,
2026-06-25,08:06,LIGHT,41,
2026-06-25,08:07,LIGHT,41,
2026-06-25,08:08,REM,42,
2026-06-25,08:09,REM,40,
2026-06-25,08:10,REM,40,
2026-06-25,08:11,REM,,
2026-06-25,08:12,REM,40,
2026-06-25,08:13,REM,,
2026-06-25,08:14,REM,40,
2026-06-25,08:15,REM,50,
2026-06-25,08:16,REM,42,
2026-06-25,08:17,REM,44,
2026-06-25,08:18,REM,42,
2026-06-25,08:19,REM,44,
2026-06-25,08:20,REM,44,
2026-06-25,08:21,REM,42,
2026-06-25,08:22,REM,42,
2026-06-25,08:23,REM,42,
2026-06-25,08:24,REM,42,
2026-06-25,08:25,REM,42,
2026-06-25,08:26,REM,42,
2026-06-25,08:27,REM,43,
2026-06-25,08:28,REM,45,
2026-06-25,08:29,REM,43,
2026-06-25,08:30,REM,52,
2026-06-25,08:31,REM,45,
2026-06-25,08:32,REM,42,
2026-06-25,08:33,REM,,
2026-06-25,08:34,REM,45,
2026-06-25,08:35,REM,43,
2026-06-25,08:36,REM,40,
2026-06-25,08:37,REM,40,
2026-06-25,08:38,REM,42,
2026-06-25,08:39,REM,42,
2026-06-25,08:40,REM,47,
2026-06-25,08:41,LIGHT,42,
2026-06-25,08:42,LIGHT,41,
2026-06-25,08:43,LIGHT,41,
2026-06-25,08:44,LIGHT,41,
2026-06-25,08:45,LIGHT,53,
2026-06-25,08:46,REM,53,
2026-06-25,08:47,REM,45,
2026-06-25,08:48,REM,41,
2026-06-25,08:49,REM,51,
2026-06-25,08:50,REM,51,
2026-06-25,08:51,REM,41,
2026-06-25,08:52,REM,40,
2026-06-25,08:53,REM,,
2026-06-25,08:54,REM,,
2026-06-25,08:55,REM,41,
2026-06-25,08:56,REM,44,
2026-06-25,08:57,REM,,
2026-06-25,08:58,REM,,
2026-06-25,08:59,REM,,
2026-06-25,09:00,REM,,
2026-06-25,09:01,LIGHT,,
2026-06-25,09:02,LIGHT,,
2026-06-25,09:03,LIGHT,44,
2026-06-25,09:04,LIGHT,41,
2026-06-25,09:05,LIGHT,47,
2026-06-25,09:06,LIGHT,40,
2026-06-25,09:07,LIGHT,42,
2026-06-25,09:08,LIGHT,42,
2026-06-25,09:09,LIGHT,43,
2026-06-25,09:10,LIGHT,43,
2026-06-25,09:11,LIGHT,42,
2026-06-25,09:12,LIGHT,54,
2026-06-25,09:13,LIGHT,54,
2026-06-25,09:14,LIGHT,52,
2026-06-25,09:15,LIGHT,52,
2026-06-25,09:16,LIGHT,56,
2026-06-25,09:17,LIGHT,58,
2026-06-25,09:18,LIGHT,55,
2026-06-25,09:19,LIGHT,52,
2026-06-25,09:20,LIGHT,52,
2026-06-25,09:21,LIGHT,53,
2026-06-25,09:22,LIGHT,50,
2026-06-25,09:23,LIGHT,55,
2026-06-25,09:24,LIGHT,52,
2026-06-25,09:25,LIGHT,54,
2026-06-25,09:26,LIGHT,51,
2026-06-25,09:27,LIGHT,61,
2026-06-25,09:28,LIGHT,61,
2026-06-25,09:29,LIGHT,66,
2026-06-25,09:30,LIGHT,66,
2026-06-25,09:31,LIGHT,66,
2026-06-25,09:32,DEEP,66,
2026-06-25,09:33,DEEP,65,
2026-06-25,09:34,DEEP,63,
2026-06-25,09:35,DEEP,62,
2026-06-25,09:36,LIGHT,69,
2026-06-25,09:37,LIGHT,71,
2026-06-25,09:38,LIGHT,75,
2026-06-25,09:39,WAKE,75,
2026-06-25,09:40,WAKE,75,
2026-06-25,09:41,LIGHT,76,
2026-06-25,09:42,LIGHT,75,
2026-06-25,09:43,LIGHT,73,
2026-06-25,09:44,LIGHT,75,
2026-06-25,09:45,LIGHT,75,
2026-06-25,09:46,LIGHT,74,
2026-06-25,09:47,LIGHT,76,
2026-06-25,09:48,LIGHT,73,
2026-06-25,09:49,LIGHT,66,
2026-06-25,09:50,LIGHT,57,
2026-06-25,09:51,LIGHT,59,
2026-06-25,09:52,LIGHT,71,
2026-06-25,09:53,LIGHT,60,
2026-06-25,09:54,LIGHT,74,
2026-06-25,09:55,LIGHT,84,
2026-06-25,09:56,LIGHT,84,
2026-06-25,09:57,LIGHT,82,
2026-06-25,09:58,REM,82,
2026-06-25,09:59,REM,63,
2026-06-25,10:00,LIGHT,57,
2026-06-25,10:01,LIGHT,54,
2026-06-25,10:02,LIGHT,56,
2026-06-25,10:03,LIGHT,60,
2026-06-25,10:04,LIGHT,60,
2026-06-25,10:05,WAKE,60,
2026-06-25,10:06,LIGHT,61,
2026-06-25,10:07,LIGHT,62,
2026-06-25,10:08,LIGHT,61,
2026-06-25,10:09,REM,61,
2026-06-25,10:10,REM,65,
2026-06-25,10:11,REM,63,
2026-06-25,10:12,REM,65,
2026-06-25,10:13,REM,63,
2026-06-25,10:14,REM,80,
2026-06-25,10:15,REM,90,
2026-06-25,10:16,REM,,
2026-06-25,10:17,REM,,
2026-06-25,10:18,REM,,
2026-06-25,10:19,REM,,
2026-06-25,10:20,REM,,
2026-06-25,10:21,REM,,
2026-06-25,10:22,REM,,
2026-06-25,10:23,REM,,
2026-06-25,10:24,REM,,
2026-06-25,10:25,REM,,
2026-06-25,10:26,REM,,
2026-06-25,10:27,REM,,
2026-06-25,10:28,REM,,
2026-06-25,10:29,REM,,
2026-06-25,10:30,REM,,
2026-06-25,10:31,LIGHT,,
2026-06-25,10:32,LIGHT,,
2026-06-25,10:33,LIGHT,,
2026-06-25,10:34,WAKE,,
2026-06-25,10:35,LIGHT,,
2026-06-26,04:05,LIGHT,49,
2026-06-26,04:06,LIGHT,50,
2026-06-26,04:07,LIGHT,50,
2026-06-26,04:08,LIGHT,50,
2026-06-26,04:09,LIGHT,50,
2026-06-26,04:10,LIGHT,50,
2026-06-26,04:11,LIGHT,50,
2026-06-26,04:12,LIGHT,50,
2026-06-26,04:13,LIGHT,50,
2026-06-26,04:14,DEEP,50,
2026-06-26,04:15,DEEP,50,
2026-06-26,04:16,DEEP,50,
2026-06-26,04:17,DEEP,51,
2026-06-26,04:18,DEEP,51,
2026-06-26,04:19,DEEP,51,
2026-06-26,04:20,DEEP,51,
2026-06-26,04:21,DEEP,51,
2026-06-26,04:22,DEEP,51,
2026-06-26,04:23,DEEP,51,
2026-06-26,04:24,DEEP,50,
2026-06-26,04:25,DEEP,50,
2026-06-26,04:26,DEEP,55,
2026-06-26,04:27,DEEP,48,
2026-06-26,04:28,DEEP,47,
2026-06-26,04:29,LIGHT,48,
2026-06-26,04:30,LIGHT,48,
2026-06-26,04:31,LIGHT,48,
2026-06-26,04:32,LIGHT,48,
2026-06-26,04:33,LIGHT,47,
2026-06-26,04:34,LIGHT,51,
2026-06-26,04:35,DEEP,53,
2026-06-26,04:36,DEEP,50,
2026-06-26,04:37,DEEP,50,
2026-06-26,04:38,DEEP,52,
2026-06-26,04:39,DEEP,50,
2026-06-26,04:40,DEEP,52,
2026-06-26,04:41,DEEP,49,
2026-06-26,04:42,DEEP,53,
2026-06-26,04:43,DEEP,49,
2026-06-26,04:44,DEEP,49,
2026-06-26,04:45,DEEP,47,
2026-06-26,04:46,DEEP,47,
2026-06-26,04:47,DEEP,47,
2026-06-26,04:48,DEEP,48,
2026-06-26,04:49,DEEP,47,
2026-06-26,04:50,DEEP,47,
2026-06-26,04:51,DEEP,47,
2026-06-26,04:52,DEEP,47,
2026-06-26,04:53,DEEP,47,
2026-06-26,04:54,DEEP,47,
2026-06-26,04:55,LIGHT,47,
2026-06-26,04:56,LIGHT,47,
2026-06-26,04:57,REM,48,
2026-06-26,04:58,REM,48,
2026-06-26,04:59,REM,48,
2026-06-26,05:00,REM,48,
2026-06-26,05:01,REM,53,
2026-06-26,05:02,REM,50,
2026-06-26,05:03,REM,47,
2026-06-26,05:04,REM,49,
2026-06-26,05:05,REM,49,
2026-06-26,05:06,REM,47,
2026-06-26,05:07,REM,47,
2026-06-26,05:08,REM,47,
2026-06-26,05:09,LIGHT,48,
2026-06-26,05:10,LIGHT,48,
2026-06-26,05:11,LIGHT,48,
2026-06-26,05:12,LIGHT,48,
2026-06-26,05:13,LIGHT,55,
2026-06-26,05:14,LIGHT,48,
2026-06-26,05:15,LIGHT,46,
2026-06-26,05:16,LIGHT,45,
2026-06-26,05:17,LIGHT,45,
2026-06-26,05:18,LIGHT,45,
2026-06-26,05:19,LIGHT,45,
2026-06-26,05:20,LIGHT,46,
2026-06-26,05:21,LIGHT,46,
2026-06-26,05:22,LIGHT,47,
2026-06-26,05:23,LIGHT,47,
2026-06-26,05:24,LIGHT,47,
2026-06-26,05:25,LIGHT,47,
2026-06-26,05:26,LIGHT,47,
2026-06-26,05:27,LIGHT,47,
2026-06-26,05:28,LIGHT,47,
2026-06-26,05:29,LIGHT,47,
2026-06-26,05:30,LIGHT,47,
2026-06-26,05:31,LIGHT,47,
2026-06-26,05:32,LIGHT,47,
2026-06-26,05:33,LIGHT,47,
2026-06-26,05:34,LIGHT,47,
2026-06-26,05:35,LIGHT,47,
2026-06-26,05:36,LIGHT,47,
2026-06-26,05:37,LIGHT,47,
2026-06-26,05:38,LIGHT,47,
2026-06-26,05:39,LIGHT,47,
2026-06-26,05:40,LIGHT,47,
2026-06-26,05:41,DEEP,47,
2026-06-26,05:42,DEEP,47,
2026-06-26,05:43,DEEP,47,
2026-06-26,05:44,DEEP,47,
2026-06-26,05:45,DEEP,47,
2026-06-26,05:46,DEEP,47,
2026-06-26,05:47,DEEP,46,
2026-06-26,05:48,DEEP,46,
2026-06-26,05:49,DEEP,46,
2026-06-26,05:50,DEEP,46,
2026-06-26,05:51,DEEP,46,
2026-06-26,05:52,DEEP,49,
2026-06-26,05:53,DEEP,46,
2026-06-26,05:54,DEEP,46,
2026-06-26,05:55,DEEP,57,
2026-06-26,05:56,DEEP,53,
2026-06-26,05:57,DEEP,51,
2026-06-26,05:58,DEEP,48,
2026-06-26,05:59,DEEP,47,
2026-06-26,06:00,DEEP,48,
2026-06-26,06:01,DEEP,53,
2026-06-26,06:02,DEEP,57,
2026-06-26,06:03,DEEP,56,
2026-06-26,06:04,DEEP,56,
2026-06-26,06:05,DEEP,52,
2026-06-26,06:06,DEEP,51,
2026-06-26,06:07,DEEP,50,
2026-06-26,06:08,DEEP,52,
2026-06-26,06:09,DEEP,51,
2026-06-26,06:10,DEEP,51,
2026-06-26,06:11,DEEP,50,
2026-06-26,06:12,DEEP,50,
2026-06-26,06:13,DEEP,50,
2026-06-26,06:14,DEEP,50,
2026-06-26,06:15,LIGHT,51,
2026-06-26,06:16,LIGHT,51,
2026-06-26,06:17,LIGHT,51,
2026-06-26,06:18,LIGHT,51,
2026-06-26,06:19,LIGHT,48,
2026-06-26,06:20,LIGHT,48,
2026-06-26,06:21,REM,47,
2026-06-26,06:22,REM,47,
2026-06-26,06:23,REM,47,
2026-06-26,06:24,REM,47,
2026-06-26,06:25,REM,48,
2026-06-26,06:26,REM,50,
2026-06-26,06:27,REM,48,
2026-06-26,06:28,REM,48,
2026-06-26,06:29,REM,48,
2026-06-26,06:30,REM,48,
2026-06-26,06:31,REM,48,
2026-06-26,06:32,REM,48,
2026-06-26,06:33,REM,48,
2026-06-26,06:34,REM,48,
2026-06-26,06:35,REM,48,
2026-06-26,06:36,REM,48,
2026-06-26,06:37,REM,48,
2026-06-26,06:38,REM,48,
2026-06-26,06:39,REM,48,
2026-06-26,06:40,REM,48,
2026-06-26,06:41,REM,48,
2026-06-26,06:42,REM,49,
2026-06-26,06:43,LIGHT,49,
2026-06-26,06:44,LIGHT,49,
2026-06-26,06:45,LIGHT,49,
2026-06-26,06:46,LIGHT,49,
2026-06-26,06:47,LIGHT,49,
2026-06-26,06:48,LIGHT,49,
2026-06-26,06:49,LIGHT,49,
2026-06-26,06:50,LIGHT,49,
2026-06-26,06:51,LIGHT,49,
2026-06-26,06:52,LIGHT,49,
2026-06-26,06:53,LIGHT,49,
2026-06-26,06:54,LIGHT,49,
2026-06-26,06:55,LIGHT,49,
2026-06-26,06:56,LIGHT,49,
2026-06-26,06:57,LIGHT,49,
2026-06-26,06:58,LIGHT,49,
2026-06-26,06:59,LIGHT,49,
2026-06-26,07:00,LIGHT,49,
2026-06-26,07:01,LIGHT,49,
2026-06-26,07:02,LIGHT,49,
2026-06-26,07:03,LIGHT,49,
2026-06-26,07:04,LIGHT,49,
2026-06-26,07:05,LIGHT,49,
2026-06-26,07:06,LIGHT,49,
2026-06-26,07:07,LIGHT,49,
2026-06-26,07:08,LIGHT,49,
2026-06-26,07:09,LIGHT,54,
2026-06-26,07:10,LIGHT,51,
2026-06-26,07:11,LIGHT,48,
2026-06-26,07:12,LIGHT,48,
2026-06-26,07:13,LIGHT,48,
2026-06-26,07:14,LIGHT,48,
2026-06-26,07:15,LIGHT,48,
2026-06-26,07:16,LIGHT,52,
2026-06-26,07:17,LIGHT,47,
2026-06-26,07:18,LIGHT,46,
2026-06-26,07:19,LIGHT,51,
2026-06-26,07:20,LIGHT,52,
2026-06-26,07:21,LIGHT,54,
2026-06-26,07:22,LIGHT,49,
2026-06-26,07:23,LIGHT,49,
2026-06-26,07:24,LIGHT,49,
2026-06-26,07:25,LIGHT,48,
2026-06-26,07:26,LIGHT,48,
2026-06-26,07:27,LIGHT,48,
2026-06-26,07:28,WAKE,50,
2026-06-26,07:29,WAKE,51,
2026-06-26,07:30,LIGHT,50,
2026-06-26,07:31,LIGHT,49,
2026-06-26,07:32,LIGHT,51,
2026-06-26,07:33,LIGHT,51,
2026-06-26,07:34,LIGHT,51,
2026-06-26,07:35,LIGHT,52,
2026-06-26,07:36,LIGHT,59,
2026-06-26,07:37,LIGHT,53,
2026-06-26,07:38,WAKE,55,
2026-06-26,07:39,LIGHT,53,
2026-06-26,07:40,LIGHT,51,
2026-06-26,07:41,LIGHT,51,
2026-06-26,07:42,REM,51,
2026-06-26,07:43,REM,50,
2026-06-26,07:44,REM,52,
2026-06-26,07:45,REM,60,
2026-06-26,07:46,REM,54,
2026-06-26,07:47,REM,53,
2026-06-26,07:48,REM,54,
2026-06-26,07:49,REM,52,
2026-06-26,07:50,REM,54,
2026-06-26,07:51,REM,54,
2026-06-26,07:52,REM,52,
2026-06-26,07:53,REM,52,
2026-06-26,07:54,REM,52,
2026-06-26,07:55,REM,52,
2026-06-26,07:56,REM,52,
2026-06-26,07:57,REM,53,
2026-06-26,07:58,REM,54,
2026-06-26,07:59,REM,55,
2026-06-26,08:00,REM,55,
2026-06-26,08:01,REM,55,
2026-06-26,08:02,REM,54,
2026-06-26,08:03,REM,54,
2026-06-26,08:04,REM,53,
2026-06-26,08:05,REM,53,
2026-06-26,08:06,REM,53,
2026-06-26,08:07,REM,53,
2026-06-26,08:08,REM,53,
2026-06-26,08:09,REM,54,
2026-06-26,08:10,REM,54,
2026-06-26,08:11,REM,54,
2026-06-26,08:12,REM,54,
2026-06-26,08:13,REM,53,
2026-06-26,08:14,REM,53,
2026-06-26,08:15,REM,53,
2026-06-26,08:16,LIGHT,52,
2026-06-26,08:17,LIGHT,53,
2026-06-26,08:18,LIGHT,53,
2026-06-26,08:19,LIGHT,53,
2026-06-26,08:20,LIGHT,53,
2026-06-26,08:21,LIGHT,53,
2026-06-26,08:22,LIGHT,53,
2026-06-26,08:23,LIGHT,59,
2026-06-26,08:24,LIGHT,55,
2026-06-26,08:25,LIGHT,49,
2026-06-26,08:26,LIGHT,47,
2026-06-26,08:27,LIGHT,47,
2026-06-26,08:28,LIGHT,48,
2026-06-26,08:29,LIGHT,47,
2026-06-26,08:30,LIGHT,47,
2026-06-26,08:31,LIGHT,48,
2026-06-26,08:32,LIGHT,50,
2026-06-26,08:33,LIGHT,56,
2026-06-26,08:34,LIGHT,49,
2026-06-26,08:35,LIGHT,48,
2026-06-26,08:36,LIGHT,48,
2026-06-26,08:37,LIGHT,48,
2026-06-26,08:38,LIGHT,49,
2026-06-26,08:39,LIGHT,49,
2026-06-26,08:40,LIGHT,49,
2026-06-26,08:41,LIGHT,49,
2026-06-26,08:42,LIGHT,50,
2026-06-26,08:43,LIGHT,50,
2026-06-26,08:44,LIGHT,50,
2026-06-26,08:45,LIGHT,50,
2026-06-26,08:46,WAKE,52,
2026-06-26,08:47,WAKE,52,
2026-06-26,08:48,WAKE,52,
2026-06-26,08:49,LIGHT,52,
2026-06-26,08:50,WAKE,52,
2026-06-26,08:51,WAKE,52,
2026-06-26,08:52,LIGHT,52,
2026-06-26,08:53,LIGHT,52,
2026-06-26,08:54,LIGHT,53,
2026-06-26,08:55,LIGHT,53,
2026-06-26,08:56,LIGHT,53,
2026-06-26,08:57,WAKE,61,
2026-06-26,08:58,LIGHT,54,
2026-06-26,08:59,LIGHT,52,
2026-06-26,09:00,LIGHT,49,
2026-06-26,09:01,LIGHT,51,
2026-06-26,09:02,LIGHT,56,
2026-06-26,09:03,LIGHT,48,
2026-06-26,09:04,LIGHT,48,
2026-06-26,09:05,LIGHT,48,
2026-06-26,09:06,LIGHT,49,
2026-06-26,09:07,LIGHT,51,
2026-06-26,09:08,LIGHT,51,
2026-06-26,09:09,LIGHT,55,
2026-06-26,09:10,LIGHT,49,
2026-06-26,09:11,LIGHT,49,
2026-06-26,09:12,LIGHT,48,
2026-06-26,09:13,LIGHT,43,
2026-06-27,03:34,LIGHT,120,
2026-06-27,03:35,LIGHT,125,
2026-06-27,03:36,LIGHT,119,
2026-06-27,03:37,LIGHT,120,
2026-06-27,03:38,LIGHT,123,
2026-06-27,03:39,LIGHT,121,
2026-06-27,03:40,LIGHT,120,
2026-06-27,03:41,LIGHT,113,
2026-06-27,03:42,LIGHT,118,
2026-06-27,03:43,DEEP,108,
2026-06-27,03:44,DEEP,111,
2026-06-27,03:45,DEEP,115,
2026-06-27,03:46,DEEP,115,
2026-06-27,03:47,DEEP,109,
2026-06-27,03:48,DEEP,109,
2026-06-27,03:49,DEEP,114,
2026-06-27,03:50,DEEP,119,
2026-06-27,03:51,DEEP,119,
2026-06-27,03:52,DEEP,115,
2026-06-27,03:53,DEEP,108,
2026-06-27,03:54,DEEP,105,
2026-06-27,03:55,LIGHT,109,
2026-06-27,03:56,LIGHT,107,
2026-06-27,03:57,LIGHT,107,
2026-06-27,03:58,LIGHT,109,
2026-06-27,03:59,LIGHT,98,
2026-06-27,04:00,LIGHT,91,
2026-06-27,04:01,LIGHT,87,
2026-06-27,04:02,LIGHT,81,
2026-06-27,04:03,LIGHT,83,
2026-06-27,04:04,LIGHT,79,
2026-06-27,04:05,DEEP,77,
2026-06-27,04:06,DEEP,76,
2026-06-27,04:07,DEEP,78,
2026-06-27,04:08,DEEP,76,
2026-06-27,04:09,DEEP,81,
2026-06-27,04:10,DEEP,93,
2026-06-27,04:11,DEEP,98,
2026-06-27,04:12,DEEP,97,
2026-06-27,04:13,DEEP,97,
2026-06-27,04:14,DEEP,99,
2026-06-27,04:15,DEEP,100,
2026-06-27,04:16,DEEP,106,
2026-06-27,04:17,DEEP,106,
2026-06-27,04:18,DEEP,106,
2026-06-27,04:19,DEEP,106,
2026-06-27,04:20,DEEP,106,
2026-06-27,04:21,DEEP,100,
2026-06-27,04:22,DEEP,97,
2026-06-27,04:23,DEEP,102,
2026-06-27,04:24,DEEP,109,
2026-06-27,04:25,DEEP,108,
2026-06-27,04:26,DEEP,95,
2026-06-27,04:27,LIGHT,94,
2026-06-27,04:28,LIGHT,99,
2026-06-27,04:29,LIGHT,103,
2026-06-27,04:30,LIGHT,105,
2026-06-27,04:31,LIGHT,107,
2026-06-27,04:32,LIGHT,106,
2026-06-27,04:33,REM,107,
2026-06-27,04:34,REM,107,
2026-06-27,04:35,REM,107,
2026-06-27,04:36,REM,106,
2026-06-27,04:37,REM,104,
2026-06-27,04:38,REM,105,
2026-06-27,04:39,REM,105,
2026-06-27,04:40,REM,107,
2026-06-27,04:41,REM,104,
2026-06-27,04:42,REM,106,
2026-06-27,04:43,REM,106,
2026-06-27,04:44,REM,105,
2026-06-27,04:45,REM,104,
2026-06-27,04:46,REM,104,
2026-06-27,04:47,REM,104,
2026-06-27,04:48,REM,102,
2026-06-27,04:49,REM,98,
2026-06-27,04:50,LIGHT,96,
2026-06-27,04:51,LIGHT,90,
2026-06-27,04:52,LIGHT,87,
2026-06-27,04:53,LIGHT,85,
2026-06-27,04:54,LIGHT,79,
2026-06-27,04:55,LIGHT,78,
2026-06-27,04:56,LIGHT,78,
2026-06-27,04:57,LIGHT,80,
2026-06-27,04:58,LIGHT,80,
2026-06-27,04:59,LIGHT,80,
2026-06-27,05:00,LIGHT,80,
2026-06-27,05:01,LIGHT,74,
2026-06-27,05:02,LIGHT,77,
2026-06-27,05:03,LIGHT,79,
2026-06-27,05:04,LIGHT,76,
2026-06-27,05:05,LIGHT,73,
2026-06-27,05:06,LIGHT,76,
2026-06-27,05:07,LIGHT,78,
2026-06-27,05:08,LIGHT,78,
2026-06-27,05:09,LIGHT,78,
2026-06-27,05:10,LIGHT,76,
2026-06-27,05:11,LIGHT,75,
2026-06-27,05:12,LIGHT,76,
2026-06-27,05:13,LIGHT,76,
2026-06-27,05:14,LIGHT,78,
2026-06-27,05:15,LIGHT,78,
2026-06-27,05:16,LIGHT,84,
2026-06-27,05:17,LIGHT,84,
2026-06-27,05:18,LIGHT,81,
2026-06-27,05:19,LIGHT,83,
2026-06-27,05:20,LIGHT,85,
2026-06-27,05:21,LIGHT,85,
2026-06-27,05:22,LIGHT,79,
2026-06-27,05:23,LIGHT,79,
2026-06-27,05:24,LIGHT,82,
2026-06-27,05:25,LIGHT,82,
2026-06-27,05:26,LIGHT,75,
2026-06-27,05:27,LIGHT,75,
2026-06-27,05:28,LIGHT,84,
2026-06-27,05:29,LIGHT,90,
2026-06-27,05:30,DEEP,100,
2026-06-27,05:31,DEEP,97,
2026-06-27,05:32,DEEP,94,
2026-06-27,05:33,DEEP,96,
2026-06-27,05:34,DEEP,112,
2026-06-27,05:35,DEEP,101,
2026-06-27,05:36,DEEP,92,
2026-06-27,05:37,DEEP,82,
2026-06-27,05:38,DEEP,77,
2026-06-27,05:39,DEEP,74,
2026-06-27,05:40,DEEP,70,
2026-06-27,05:41,DEEP,68,
2026-06-27,05:42,DEEP,68,
2026-06-27,05:43,DEEP,68,
2026-06-27,05:44,DEEP,68,
2026-06-27,05:45,DEEP,68,
2026-06-27,05:46,DEEP,67,
2026-06-27,05:47,DEEP,67,
2026-06-27,05:48,DEEP,66,
2026-06-27,05:49,DEEP,67,
2026-06-27,05:50,DEEP,66,
2026-06-27,05:51,DEEP,66,
2026-06-27,05:52,DEEP,65,
2026-06-27,05:53,DEEP,72,
2026-06-27,05:54,LIGHT,70,
2026-06-27,05:55,LIGHT,66,
2026-06-27,05:56,LIGHT,68,
2026-06-27,05:57,LIGHT,81,
2026-06-27,05:58,LIGHT,75,
2026-06-27,05:59,LIGHT,70,
2026-06-27,06:00,LIGHT,67,
2026-06-27,06:01,REM,66,
2026-06-27,06:02,REM,64,
2026-06-27,06:03,REM,63,
2026-06-27,06:04,REM,63,
2026-06-27,06:05,REM,67,
2026-06-27,06:06,REM,64,
2026-06-27,06:07,REM,63,
2026-06-27,06:08,REM,63,
2026-06-27,06:09,REM,62,
2026-06-27,06:10,REM,64,
2026-06-27,06:11,REM,63,
2026-06-27,06:12,REM,63,
2026-06-27,06:13,REM,64,
2026-06-27,06:14,REM,64,
2026-06-27,06:15,REM,66,
2026-06-27,06:16,REM,66,
2026-06-27,06:17,REM,64,
2026-06-27,06:18,REM,64,
2026-06-27,06:19,REM,64,
2026-06-27,06:20,REM,64,
2026-06-27,06:21,REM,64,
2026-06-27,06:22,REM,64,
2026-06-27,06:23,REM,63,
2026-06-27,06:24,REM,63,
2026-06-27,06:25,REM,63,
2026-06-27,06:26,REM,63,
2026-06-27,06:27,REM,63,
2026-06-27,06:28,LIGHT,63,
2026-06-27,06:29,LIGHT,63,
2026-06-27,06:30,LIGHT,63,
2026-06-27,06:31,LIGHT,63,
2026-06-27,06:32,LIGHT,64,
2026-06-27,06:33,LIGHT,66,
2026-06-27,06:34,LIGHT,68,
2026-06-27,06:35,LIGHT,67,
2026-06-27,06:36,LIGHT,66,
2026-06-27,06:37,LIGHT,66,
2026-06-27,06:38,LIGHT,66,
2026-06-27,06:39,LIGHT,67,
2026-06-27,06:40,LIGHT,67,
2026-06-27,06:41,LIGHT,68,
2026-06-27,06:42,LIGHT,68,
2026-06-27,06:43,LIGHT,69,
2026-06-27,06:44,LIGHT,69,
2026-06-27,06:45,LIGHT,70,
2026-06-27,06:46,LIGHT,70,
2026-06-27,06:47,LIGHT,71,
2026-06-27,06:48,LIGHT,71,
2026-06-27,06:49,LIGHT,71,
2026-06-27,06:50,LIGHT,73,
2026-06-27,06:51,LIGHT,76,
2026-06-27,06:52,DEEP,77,
2026-06-27,06:53,DEEP,69,
2026-06-27,06:54,DEEP,62,
2026-06-27,06:55,DEEP,63,
2026-06-27,06:56,DEEP,61,
2026-06-27,06:57,DEEP,61,
2026-06-27,06:58,DEEP,61,
2026-06-27,06:59,DEEP,61,
2026-06-27,07:00,DEEP,62,
2026-06-27,07:01,DEEP,62,
2026-06-27,07:02,DEEP,62,
2026-06-27,07:03,DEEP,63,
2026-06-27,07:04,DEEP,65,
2026-06-27,07:05,DEEP,67,
2026-06-27,07:06,DEEP,68,
2026-06-27,07:07,DEEP,67,
2026-06-27,07:08,DEEP,66,
2026-06-27,07:09,DEEP,64,
2026-06-27,07:10,LIGHT,74,
2026-06-27,07:11,LIGHT,73,
2026-06-27,07:12,LIGHT,67,
2026-06-27,07:13,LIGHT,64,
2026-06-27,07:14,LIGHT,66,
2026-06-27,07:15,LIGHT,64,
2026-06-27,07:16,LIGHT,62,
2026-06-27,07:17,LIGHT,62,
2026-06-27,07:18,LIGHT,61,
2026-06-27,07:19,LIGHT,61,
2026-06-27,07:20,LIGHT,62,
2026-06-27,07:21,LIGHT,61,
2026-06-27,07:22,LIGHT,62,
2026-06-27,07:23,LIGHT,62,
2026-06-27,07:24,LIGHT,62,
2026-06-27,07:25,LIGHT,65,
2026-06-27,07:26,LIGHT,66,
2026-06-27,07:27,REM,60,
2026-06-27,07:28,REM,59,
2026-06-27,07:29,REM,59,
2026-06-27,07:30,REM,59,
2026-06-27,07:31,REM,60,
2026-06-27,07:32,REM,59,
2026-06-27,07:33,REM,59,
2026-06-27,07:34,REM,58,
2026-06-27,07:35,REM,58,
2026-06-27,07:36,REM,59,
2026-06-27,07:37,REM,61,
2026-06-27,07:38,REM,60,
2026-06-27,07:39,REM,59,
2026-06-27,07:40,REM,59,
2026-06-27,07:41,REM,59,
2026-06-27,07:42,REM,59,
2026-06-27,07:43,LIGHT,59,
2026-06-27,07:44,LIGHT,63,
2026-06-27,07:45,LIGHT,68,
2026-06-27,07:46,WAKE,75,
2026-06-27,07:47,WAKE,67,
2026-06-27,07:48,WAKE,62,
2026-06-27,07:49,LIGHT,60,
2026-06-27,07:50,LIGHT,60,
2026-06-27,07:51,LIGHT,60,
2026-06-27,07:52,LIGHT,60,
2026-06-27,07:53,LIGHT,60,
2026-06-27,07:54,LIGHT,60,
2026-06-27,07:55,LIGHT,62,
2026-06-27,07:56,LIGHT,66,
2026-06-27,07:57,LIGHT,66,
2026-06-27,07:58,LIGHT,63,
2026-06-27,07:59,LIGHT,62,
2026-06-27,08:00,LIGHT,62,
2026-06-27,08:01,LIGHT,67,
2026-06-27,08:02,LIGHT,63,
2026-06-27,08:03,LIGHT,61,
2026-06-27,08:04,LIGHT,67,
2026-06-27,08:05,LIGHT,63,
2026-06-27,08:06,LIGHT,63,
2026-06-27,08:07,LIGHT,63,
2026-06-27,08:08,LIGHT,63,
2026-06-27,08:09,LIGHT,63,
2026-06-27,08:10,LIGHT,63,
2026-06-27,08:11,LIGHT,63,
2026-06-27,08:12,LIGHT,65,
2026-06-27,08:13,LIGHT,64,
2026-06-27,08:14,LIGHT,64,
2026-06-27,08:15,LIGHT,66,
2026-06-27,08:16,LIGHT,66,
2026-06-27,08:17,LIGHT,68,
2026-06-27,08:18,LIGHT,68,
2026-06-27,08:19,LIGHT,58,
2026-06-27,08:20,LIGHT,63,
2026-06-27,08:21,LIGHT,59,
2026-06-27,08:22,LIGHT,58,
2026-06-27,08:23,LIGHT,59,
2026-06-27,08:24,LIGHT,60,
2026-06-27,08:25,WAKE,63,
2026-06-27,08:26,LIGHT,63,
2026-06-27,08:27,LIGHT,60,
2026-06-27,08:28,LIGHT,62,
2026-06-27,08:29,LIGHT,62,
2026-06-27,08:30,LIGHT,62,
2026-06-27,08:31,LIGHT,59,
2026-06-27,08:32,LIGHT,59,
2026-06-27,08:33,LIGHT,58,
2026-06-27,08:34,LIGHT,68,
2026-06-27,08:35,LIGHT,60,
2026-06-27,08:36,LIGHT,58,
2026-06-27,08:37,LIGHT,60,
2026-06-27,08:38,LIGHT,59,
2026-06-27,08:39,LIGHT,60,
2026-06-27,08:40,LIGHT,60,
2026-06-27,08:41,LIGHT,60,
2026-06-27,08:42,LIGHT,65,
2026-06-27,08:43,LIGHT,61,
2026-06-27,08:44,LIGHT,57,
2026-06-27,08:45,LIGHT,57,
2026-06-27,08:46,LIGHT,56,
2026-06-27,08:47,LIGHT,54,
2026-06-27,08:48,LIGHT,55,
2026-06-27,08:49,LIGHT,56,
2026-06-27,08:50,LIGHT,58,
2026-06-27,08:51,LIGHT,66,
2026-06-27,08:52,LIGHT,56,
2026-06-27,08:53,LIGHT,55,
2026-06-27,08:54,LIGHT,53,
2026-06-27,08:55,LIGHT,54,
2026-06-27,08:56,LIGHT,54,
2026-06-27,08:57,LIGHT,55,
2026-06-27,08:58,LIGHT,55,
2026-06-27,08:59,LIGHT,55,
2026-06-27,09:00,LIGHT,56,
2026-06-27,09:01,LIGHT,56,
2026-06-27,09:02,LIGHT,56,
2026-06-27,09:03,LIGHT,56,
2026-06-27,09:04,LIGHT,55,
2026-06-27,09:05,LIGHT,55,
2026-06-27,09:06,LIGHT,55,
2026-06-27,09:07,LIGHT,55,
2026-06-27,09:08,REM,55,
2026-06-27,09:09,REM,55,
2026-06-27,09:10,REM,55,
2026-06-27,09:11,REM,57,
2026-06-27,09:12,REM,57,
2026-06-27,09:13,REM,57,
2026-06-27,09:14,REM,56,
2026-06-27,09:15,REM,56,
2026-06-27,09:16,REM,56,
2026-06-27,09:17,REM,55,
2026-06-27,09:18,REM,55,
2026-06-27,09:19,REM,55,
2026-06-27,09:20,REM,55,
2026-06-27,09:21,REM,55,
2026-06-27,09:22,REM,55,
2026-06-27,09:23,REM,55,
2026-06-27,09:24,REM,56,
2026-06-27,09:25,REM,56,
2026-06-27,09:26,REM,56,
2026-06-27,09:27,REM,56,
2026-06-27,09:28,REM,56,
2026-06-27,09:29,REM,56,
2026-06-27,09:30,REM,56,
2026-06-27,09:31,REM,56,
2026-06-27,09:32,REM,56,
2026-06-27,09:33,REM,56,
2026-06-27,09:34,REM,62,
2026-06-27,09:35,REM,54,
2026-06-27,09:36,REM,53,
2026-06-27,09:37,REM,53,
2026-06-27,09:38,REM,53,
2026-06-27,09:39,REM,54,
2026-06-27,09:40,REM,54,
2026-06-27,09:41,REM,,
2026-06-27,09:42,LIGHT,,
2026-06-27,09:43,LIGHT,,
2026-06-27,09:44,LIGHT,,
2026-06-27,09:45,LIGHT,,
2026-06-27,09:46,LIGHT,,
2026-06-27,09:47,LIGHT,,
2026-06-27,09:48,LIGHT,,
2026-06-27,09:49,LIGHT,,
2026-06-27,09:50,LIGHT,,
2026-06-27,09:51,LIGHT,,
2026-06-27,09:52,LIGHT,,
2026-06-27,09:53,LIGHT,,
2026-06-27,09:54,LIGHT,,
2026-06-27,09:55,LIGHT,,
2026-06-27,09:56,LIGHT,,
2026-06-27,09:57,LIGHT,,
2026-06-27,09:58,LIGHT,,
2026-06-27,09:59,LIGHT,,
2026-06-27,10:00,LIGHT,,
2026-06-27,10:01,LIGHT,,
2026-06-27,10:02,LIGHT,,
2026-06-27,10:03,LIGHT,,
2026-06-27,10:04,LIGHT,,
2026-06-27,10:05,LIGHT,,
2026-06-27,10:06,LIGHT,,
2026-06-27,10:07,LIGHT,,
2026-06-27,10:08,LIGHT,,
2026-06-27,10:09,LIGHT,,
2026-06-27,10:10,LIGHT,,
2026-06-27,10:11,LIGHT,,
2026-06-27,10:12,LIGHT,,
2026-06-27,10:13,LIGHT,,
2026-06-27,10:14,LIGHT,,
2026-06-27,10:15,LIGHT,,
2026-06-27,10:16,LIGHT,,
2026-06-27,10:17,LIGHT,,
2026-06-27,10:18,LIGHT,,
2026-06-27,10:19,LIGHT,,
2026-06-27,10:20,LIGHT,,
2026-06-27,10:21,LIGHT,,
2026-06-27,10:22,LIGHT,,
2026-06-27,10:23,LIGHT,,
2026-06-27,10:24,WAKE,,
2026-06-27,10:25,WAKE,,
2026-06-27,10:26,WAKE,,
2026-06-27,10:27,LIGHT,,
2026-06-27,10:28,LIGHT,,
2026-06-27,10:29,WAKE,,
2026-06-27,10:30,LIGHT,,
2026-06-27,10:31,WAKE,,
2026-06-27,10:32,LIGHT,,
2026-06-27,10:33,LIGHT,,
2026-06-27,10:34,LIGHT,,
2026-06-27,10:35,LIGHT,,
2026-06-27,10:36,WAKE,,
2026-06-27,10:37,LIGHT,,
2026-06-27,10:38,LIGHT,,
2026-06-27,10:39,LIGHT,,
2026-06-27,10:40,LIGHT,,
2026-06-27,10:41,LIGHT,,
2026-06-27,10:42,LIGHT,,
2026-06-27,10:43,LIGHT,,
2026-06-27,10:44,LIGHT,,
2026-06-27,10:45,WAKE,,
2026-06-27,10:46,LIGHT,,
2026-06-27,10:47,LIGHT,,
2026-06-27,10:48,LIGHT,,
2026-06-27,10:49,LIGHT,,
2026-06-27,10:50,LIGHT,,
2026-06-27,10:51,LIGHT,,
2026-06-27,10:52,LIGHT,,
2026-06-27,10:53,LIGHT,,
2026-06-27,10:54,LIGHT,,
2026-06-27,16:59,LIGHT,78,
2026-06-27,17:00,LIGHT,80,
2026-06-27,17:01,LIGHT,80,
2026-06-27,17:02,LIGHT,72,
2026-06-27,17:03,LIGHT,72,
2026-06-27,17:04,LIGHT,80,
2026-06-27,17:05,LIGHT,84,
2026-06-27,17:06,LIGHT,91,
2026-06-27,17:07,LIGHT,106,
2026-06-27,17:08,LIGHT,116,
2026-06-27,17:09,LIGHT,108,
2026-06-27,17:10,LIGHT,99,
2026-06-27,17:11,DEEP,99,
2026-06-27,17:12,DEEP,88,
2026-06-27,17:13,DEEP,78,
2026-06-27,17:14,DEEP,80,
2026-06-27,17:15,LIGHT,85,
2026-06-27,17:16,LIGHT,91,
2026-06-27,17:17,LIGHT,97,
2026-06-27,17:18,LIGHT,94,
2026-06-27,17:19,LIGHT,83,
2026-06-27,17:20,DEEP,74,
2026-06-27,17:21,DEEP,80,
2026-06-27,17:22,DEEP,120,
2026-06-27,17:23,DEEP,145,
2026-06-27,17:24,DEEP,158,
2026-06-27,17:25,DEEP,168,
2026-06-27,17:26,DEEP,167,
2026-06-27,17:27,DEEP,174,
2026-06-27,17:28,DEEP,174,
2026-06-27,17:29,DEEP,163,
2026-06-27,17:30,DEEP,162,
2026-06-27,17:31,DEEP,155,
2026-06-27,17:32,DEEP,164,
2026-06-27,17:33,DEEP,173,
2026-06-27,17:34,DEEP,175,
2026-06-27,17:35,DEEP,174,
2026-06-27,17:36,LIGHT,169,
2026-06-27,17:37,LIGHT,171,
2026-06-27,17:38,LIGHT,171,
2026-06-27,17:39,LIGHT,178,
2026-06-27,17:40,LIGHT,172,
2026-06-27,17:41,LIGHT,170,
2026-06-27,17:42,LIGHT,172,
2026-06-27,17:43,LIGHT,166,
2026-06-27,17:44,REM,163,
2026-06-27,17:45,REM,173,
2026-06-27,17:46,REM,180,
2026-06-27,17:47,REM,175,
2026-06-27,17:48,REM,168,
2026-06-27,17:49,REM,171,
2026-06-27,17:50,REM,170,
2026-06-27,17:51,REM,169,
2026-06-27,17:52,REM,173,
2026-06-27,17:53,REM,175,
2026-06-27,17:54,REM,173,
2026-06-27,17:55,REM,160,
2026-06-27,17:56,REM,134,
2026-06-27,17:57,REM,123,
2026-06-27,17:58,REM,142,
2026-06-27,17:59,REM,145,
2026-06-27,18:00,REM,143,
2026-06-27,18:01,REM,135,
2026-06-27,18:02,REM,135,
2026-06-27,18:03,REM,133,
2026-06-27,18:04,REM,143,
2026-06-27,18:05,REM,141,
2026-06-27,18:06,REM,134,
2026-06-27,18:07,REM,136,
2026-06-27,18:08,REM,146,
2026-06-27,18:09,REM,153,
2026-06-27,18:10,REM,166,
2026-06-27,18:11,REM,163,
2026-06-27,18:12,REM,162,
2026-06-27,18:13,LIGHT,170,
2026-06-27,18:14,LIGHT,175,
2026-06-27,18:15,LIGHT,174,
2026-06-27,18:16,LIGHT,174,
2026-06-27,18:17,LIGHT,175,
2026-06-27,18:18,LIGHT,173,
2026-06-27,18:19,LIGHT,170,
2026-06-27,18:20,LIGHT,170,
2026-06-27,18:21,LIGHT,166,
2026-06-27,18:22,LIGHT,163,
2026-06-27,18:23,LIGHT,171,
2026-06-27,18:24,LIGHT,169,
2026-06-27,18:25,LIGHT,169,
2026-06-27,18:26,LIGHT,173,
2026-06-27,18:27,LIGHT,141,
2026-06-27,18:28,LIGHT,120,
2026-06-27,18:29,LIGHT,113,
2026-06-27,18:30,LIGHT,115,
2026-06-27,18:31,LIGHT,122,
2026-06-27,18:32,LIGHT,122,
2026-06-27,18:33,LIGHT,132,
2026-06-27,18:34,LIGHT,144,
2026-06-27,18:35,LIGHT,151,
2026-06-27,18:36,LIGHT,155,
2026-06-27,18:37,LIGHT,165,
2026-06-28,06:03,LIGHT,45,
2026-06-28,06:04,LIGHT,45,
2026-06-28,06:05,LIGHT,45,
2026-06-28,06:06,LIGHT,45,
2026-06-28,06:07,LIGHT,45,
2026-06-28,06:08,LIGHT,54,
2026-06-28,06:09,LIGHT,48,
2026-06-28,06:10,LIGHT,48,
2026-06-28,06:11,LIGHT,46,
2026-06-28,06:12,LIGHT,52,
2026-06-28,06:13,LIGHT,54,
2026-06-28,06:14,LIGHT,60,
2026-06-28,06:15,LIGHT,59,
2026-06-28,06:16,LIGHT,65,
2026-06-28,06:17,LIGHT,54,
2026-06-28,06:18,LIGHT,55,
2026-06-28,06:19,LIGHT,57,
2026-06-28,06:20,LIGHT,57,
2026-06-28,06:21,LIGHT,64,
2026-06-28,06:22,LIGHT,61,
2026-06-28,06:23,DEEP,58,
2026-06-28,06:24,DEEP,60,
2026-06-28,06:25,DEEP,59,
2026-06-28,06:26,DEEP,56,
2026-06-28,06:27,DEEP,61,
2026-06-28,06:28,DEEP,61,
2026-06-28,06:29,DEEP,62,
2026-06-28,06:30,DEEP,65,
2026-06-28,06:31,DEEP,58,
2026-06-28,06:32,DEEP,60,
2026-06-28,06:33,DEEP,60,
2026-06-28,06:34,DEEP,67,
2026-06-28,06:35,DEEP,59,
2026-06-28,06:36,DEEP,55,
2026-06-28,06:37,DEEP,58,
2026-06-28,06:38,DEEP,58,
2026-06-28,06:39,DEEP,55,
2026-06-28,06:40,DEEP,62,
2026-06-28,06:41,DEEP,58,
2026-06-28,06:42,DEEP,51,
2026-06-28,06:43,DEEP,52,
2026-06-28,06:44,DEEP,53,
2026-06-28,06:45,DEEP,57,
2026-06-28,06:46,DEEP,62,
2026-06-28,06:47,DEEP,54,
2026-06-28,06:48,DEEP,58,
2026-06-28,06:49,DEEP,61,
2026-06-28,06:50,LIGHT,61,
2026-06-28,06:51,LIGHT,56,
2026-06-28,06:52,LIGHT,60,
2026-06-28,06:53,WAKE,62,
2026-06-28,06:54,LIGHT,54,
2026-06-28,06:55,LIGHT,56,
2026-06-28,06:56,LIGHT,55,
2026-06-28,06:57,LIGHT,57,
2026-06-28,06:58,LIGHT,51,
2026-06-28,06:59,REM,53,
2026-06-28,07:00,REM,56,
2026-06-28,07:01,REM,54,
2026-06-28,07:02,REM,55,
2026-06-28,07:03,REM,53,
2026-06-28,07:04,REM,53,
2026-06-28,07:05,REM,51,
2026-06-28,07:06,REM,53,
2026-06-28,07:07,REM,65,
2026-06-28,07:08,LIGHT,72,
2026-06-28,07:09,LIGHT,75,
2026-06-28,07:10,LIGHT,61,
2026-06-28,07:11,WAKE,55,
2026-06-28,07:12,WAKE,57,
2026-06-28,07:13,LIGHT,64,
2026-06-28,07:14,LIGHT,68,
2026-06-28,07:15,LIGHT,55,
2026-06-28,07:16,LIGHT,56,
2026-06-28,07:17,LIGHT,55,
2026-06-28,07:18,LIGHT,53,
2026-06-28,07:19,LIGHT,58,
2026-06-28,07:20,LIGHT,56,
2026-06-28,07:21,LIGHT,58,
2026-06-28,07:22,LIGHT,55,
2026-06-28,07:23,LIGHT,57,
2026-06-28,07:24,LIGHT,54,
2026-06-28,07:25,LIGHT,54,
2026-06-28,07:26,LIGHT,69,
2026-06-28,07:27,LIGHT,76,
2026-06-28,07:28,LIGHT,83,
2026-06-28,07:29,LIGHT,81,
2026-06-28,07:30,LIGHT,86,
2026-06-28,07:31,LIGHT,87,
2026-06-28,07:32,LIGHT,87,
2026-06-28,07:33,LIGHT,84,
2026-06-28,07:34,LIGHT,79,
2026-06-28,07:35,LIGHT,78,
2026-06-28,07:36,LIGHT,82,
2026-06-28,07:37,LIGHT,87,
2026-06-28,07:38,LIGHT,91,
2026-06-28,07:39,DEEP,89,
2026-06-28,07:40,DEEP,80,
2026-06-28,07:41,DEEP,72,
2026-06-28,07:42,DEEP,71,
2026-06-28,07:43,DEEP,63,
2026-06-28,07:44,DEEP,60,
2026-06-28,07:45,DEEP,61,
2026-06-28,07:46,LIGHT,62,
2026-06-28,07:47,LIGHT,56,
2026-06-28,07:48,LIGHT,57,
2026-06-28,07:49,LIGHT,62,
2026-06-28,07:50,LIGHT,64,
2026-06-28,07:51,LIGHT,59,
2026-06-28,07:52,LIGHT,60,
2026-06-28,07:53,LIGHT,64,
2026-06-28,07:54,LIGHT,64,
2026-06-28,07:55,LIGHT,67,
2026-06-28,07:56,LIGHT,74,
2026-06-28,07:57,LIGHT,79,
2026-06-28,07:58,LIGHT,73,
2026-06-28,07:59,LIGHT,72,
2026-06-28,08:00,LIGHT,75,
2026-06-28,08:01,LIGHT,80,
2026-06-28,08:02,LIGHT,95,
2026-06-28,08:03,LIGHT,102,
2026-06-28,08:04,LIGHT,96,
2026-06-28,08:05,LIGHT,98,
2026-06-28,08:06,LIGHT,105,
2026-06-28,08:07,LIGHT,107,
2026-06-28,08:08,LIGHT,99,
2026-06-28,08:09,LIGHT,96,
2026-06-28,08:10,LIGHT,90,
2026-06-28,08:11,LIGHT,90,
2026-06-28,08:12,REM,89,
2026-06-28,08:13,REM,90,
2026-06-28,08:14,REM,108,
2026-06-28,08:15,REM,125,
2026-06-28,08:16,REM,137,
2026-06-28,08:17,REM,141,
2026-06-28,08:18,REM,147,
2026-06-28,08:19,REM,152,
2026-06-28,08:20,REM,158,
2026-06-28,08:21,REM,160,
2026-06-28,08:22,REM,164,
2026-06-28,08:23,REM,164,
2026-06-28,08:24,REM,164,
2026-06-28,08:25,REM,164,
2026-06-28,08:26,REM,164,
2026-06-28,08:27,REM,162,
2026-06-28,08:28,REM,162,
2026-06-28,08:29,REM,163,
2026-06-28,08:30,REM,165,
2026-06-28,08:31,REM,164,
2026-06-28,08:32,REM,165,
2026-06-28,08:33,REM,172,
2026-06-28,08:34,REM,179,
2026-06-28,08:35,REM,182,
2026-06-28,08:36,REM,184,
2026-06-28,08:37,REM,186,
2026-06-28,08:38,REM,188,
2026-06-28,08:39,REM,190,
2026-06-28,08:40,REM,190,
2026-06-28,08:41,REM,190,
2026-06-28,08:42,REM,190,
2026-06-28,08:43,REM,164,
2026-06-28,08:44,REM,164,
2026-06-28,08:45,REM,181,
2026-06-28,08:46,REM,165,
2026-06-28,08:47,LIGHT,154,
2026-06-28,08:48,LIGHT,130,
2026-06-28,08:49,LIGHT,119,
2026-06-28,08:50,LIGHT,133,
2026-06-28,08:51,LIGHT,142,
2026-06-28,08:52,LIGHT,141,
2026-06-28,08:53,LIGHT,126,
2026-06-28,08:54,LIGHT,116,
2026-06-28,08:55,LIGHT,111,
2026-06-28,08:56,LIGHT,109,
2026-06-28,08:57,LIGHT,126,
2026-06-28,08:58,LIGHT,128,
2026-06-28,08:59,LIGHT,128,
2026-06-28,09:00,LIGHT,126,
2026-06-28,09:01,LIGHT,127,
2026-06-28,09:02,LIGHT,128,
2026-06-28,09:03,LIGHT,122,
2026-06-28,09:04,LIGHT,116,
2026-06-28,09:05,LIGHT,117,
2026-06-28,09:06,LIGHT,116,
2026-06-28,09:07,LIGHT,115,
2026-06-28,09:08,LIGHT,115,
2026-06-28,09:09,DEEP,112,
2026-06-28,09:10,DEEP,111,
2026-06-28,09:11,DEEP,108,
2026-06-28,09:12,DEEP,109,
2026-06-28,09:13,DEEP,109,
2026-06-28,09:14,DEEP,111,
2026-06-28,09:15,LIGHT,111,
2026-06-28,09:16,LIGHT,112,
2026-06-28,09:17,LIGHT,114,
2026-06-28,09:18,LIGHT,113,
2026-06-28,09:19,LIGHT,113,
2026-06-28,09:20,DEEP,110,
2026-06-28,09:21,DEEP,112,
2026-06-28,09:22,DEEP,107,
2026-06-28,09:23,DEEP,111,
2026-06-28,09:24,DEEP,113,
2026-06-28,09:25,DEEP,116,
2026-06-28,09:26,DEEP,113,
2026-06-28,09:27,DEEP,108,
2026-06-28,09:28,DEEP,106,
2026-06-28,09:29,DEEP,112,
2026-06-28,09:30,DEEP,112,
2026-06-28,09:31,DEEP,113,
2026-06-28,09:32,DEEP,111,
2026-06-28,09:33,DEEP,111,
2026-06-28,09:34,DEEP,111,
2026-06-28,09:35,LIGHT,108,
2026-06-28,09:36,LIGHT,112,
2026-06-28,09:37,LIGHT,106,
2026-06-28,09:38,LIGHT,100,
2026-06-28,09:39,LIGHT,98,
2026-06-29,01:25,LIGHT,75,
2026-06-29,01:26,LIGHT,81,
2026-06-29,01:27,LIGHT,83,
2026-06-29,01:28,LIGHT,80,
2026-06-29,01:29,LIGHT,86,
2026-06-29,01:30,LIGHT,83,
2026-06-29,01:31,LIGHT,77,
2026-06-29,01:32,LIGHT,78,
2026-06-29,01:33,LIGHT,83,
2026-06-29,01:34,LIGHT,90,
2026-06-29,01:35,LIGHT,94,
2026-06-29,01:36,DEEP,96,
2026-06-29,01:37,DEEP,96,
2026-06-29,01:38,DEEP,96,
2026-06-29,01:39,DEEP,97,
2026-06-29,01:40,DEEP,95,
2026-06-29,01:41,DEEP,98,
2026-06-29,01:42,DEEP,99,
2026-06-29,01:43,DEEP,100,
2026-06-29,01:44,DEEP,97,
2026-06-29,01:45,DEEP,96,
2026-06-29,01:46,DEEP,93,
2026-06-29,01:47,DEEP,93,
2026-06-29,01:48,DEEP,94,
2026-06-29,01:49,DEEP,88,
2026-06-29,01:50,DEEP,90,
2026-06-29,01:51,DEEP,90,
2026-06-29,01:52,DEEP,91,
2026-06-29,01:53,DEEP,88,
2026-06-29,01:54,DEEP,88,
2026-06-29,01:55,DEEP,88,
2026-06-29,01:56,DEEP,88,
2026-06-29,01:57,DEEP,97,
2026-06-29,01:58,DEEP,106,
2026-06-29,01:59,DEEP,100,
2026-06-29,02:00,DEEP,86,
2026-06-29,02:01,DEEP,81,
2026-06-29,02:02,DEEP,75,
2026-06-29,02:03,DEEP,73,
2026-06-29,02:04,DEEP,73,
2026-06-29,02:05,DEEP,73,
2026-06-29,02:06,DEEP,74,
2026-06-29,02:07,DEEP,76,
2026-06-29,02:08,DEEP,81,
2026-06-29,02:09,DEEP,81,
2026-06-29,02:10,DEEP,86,
2026-06-29,02:11,DEEP,77,
2026-06-29,02:12,DEEP,77,
2026-06-29,02:13,DEEP,88,
2026-06-29,02:14,LIGHT,106,
2026-06-29,02:15,LIGHT,106,
2026-06-29,02:16,LIGHT,103,
2026-06-29,02:17,WAKE,85,
2026-06-29,02:18,WAKE,79,
2026-06-29,02:19,LIGHT,77,
2026-06-29,02:20,LIGHT,73,
2026-06-29,02:21,LIGHT,73,
2026-06-29,02:22,LIGHT,73,
2026-06-29,02:23,LIGHT,75,
2026-06-29,02:24,REM,79,
2026-06-29,02:25,REM,76,
2026-06-29,02:26,REM,78,
2026-06-29,02:27,REM,81,
2026-06-29,02:28,REM,80,
2026-06-29,02:29,REM,79,
2026-06-29,02:30,REM,76,
2026-06-29,02:31,REM,76,
2026-06-29,02:32,REM,78,
2026-06-29,02:33,REM,77,
2026-06-29,02:34,REM,79,
2026-06-29,02:35,REM,73,
2026-06-29,02:36,REM,71,
2026-06-29,02:37,REM,73,
2026-06-29,02:38,REM,71,
2026-06-29,02:39,REM,71,
2026-06-29,02:40,REM,71,
2026-06-29,02:41,REM,70,
2026-06-29,02:42,REM,75,
2026-06-29,02:43,REM,81,
2026-06-29,02:44,LIGHT,109,
2026-06-29,02:45,LIGHT,114,
2026-06-29,02:46,LIGHT,101,
2026-06-29,02:47,LIGHT,80,
2026-06-29,02:48,LIGHT,78,
2026-06-29,02:49,LIGHT,72,
2026-06-29,02:50,LIGHT,69,
2026-06-29,02:51,LIGHT,66,
2026-06-29,02:52,LIGHT,66,
2026-06-29,02:53,LIGHT,64,
2026-06-29,02:54,LIGHT,65,
2026-06-29,02:55,LIGHT,65,
2026-06-29,02:56,LIGHT,66,
2026-06-29,02:57,LIGHT,66,
2026-06-29,02:58,LIGHT,66,
2026-06-29,02:59,LIGHT,68,
2026-06-29,03:00,LIGHT,68,
2026-06-29,03:01,LIGHT,67,
2026-06-29,03:02,LIGHT,67,
2026-06-29,03:03,LIGHT,67,
2026-06-29,03:04,LIGHT,66,
2026-06-29,03:05,LIGHT,66,
2026-06-29,03:06,LIGHT,65,
2026-06-29,03:07,LIGHT,64,
2026-06-29,03:08,LIGHT,64,
2026-06-29,03:09,LIGHT,64,
2026-06-29,03:10,LIGHT,64,
2026-06-29,03:11,LIGHT,64,
2026-06-29,03:12,LIGHT,64,
2026-06-29,03:13,LIGHT,64,
2026-06-29,03:14,LIGHT,64,
2026-06-29,03:15,LIGHT,64,
2026-06-29,03:16,LIGHT,64,
2026-06-29,03:17,LIGHT,64,
2026-06-29,03:18,LIGHT,64,
2026-06-29,03:19,LIGHT,65,
2026-06-29,03:20,LIGHT,65,
2026-06-29,03:21,LIGHT,64,
2026-06-29,03:22,LIGHT,65,
2026-06-29,03:23,LIGHT,66,
2026-06-29,03:24,LIGHT,78,
2026-06-29,03:25,LIGHT,72,
2026-06-29,03:26,LIGHT,65,
2026-06-29,03:27,LIGHT,63,
2026-06-29,03:28,LIGHT,63,
2026-06-29,03:29,LIGHT,63,
2026-06-29,03:30,LIGHT,63,
2026-06-29,03:31,LIGHT,63,
2026-06-29,03:32,LIGHT,64,
2026-06-29,03:33,LIGHT,64,
2026-06-29,03:34,LIGHT,64,
2026-06-29,03:35,LIGHT,64,
2026-06-29,03:36,LIGHT,65,
2026-06-29,03:37,LIGHT,67,
2026-06-29,03:38,LIGHT,77,
2026-06-29,03:39,LIGHT,69,
2026-06-29,03:40,LIGHT,66,
2026-06-29,03:41,LIGHT,60,
2026-06-29,03:42,LIGHT,60,
2026-06-29,03:43,LIGHT,60,
2026-06-29,03:44,LIGHT,60,
2026-06-29,03:45,LIGHT,59,
2026-06-29,03:46,LIGHT,59,
2026-06-29,03:47,LIGHT,59,
2026-06-29,03:48,LIGHT,62,
2026-06-29,03:49,LIGHT,63,
2026-06-29,03:50,LIGHT,63,
2026-06-29,03:51,LIGHT,63,
2026-06-29,03:52,LIGHT,62,
2026-06-29,03:53,LIGHT,62,
2026-06-29,03:54,LIGHT,62,
2026-06-29,03:55,LIGHT,64,
2026-06-29,03:56,REM,64,
2026-06-29,03:57,REM,64,
2026-06-29,03:58,REM,63,
2026-06-29,03:59,REM,64,
2026-06-29,04:00,REM,64,
2026-06-29,04:01,REM,63,
2026-06-29,04:02,REM,68,
2026-06-29,04:03,REM,72,
2026-06-29,04:04,REM,66,
2026-06-29,04:05,REM,67,
2026-06-29,04:06,REM,60,
2026-06-29,04:07,REM,61,
2026-06-29,04:08,REM,63,
2026-06-29,04:09,REM,57,
2026-06-29,04:10,REM,61,
2026-06-29,04:11,REM,61,
2026-06-29,04:12,REM,62,
2026-06-29,04:13,REM,63,
2026-06-29,04:14,REM,65,
2026-06-29,04:15,REM,66,
2026-06-29,04:16,REM,62,
2026-06-29,04:17,REM,62,
2026-06-29,04:18,REM,61,
2026-06-29,04:19,LIGHT,62,
2026-06-29,04:20,LIGHT,64,
2026-06-29,04:21,LIGHT,65,
2026-06-29,04:22,LIGHT,64,
2026-06-29,04:23,LIGHT,64,
2026-06-29,04:24,LIGHT,64,
2026-06-29,04:25,LIGHT,64,
2026-06-29,04:26,LIGHT,66,
2026-06-29,04:27,LIGHT,68,
2026-06-29,04:28,LIGHT,64,
2026-06-29,04:29,LIGHT,64,
2026-06-29,04:30,LIGHT,63,
2026-06-29,04:31,LIGHT,60,
2026-06-29,04:32,LIGHT,60,
2026-06-29,04:33,LIGHT,62,
2026-06-29,04:34,LIGHT,63,
2026-06-29,04:35,LIGHT,63,
2026-06-29,04:36,LIGHT,61,
2026-06-29,04:37,LIGHT,61,
2026-06-29,04:38,LIGHT,62,
2026-06-29,04:39,LIGHT,62,
2026-06-29,04:40,DEEP,61,
2026-06-29,04:41,DEEP,61,
2026-06-29,04:42,DEEP,62,
2026-06-29,04:43,DEEP,62,
2026-06-29,04:44,DEEP,62,
2026-06-29,04:45,DEEP,62,
2026-06-29,04:46,DEEP,62,
2026-06-29,04:47,DEEP,63,
2026-06-29,04:48,DEEP,63,
2026-06-29,04:49,DEEP,62,
2026-06-29,04:50,DEEP,64,
2026-06-29,04:51,DEEP,64,
2026-06-29,04:52,DEEP,63,
2026-06-29,04:53,DEEP,62,
2026-06-29,04:54,DEEP,62,
2026-06-29,04:55,DEEP,62,
2026-06-29,04:56,DEEP,62,
2026-06-29,04:57,DEEP,62,
2026-06-29,04:58,LIGHT,64,
2026-06-29,04:59,LIGHT,65,
2026-06-29,05:00,LIGHT,62,
2026-06-29,05:01,LIGHT,62,
2026-06-29,05:02,LIGHT,62,
2026-06-29,05:03,LIGHT,62,
2026-06-29,05:04,LIGHT,62,
2026-06-29,05:05,LIGHT,64,
2026-06-29,05:06,LIGHT,62,
2026-06-29,05:07,LIGHT,62,
2026-06-29,05:08,LIGHT,61,
2026-06-29,05:09,LIGHT,61,
2026-06-29,05:10,LIGHT,61,
2026-06-29,05:11,LIGHT,61,
2026-06-29,05:12,LIGHT,62,
2026-06-29,05:13,LIGHT,63,
2026-06-29,05:14,LIGHT,62,
2026-06-29,05:15,LIGHT,62,
2026-06-29,05:16,LIGHT,62,
2026-06-29,05:17,LIGHT,62,
2026-06-29,05:18,LIGHT,62,
2026-06-29,05:19,LIGHT,62,
2026-06-29,05:20,LIGHT,79,
2026-06-29,05:21,LIGHT,71,
2026-06-29,05:22,LIGHT,71,
2026-06-29,05:23,LIGHT,69,
2026-06-29,05:24,DEEP,61,
2026-06-29,05:25,DEEP,58,
2026-06-29,05:26,DEEP,58,
2026-06-29,05:27,DEEP,58,
2026-06-29,05:28,LIGHT,58,
2026-06-29,05:29,LIGHT,64,
2026-06-29,05:30,LIGHT,58,
2026-06-29,05:31,LIGHT,58,
2026-06-29,05:32,LIGHT,70,
2026-06-29,05:33,LIGHT,61,
2026-06-29,05:34,LIGHT,57,
2026-06-29,05:35,LIGHT,67,
2026-06-29,05:36,LIGHT,61,
2026-06-29,05:37,LIGHT,57,
2026-06-29,05:38,LIGHT,57,
2026-06-29,05:39,LIGHT,57,
2026-06-29,05:40,LIGHT,54,
2026-06-29,05:41,LIGHT,54,
2026-06-29,05:42,LIGHT,55,
2026-06-29,05:43,LIGHT,57,
2026-06-29,05:44,LIGHT,56,
2026-06-29,05:45,LIGHT,53,
2026-06-29,05:46,LIGHT,57,
2026-06-29,05:47,LIGHT,59,
2026-06-29,05:48,LIGHT,60,
2026-06-29,05:49,LIGHT,60,
2026-06-29,05:50,LIGHT,62,
2026-06-29,05:51,LIGHT,63,
2026-06-29,05:52,LIGHT,61,
2026-06-29,05:53,LIGHT,62,
2026-06-29,05:54,LIGHT,62,
2026-06-29,05:55,LIGHT,64,
2026-06-29,05:56,LIGHT,66,
2026-06-29,05:57,LIGHT,64,
2026-06-29,05:58,LIGHT,66,
2026-06-29,05:59,LIGHT,71,
2026-06-29,06:00,REM,68,
2026-06-29,06:01,REM,62,
2026-06-29,06:02,LIGHT,59,
2026-06-29,06:03,LIGHT,58,
2026-06-29,06:04,LIGHT,59,
2026-06-29,06:05,LIGHT,64,
2026-06-29,06:06,LIGHT,58,
2026-06-29,06:07,LIGHT,56,
2026-06-29,06:08,LIGHT,56,
2026-06-29,12:34,LIGHT,61,
2026-06-29,12:35,LIGHT,63,
2026-06-29,12:36,LIGHT,59,
2026-06-29,12:37,LIGHT,56,
2026-06-29,12:38,LIGHT,58,
2026-06-29,12:39,LIGHT,60,
2026-06-29,12:40,LIGHT,60,
2026-06-29,12:41,LIGHT,62,
2026-06-29,12:42,LIGHT,60,
2026-06-29,12:43,LIGHT,57,
2026-06-29,12:44,LIGHT,60,
2026-06-29,12:45,LIGHT,62,
2026-06-29,12:46,LIGHT,59,
2026-06-29,12:47,LIGHT,54,
2026-06-29,12:48,LIGHT,59,
2026-06-29,12:49,LIGHT,56,
2026-06-29,12:50,LIGHT,58,
2026-06-29,12:51,LIGHT,62,
2026-06-29,12:52,LIGHT,58,
2026-06-29,12:53,LIGHT,58,
2026-06-29,12:54,LIGHT,55,
2026-06-29,12:55,LIGHT,58,
2026-06-29,12:56,LIGHT,57,
2026-06-29,12:57,DEEP,59,
2026-06-29,12:58,DEEP,59,
2026-06-29,12:59,DEEP,59,
2026-06-29,13:00,DEEP,61,
2026-06-29,13:01,DEEP,59,
2026-06-29,13:02,DEEP,59,
2026-06-29,13:03,LIGHT,58,
2026-06-29,13:04,LIGHT,57,
2026-06-29,13:05,LIGHT,61,
2026-06-29,13:06,LIGHT,57,
2026-06-29,13:07,LIGHT,61,
2026-06-29,13:08,LIGHT,60,
2026-06-29,13:09,LIGHT,58,
2026-06-29,13:10,LIGHT,55,
2026-06-29,13:11,DEEP,57,
2026-06-29,13:12,DEEP,58,
2026-06-29,13:13,DEEP,58,
2026-06-29,13:14,DEEP,57,
2026-06-29,13:15,DEEP,60,
2026-06-29,13:16,LIGHT,59,
2026-06-29,13:17,LIGHT,59,
2026-06-29,13:18,LIGHT,59,
2026-06-29,13:19,LIGHT,57,
2026-06-29,13:20,LIGHT,67,
2026-06-29,13:21,REM,79,
2026-06-29,13:22,REM,69,
2026-06-29,13:23,REM,59,
2026-06-29,13:24,REM,64,
2026-06-29,13:25,REM,59,
2026-06-29,13:26,REM,56,
2026-06-29,13:27,REM,55,
2026-06-29,13:28,REM,55,
2026-06-29,13:29,REM,57,
2026-06-29,13:30,REM,57,
2026-06-29,13:31,REM,54,
2026-06-29,13:32,REM,56,
2026-06-29,13:33,REM,59,
2026-06-29,13:34,REM,56,
2026-06-29,13:35,REM,56,
2026-06-29,13:36,REM,61,
2026-06-29,13:37,REM,60,
2026-06-29,13:38,REM,58,
2026-06-29,13:39,REM,59,
2026-06-29,13:40,REM,60,
2026-06-29,13:41,REM,54,
2026-06-29,13:42,REM,55,
2026-06-29,13:43,REM,62,
2026-06-29,13:44,REM,80,
2026-06-29,13:45,REM,84,
2026-06-29,13:46,REM,83,
2026-06-29,13:47,REM,85,
2026-06-29,13:48,REM,79,
2026-06-29,13:49,REM,73,
2026-06-29,13:50,REM,64,
2026-06-29,13:51,REM,70,
2026-06-29,13:52,REM,75,
2026-06-29,13:53,REM,70,
2026-06-29,13:54,REM,65,
2026-06-29,13:55,REM,66,
2026-06-29,13:56,REM,63,
2026-06-29,13:57,REM,55,
2026-06-29,13:58,LIGHT,55,
2026-06-29,13:59,LIGHT,57,
2026-06-29,14:00,LIGHT,56,
2026-06-29,14:01,LIGHT,55,
2026-06-29,14:02,LIGHT,55,
2026-06-29,14:03,LIGHT,57,
2026-06-29,14:04,LIGHT,63,
2026-06-29,14:05,LIGHT,59,
2026-06-29,14:06,LIGHT,59,
2026-06-29,14:07,LIGHT,56,
2026-06-29,14:08,LIGHT,60,
2026-06-29,14:09,LIGHT,63,
2026-06-29,14:10,LIGHT,61,
2026-06-29,14:11,LIGHT,56,
2026-06-29,14:12,LIGHT,61,
2026-06-29,14:13,LIGHT,63,
2026-06-29,14:14,LIGHT,64,
2026-06-29,14:15,LIGHT,61,
2026-06-29,14:16,LIGHT,69,
2026-06-29,14:17,LIGHT,58,
2026-06-29,14:18,LIGHT,56,
2026-06-29,14:19,LIGHT,55,
2026-06-29,14:20,LIGHT,53,
2026-06-29,14:21,LIGHT,56,
2026-06-29,14:22,LIGHT,57,
2026-06-29,14:23,LIGHT,57,
2026-06-29,14:24,WAKE,61,
2026-06-29,14:25,LIGHT,66,
2026-06-29,14:26,LIGHT,73,
2026-06-29,14:27,LIGHT,62,
2026-06-29,14:28,LIGHT,58,
2026-06-29,14:29,LIGHT,58,
2026-06-29,14:30,LIGHT,60,
2026-06-29,14:31,LIGHT,65,
2026-06-29,14:32,LIGHT,68,
2026-06-29,14:33,LIGHT,69,
2026-06-29,14:34,LIGHT,67,
2026-06-29,14:35,LIGHT,61,
2026-06-29,14:36,LIGHT,62,
2026-06-29,14:37,LIGHT,64,
2026-06-29,14:38,LIGHT,58,
2026-06-29,14:39,LIGHT,57,
2026-06-29,14:40,LIGHT,62,
2026-06-29,14:41,LIGHT,59,
2026-06-29,14:42,LIGHT,61,
2026-06-29,14:43,LIGHT,61,
2026-06-29,14:44,LIGHT,57,
2026-06-29,14:45,LIGHT,59,
2026-06-29,14:46,LIGHT,60,
2026-06-29,14:47,LIGHT,57,
2026-06-29,14:48,LIGHT,59,
2026-06-29,14:49,LIGHT,65,
2026-06-29,14:50,LIGHT,64,
2026-06-29,14:51,LIGHT,61,
2026-06-29,14:52,LIGHT,60,
2026-06-29,14:53,LIGHT,59,
2026-06-29,14:54,LIGHT,56,
2026-06-29,14:55,LIGHT,56,
2026-06-29,14:56,LIGHT,61,
2026-06-30,03:01,LIGHT,51,
2026-06-30,03:02,LIGHT,51,
2026-06-30,03:03,LIGHT,51,
2026-06-30,03:04,LIGHT,52,
2026-06-30,03:05,LIGHT,52,
2026-06-30,03:06,LIGHT,52,
2026-06-30,03:07,LIGHT,52,
2026-06-30,03:08,LIGHT,52,
2026-06-30,03:09,LIGHT,52,
2026-06-30,03:10,LIGHT,52,
2026-06-30,03:11,DEEP,52,
2026-06-30,03:12,DEEP,52,
2026-06-30,03:13,DEEP,52,
2026-06-30,03:14,DEEP,52,
2026-06-30,03:15,DEEP,52,
2026-06-30,03:16,DEEP,52,
2026-06-30,03:17,DEEP,52,
2026-06-30,03:18,DEEP,52,
2026-06-30,03:19,DEEP,52,
2026-06-30,03:20,DEEP,52,
2026-06-30,03:21,DEEP,52,
2026-06-30,03:22,LIGHT,52,
2026-06-30,03:23,LIGHT,52,
2026-06-30,03:24,LIGHT,52,
2026-06-30,03:25,WAKE,52,
2026-06-30,03:26,LIGHT,52,
2026-06-30,03:27,LIGHT,52,
2026-06-30,03:28,LIGHT,52,
2026-06-30,03:29,LIGHT,52,
2026-06-30,03:30,LIGHT,56,
2026-06-30,03:31,LIGHT,58,
2026-06-30,03:32,LIGHT,58,
2026-06-30,03:33,DEEP,54,
2026-06-30,03:34,DEEP,50,
2026-06-30,03:35,DEEP,50,
2026-06-30,03:36,DEEP,52,
2026-06-30,03:37,DEEP,52,
2026-06-30,03:38,DEEP,51,
2026-06-30,03:39,LIGHT,51,
2026-06-30,03:40,LIGHT,51,
2026-06-30,03:41,LIGHT,58,
2026-06-30,03:42,LIGHT,53,
2026-06-30,03:43,LIGHT,52,
2026-06-30,03:44,LIGHT,51,
2026-06-30,03:45,LIGHT,53,
2026-06-30,03:46,DEEP,50,
2026-06-30,03:47,DEEP,50,
2026-06-30,03:48,DEEP,49,
2026-06-30,03:49,DEEP,50,
2026-06-30,03:50,DEEP,50,
2026-06-30,03:51,DEEP,50,
2026-06-30,03:52,DEEP,50,
2026-06-30,03:53,DEEP,50,
2026-06-30,03:54,DEEP,50,
2026-06-30,03:55,DEEP,49,
2026-06-30,03:56,DEEP,49,
2026-06-30,03:57,DEEP,50,
2026-06-30,03:58,DEEP,50,
2026-06-30,03:59,DEEP,50,
2026-06-30,04:00,DEEP,50,
2026-06-30,04:01,DEEP,50,
2026-06-30,04:02,DEEP,50,
2026-06-30,04:03,DEEP,50,
2026-06-30,04:04,LIGHT,50,
2026-06-30,04:05,LIGHT,50,
2026-06-30,04:06,LIGHT,50,
2026-06-30,04:07,LIGHT,50,
2026-06-30,04:08,LIGHT,49,
2026-06-30,04:09,LIGHT,50,
2026-06-30,04:10,LIGHT,50,
2026-06-30,04:11,REM,50,
2026-06-30,04:12,REM,49,
2026-06-30,04:13,REM,49,
2026-06-30,04:14,REM,49,
2026-06-30,04:15,REM,49,
2026-06-30,04:16,REM,49,
2026-06-30,04:17,REM,49,
2026-06-30,04:18,REM,49,
2026-06-30,04:19,REM,49,
2026-06-30,04:20,REM,50,
2026-06-30,04:21,REM,50,
2026-06-30,04:22,REM,57,
2026-06-30,04:23,REM,56,
2026-06-30,04:24,REM,49,
2026-06-30,04:25,REM,46,
2026-06-30,04:26,REM,46,
2026-06-30,04:27,REM,48,
2026-06-30,04:28,REM,49,
2026-06-30,04:29,REM,48,
2026-06-30,04:30,REM,48,
2026-06-30,04:31,REM,48,
2026-06-30,04:32,REM,51,
2026-06-30,04:33,LIGHT,48,
2026-06-30,04:34,LIGHT,48,
2026-06-30,04:35,LIGHT,48,
2026-06-30,04:36,LIGHT,48,
2026-06-30,04:37,LIGHT,48,
2026-06-30,04:38,LIGHT,48,
2026-06-30,04:39,LIGHT,48,
2026-06-30,04:40,LIGHT,53,
2026-06-30,04:41,LIGHT,48,
2026-06-30,04:42,LIGHT,47,
2026-06-30,04:43,LIGHT,47,
2026-06-30,04:44,LIGHT,48,
2026-06-30,04:45,LIGHT,48,
2026-06-30,04:46,LIGHT,48,
2026-06-30,04:47,LIGHT,48,
2026-06-30,04:48,LIGHT,51,
2026-06-30,04:49,LIGHT,47,
2026-06-30,04:50,LIGHT,47,
2026-06-30,04:51,LIGHT,47,
2026-06-30,04:52,LIGHT,48,
2026-06-30,04:53,LIGHT,48,
2026-06-30,04:54,DEEP,47,
2026-06-30,04:55,DEEP,48,
2026-06-30,04:56,DEEP,48,
2026-06-30,04:57,DEEP,48,
2026-06-30,04:58,DEEP,50,
2026-06-30,04:59,DEEP,47,
2026-06-30,05:00,DEEP,47,
2026-06-30,05:01,DEEP,45,
2026-06-30,05:02,DEEP,46,
2026-06-30,05:03,DEEP,47,
2026-06-30,05:04,DEEP,47,
2026-06-30,05:05,DEEP,48,
2026-06-30,05:06,DEEP,49,
2026-06-30,05:07,DEEP,49,
2026-06-30,05:08,DEEP,51,
2026-06-30,05:09,DEEP,48,
2026-06-30,05:10,DEEP,47,
2026-06-30,05:11,DEEP,47,
2026-06-30,05:12,DEEP,47,
2026-06-30,05:13,DEEP,47,
2026-06-30,05:14,DEEP,47,
2026-06-30,05:15,DEEP,47,
2026-06-30,05:16,DEEP,47,
2026-06-30,05:17,DEEP,47,
2026-06-30,05:18,LIGHT,47,
2026-06-30,05:19,LIGHT,47,
2026-06-30,05:20,LIGHT,46,
2026-06-30,05:21,WAKE,46,
2026-06-30,05:22,LIGHT,46,
2026-06-30,05:23,LIGHT,46,
2026-06-30,05:24,LIGHT,47,
2026-06-30,05:25,LIGHT,47,
2026-06-30,05:26,LIGHT,47,
2026-06-30,05:27,LIGHT,46,
2026-06-30,05:28,LIGHT,47,
2026-06-30,05:29,LIGHT,48,
2026-06-30,05:30,LIGHT,50,
2026-06-30,05:31,LIGHT,47,
2026-06-30,05:32,LIGHT,46,
2026-06-30,05:33,LIGHT,47,
2026-06-30,05:34,LIGHT,47,
2026-06-30,05:35,LIGHT,47,
2026-06-30,05:36,LIGHT,46,
2026-06-30,05:37,LIGHT,46,
2026-06-30,05:38,LIGHT,48,
2026-06-30,05:39,LIGHT,48,
2026-06-30,05:40,LIGHT,48,
2026-06-30,05:41,LIGHT,48,
2026-06-30,05:42,LIGHT,48,
2026-06-30,05:43,REM,48,
2026-06-30,05:44,REM,47,
2026-06-30,05:45,REM,47,
2026-06-30,05:46,REM,47,
2026-06-30,05:47,REM,47,
2026-06-30,05:48,REM,47,
2026-06-30,05:49,REM,46,
2026-06-30,05:50,REM,46,
2026-06-30,05:51,REM,46,
2026-06-30,05:52,REM,46,
2026-06-30,05:53,REM,46,
2026-06-30,05:54,REM,51,
2026-06-30,05:55,REM,50,
2026-06-30,05:56,REM,57,
2026-06-30,05:57,REM,45,
2026-06-30,05:58,REM,42,
2026-06-30,05:59,REM,42,
2026-06-30,06:00,REM,42,
2026-06-30,06:01,LIGHT,44,
2026-06-30,06:02,LIGHT,44,
2026-06-30,06:03,LIGHT,44,
2026-06-30,06:04,LIGHT,44,
2026-06-30,06:05,LIGHT,44,
2026-06-30,06:06,LIGHT,44,
2026-06-30,06:07,LIGHT,44,
2026-06-30,06:08,LIGHT,44,
2026-06-30,06:09,LIGHT,44,
2026-06-30,06:10,LIGHT,44,
2026-06-30,06:11,LIGHT,45,
2026-06-30,06:12,LIGHT,44,
2026-06-30,06:13,LIGHT,45,
2026-06-30,06:14,LIGHT,45,
2026-06-30,06:15,LIGHT,45,
2026-06-30,06:16,LIGHT,45,
2026-06-30,06:17,LIGHT,45,
2026-06-30,06:18,LIGHT,45,
2026-06-30,06:19,LIGHT,45,
2026-06-30,06:20,LIGHT,45,
2026-06-30,06:21,LIGHT,45,
2026-06-30,06:22,LIGHT,45,
2026-06-30,06:23,LIGHT,45,
2026-06-30,06:24,LIGHT,45,
2026-06-30,06:25,LIGHT,45,
2026-06-30,06:26,LIGHT,45,
2026-06-30,06:27,LIGHT,45,
2026-06-30,06:28,LIGHT,45,
2026-06-30,06:29,LIGHT,45,
2026-06-30,06:30,LIGHT,45,
2026-06-30,06:31,LIGHT,45,
2026-06-30,06:32,LIGHT,45,
2026-06-30,06:33,LIGHT,45,
2026-06-30,06:34,LIGHT,45,
2026-06-30,06:35,LIGHT,45,
2026-06-30,06:36,WAKE,45,
2026-06-30,06:37,WAKE,45,
2026-06-30,06:38,WAKE,47,
2026-06-30,06:39,WAKE,55,
2026-06-30,06:40,WAKE,46,
2026-06-30,06:41,WAKE,43,
2026-06-30,06:42,LIGHT,43,
2026-06-30,06:43,LIGHT,43,
2026-06-30,06:44,LIGHT,43,
2026-06-30,06:45,LIGHT,44,
2026-06-30,06:46,LIGHT,44,
2026-06-30,06:47,LIGHT,45,
2026-06-30,06:48,LIGHT,45,
2026-06-30,06:49,LIGHT,49,
2026-06-30,06:50,LIGHT,45,
2026-06-30,06:51,LIGHT,46,
2026-06-30,06:52,LIGHT,46,
2026-06-30,06:53,LIGHT,47,
2026-06-30,06:54,LIGHT,52,
2026-06-30,06:55,LIGHT,49,
2026-06-30,06:56,LIGHT,43,
2026-06-30,06:57,LIGHT,44,
2026-06-30,06:58,LIGHT,44,
2026-06-30,06:59,LIGHT,44,
2026-06-30,07:00,LIGHT,44,
2026-06-30,07:01,LIGHT,45,
2026-06-30,07:02,LIGHT,45,
2026-06-30,07:03,LIGHT,55,
2026-06-30,07:04,LIGHT,59,
2026-06-30,07:05,LIGHT,55,
2026-06-30,07:06,LIGHT,49,
2026-06-30,07:07,LIGHT,46,
2026-06-30,07:08,LIGHT,46,
2026-06-30,07:09,LIGHT,45,
2026-06-30,07:10,LIGHT,45,
2026-06-30,07:11,LIGHT,45,
2026-06-30,07:12,LIGHT,46,
2026-06-30,07:13,LIGHT,46,
2026-06-30,07:14,LIGHT,48,
2026-06-30,07:15,LIGHT,46,
2026-06-30,07:16,LIGHT,46,
2026-06-30,07:17,LIGHT,46,
2026-06-30,07:18,LIGHT,46,
2026-06-30,07:19,LIGHT,46,
2026-06-30,07:20,LIGHT,46,
2026-06-30,07:21,LIGHT,46,
2026-06-30,07:22,LIGHT,46,
2026-06-30,07:23,LIGHT,46,
2026-06-30,07:24,LIGHT,48,
2026-06-30,07:25,LIGHT,48,
2026-06-30,07:26,LIGHT,53,
2026-06-30,07:27,LIGHT,48,
2026-06-30,07:28,LIGHT,48,
2026-06-30,07:29,LIGHT,50,
2026-06-30,07:30,LIGHT,47,
2026-06-30,07:31,LIGHT,51,
2026-06-30,07:32,LIGHT,47,
2026-06-30,07:33,LIGHT,47,
2026-06-30,07:34,LIGHT,47,
2026-06-30,07:35,LIGHT,48,
2026-06-30,07:36,LIGHT,47,
2026-06-30,07:37,LIGHT,49,
2026-06-30,07:38,LIGHT,49,
2026-06-30,07:39,LIGHT,46,
2026-06-30,07:40,LIGHT,46,
2026-06-30,07:41,LIGHT,45,
2026-06-30,07:42,LIGHT,45,
2026-06-30,07:43,LIGHT,45,
2026-06-30,07:44,LIGHT,45,
2026-06-30,07:45,LIGHT,45,
2026-06-30,07:46,LIGHT,45,
2026-06-30,07:47,LIGHT,45,
2026-06-30,07:48,LIGHT,45,
2026-06-30,07:49,LIGHT,45,
2026-06-30,07:50,LIGHT,45,
2026-06-30,07:51,LIGHT,46,
2026-06-30,07:52,LIGHT,46,
2026-06-30,07:53,LIGHT,46,
2026-06-30,07:54,LIGHT,46,
2026-06-30,07:55,LIGHT,46,
2026-06-30,07:56,LIGHT,46,
2026-06-30,07:57,LIGHT,46,
2026-06-30,07:58,LIGHT,45,
2026-06-30,07:59,LIGHT,45,
2026-06-30,08:00,LIGHT,45,
2026-06-30,08:01,LIGHT,45,
2026-06-30,08:02,LIGHT,46,
2026-06-30,08:03,LIGHT,48,
2026-06-30,08:04,LIGHT,46,
2026-06-30,08:05,LIGHT,46,
2026-06-30,08:06,LIGHT,44,
2026-06-30,08:07,LIGHT,44,
2026-06-30,08:08,LIGHT,45,
2026-06-30,08:09,WAKE,45,
2026-06-30,08:10,WAKE,45,
2026-06-30,08:11,WAKE,45,
2026-06-30,08:12,WAKE,45,
2026-06-30,08:13,WAKE,45,
2026-06-30,08:14,WAKE,45,
2026-06-30,08:15,WAKE,45,
2026-06-30,08:16,WAKE,45,
2026-06-30,08:17,WAKE,45,
2026-06-30,08:18,WAKE,45,
2026-06-30,08:19,WAKE,45,
2026-06-30,08:20,WAKE,45,
2026-06-30,08:21,WAKE,45,
2026-06-30,08:22,WAKE,45,
2026-06-30,08:23,WAKE,45,
2026-06-30,08:24,WAKE,45,
2026-06-30,08:25,WAKE,45,
2026-06-30,08:26,WAKE,46,
2026-06-30,08:27,WAKE,46,
2026-06-30,08:28,WAKE,46,
2026-06-30,08:29,WAKE,46,
2026-06-30,08:30,WAKE,54,
2026-06-30,08:31,WAKE,48,
2026-06-30,08:32,LIGHT,47,
2026-06-30,08:33,LIGHT,47,
2026-06-30,08:34,LIGHT,46,
2026-06-30,08:35,LIGHT,46,
2026-06-30,08:36,LIGHT,52,
2026-06-30,08:37,LIGHT,53,
2026-06-30,08:38,LIGHT,45,
2026-06-30,08:39,LIGHT,45,
2026-06-30,08:40,LIGHT,45,
2026-06-30,08:41,LIGHT,44,
2026-06-30,08:42,LIGHT,44,
2026-06-30,08:43,LIGHT,44,
2026-06-30,08:44,LIGHT,45,
2026-06-30,08:45,LIGHT,43,
2026-06-30,08:46,LIGHT,44,
2026-06-30,08:47,LIGHT,44,
2026-06-30,08:48,LIGHT,46,
2026-06-30,08:49,LIGHT,43,
2026-06-30,08:50,LIGHT,43,
2026-06-30,08:51,LIGHT,43,
2026-06-30,08:52,REM,42,
2026-06-30,08:53,REM,44,
2026-06-30,08:54,REM,44,
2026-06-30,08:55,REM,44,
2026-06-30,08:56,REM,44,
2026-06-30,08:57,REM,44,
2026-06-30,08:58,REM,45,
2026-06-30,08:59,REM,46,
2026-06-30,09:00,REM,48,
2026-06-30,09:01,REM,42,
2026-06-30,09:02,REM,41,
2026-06-30,09:03,REM,42,
2026-06-30,09:04,REM,43,
2026-06-30,09:05,REM,43,
2026-06-30,09:06,REM,43,
2026-06-30,09:07,REM,43,
2026-06-30,09:08,REM,44,
2026-06-30,09:09,REM,44,
2026-06-30,09:10,REM,44,
2026-06-30,09:11,REM,45,
2026-06-30,09:12,REM,45,
2026-06-30,09:13,REM,45,
2026-06-30,09:14,REM,45,
2026-06-30,09:15,REM,45,
2026-06-30,09:16,REM,45,
2026-06-30,09:17,REM,45,
2026-06-30,09:18,REM,52,
2026-06-30,09:19,REM,47,
2026-06-30,09:20,REM,45,
2026-06-30,09:21,REM,44,
2026-06-30,09:22,REM,44,
2026-06-30,09:23,REM,44,
2026-06-30,09:24,REM,44,
2026-06-30,09:25,REM,44,
2026-06-30,09:26,REM,44,
2026-06-30,09:27,LIGHT,44,
2026-06-30,09:28,LIGHT,45,
2026-06-30,09:29,LIGHT,45,
2026-06-30,09:30,LIGHT,51,
2026-06-30,09:31,LIGHT,45,
2026-06-30,09:32,LIGHT,42,
2026-06-30,09:33,LIGHT,42,
2026-06-30,09:34,DEEP,44,
2026-06-30,09:35,DEEP,44,
2026-06-30,09:36,DEEP,45,
2026-06-30,09:37,DEEP,45,
2026-06-30,09:38,DEEP,45,
2026-06-30,09:39,DEEP,51,
2026-06-30,09:40,DEEP,53,
2026-06-30,09:41,DEEP,45,
2026-06-30,09:42,DEEP,42,
2026-06-30,09:43,DEEP,44,
2026-06-30,09:44,DEEP,42,
2026-06-30,09:45,DEEP,42,
2026-06-30,09:46,DEEP,44,
2026-06-30,09:47,DEEP,44,
2026-06-30,09:48,DEEP,45,
2026-06-30,09:49,DEEP,47,
2026-06-30,09:50,DEEP,49,
2026-06-30,09:51,DEEP,43,
2026-06-30,09:52,DEEP,43,
2026-06-30,09:53,DEEP,44,
2026-06-30,09:54,DEEP,45,
2026-06-30,09:55,DEEP,47,
2026-06-30,09:56,DEEP,50,
2026-06-30,09:57,DEEP,50,
2026-06-30,09:58,LIGHT,45,
2026-06-30,09:59,LIGHT,44,
2026-06-30,10:00,LIGHT,47,
2026-06-30,10:01,WAKE,44,
2026-06-30,10:02,WAKE,46,
2026-06-30,10:03,LIGHT,45,
2026-06-30,10:04,LIGHT,52,
2026-06-30,10:05,LIGHT,48,
2026-06-30,10:06,LIGHT,58,
2026-06-30,10:07,LIGHT,58,
2026-06-30,10:08,LIGHT,59,
2026-06-30,10:09,LIGHT,64,
2026-06-30,10:10,LIGHT,63,
2026-06-30,10:11,LIGHT,61,
2026-06-30,10:12,LIGHT,58,
2026-06-30,10:13,LIGHT,59,
2026-06-30,10:14,LIGHT,56,
2026-06-30,10:15,LIGHT,56,
2026-06-30,10:16,LIGHT,52,
2026-06-30,10:17,LIGHT,51,
2026-06-30,10:18,REM,56,
2026-06-30,10:19,REM,50,
2026-06-30,10:20,REM,57,
2026-06-30,10:21,REM,49,
2026-06-30,10:22,REM,51,
2026-06-30,10:23,REM,48,
2026-06-30,10:24,REM,50,
2026-06-30,10:25,REM,50,
2026-06-30,10:26,REM,55,
2026-06-30,10:27,REM,60,
2026-06-30,10:28,REM,54,
2026-06-30,10:29,REM,51,
2026-06-30,10:30,REM,56,
2026-06-30,10:31,REM,61,
2026-06-30,10:32,LIGHT,54,
2026-06-30,10:33,LIGHT,52,
2026-06-30,10:34,LIGHT,59,
2026-06-30,10:35,LIGHT,61,
2026-06-30,10:36,LIGHT,62,
2026-06-30,18:24,LIGHT,54,
2026-06-30,18:25,LIGHT,54,
2026-06-30,18:26,LIGHT,53,
2026-06-30,18:27,LIGHT,53,
2026-06-30,18:28,LIGHT,53,
2026-06-30,18:29,LIGHT,55,
2026-06-30,18:30,LIGHT,53,
2026-06-30,18:31,LIGHT,53,
2026-06-30,18:32,LIGHT,52,
2026-06-30,18:33,LIGHT,52,
2026-06-30,18:34,LIGHT,52,
2026-06-30,18:35,LIGHT,52,
2026-06-30,18:36,LIGHT,52,
2026-06-30,18:37,LIGHT,51,
2026-06-30,18:38,LIGHT,52,
2026-06-30,18:39,LIGHT,52,
2026-06-30,18:40,LIGHT,59,
2026-06-30,18:41,LIGHT,53,
2026-06-30,18:42,LIGHT,61,
2026-06-30,18:43,LIGHT,63,
2026-06-30,18:44,LIGHT,63,
2026-06-30,18:45,DEEP,65,
2026-06-30,18:46,DEEP,59,
2026-06-30,18:47,DEEP,59,
2026-06-30,18:48,DEEP,59,
2026-06-30,18:49,DEEP,58,
2026-06-30,18:50,DEEP,66,
2026-06-30,18:51,DEEP,60,
2026-06-30,18:52,DEEP,57,
2026-06-30,18:53,DEEP,57,
2026-06-30,18:54,DEEP,59,
2026-06-30,18:55,DEEP,57,
2026-06-30,18:56,DEEP,57,
2026-06-30,18:57,DEEP,57,
2026-06-30,18:58,DEEP,57,
2026-06-30,18:59,DEEP,61,
2026-06-30,19:00,LIGHT,82,
2026-06-30,19:01,LIGHT,82,
2026-06-30,19:02,LIGHT,80,
2026-06-30,19:03,LIGHT,81,
2026-06-30,19:04,LIGHT,76,
2026-06-30,19:05,LIGHT,70,
2026-06-30,19:06,LIGHT,66,
2026-07-01,02:40,LIGHT,44,
2026-07-01,02:41,LIGHT,44,
2026-07-01,02:42,LIGHT,44,
2026-07-01,02:43,LIGHT,44,
2026-07-01,02:44,LIGHT,49,
2026-07-01,02:45,LIGHT,44,
2026-07-01,02:46,LIGHT,44,
2026-07-01,02:47,LIGHT,43,
2026-07-01,02:48,LIGHT,43,
2026-07-01,02:49,LIGHT,43,
2026-07-01,02:50,LIGHT,43,
2026-07-01,02:51,LIGHT,43,
2026-07-01,02:52,DEEP,43,
2026-07-01,02:53,DEEP,44,
2026-07-01,02:54,DEEP,44,
2026-07-01,02:55,DEEP,48,
2026-07-01,02:56,DEEP,47,
2026-07-01,02:57,DEEP,44,
2026-07-01,02:58,DEEP,42,
2026-07-01,02:59,DEEP,43,
2026-07-01,03:00,DEEP,44,
2026-07-01,03:01,DEEP,44,
2026-07-01,03:02,DEEP,44,
2026-07-01,03:03,DEEP,46,
2026-07-01,03:04,DEEP,46,
2026-07-01,03:05,DEEP,48,
2026-07-01,03:06,DEEP,50,
2026-07-01,03:07,DEEP,47,
2026-07-01,03:08,DEEP,45,
2026-07-01,03:09,DEEP,45,
2026-07-01,03:10,DEEP,45,
2026-07-01,03:11,DEEP,44,
2026-07-01,03:12,DEEP,46,
2026-07-01,03:13,DEEP,46,
2026-07-01,03:14,DEEP,46,
2026-07-01,03:15,DEEP,44,
2026-07-01,03:16,DEEP,48,
2026-07-01,03:17,DEEP,47,
2026-07-01,03:18,DEEP,47,
2026-07-01,03:19,DEEP,47,
2026-07-01,03:20,DEEP,49,
2026-07-01,03:21,DEEP,48,
2026-07-01,03:22,DEEP,48,
2026-07-01,03:23,DEEP,48,
2026-07-01,03:24,DEEP,47,
2026-07-01,03:25,DEEP,48,
2026-07-01,03:26,DEEP,48,
2026-07-01,03:27,DEEP,46,
2026-07-01,03:28,DEEP,46,
2026-07-01,03:29,DEEP,45,
2026-07-01,03:30,DEEP,44,
2026-07-01,03:31,DEEP,44,
2026-07-01,03:32,DEEP,44,
2026-07-01,03:33,LIGHT,44,
2026-07-01,03:34,LIGHT,44,
2026-07-01,03:35,LIGHT,45,
2026-07-01,03:36,LIGHT,45,
2026-07-01,03:37,LIGHT,44,
2026-07-01,03:38,LIGHT,44,
2026-07-01,03:39,LIGHT,44,
2026-07-01,03:40,LIGHT,44,
2026-07-01,03:41,LIGHT,44,
2026-07-01,03:42,WAKE,44,
2026-07-01,03:43,WAKE,44,
2026-07-01,03:44,LIGHT,43,
2026-07-01,03:45,LIGHT,43,
2026-07-01,03:46,WAKE,44,
2026-07-01,03:47,LIGHT,44,
2026-07-01,03:48,LIGHT,44,
2026-07-01,03:49,LIGHT,44,
2026-07-01,03:50,LIGHT,51,
2026-07-01,03:51,LIGHT,46,
2026-07-01,03:52,LIGHT,45,
2026-07-01,03:53,LIGHT,45,
2026-07-01,03:54,LIGHT,45,
2026-07-01,03:55,LIGHT,50,
2026-07-01,03:56,LIGHT,49,
2026-07-01,03:57,LIGHT,46,
2026-07-01,03:58,LIGHT,43,
2026-07-01,03:59,LIGHT,43,
2026-07-01,04:00,LIGHT,48,
2026-07-01,04:01,LIGHT,45,
2026-07-01,04:02,LIGHT,44,
2026-07-01,04:03,LIGHT,53,
2026-07-01,04:04,LIGHT,57,
2026-07-01,04:05,LIGHT,52,
2026-07-01,04:06,LIGHT,55,
2026-07-01,04:07,LIGHT,54,
2026-07-01,04:08,LIGHT,54,
2026-07-01,04:09,LIGHT,55,
2026-07-01,04:10,LIGHT,55,
2026-07-01,04:11,DEEP,54,
2026-07-01,04:12,DEEP,51,
2026-07-01,04:13,DEEP,49,
2026-07-01,04:14,DEEP,58,
2026-07-01,04:15,DEEP,62,
2026-07-01,04:16,DEEP,54,
2026-07-01,04:17,DEEP,51,
2026-07-01,04:18,DEEP,51,
2026-07-01,04:19,DEEP,51,
2026-07-01,04:20,DEEP,53,
2026-07-01,04:21,LIGHT,53,
2026-07-01,04:22,LIGHT,50,
2026-07-01,04:23,LIGHT,52,
2026-07-01,04:24,WAKE,48,
2026-07-01,04:25,LIGHT,48,
2026-07-01,04:26,LIGHT,50,
2026-07-01,04:27,LIGHT,47,
2026-07-01,04:28,LIGHT,48,
2026-07-01,04:29,LIGHT,48,
2026-07-01,04:30,LIGHT,47,
2026-07-01,04:31,LIGHT,48,
2026-07-01,04:32,LIGHT,53,
2026-07-01,04:33,LIGHT,47,
2026-07-01,04:34,LIGHT,47,
2026-07-01,04:35,LIGHT,50,
2026-07-01,04:36,LIGHT,49,
2026-07-01,04:37,LIGHT,47,
2026-07-01,04:38,LIGHT,47,
2026-07-01,04:39,LIGHT,46,
2026-07-01,04:40,LIGHT,61,
2026-07-01,04:41,LIGHT,75,
2026-07-01,04:42,LIGHT,76,
2026-07-01,04:43,LIGHT,72,
2026-07-01,04:44,LIGHT,70,
2026-07-01,04:45,LIGHT,66,
2026-07-01,04:46,REM,66,
2026-07-01,04:47,REM,63,
2026-07-01,04:48,REM,63,
2026-07-01,04:49,REM,68,
2026-07-01,04:50,REM,70,
2026-07-01,04:51,REM,74,
2026-07-01,04:52,REM,71,
2026-07-01,04:53,REM,71,
2026-07-01,04:54,REM,74,
2026-07-01,04:55,REM,74,
2026-07-01,04:56,REM,69,
2026-07-01,04:57,REM,66,
2026-07-01,04:58,REM,65,
2026-07-01,04:59,REM,60,
2026-07-01,05:00,REM,65,
2026-07-01,05:01,REM,66,
2026-07-01,05:02,REM,66,
2026-07-01,05:03,REM,63,
2026-07-01,05:04,REM,62,
2026-07-01,05:05,REM,65,
2026-07-01,05:06,REM,67,
2026-07-01,05:07,REM,65,
2026-07-01,05:08,REM,59,
2026-07-01,05:09,REM,57,
2026-07-01,05:10,REM,58,
2026-07-01,05:11,REM,58,
2026-07-01,05:12,REM,57,
2026-07-01,05:13,REM,56,
2026-07-01,05:14,REM,74,
2026-07-01,05:15,REM,78,
2026-07-01,05:16,REM,64,
2026-07-01,05:17,REM,56,
2026-07-01,05:18,REM,61,
2026-07-01,05:19,REM,60,
2026-07-01,05:20,REM,53,
2026-07-01,05:21,REM,51,
2026-07-01,05:22,REM,49,
2026-07-01,05:23,REM,49,
2026-07-01,05:24,REM,51,
2026-07-01,05:25,REM,50,
2026-07-01,05:26,REM,49,
2026-07-01,05:27,REM,48,
2026-07-01,05:28,REM,50,
2026-07-01,05:29,REM,50,
2026-07-01,05:30,REM,50,
2026-07-01,05:31,LIGHT,52,
2026-07-01,05:32,LIGHT,51,
2026-07-01,05:33,LIGHT,48,
2026-07-01,05:34,LIGHT,51,
2026-07-01,05:35,LIGHT,50,
2026-07-01,05:36,LIGHT,50,
2026-07-01,05:37,LIGHT,50,
2026-07-01,05:38,LIGHT,55,
2026-07-01,05:39,LIGHT,52,
2026-07-01,05:40,LIGHT,49,
2026-07-01,05:41,LIGHT,49,
2026-07-01,05:42,LIGHT,49,
2026-07-01,05:43,LIGHT,51,
2026-07-01,05:44,LIGHT,50,
2026-07-01,05:45,LIGHT,54,
2026-07-01,05:46,LIGHT,53,
2026-07-01,05:47,LIGHT,54,
2026-07-01,05:48,LIGHT,51,
2026-07-01,05:49,LIGHT,57,
2026-07-01,05:50,LIGHT,57,
2026-07-01,05:51,LIGHT,64,
2026-07-01,05:52,LIGHT,66,
2026-07-01,05:53,LIGHT,69,
2026-07-01,05:54,LIGHT,72,
2026-07-01,05:55,LIGHT,73,
2026-07-01,05:56,LIGHT,74,
2026-07-01,05:57,WAKE,76,
2026-07-01,05:58,LIGHT,74,
2026-07-01,05:59,LIGHT,75,
2026-07-01,06:00,LIGHT,72,
2026-07-01,06:01,LIGHT,56,
2026-07-01,06:02,LIGHT,56,
2026-07-01,06:03,LIGHT,53,
2026-07-01,06:04,LIGHT,53,
2026-07-01,06:05,LIGHT,55,
2026-07-01,06:06,LIGHT,55,
2026-07-01,06:07,LIGHT,55,
2026-07-01,06:08,LIGHT,57,
2026-07-01,06:09,LIGHT,54,
2026-07-01,06:10,LIGHT,54,
2026-07-01,06:11,LIGHT,63,
2026-07-01,06:12,LIGHT,85,
2026-07-01,06:13,LIGHT,90,
2026-07-01,06:14,LIGHT,78,
2026-07-01,06:15,LIGHT,83,
2026-07-01,06:16,LIGHT,83,
2026-07-01,06:17,LIGHT,77,
2026-07-01,06:18,LIGHT,64,
2026-07-01,06:19,LIGHT,58,
2026-07-01,06:20,LIGHT,60,
2026-07-01,06:21,LIGHT,72,
2026-07-01,06:22,LIGHT,82,
2026-07-01,06:23,LIGHT,82,
2026-07-01,06:24,LIGHT,67,
2026-07-01,06:25,LIGHT,64,
2026-07-01,06:26,LIGHT,69,
2026-07-01,06:27,LIGHT,72,
2026-07-01,06:28,LIGHT,80,
2026-07-01,06:29,LIGHT,86,
2026-07-01,06:30,LIGHT,78,
2026-07-01,06:31,LIGHT,80,
2026-07-01,06:32,LIGHT,85,
2026-07-01,06:33,LIGHT,85,
2026-07-01,06:34,LIGHT,82,
2026-07-01,06:35,LIGHT,81,
2026-07-01,06:36,LIGHT,83,
2026-07-01,06:37,LIGHT,85,
2026-07-01,06:38,LIGHT,105,
2026-07-01,06:39,LIGHT,138,
2026-07-01,06:40,LIGHT,148,
2026-07-01,06:41,LIGHT,153,
2026-07-01,06:42,LIGHT,155,
2026-07-01,06:43,LIGHT,155,
2026-07-01,06:44,LIGHT,155,
2026-07-01,06:45,LIGHT,156,
2026-07-01,06:46,LIGHT,156,
2026-07-01,06:47,LIGHT,156,
2026-07-01,06:48,LIGHT,156,
2026-07-01,06:49,LIGHT,154,
2026-07-01,06:50,LIGHT,155,
2026-07-01,06:51,LIGHT,155,
2026-07-01,06:52,LIGHT,155,
2026-07-01,06:53,LIGHT,155,
2026-07-01,06:54,LIGHT,155,
2026-07-01,06:55,LIGHT,157,
2026-07-01,06:56,LIGHT,157,
2026-07-01,06:57,LIGHT,158,
2026-07-01,06:58,LIGHT,158,
2026-07-01,06:59,LIGHT,155,
2026-07-01,07:00,LIGHT,159,
2026-07-01,07:01,LIGHT,157,
2026-07-01,07:02,LIGHT,158,
2026-07-01,07:03,LIGHT,160,
2026-07-01,07:04,LIGHT,160,
2026-07-01,07:05,WAKE,156,
2026-07-01,07:06,WAKE,157,
2026-07-01,07:07,LIGHT,160,
2026-07-01,07:08,LIGHT,157,
2026-07-01,07:09,LIGHT,157,
2026-07-01,07:10,LIGHT,160,
2026-07-01,07:11,REM,161,
2026-07-01,07:12,REM,157,
2026-07-01,07:13,REM,157,
2026-07-01,07:14,REM,158,
2026-07-01,07:15,REM,156,
2026-07-01,07:16,REM,156,
2026-07-01,07:17,REM,161,
2026-07-01,07:18,REM,161,
2026-07-01,07:19,REM,161,
2026-07-01,07:20,REM,161,
2026-07-01,07:21,REM,159,
2026-07-01,07:22,REM,160,
2026-07-01,07:23,REM,160,
2026-07-01,07:24,REM,160,
2026-07-01,07:25,REM,161,
2026-07-01,07:26,REM,161,
2026-07-01,07:27,REM,162,
2026-07-01,07:28,REM,164,
2026-07-01,07:29,REM,162,
2026-07-01,07:30,REM,164,
2026-07-01,07:31,REM,164,
2026-07-01,07:32,REM,164,
2026-07-01,07:33,REM,164,
2026-07-01,07:34,REM,164,
2026-07-01,07:35,REM,164,
2026-07-01,07:36,REM,162,
2026-07-01,07:37,REM,159,
2026-07-01,07:38,REM,161,
2026-07-01,07:39,REM,163,
2026-07-01,07:40,LIGHT,164,
2026-07-01,07:41,LIGHT,164,
2026-07-01,07:42,LIGHT,164,
2026-07-01,07:43,LIGHT,163,
2026-07-01,07:44,LIGHT,162,
2026-07-01,07:45,LIGHT,160,
2026-07-01,07:46,LIGHT,159,
2026-07-01,07:47,LIGHT,161,
2026-07-01,07:48,LIGHT,161,
2026-07-01,07:49,LIGHT,162,
2026-07-01,07:50,LIGHT,162,
2026-07-01,07:51,LIGHT,164,
2026-07-01,07:52,LIGHT,163,
2026-07-01,07:53,LIGHT,165,
2026-07-01,07:54,LIGHT,164,
2026-07-01,07:55,LIGHT,163,
2026-07-01,07:56,LIGHT,162,
2026-07-01,07:57,LIGHT,163,
2026-07-01,07:58,LIGHT,165,
2026-07-01,07:59,LIGHT,165,
2026-07-01,08:00,LIGHT,165,
2026-07-01,08:01,LIGHT,162,
2026-07-01,08:02,LIGHT,162,
2026-07-01,08:03,LIGHT,163,
2026-07-01,08:04,LIGHT,167,
2026-07-01,08:05,LIGHT,167,
2026-07-01,08:06,LIGHT,164,
2026-07-01,08:07,LIGHT,165,
2026-07-01,08:08,LIGHT,167,
2026-07-01,08:09,LIGHT,167,
2026-07-01,08:10,LIGHT,167,
2026-07-01,08:11,LIGHT,167,
2026-07-01,08:12,LIGHT,168,
2026-07-01,08:13,LIGHT,168,
2026-07-01,08:14,LIGHT,168,
2026-07-01,08:15,LIGHT,166,
2026-07-01,08:16,LIGHT,165,
2026-07-01,08:17,LIGHT,167,
2026-07-01,08:18,LIGHT,167,
2026-07-01,08:19,DEEP,167,
2026-07-01,08:20,DEEP,166,
2026-07-01,08:21,DEEP,154,
2026-07-01,08:22,DEEP,138,
2026-07-01,08:23,DEEP,127,
2026-07-01,08:24,DEEP,119,
2026-07-01,08:25,DEEP,125,
2026-07-01,08:26,DEEP,129,
2026-07-01,08:27,DEEP,118,
2026-07-01,08:28,DEEP,110,
2026-07-01,08:29,DEEP,108,
2026-07-01,08:30,DEEP,107,
2026-07-01,08:31,LIGHT,107,
2026-07-01,08:32,LIGHT,108,
2026-07-01,08:33,LIGHT,103,
2026-07-01,08:34,LIGHT,105,
2026-07-01,08:35,LIGHT,100,
2026-07-01,08:36,LIGHT,98,
2026-07-01,08:37,LIGHT,94,
2026-07-01,08:38,LIGHT,101,
2026-07-01,08:39,LIGHT,97,
2026-07-01,08:40,LIGHT,102,
2026-07-01,08:41,LIGHT,96,
2026-07-01,08:42,LIGHT,101,
2026-07-01,08:43,REM,101,
2026-07-01,08:44,REM,98,
2026-07-01,08:45,REM,98,
2026-07-01,08:46,REM,89,
2026-07-01,08:47,REM,90,
2026-07-01,08:48,REM,96,
2026-07-01,08:49,REM,96,
2026-07-01,08:50,REM,95,
2026-07-01,08:51,REM,95,
2026-07-01,08:52,REM,97,
2026-07-01,08:53,REM,102,
2026-07-01,08:54,LIGHT,84,
2026-07-01,08:55,LIGHT,75,
2026-07-01,08:56,LIGHT,74,
2026-07-01,08:57,LIGHT,74,
2026-07-01,08:58,REM,75,
2026-07-01,08:59,REM,72,
2026-07-01,09:00,REM,74,
2026-07-01,09:01,LIGHT,86,
2026-07-01,09:02,LIGHT,88,
2026-07-01,09:03,LIGHT,92,
2026-07-01,09:04,LIGHT,91,
2026-07-01,09:05,LIGHT,89,
2026-07-01,09:06,LIGHT,89,
2026-07-01,09:07,LIGHT,89,
2026-07-01,09:08,LIGHT,87,
2026-07-01,09:09,LIGHT,91,
2026-07-01,09:10,LIGHT,91,
2026-07-01,09:11,LIGHT,91,
2026-07-01,09:12,LIGHT,90,
2026-07-01,09:13,LIGHT,90,
2026-07-01,09:14,LIGHT,87,
2026-07-01,09:15,LIGHT,91,
2026-07-01,09:16,LIGHT,90,
2026-07-01,09:17,LIGHT,90,
2026-07-01,09:18,LIGHT,88,
2026-07-01,09:19,LIGHT,85,
2026-07-01,09:20,LIGHT,76,
2026-07-01,09:21,LIGHT,73,
2026-07-01,09:22,LIGHT,70,
2026-07-01,09:23,LIGHT,65,
2026-07-01,09:24,LIGHT,63,
2026-07-01,09:25,LIGHT,66,
2026-07-01,09:26,LIGHT,67,
2026-07-01,09:27,LIGHT,69,
2026-07-01,09:28,LIGHT,69,
2026-07-01,09:29,LIGHT,69,
2026-07-01,09:30,LIGHT,71,
2026-07-01,09:31,LIGHT,72,
2026-07-01,09:32,LIGHT,70,
2026-07-01,09:33,LIGHT,70,
2026-07-01,09:34,LIGHT,69,
2026-07-01,09:35,LIGHT,70,
2026-07-01,09:36,LIGHT,72,
2026-07-01,09:37,LIGHT,70,
2026-07-01,09:38,LIGHT,67,
2026-07-01,09:39,LIGHT,66,
2026-07-01,09:40,WAKE,66,
2026-07-01,09:41,WAKE,65,
2026-07-01,09:42,WAKE,74,
2026-07-01,09:43,LIGHT,71,
2026-07-01,09:44,LIGHT,63,
2026-07-01,09:45,LIGHT,60,
2026-07-01,09:46,LIGHT,60,
2026-07-01,09:47,LIGHT,61,
2026-07-01,09:48,LIGHT,58,
2026-07-01,09:49,LIGHT,58,
2026-07-01,09:50,LIGHT,59,
2026-07-01,18:20,LIGHT,58,
2026-07-01,18:21,LIGHT,58,
2026-07-01,18:22,LIGHT,64,
2026-07-01,18:23,LIGHT,60,
2026-07-01,18:24,LIGHT,62,
2026-07-01,18:25,LIGHT,64,
2026-07-01,18:26,LIGHT,61,
2026-07-01,18:27,LIGHT,68,
2026-07-01,18:28,LIGHT,62,
2026-07-01,18:29,LIGHT,60,
2026-07-01,18:30,LIGHT,58,
2026-07-01,18:31,LIGHT,63,
2026-07-01,18:32,LIGHT,60,
2026-07-01,18:33,LIGHT,59,
2026-07-01,18:34,LIGHT,56,
2026-07-01,18:35,LIGHT,56,
2026-07-01,18:36,LIGHT,60,
2026-07-01,18:37,LIGHT,60,
2026-07-01,18:38,LIGHT,60,
2026-07-01,18:39,LIGHT,57,
2026-07-01,18:40,LIGHT,57,
2026-07-01,18:41,LIGHT,57,
2026-07-01,18:42,LIGHT,62,
2026-07-02,00:10,LIGHT,67,
2026-07-02,00:11,LIGHT,64,
2026-07-02,00:12,LIGHT,58,
2026-07-02,00:13,LIGHT,58,
2026-07-02,00:14,LIGHT,58,
2026-07-02,00:15,LIGHT,58,
2026-07-02,00:16,LIGHT,58,
2026-07-02,00:17,LIGHT,58,
2026-07-02,00:18,LIGHT,58,
2026-07-02,00:19,LIGHT,57,
2026-07-02,00:20,LIGHT,59,
2026-07-02,00:21,LIGHT,59,
2026-07-02,00:22,LIGHT,59,
2026-07-02,00:23,LIGHT,61,
2026-07-02,00:24,DEEP,63,
2026-07-02,00:25,DEEP,60,
2026-07-02,00:26,DEEP,60,
2026-07-02,00:27,DEEP,67,
2026-07-02,00:28,DEEP,63,
2026-07-02,00:29,DEEP,63,
2026-07-02,00:30,DEEP,63,
2026-07-02,00:31,DEEP,69,
2026-07-02,00:32,DEEP,74,
2026-07-02,00:33,DEEP,69,
2026-07-02,00:34,DEEP,69,
2026-07-02,00:35,DEEP,71,
2026-07-02,00:36,DEEP,67,
2026-07-02,00:37,DEEP,64,
2026-07-02,00:38,DEEP,60,
2026-07-02,00:39,DEEP,63,
2026-07-02,00:40,DEEP,60,
2026-07-02,00:41,DEEP,61,
2026-07-02,00:42,DEEP,61,
2026-07-02,00:43,DEEP,63,
2026-07-02,00:44,DEEP,60,
2026-07-02,00:45,DEEP,58,
2026-07-02,00:46,DEEP,60,
2026-07-02,00:47,DEEP,70,
2026-07-02,00:48,DEEP,67,
2026-07-02,00:49,DEEP,69,
2026-07-02,00:50,DEEP,65,
2026-07-02,00:51,DEEP,62,
2026-07-02,00:52,DEEP,67,
2026-07-02,00:53,DEEP,64,
2026-07-02,00:54,LIGHT,60,
2026-07-02,00:55,LIGHT,59,
2026-07-02,00:56,LIGHT,62,
2026-07-02,00:57,LIGHT,61,
2026-07-02,00:58,LIGHT,58,
2026-07-02,00:59,LIGHT,59,
2026-07-02,01:00,LIGHT,59,
2026-07-02,01:01,DEEP,68,
2026-07-02,01:02,DEEP,61,
2026-07-02,01:03,DEEP,56,
2026-07-02,01:04,DEEP,56,
2026-07-02,01:05,DEEP,56,
2026-07-02,01:06,DEEP,56,
2026-07-02,01:07,DEEP,56,
2026-07-02,01:08,DEEP,55,
2026-07-02,01:09,DEEP,53,
2026-07-02,01:10,DEEP,56,
2026-07-02,01:11,LIGHT,58,
2026-07-02,01:12,LIGHT,55,
2026-07-02,01:13,LIGHT,54,
2026-07-02,01:14,LIGHT,56,
2026-07-02,01:15,LIGHT,60,
2026-07-02,01:16,LIGHT,67,
2026-07-02,01:17,LIGHT,63,
2026-07-02,01:18,REM,57,
2026-07-02,01:19,REM,64,
2026-07-02,01:20,REM,83,
2026-07-02,01:21,REM,79,
2026-07-02,01:22,REM,61,
2026-07-02,01:23,REM,64,
2026-07-02,01:24,REM,71,
2026-07-02,01:25,REM,71,
2026-07-02,01:26,REM,71,
2026-07-02,01:27,REM,74,
2026-07-02,01:28,REM,71,
2026-07-02,01:29,REM,68,
2026-07-02,01:30,REM,62,
2026-07-02,01:31,REM,55,
2026-07-02,01:32,REM,54,
2026-07-02,01:33,REM,55,
2026-07-02,01:34,REM,55,
2026-07-02,01:35,REM,56,
2026-07-02,01:36,LIGHT,61,
2026-07-02,01:37,LIGHT,69,
2026-07-02,01:38,LIGHT,79,
2026-07-02,01:39,LIGHT,75,
2026-07-02,01:40,LIGHT,57,
2026-07-02,01:41,LIGHT,53,
2026-07-02,01:42,LIGHT,52,
2026-07-02,01:43,LIGHT,50,
2026-07-02,01:44,LIGHT,50,
2026-07-02,01:45,LIGHT,52,
2026-07-02,01:46,LIGHT,50,
2026-07-02,01:47,LIGHT,49,
2026-07-02,01:48,LIGHT,51,
2026-07-02,01:49,LIGHT,47,
2026-07-02,01:50,LIGHT,47,
2026-07-02,01:51,LIGHT,48,
2026-07-02,01:52,LIGHT,47,
2026-07-02,01:53,LIGHT,47,
2026-07-02,01:54,LIGHT,47,
2026-07-02,01:55,LIGHT,49,
2026-07-02,01:56,LIGHT,51,
2026-07-02,01:57,LIGHT,61,
2026-07-02,01:58,LIGHT,63,
2026-07-02,01:59,LIGHT,63,
2026-07-02,02:00,LIGHT,62,
2026-07-02,02:01,LIGHT,54,
2026-07-02,02:02,LIGHT,55,
2026-07-02,02:03,DEEP,60,
2026-07-02,02:04,DEEP,60,
2026-07-02,02:05,DEEP,57,
2026-07-02,02:06,DEEP,50,
2026-07-02,02:07,DEEP,55,
2026-07-02,02:08,DEEP,51,
2026-07-02,02:09,DEEP,48,
2026-07-02,02:10,DEEP,48,
2026-07-02,02:11,DEEP,47,
2026-07-02,02:12,DEEP,47,
2026-07-02,02:13,DEEP,47,
2026-07-02,02:14,DEEP,47,
2026-07-02,02:15,DEEP,48,
2026-07-02,02:16,DEEP,48,
2026-07-02,02:17,DEEP,48,
2026-07-02,02:18,DEEP,48,
2026-07-02,02:19,DEEP,48,
2026-07-02,02:20,DEEP,48,
2026-07-02,02:21,DEEP,48,
2026-07-02,02:22,LIGHT,48,
2026-07-02,02:23,LIGHT,48,
2026-07-02,02:24,LIGHT,48,
2026-07-02,02:25,LIGHT,48,
2026-07-02,02:26,LIGHT,53,
2026-07-02,02:27,LIGHT,47,
2026-07-02,02:28,LIGHT,46,
2026-07-02,02:29,LIGHT,46,
2026-07-02,02:30,LIGHT,46,
2026-07-02,02:31,WAKE,47,
2026-07-02,02:32,LIGHT,47,
2026-07-02,02:33,LIGHT,47,
2026-07-02,02:34,LIGHT,47,
2026-07-02,02:35,LIGHT,47,
2026-07-02,02:36,LIGHT,47,
2026-07-02,02:37,LIGHT,48,
2026-07-02,02:38,LIGHT,48,
2026-07-02,02:39,LIGHT,48,
2026-07-02,02:40,LIGHT,48,
2026-07-02,02:41,LIGHT,48,
2026-07-02,02:42,LIGHT,48,
2026-07-02,02:43,LIGHT,48,
2026-07-02,02:44,LIGHT,48,
2026-07-02,02:45,LIGHT,48,
2026-07-02,02:46,LIGHT,48,
2026-07-02,02:47,LIGHT,48,
2026-07-02,02:48,LIGHT,48,
2026-07-02,02:49,LIGHT,48,
2026-07-02,02:50,LIGHT,48,
2026-07-02,02:51,LIGHT,48,
2026-07-02,02:52,LIGHT,48,
2026-07-02,02:53,REM,48,
2026-07-02,02:54,REM,50,
2026-07-02,02:55,REM,51,
2026-07-02,02:56,REM,50,
2026-07-02,02:57,REM,50,
2026-07-02,02:58,REM,49,
2026-07-02,02:59,REM,49,
2026-07-02,03:00,REM,49,
2026-07-02,03:01,REM,49,
2026-07-02,03:02,REM,49,
2026-07-02,03:03,REM,49,
2026-07-02,03:04,REM,49,
2026-07-02,03:05,REM,49,
2026-07-02,03:06,REM,49,
2026-07-02,03:07,REM,49,
2026-07-02,03:08,REM,49,
2026-07-02,03:09,REM,49,
2026-07-02,03:10,REM,49,
2026-07-02,03:11,REM,49,
2026-07-02,03:12,REM,51,
2026-07-02,03:13,REM,50,
2026-07-02,03:14,REM,54,
2026-07-02,03:15,REM,50,
2026-07-02,03:16,REM,50,
2026-07-02,03:17,REM,52,
2026-07-02,03:18,REM,50,
2026-07-02,03:19,REM,50,
2026-07-02,03:20,REM,51,
2026-07-02,03:21,REM,53,
2026-07-02,03:22,LIGHT,52,
2026-07-02,03:23,LIGHT,53,
2026-07-02,03:24,LIGHT,53,
2026-07-02,03:25,LIGHT,55,
2026-07-02,03:26,LIGHT,53,
2026-07-02,03:27,LIGHT,54,
2026-07-02,03:28,LIGHT,54,
2026-07-02,03:29,LIGHT,53,
2026-07-02,03:30,LIGHT,53,
2026-07-02,03:31,LIGHT,53,
2026-07-02,03:32,LIGHT,53,
2026-07-02,03:33,LIGHT,53,
2026-07-02,03:34,LIGHT,52,
2026-07-02,03:35,LIGHT,51,
2026-07-02,03:36,LIGHT,51,
2026-07-02,03:37,LIGHT,50,
2026-07-02,03:38,LIGHT,52,
2026-07-02,03:39,LIGHT,47,
2026-07-02,03:40,LIGHT,47,
2026-07-02,03:41,LIGHT,47,
2026-07-02,03:42,LIGHT,47,
2026-07-02,03:43,LIGHT,46,
2026-07-02,03:44,LIGHT,46,
2026-07-02,03:45,LIGHT,48,
2026-07-02,03:46,LIGHT,60,
2026-07-02,03:47,LIGHT,50,
2026-07-02,03:48,LIGHT,48,
2026-07-02,03:49,LIGHT,48,
2026-07-02,03:50,LIGHT,48,
2026-07-02,03:51,LIGHT,49,
2026-07-02,03:52,LIGHT,50,
2026-07-02,03:53,LIGHT,50,
2026-07-02,03:54,LIGHT,49,
2026-07-02,03:55,LIGHT,49,
2026-07-02,03:56,LIGHT,49,
2026-07-02,03:57,LIGHT,49,
2026-07-02,03:58,LIGHT,49,
2026-07-02,03:59,LIGHT,49,
2026-07-02,04:00,LIGHT,53,
2026-07-02,04:01,WAKE,53,
2026-07-02,04:02,WAKE,54,
2026-07-02,04:03,LIGHT,55,
2026-07-02,09:53,LIGHT,59,
2026-07-02,09:54,LIGHT,63,
2026-07-02,09:55,LIGHT,54,
2026-07-02,09:56,LIGHT,52,
2026-07-02,09:57,LIGHT,48,
2026-07-02,09:58,LIGHT,48,
2026-07-02,09:59,LIGHT,51,
2026-07-02,10:00,LIGHT,60,
2026-07-02,10:01,LIGHT,52,
2026-07-02,10:02,LIGHT,53,
2026-07-02,10:03,LIGHT,,
2026-07-02,10:04,LIGHT,,
2026-07-02,10:05,LIGHT,,
2026-07-02,10:06,LIGHT,,
2026-07-02,10:07,LIGHT,,
2026-07-02,10:08,LIGHT,,
2026-07-02,10:09,LIGHT,,
2026-07-02,10:10,LIGHT,,
2026-07-02,10:11,LIGHT,,
2026-07-02,10:12,LIGHT,,
2026-07-02,10:13,LIGHT,,
2026-07-02,10:14,LIGHT,,
2026-07-02,10:15,LIGHT,,
2026-07-02,19:02,LIGHT,107,
2026-07-02,19:03,LIGHT,99,
2026-07-02,19:04,LIGHT,96,
2026-07-02,19:05,LIGHT,86,
2026-07-02,19:06,LIGHT,81,
2026-07-02,19:07,LIGHT,88,
2026-07-02,19:08,LIGHT,93,
2026-07-02,19:09,LIGHT,93,
2026-07-02,19:10,LIGHT,83,
2026-07-02,19:11,LIGHT,77,
2026-07-02,19:12,LIGHT,79,
2026-07-02,19:13,LIGHT,80,
2026-07-02,19:14,DEEP,79,
2026-07-02,19:15,DEEP,82,
2026-07-02,19:16,DEEP,81,
2026-07-02,19:17,DEEP,80,
2026-07-02,19:18,DEEP,80,
2026-07-02,19:19,DEEP,81,
2026-07-02,19:20,DEEP,81,
2026-07-02,19:21,DEEP,92,
2026-07-02,19:22,DEEP,88,
2026-07-02,19:23,DEEP,90,
2026-07-02,19:24,DEEP,90,
2026-07-02,19:25,DEEP,88,
2026-07-02,19:26,DEEP,85,
2026-07-02,19:27,DEEP,85,
2026-07-02,19:28,DEEP,88,
2026-07-02,19:29,DEEP,83,
2026-07-02,19:30,LIGHT,66,
2026-07-02,19:31,LIGHT,60,
2026-07-02,19:32,LIGHT,61,
2026-07-02,19:33,LIGHT,63,
2026-07-02,19:34,DEEP,58,
2026-07-02,19:35,DEEP,60,
2026-07-02,19:36,DEEP,64,
2026-07-02,19:37,DEEP,67,
2026-07-02,19:38,DEEP,64,
2026-07-02,19:39,DEEP,59,
2026-07-02,19:40,DEEP,59,
2026-07-02,19:41,DEEP,61,
2026-07-02,19:42,DEEP,62,
2026-07-02,19:43,DEEP,63,
2026-07-02,19:44,LIGHT,58,
2026-07-02,19:45,LIGHT,63,
2026-07-02,19:46,LIGHT,66,
2026-07-02,19:47,LIGHT,69,
2026-07-02,19:48,LIGHT,81,
2026-07-02,19:49,LIGHT,93,
2026-07-02,19:50,LIGHT,90,
2026-07-02,19:51,LIGHT,92,
2026-07-02,19:52,LIGHT,89,
2026-07-02,19:53,LIGHT,96,
2026-07-02,19:54,LIGHT,99,
2026-07-02,19:55,LIGHT,104,
2026-07-02,19:56,LIGHT,104,
2026-07-02,19:57,LIGHT,104,
2026-07-02,19:58,LIGHT,105,
2026-07-02,19:59,LIGHT,84,
2026-07-02,20:00,LIGHT,68,
2026-07-02,20:01,LIGHT,62,
2026-07-02,20:02,LIGHT,60,
2026-07-02,20:03,LIGHT,62,
2026-07-02,20:04,LIGHT,59,
2026-07-02,20:05,LIGHT,58,
2026-07-02,20:06,LIGHT,59,
2026-07-02,20:07,LIGHT,59,
2026-07-02,20:08,LIGHT,61,
2026-07-03,02:17,LIGHT,56,
2026-07-03,02:18,LIGHT,57,
2026-07-03,02:19,LIGHT,57,
2026-07-03,02:20,LIGHT,57,
2026-07-03,02:21,LIGHT,67,
2026-07-03,02:22,LIGHT,72,
2026-07-03,02:23,LIGHT,61,
2026-07-03,02:24,LIGHT,57,
2026-07-03,02:25,LIGHT,55,
2026-07-03,02:26,LIGHT,59,
2026-07-03,02:27,LIGHT,55,
2026-07-03,02:28,LIGHT,55,
2026-07-03,02:29,LIGHT,57,
2026-07-03,02:30,LIGHT,54,
2026-07-03,02:31,LIGHT,54,
2026-07-03,02:32,DEEP,55,
2026-07-03,02:33,DEEP,53,
2026-07-03,02:34,DEEP,53,
2026-07-03,02:35,DEEP,52,
2026-07-03,02:36,DEEP,52,
2026-07-03,02:37,DEEP,52,
2026-07-03,02:38,DEEP,52,
2026-07-03,02:39,DEEP,53,
2026-07-03,02:40,DEEP,53,
2026-07-03,02:41,DEEP,53,
2026-07-03,02:42,DEEP,55,
2026-07-03,02:43,DEEP,52,
2026-07-03,02:44,DEEP,51,
2026-07-03,02:45,DEEP,50,
2026-07-03,02:46,DEEP,50,
2026-07-03,02:47,DEEP,50,
2026-07-03,02:48,DEEP,50,
2026-07-03,02:49,DEEP,50,
2026-07-03,02:50,DEEP,50,
2026-07-03,02:51,DEEP,53,
2026-07-03,02:52,DEEP,53,
2026-07-03,02:53,DEEP,50,
2026-07-03,02:54,DEEP,49,
2026-07-03,02:55,DEEP,48,
2026-07-03,02:56,DEEP,49,
2026-07-03,02:57,DEEP,49,
2026-07-03,02:58,DEEP,50,
2026-07-03,02:59,DEEP,52,
2026-07-03,03:00,DEEP,49,
2026-07-03,03:01,DEEP,49,
2026-07-03,03:02,DEEP,47,
2026-07-03,03:03,DEEP,48,
2026-07-03,03:04,DEEP,49,
2026-07-03,03:05,DEEP,49,
2026-07-03,03:06,DEEP,49,
2026-07-03,03:07,DEEP,49,
2026-07-03,03:08,DEEP,49,
2026-07-03,03:09,DEEP,48,
2026-07-03,03:10,DEEP,48,
2026-07-03,03:11,DEEP,49,
2026-07-03,03:12,DEEP,49,
2026-07-03,03:13,DEEP,49,
2026-07-03,03:14,DEEP,49,
2026-07-03,03:15,LIGHT,49,
2026-07-03,03:16,LIGHT,49,
2026-07-03,03:17,LIGHT,49,
2026-07-03,03:18,LIGHT,49,
2026-07-03,03:19,LIGHT,49,
2026-07-03,03:20,LIGHT,49,
2026-07-03,03:21,REM,51,
2026-07-03,03:22,REM,51,
2026-07-03,03:23,REM,48,
2026-07-03,03:24,REM,48,
2026-07-03,03:25,REM,48,
2026-07-03,03:26,REM,49,
2026-07-03,03:27,REM,49,
2026-07-03,03:28,REM,51,
2026-07-03,03:29,REM,52,
2026-07-03,03:30,REM,49,
2026-07-03,03:31,REM,48,
2026-07-03,03:32,REM,48,
2026-07-03,03:33,REM,49,
2026-07-03,03:34,REM,50,
2026-07-03,03:35,REM,51,
2026-07-03,03:36,REM,51,
2026-07-03,03:37,REM,52,
2026-07-03,03:38,LIGHT,53,
2026-07-03,03:39,LIGHT,54,
2026-07-03,03:40,LIGHT,53,
2026-07-03,03:41,LIGHT,53,
2026-07-03,03:42,LIGHT,54,
2026-07-03,03:43,LIGHT,54,
2026-07-03,03:44,LIGHT,54,
2026-07-03,03:45,LIGHT,57,
2026-07-03,03:46,LIGHT,54,
2026-07-03,03:47,WAKE,50,
2026-07-03,03:48,LIGHT,49,
2026-07-03,03:49,LIGHT,47,
2026-07-03,03:50,LIGHT,52,
2026-07-03,03:51,LIGHT,46,
2026-07-03,03:52,LIGHT,45,
2026-07-03,03:53,LIGHT,45,
2026-07-03,03:54,LIGHT,45,
2026-07-03,03:55,LIGHT,45,
2026-07-03,03:56,LIGHT,45,
2026-07-03,03:57,LIGHT,45,
2026-07-03,03:58,LIGHT,52,
2026-07-03,03:59,LIGHT,47,
2026-07-03,04:00,LIGHT,52,
2026-07-03,04:01,LIGHT,52,
2026-07-03,04:02,WAKE,49,
2026-07-03,04:03,LIGHT,51,
2026-07-03,04:04,WAKE,46,
2026-07-03,04:05,LIGHT,46,
2026-07-03,04:06,LIGHT,46,
2026-07-03,04:07,LIGHT,46,
2026-07-03,04:08,LIGHT,46,
2026-07-03,04:09,LIGHT,46,
2026-07-03,04:10,LIGHT,46,
2026-07-03,04:11,LIGHT,46,
2026-07-03,04:12,LIGHT,46,
2026-07-03,04:13,LIGHT,46,
2026-07-03,04:14,LIGHT,46,
2026-07-03,04:15,LIGHT,55,
2026-07-03,04:16,LIGHT,51,
2026-07-03,04:17,LIGHT,48,
2026-07-03,04:18,LIGHT,45,
2026-07-03,04:19,LIGHT,45,
2026-07-03,04:20,LIGHT,52,
2026-07-03,04:21,LIGHT,46,
2026-07-03,04:22,LIGHT,45,
2026-07-03,04:23,LIGHT,45,
2026-07-03,04:24,LIGHT,45,
2026-07-03,04:25,LIGHT,45,
2026-07-03,04:26,LIGHT,49,
2026-07-03,04:27,LIGHT,46,
2026-07-03,04:28,LIGHT,46,
2026-07-03,04:29,LIGHT,46,
2026-07-03,04:30,LIGHT,46,
2026-07-03,04:31,LIGHT,46,
2026-07-03,04:32,LIGHT,46,
2026-07-03,04:33,LIGHT,46,
2026-07-03,04:34,LIGHT,46,
2026-07-03,04:35,LIGHT,46,
2026-07-03,04:36,LIGHT,46,
2026-07-03,04:37,LIGHT,46,
2026-07-03,04:38,LIGHT,46,
2026-07-03,04:39,LIGHT,46,
2026-07-03,04:40,LIGHT,46,
2026-07-03,04:41,LIGHT,45,
2026-07-03,04:42,LIGHT,45,
2026-07-03,04:43,LIGHT,45,
2026-07-03,04:44,LIGHT,45,
2026-07-03,04:45,LIGHT,45,
2026-07-03,04:46,LIGHT,45,
2026-07-03,04:47,LIGHT,45,
2026-07-03,04:48,LIGHT,47,
2026-07-03,04:49,REM,47,
2026-07-03,04:50,REM,49,
2026-07-03,04:51,REM,47,
2026-07-03,04:52,REM,46,
2026-07-03,04:53,REM,44,
2026-07-03,04:54,REM,44,
2026-07-03,04:55,REM,45,
2026-07-03,04:56,REM,46,
2026-07-03,04:57,REM,45,
2026-07-03,04:58,REM,45,
2026-07-03,04:59,REM,45,
2026-07-03,05:00,REM,45,
2026-07-03,05:01,REM,45,
2026-07-03,05:02,REM,45,
2026-07-03,05:03,REM,45,
2026-07-03,05:04,REM,45,
2026-07-03,05:05,REM,45,
2026-07-03,05:06,REM,45,
2026-07-03,05:07,REM,47,
2026-07-03,05:08,REM,62,
2026-07-03,05:09,REM,52,
2026-07-03,05:10,REM,57,
2026-07-03,05:11,REM,51,
2026-07-03,05:12,REM,51,
2026-07-03,05:13,REM,48,
2026-07-03,05:14,REM,49,
2026-07-03,05:15,REM,46,
2026-07-03,05:16,REM,43,
2026-07-03,05:17,REM,43,
2026-07-03,05:18,REM,45,
2026-07-03,05:19,REM,45,
2026-07-03,05:20,REM,47,
2026-07-03,05:21,REM,44,
2026-07-03,05:22,REM,44,
2026-07-03,05:23,LIGHT,44,
2026-07-03,05:24,LIGHT,45,
2026-07-03,05:25,LIGHT,45,
2026-07-03,05:26,LIGHT,45,
2026-07-03,05:27,LIGHT,45,
2026-07-03,05:28,LIGHT,45,
2026-07-03,05:29,LIGHT,45,
2026-07-03,05:30,LIGHT,44,
2026-07-03,05:31,LIGHT,45,
2026-07-03,05:32,LIGHT,52,
2026-07-03,05:33,LIGHT,48,
2026-07-03,05:34,LIGHT,45,
2026-07-03,05:35,LIGHT,45,
2026-07-03,05:36,LIGHT,45,
2026-07-03,05:37,LIGHT,46,
2026-07-03,05:38,LIGHT,46,
2026-07-03,05:39,LIGHT,45,
2026-07-03,05:40,LIGHT,45,
2026-07-03,05:41,LIGHT,45,
2026-07-03,05:42,LIGHT,45,
2026-07-03,05:43,DEEP,44,
2026-07-03,05:44,DEEP,44,
2026-07-03,05:45,DEEP,44,
2026-07-03,05:46,DEEP,44,
2026-07-03,05:47,DEEP,44,
2026-07-03,05:48,DEEP,44,
2026-07-03,05:49,DEEP,44,
2026-07-03,05:50,DEEP,44,
2026-07-03,05:51,DEEP,43,
2026-07-03,05:52,DEEP,45,
2026-07-03,05:53,DEEP,45,
2026-07-03,05:54,DEEP,51,
2026-07-03,05:55,DEEP,49,
2026-07-03,05:56,DEEP,46,
2026-07-03,05:57,DEEP,45,
2026-07-03,05:58,DEEP,45,
2026-07-03,05:59,DEEP,45,
2026-07-03,06:00,DEEP,45,
2026-07-03,06:01,DEEP,45,
2026-07-03,06:02,DEEP,45,
2026-07-03,06:03,DEEP,45,
2026-07-03,06:04,DEEP,45,
2026-07-03,06:05,DEEP,45,
2026-07-03,06:06,DEEP,45,
2026-07-03,06:07,DEEP,45,
2026-07-03,06:08,DEEP,45,
2026-07-03,06:09,DEEP,45,
2026-07-03,06:10,DEEP,46,
2026-07-03,06:11,DEEP,48,
2026-07-03,06:12,DEEP,46,
2026-07-03,06:13,DEEP,46,
2026-07-03,06:14,DEEP,46,
2026-07-03,06:15,LIGHT,46,
2026-07-03,06:16,LIGHT,46,
2026-07-03,06:17,LIGHT,46,
2026-07-03,06:18,LIGHT,48,
2026-07-03,06:19,LIGHT,50,
2026-07-03,06:20,LIGHT,53,
2026-07-03,06:21,LIGHT,47,
2026-07-03,06:22,LIGHT,47,
2026-07-03,06:23,LIGHT,45,
2026-07-03,06:24,LIGHT,45,
2026-07-03,06:25,LIGHT,51,
2026-07-03,06:26,LIGHT,44,
2026-07-03,06:27,LIGHT,44,
2026-07-03,06:28,LIGHT,44,
2026-07-03,06:29,LIGHT,51,
2026-07-03,06:30,LIGHT,45,
2026-07-03,06:31,LIGHT,45,
2026-07-03,06:32,LIGHT,45,
2026-07-03,06:33,LIGHT,44,
2026-07-03,06:34,LIGHT,44,
2026-07-03,06:35,LIGHT,44,
2026-07-03,06:36,LIGHT,44,
2026-07-03,06:37,LIGHT,44,
2026-07-03,06:38,LIGHT,45,
2026-07-03,06:39,LIGHT,53,
2026-07-03,06:40,REM,55,
2026-07-03,06:41,REM,48,
2026-07-03,06:42,REM,45,
2026-07-03,06:43,REM,47,
2026-07-03,06:44,REM,44,
2026-07-03,06:45,REM,46,
2026-07-03,06:46,REM,48,
2026-07-03,06:47,REM,45,
2026-07-03,06:48,REM,45,
2026-07-03,06:49,REM,45,
2026-07-03,06:50,REM,45,
2026-07-03,06:51,REM,45,
2026-07-03,06:52,REM,48,
2026-07-03,06:53,REM,48,
2026-07-03,06:54,REM,47,
2026-07-03,06:55,REM,51,
2026-07-03,06:56,REM,50,
2026-07-03,06:57,REM,48,
2026-07-03,06:58,REM,48,
2026-07-03,06:59,REM,49,
2026-07-03,07:00,REM,49,
2026-07-03,07:01,REM,48,
2026-07-03,07:02,LIGHT,49,
2026-07-03,07:03,LIGHT,50,
2026-07-03,07:04,LIGHT,51,
2026-07-03,07:05,WAKE,48,
2026-07-03,07:06,LIGHT,50,
2026-07-03,07:07,LIGHT,49,
2026-07-03,07:08,LIGHT,49,
2026-07-03,07:09,LIGHT,49,
2026-07-03,07:10,LIGHT,49,
2026-07-03,07:11,LIGHT,49,
2026-07-03,07:12,LIGHT,53,
2026-07-03,07:13,LIGHT,47,
2026-07-03,07:14,LIGHT,46,
2026-07-03,07:15,LIGHT,46,
2026-07-03,07:16,LIGHT,46,
2026-07-03,07:17,LIGHT,46,
2026-07-03,07:18,LIGHT,46,
2026-07-03,07:19,LIGHT,46,
2026-07-03,07:20,LIGHT,46,
2026-07-03,07:21,LIGHT,46,
2026-07-03,07:22,LIGHT,45,
2026-07-03,07:23,LIGHT,45,
2026-07-03,07:24,LIGHT,45,
2026-07-03,07:25,LIGHT,45,
2026-07-03,07:26,LIGHT,45,
2026-07-03,07:27,LIGHT,45,
2026-07-03,07:28,LIGHT,45,
2026-07-03,07:29,LIGHT,50,
2026-07-03,07:30,LIGHT,45,
2026-07-03,07:31,LIGHT,45,
2026-07-03,07:32,LIGHT,45,
2026-07-03,07:33,LIGHT,45,
2026-07-03,07:34,LIGHT,45,
2026-07-03,07:35,LIGHT,45,
2026-07-03,07:36,LIGHT,45,
2026-07-03,07:37,LIGHT,45,
2026-07-03,07:38,LIGHT,45,
2026-07-03,07:39,LIGHT,45,
2026-07-03,07:40,LIGHT,45,
2026-07-03,07:41,LIGHT,45,
2026-07-03,07:42,LIGHT,45,
2026-07-03,07:43,LIGHT,45,
2026-07-03,07:44,LIGHT,45,
2026-07-03,07:45,LIGHT,45,
2026-07-03,07:46,LIGHT,45,
2026-07-03,07:47,LIGHT,45,
2026-07-03,07:48,LIGHT,45,
2026-07-03,07:49,LIGHT,45,
2026-07-03,07:50,LIGHT,45,
2026-07-03,07:51,LIGHT,45,
2026-07-03,07:52,LIGHT,45,
2026-07-03,07:53,LIGHT,45,
2026-07-03,07:54,LIGHT,47,
2026-07-03,07:55,LIGHT,46,
2026-07-03,07:56,LIGHT,45,
2026-07-03,07:57,LIGHT,45,
2026-07-03,07:58,LIGHT,45,
2026-07-03,07:59,LIGHT,45,
2026-07-03,08:00,WAKE,45,
2026-07-03,08:01,WAKE,45,
2026-07-03,08:02,WAKE,45,
2026-07-03,08:03,WAKE,45,
2026-07-03,08:04,LIGHT,45,
2026-07-03,08:05,LIGHT,47,
2026-07-03,08:06,LIGHT,45,
2026-07-03,08:07,LIGHT,44,
2026-07-03,08:08,LIGHT,44,
2026-07-03,08:09,LIGHT,44,
2026-07-03,08:10,LIGHT,44,
2026-07-03,08:11,REM,44,
2026-07-03,08:12,REM,44,
2026-07-03,08:13,REM,44,
2026-07-03,08:14,REM,44,
2026-07-03,08:15,REM,44,
2026-07-03,08:16,REM,44,
2026-07-03,08:17,REM,44,
2026-07-03,08:18,REM,44,
2026-07-03,08:19,REM,44,
2026-07-03,08:20,REM,44,
2026-07-03,08:21,REM,44,
2026-07-03,08:22,REM,50,
2026-07-03,08:23,REM,45,
2026-07-03,08:24,REM,45,
2026-07-03,08:25,REM,45,
2026-07-03,08:26,REM,45,
2026-07-03,08:27,REM,50,
2026-07-03,08:28,REM,46,
2026-07-03,08:29,REM,45,
2026-07-03,08:30,REM,48,
2026-07-03,08:31,REM,48,
2026-07-03,08:32,REM,44,
2026-07-03,08:33,REM,47,
2026-07-03,08:34,REM,52,
2026-07-03,08:35,REM,47,
2026-07-03,08:36,REM,46,
2026-07-03,08:37,REM,53,
2026-07-03,08:38,REM,47,
2026-07-03,08:39,REM,44,
2026-07-03,08:40,REM,45,
2026-07-03,08:41,REM,44,
2026-07-03,08:42,REM,43,
2026-07-03,08:43,REM,43,
2026-07-03,08:44,REM,48,
2026-07-03,08:45,REM,44,
2026-07-03,08:46,REM,44,
2026-07-03,08:47,REM,43,
2026-07-03,08:48,REM,43,
2026-07-03,08:49,REM,43,
2026-07-03,08:50,REM,44,
2026-07-03,08:51,REM,46,
2026-07-03,08:52,REM,44,
2026-07-03,08:53,LIGHT,49,
2026-07-03,08:54,LIGHT,43,
2026-07-03,08:55,LIGHT,42,
2026-07-03,08:56,LIGHT,42,
2026-07-03,08:57,LIGHT,42,
2026-07-03,08:58,LIGHT,42,
2026-07-03,08:59,LIGHT,41,
2026-07-03,09:00,LIGHT,41,
2026-07-03,09:01,LIGHT,41,
2026-07-03,09:02,LIGHT,41,
2026-07-03,09:03,LIGHT,41,
2026-07-03,09:04,LIGHT,41,
2026-07-03,09:05,LIGHT,41,
2026-07-03,09:06,LIGHT,41,
2026-07-03,09:07,LIGHT,41,
2026-07-03,09:08,LIGHT,41,
2026-07-03,09:09,LIGHT,42,
2026-07-03,09:10,LIGHT,43,
2026-07-03,09:11,LIGHT,43,
2026-07-03,09:12,LIGHT,44,
2026-07-03,09:13,LIGHT,43,
2026-07-03,09:14,LIGHT,43,
2026-07-03,09:15,LIGHT,42,
2026-07-03,09:16,WAKE,42,
2026-07-03,09:17,LIGHT,42,
2026-07-03,09:18,LIGHT,42,
2026-07-03,09:19,LIGHT,42,
2026-07-03,09:20,LIGHT,42,
2026-07-03,09:21,LIGHT,43,
2026-07-03,09:22,LIGHT,44,
2026-07-04,02:36,LIGHT,99,
2026-07-04,02:37,LIGHT,78,
2026-07-04,02:38,LIGHT,83,
2026-07-04,02:39,LIGHT,73,
2026-07-04,02:40,LIGHT,74,
2026-07-04,02:41,LIGHT,76,
2026-07-04,02:42,LIGHT,73,
2026-07-04,02:43,LIGHT,88,
2026-07-04,02:44,LIGHT,89,
2026-07-04,02:45,LIGHT,78,
2026-07-04,02:46,LIGHT,61,
2026-07-04,02:47,LIGHT,55,
2026-07-04,02:48,LIGHT,55,
2026-07-04,02:49,LIGHT,60,
2026-07-04,02:50,LIGHT,62,
2026-07-04,02:51,LIGHT,76,
2026-07-04,02:52,LIGHT,82,
2026-07-04,02:53,LIGHT,91,
2026-07-04,02:54,LIGHT,73,
2026-07-04,02:55,LIGHT,62,
2026-07-04,02:56,LIGHT,60,
2026-07-04,02:57,DEEP,54,
2026-07-04,02:58,DEEP,54,
2026-07-04,02:59,DEEP,54,
2026-07-04,03:00,LIGHT,57,
2026-07-04,03:01,LIGHT,56,
2026-07-04,03:02,LIGHT,50,
2026-07-04,03:03,LIGHT,53,
2026-07-04,03:04,DEEP,51,
2026-07-04,03:05,DEEP,57,
2026-07-04,03:06,DEEP,62,
2026-07-04,03:07,DEEP,60,
2026-07-04,03:08,DEEP,65,
2026-07-04,03:09,DEEP,67,
2026-07-04,03:10,DEEP,74,
2026-07-04,03:11,DEEP,76,
2026-07-04,03:12,DEEP,70,
2026-07-04,03:13,DEEP,70,
2026-07-04,03:14,DEEP,68,
2026-07-04,03:15,DEEP,68,
2026-07-04,03:16,DEEP,72,
2026-07-04,03:17,DEEP,72,
2026-07-04,03:18,DEEP,71,
2026-07-04,03:19,DEEP,67,
2026-07-04,03:20,DEEP,61,
2026-07-04,03:21,DEEP,67,
2026-07-04,03:22,DEEP,77,
2026-07-04,03:23,DEEP,77,
2026-07-04,03:24,LIGHT,75,
2026-07-04,03:25,LIGHT,75,
2026-07-04,03:26,LIGHT,78,
2026-07-04,03:27,LIGHT,73,
2026-07-04,03:28,LIGHT,79,
2026-07-04,03:29,LIGHT,85,
2026-07-04,03:30,LIGHT,74,
2026-07-04,03:31,LIGHT,79,
2026-07-04,03:32,LIGHT,89,
2026-07-04,03:33,LIGHT,87,
2026-07-04,03:34,LIGHT,89,
2026-07-04,03:35,REM,76,
2026-07-04,03:36,REM,65,
2026-07-04,03:37,REM,60,
2026-07-04,03:38,REM,59,
2026-07-04,03:39,REM,56,
2026-07-04,03:40,REM,56,
2026-07-04,03:41,REM,55,
2026-07-04,03:42,REM,57,
2026-07-04,03:43,REM,58,
2026-07-04,03:44,REM,63,
2026-07-04,03:45,REM,63,
2026-07-04,03:46,REM,61,
2026-07-04,03:47,REM,63,
2026-07-04,03:48,REM,59,
2026-07-04,03:49,REM,58,
2026-07-04,03:50,REM,60,
2026-07-04,03:51,REM,61,
2026-07-04,03:52,REM,59,
2026-07-04,03:53,LIGHT,63,
2026-07-04,03:54,LIGHT,60,
2026-07-04,03:55,LIGHT,58,
2026-07-04,03:56,LIGHT,58,
2026-07-04,03:57,LIGHT,59,
2026-07-04,03:58,LIGHT,55,
2026-07-04,03:59,LIGHT,65,
2026-07-04,04:00,LIGHT,70,
2026-07-04,04:01,LIGHT,70,
2026-07-04,04:02,WAKE,62,
2026-07-04,04:03,LIGHT,60,
2026-07-04,04:04,LIGHT,61,
2026-07-04,04:05,LIGHT,55,
2026-07-04,04:06,LIGHT,55,
2026-07-04,04:07,LIGHT,55,
2026-07-04,04:08,LIGHT,59,
2026-07-04,04:09,REM,60,
2026-07-04,04:10,REM,56,
2026-07-04,04:11,REM,56,
2026-07-04,04:12,REM,54,
2026-07-04,04:13,LIGHT,57,
2026-07-04,04:14,LIGHT,57,
2026-07-04,04:15,LIGHT,59,
2026-07-04,04:16,WAKE,58,
2026-07-04,04:17,LIGHT,58,
2026-07-04,04:18,LIGHT,60,
2026-07-04,04:19,LIGHT,60,
2026-07-04,04:20,LIGHT,75,
2026-07-04,04:21,WAKE,67,
2026-07-04,04:22,LIGHT,58,
2026-07-04,04:23,LIGHT,58,
2026-07-04,04:24,LIGHT,63,
2026-07-04,04:25,LIGHT,57,
2026-07-04,04:26,LIGHT,57,
2026-07-04,04:27,LIGHT,64,
2026-07-04,04:28,LIGHT,60,
2026-07-04,04:29,LIGHT,55,
2026-07-04,04:30,LIGHT,57,
2026-07-04,04:31,LIGHT,59,
2026-07-04,04:32,LIGHT,56,
2026-07-04,04:33,LIGHT,56,
2026-07-04,04:34,LIGHT,61,
2026-07-04,04:35,LIGHT,58,
2026-07-04,04:36,LIGHT,59,
2026-07-04,04:37,LIGHT,57,
2026-07-04,04:38,LIGHT,55,
2026-07-04,04:39,LIGHT,52,
2026-07-04,04:40,LIGHT,56,
2026-07-04,04:41,LIGHT,57,
2026-07-04,04:42,LIGHT,55,
2026-07-04,04:43,LIGHT,59,
2026-07-04,04:44,LIGHT,57,
2026-07-04,04:45,LIGHT,55,
2026-07-04,04:46,LIGHT,57,
2026-07-04,04:47,LIGHT,58,
2026-07-04,04:48,LIGHT,59,
2026-07-04,04:49,LIGHT,60,
2026-07-04,04:50,LIGHT,61,
2026-07-04,04:51,LIGHT,59,
2026-07-04,04:52,LIGHT,55,
2026-07-04,04:53,LIGHT,60,
2026-07-04,04:54,LIGHT,64,
2026-07-04,04:55,LIGHT,56,
2026-07-04,04:56,LIGHT,56,
2026-07-04,04:57,LIGHT,58,
2026-07-04,04:58,LIGHT,57,
2026-07-04,04:59,LIGHT,61,
2026-07-04,05:00,LIGHT,55,
2026-07-04,05:01,DEEP,55,
2026-07-04,05:02,DEEP,57,
2026-07-04,05:03,DEEP,59,
2026-07-04,05:04,DEEP,59,
2026-07-04,05:05,DEEP,56,
2026-07-04,05:06,LIGHT,58,
2026-07-04,05:07,LIGHT,56,
2026-07-04,05:08,LIGHT,54,
2026-07-04,05:09,WAKE,54,
2026-07-04,05:10,WAKE,55,
2026-07-04,05:11,WAKE,56,
2026-07-04,05:12,WAKE,60,
2026-07-04,05:13,LIGHT,56,
2026-07-04,05:14,LIGHT,55,
2026-07-04,05:15,WAKE,51,
2026-07-04,05:16,LIGHT,51,
2026-07-04,05:17,LIGHT,51,
2026-07-04,05:18,LIGHT,51,
2026-07-04,05:19,LIGHT,53,
2026-07-04,05:20,LIGHT,57,
2026-07-04,05:21,LIGHT,54,
2026-07-04,05:22,LIGHT,51,
2026-07-04,05:23,LIGHT,52,
2026-07-04,05:24,LIGHT,57,
2026-07-04,05:25,LIGHT,59,
2026-07-04,05:26,LIGHT,58,
2026-07-04,05:27,LIGHT,57,
2026-07-04,05:28,LIGHT,51,
2026-07-04,05:29,LIGHT,54,
2026-07-04,05:30,LIGHT,77,
2026-07-04,05:31,LIGHT,70,
2026-07-04,05:32,LIGHT,62,
2026-07-04,05:33,LIGHT,58,
2026-07-04,05:34,LIGHT,60,
2026-07-04,05:35,LIGHT,83,
2026-07-04,05:36,LIGHT,87,
2026-07-04,05:37,LIGHT,89,
2026-07-04,05:38,LIGHT,78,
2026-07-04,05:39,LIGHT,68,
2026-07-04,05:40,LIGHT,61,
2026-07-04,05:41,LIGHT,55,
2026-07-04,05:42,LIGHT,51,
2026-07-04,05:43,LIGHT,56,
2026-07-04,05:44,LIGHT,58,
2026-07-04,05:45,LIGHT,61,
2026-07-04,05:46,LIGHT,54,
2026-07-04,05:47,DEEP,62,
2026-07-04,05:48,DEEP,56,
2026-07-04,05:49,DEEP,55,
2026-07-04,05:50,DEEP,53,
2026-07-04,05:51,DEEP,64,
2026-07-04,05:52,DEEP,59,
2026-07-04,05:53,DEEP,55,
2026-07-04,05:54,DEEP,53,
2026-07-04,05:55,LIGHT,54,
2026-07-04,05:56,LIGHT,56,
2026-07-04,05:57,LIGHT,53,
2026-07-04,05:58,LIGHT,50,
2026-07-04,05:59,LIGHT,50,
2026-07-04,06:00,LIGHT,51,
2026-07-04,06:01,LIGHT,52,
2026-07-04,06:02,LIGHT,60,
2026-07-04,06:03,LIGHT,63,
2026-07-04,06:04,LIGHT,61,
2026-07-04,06:05,LIGHT,62,
2026-07-04,06:06,LIGHT,57,
2026-07-04,06:07,LIGHT,52,
2026-07-04,06:08,DEEP,52,
2026-07-04,06:09,DEEP,53,
2026-07-04,06:10,DEEP,61,
2026-07-04,06:11,DEEP,74,
2026-07-04,06:12,DEEP,64,
2026-07-04,06:13,LIGHT,64,
2026-07-04,06:14,LIGHT,72,
2026-07-04,06:15,LIGHT,78,
2026-07-04,06:16,LIGHT,74,
2026-07-04,06:17,LIGHT,72,
2026-07-04,06:18,LIGHT,74,
2026-07-04,06:19,LIGHT,76,
2026-07-04,06:20,LIGHT,81,
2026-07-04,06:21,WAKE,81,
2026-07-04,06:22,LIGHT,72,
2026-07-04,06:23,LIGHT,56,
2026-07-04,06:24,LIGHT,53,
2026-07-04,06:25,LIGHT,50,
2026-07-04,06:26,LIGHT,48,
2026-07-04,06:27,LIGHT,48,
2026-07-04,06:28,LIGHT,48,
2026-07-04,06:29,LIGHT,51,
2026-07-04,06:30,LIGHT,49,
2026-07-04,06:31,LIGHT,49,
2026-07-04,06:32,LIGHT,49,
2026-07-04,06:33,LIGHT,48,
2026-07-04,06:34,LIGHT,52,
2026-07-04,06:35,LIGHT,49,
2026-07-04,06:36,LIGHT,49,
2026-07-04,06:37,LIGHT,47,
2026-07-04,06:38,LIGHT,52,
2026-07-04,06:39,LIGHT,51,
2026-07-04,06:40,WAKE,48,
2026-07-04,06:41,WAKE,48,
2026-07-04,06:42,LIGHT,48,
2026-07-04,06:43,LIGHT,49,
2026-07-04,06:44,LIGHT,49,
2026-07-04,06:45,LIGHT,55,
2026-07-04,06:46,LIGHT,56,
2026-07-04,06:47,LIGHT,49,
2026-07-04,06:48,LIGHT,46,
2026-07-04,06:49,LIGHT,48,
2026-07-04,06:50,REM,45,
2026-07-04,06:51,REM,44,
2026-07-04,06:52,REM,44,
2026-07-04,06:53,REM,44,
2026-07-04,06:54,REM,44,
2026-07-04,06:55,REM,43,
2026-07-04,06:56,REM,48,
2026-07-04,06:57,REM,43,
2026-07-04,06:58,REM,42,
2026-07-04,06:59,REM,42,
2026-07-04,07:00,REM,42,
2026-07-04,07:01,REM,42,
2026-07-04,07:02,REM,43,
2026-07-04,07:03,REM,43,
2026-07-04,07:04,REM,43,
2026-07-04,07:05,REM,44,
2026-07-04,07:06,REM,45,
2026-07-04,07:07,REM,45,
2026-07-04,07:08,REM,45,
2026-07-04,07:09,REM,45,
2026-07-04,07:10,REM,45,
2026-07-04,07:11,REM,45,
2026-07-04,07:12,REM,45,
2026-07-04,07:13,REM,45,
2026-07-04,07:14,REM,45,
2026-07-04,07:15,REM,45,
2026-07-04,07:16,REM,45,
2026-07-04,07:17,REM,45,
2026-07-04,07:18,REM,45,
2026-07-04,07:19,REM,45,
2026-07-04,07:20,REM,45,
2026-07-04,07:21,REM,44,
2026-07-04,07:22,REM,44,
2026-07-04,07:23,REM,44,
2026-07-04,07:24,REM,44,
2026-07-04,07:25,REM,44,
2026-07-04,07:26,REM,45,
2026-07-04,07:27,REM,45,
2026-07-04,07:28,LIGHT,45,
2026-07-04,07:29,LIGHT,45,
2026-07-04,07:30,LIGHT,45,
2026-07-04,07:31,LIGHT,45,
2026-07-04,07:32,LIGHT,45,
2026-07-04,07:33,LIGHT,44,
2026-07-04,07:34,LIGHT,44,
2026-07-04,07:35,LIGHT,44,
2026-07-04,07:36,LIGHT,44,
2026-07-04,07:37,LIGHT,44,
2026-07-04,07:38,LIGHT,46,
2026-07-04,07:39,LIGHT,54,
2026-07-04,07:40,LIGHT,57,
2026-07-04,07:41,LIGHT,46,
2026-07-04,07:42,LIGHT,44,
2026-07-04,07:43,LIGHT,44,
2026-07-04,07:44,DEEP,44,
2026-07-04,07:45,DEEP,44,
2026-07-04,07:46,DEEP,48,
2026-07-04,07:47,DEEP,46,
2026-07-04,07:48,DEEP,46,
2026-07-04,07:49,DEEP,43,
2026-07-04,07:50,DEEP,43,
2026-07-04,07:51,DEEP,44,
2026-07-04,07:52,DEEP,44,
2026-07-04,07:53,DEEP,44,
2026-07-04,07:54,DEEP,46,
2026-07-04,07:55,DEEP,46,
2026-07-04,07:56,LIGHT,46,
2026-07-04,07:57,LIGHT,46,
2026-07-04,07:58,LIGHT,46,
2026-07-04,07:59,LIGHT,46,
2026-07-04,08:00,LIGHT,46,
2026-07-04,08:01,LIGHT,46,
2026-07-04,08:02,LIGHT,46,
2026-07-04,08:03,LIGHT,46,
2026-07-04,08:04,LIGHT,49,
2026-07-04,08:05,LIGHT,47,
2026-07-04,08:06,LIGHT,45,
2026-07-04,08:07,LIGHT,45,
2026-07-04,08:08,LIGHT,45,
2026-07-04,08:09,LIGHT,45,
2026-07-04,08:10,LIGHT,44,
2026-07-04,08:11,LIGHT,44,
2026-07-04,08:12,LIGHT,45,
2026-07-04,08:13,LIGHT,44,
2026-07-04,08:14,LIGHT,44,
2026-07-04,08:15,LIGHT,51,
2026-07-04,08:16,LIGHT,44,
2026-07-04,08:17,DEEP,41,
2026-07-04,08:18,DEEP,41,
2026-07-04,08:19,DEEP,41,
2026-07-04,08:20,DEEP,41,
2026-07-04,08:21,DEEP,40,
2026-07-04,08:22,LIGHT,40,
2026-07-04,08:23,LIGHT,40,
2026-07-04,08:24,LIGHT,40,
2026-07-04,08:25,LIGHT,40,
2026-07-04,08:26,LIGHT,40,
2026-07-04,08:27,LIGHT,40,
2026-07-04,08:28,REM,40,
2026-07-04,08:29,REM,41,
2026-07-04,08:30,REM,43,
2026-07-04,08:31,REM,60,
2026-07-04,08:32,REM,54,
2026-07-04,08:33,REM,47,
2026-07-04,08:34,REM,44,
2026-07-04,08:35,REM,42,
2026-07-04,08:36,REM,42,
2026-07-04,08:37,REM,42,
2026-07-04,08:38,REM,42,
2026-07-04,08:39,REM,42,
2026-07-04,08:40,REM,42,
2026-07-04,08:41,REM,41,
2026-07-04,08:42,REM,41,
2026-07-04,08:43,REM,42,
2026-07-04,08:44,REM,42,
2026-07-04,08:45,REM,42,
2026-07-04,08:46,LIGHT,43,
2026-07-04,08:47,LIGHT,43,
2026-07-04,08:48,LIGHT,43,
2026-07-04,08:49,LIGHT,43,
2026-07-04,08:50,LIGHT,43,
2026-07-04,08:51,LIGHT,44,
2026-07-04,08:52,LIGHT,45,
2026-07-04,08:53,LIGHT,45,
2026-07-04,08:54,LIGHT,45,
2026-07-04,08:55,LIGHT,45,
2026-07-04,08:56,LIGHT,45,
2026-07-04,08:57,LIGHT,45,
2026-07-04,08:58,LIGHT,46,
2026-07-04,08:59,LIGHT,46,
2026-07-04,09:00,LIGHT,51,
2026-07-04,09:01,LIGHT,45,
2026-07-04,09:02,LIGHT,51,
2026-07-04,09:03,LIGHT,45,
2026-07-04,09:04,LIGHT,44,
2026-07-04,09:05,LIGHT,44,
2026-07-04,09:06,LIGHT,45,
2026-07-04,09:07,LIGHT,45,
2026-07-04,09:08,LIGHT,46,
2026-07-04,09:09,LIGHT,50,
2026-07-04,09:10,LIGHT,46,
2026-07-04,09:11,LIGHT,44,
2026-07-04,09:12,LIGHT,45,
2026-07-04,09:13,LIGHT,45,
2026-07-04,09:14,LIGHT,45,
2026-07-04,09:15,LIGHT,44,
2026-07-04,09:16,LIGHT,47,
2026-07-04,09:17,LIGHT,49,
2026-07-04,09:18,LIGHT,53,
2026-07-04,09:19,LIGHT,45,
2026-07-04,09:20,LIGHT,43,
2026-07-04,09:21,DEEP,43,
2026-07-04,09:22,DEEP,43,
2026-07-04,09:23,DEEP,43,
2026-07-04,09:24,DEEP,45,
2026-07-04,09:25,DEEP,49,
2026-07-04,09:26,DEEP,46,
2026-07-04,09:27,DEEP,44,
2026-07-04,09:28,DEEP,45,
2026-07-04,09:29,DEEP,45,
2026-07-04,09:30,DEEP,44,
2026-07-04,09:31,DEEP,43,
2026-07-04,09:32,DEEP,43,
2026-07-04,09:33,DEEP,42,
2026-07-04,09:34,DEEP,43,
2026-07-04,09:35,LIGHT,43,
2026-07-04,09:36,LIGHT,42,
2026-07-04,09:37,LIGHT,42,
2026-07-04,09:38,LIGHT,44,
2026-07-04,09:39,LIGHT,48,
2026-07-04,09:40,LIGHT,45,
2026-07-04,09:41,REM,45,
2026-07-04,09:42,REM,45,
2026-07-04,09:43,REM,45,
2026-07-04,09:44,REM,45,
2026-07-04,09:45,REM,45,
2026-07-04,09:46,REM,44,
2026-07-04,09:47,REM,44,
2026-07-04,09:48,REM,44,
2026-07-04,09:49,REM,44,
2026-07-04,09:50,REM,45,
2026-07-04,09:51,REM,46,
2026-07-04,09:52,REM,43,
2026-07-04,09:53,REM,43,
2026-07-04,09:54,REM,44,
2026-07-04,09:55,REM,44,
2026-07-04,09:56,REM,42,
2026-07-04,09:57,REM,42,
2026-07-04,09:58,REM,42,
2026-07-04,09:59,REM,42,
2026-07-04,10:00,REM,52,
2026-07-04,10:01,REM,46,
2026-07-04,10:02,REM,43,
2026-07-04,10:03,REM,43,
2026-07-04,10:04,REM,43,
2026-07-04,10:05,REM,43,
2026-07-04,10:06,REM,43,
2026-07-04,10:07,REM,43,
2026-07-04,10:08,REM,43,
2026-07-04,10:09,REM,49,
2026-07-04,10:10,REM,45,
2026-07-04,10:11,REM,43,
2026-07-04,10:12,REM,42,
2026-07-04,10:13,REM,42,
2026-07-04,10:14,REM,42,
2026-07-04,10:15,LIGHT,43,
2026-07-04,10:16,LIGHT,43,
2026-07-04,10:17,LIGHT,43,
2026-07-04,10:18,LIGHT,48,
2026-07-04,10:19,LIGHT,53,
2026-07-04,10:20,LIGHT,55,
2026-07-04,10:21,LIGHT,58,
2026-07-04,10:22,LIGHT,48,
2026-07-04,10:23,LIGHT,44,
2026-07-04,10:24,LIGHT,42,
2026-07-04,10:25,LIGHT,42,
2026-07-04,10:26,LIGHT,42,
2026-07-04,10:27,LIGHT,42,
2026-07-04,10:28,LIGHT,42,
2026-07-04,10:29,LIGHT,42,
2026-07-04,10:30,LIGHT,49,
2026-07-04,10:31,LIGHT,45,
2026-07-04,10:32,LIGHT,44,
2026-07-04,10:33,LIGHT,44,
2026-07-04,10:34,LIGHT,45,
2026-07-04,10:35,LIGHT,45,
2026-07-04,10:36,LIGHT,49,
2026-07-04,10:37,WAKE,44,
2026-07-04,10:38,LIGHT,44,
2026-07-04,10:39,LIGHT,44,
2026-07-04,10:40,LIGHT,44,
2026-07-04,10:41,LIGHT,43,
2026-07-04,10:42,LIGHT,43,
2026-07-04,10:43,LIGHT,43,
2026-07-04,16:06,LIGHT,76,
2026-07-04,16:07,LIGHT,88,
2026-07-04,16:08,LIGHT,95,
2026-07-04,16:09,LIGHT,101,
2026-07-04,16:10,LIGHT,95,
2026-07-04,16:11,LIGHT,100,
2026-07-04,16:12,LIGHT,108,
2026-07-04,16:13,LIGHT,110,
2026-07-04,16:14,LIGHT,116,
2026-07-04,16:15,LIGHT,118,
2026-07-04,16:16,LIGHT,115,
2026-07-04,16:17,LIGHT,110,
2026-07-04,16:18,LIGHT,100,
2026-07-04,16:19,LIGHT,81,
2026-07-04,16:20,LIGHT,70,
2026-07-04,16:21,DEEP,70,
2026-07-04,16:22,DEEP,74,
2026-07-04,16:23,DEEP,84,
2026-07-04,16:24,DEEP,81,
2026-07-04,16:25,DEEP,84,
2026-07-04,16:26,DEEP,88,
2026-07-04,16:27,DEEP,90,
2026-07-04,16:28,DEEP,92,
2026-07-04,16:29,DEEP,84,
2026-07-04,16:30,LIGHT,78,
2026-07-04,16:31,LIGHT,83,
2026-07-04,16:32,LIGHT,85,
2026-07-04,16:33,LIGHT,77,
2026-07-04,16:34,LIGHT,77,
2026-07-04,16:35,LIGHT,82,
2026-07-04,16:36,LIGHT,92,
2026-07-04,16:37,LIGHT,82,
2026-07-04,16:38,LIGHT,73,
2026-07-04,16:39,LIGHT,74,
2026-07-04,16:40,LIGHT,71,
2026-07-04,16:41,LIGHT,73,
2026-07-04,16:42,LIGHT,71,
2026-07-04,16:43,DEEP,70,
2026-07-04,16:44,DEEP,66,
2026-07-04,16:45,DEEP,71,
2026-07-04,16:46,DEEP,81,
2026-07-04,16:47,DEEP,81,
2026-07-04,16:48,DEEP,74,
2026-07-04,16:49,DEEP,77,
2026-07-04,16:50,DEEP,70,
2026-07-04,16:51,DEEP,72,
2026-07-04,16:52,DEEP,70,
2026-07-04,16:53,DEEP,62,
2026-07-04,16:54,DEEP,61,
2026-07-04,16:55,DEEP,59,
2026-07-04,16:56,DEEP,60,
2026-07-04,16:57,DEEP,63,
2026-07-04,16:58,DEEP,74,
2026-07-04,16:59,DEEP,65,
2026-07-04,17:00,DEEP,62,
2026-07-04,17:01,LIGHT,62,
2026-07-04,17:02,LIGHT,59,
2026-07-04,17:03,LIGHT,61,
2026-07-04,17:04,LIGHT,64,
2026-07-04,17:05,LIGHT,63,
2026-07-04,17:06,LIGHT,65,
2026-07-04,17:07,LIGHT,66,
2026-07-04,17:08,REM,65,
2026-07-04,17:09,REM,64,
2026-07-04,17:10,REM,61,
2026-07-04,17:11,REM,65,
2026-07-04,17:12,REM,64,
2026-07-04,17:13,REM,69,
2026-07-04,17:14,REM,76,
2026-07-04,17:15,REM,83,
2026-07-04,17:16,REM,78,
2026-07-04,17:17,REM,66,
2026-07-04,17:18,REM,71,
2026-07-04,17:19,REM,81,
2026-07-04,17:20,REM,92,
2026-07-04,17:21,REM,94,
2026-07-04,17:22,REM,94,
2026-07-04,17:23,REM,85,
2026-07-04,17:24,REM,84,
2026-07-04,17:25,REM,81,
2026-07-04,17:26,REM,81,
2026-07-04,17:27,REM,75,
2026-07-04,17:28,REM,67,
2026-07-04,17:29,REM,77,
2026-07-04,17:30,REM,91,
2026-07-04,17:31,REM,88,
2026-07-04,17:32,REM,73,
2026-07-04,17:33,LIGHT,67,
2026-07-04,17:34,LIGHT,66,
2026-07-04,17:35,LIGHT,68,
2026-07-04,17:36,LIGHT,75,
2026-07-04,17:37,LIGHT,69,
2026-07-04,17:38,LIGHT,65,
2026-07-04,17:39,LIGHT,65,
2026-07-04,17:40,LIGHT,65,
2026-07-04,17:41,LIGHT,67,
2026-07-04,17:42,LIGHT,67,
2026-07-04,17:43,LIGHT,64,
2026-07-04,17:44,LIGHT,65,
2026-07-04,17:45,LIGHT,63,
2026-07-04,17:46,LIGHT,67,
2026-07-04,17:47,LIGHT,67,
2026-07-04,17:48,LIGHT,69,
2026-07-04,17:49,LIGHT,65,
2026-07-04,17:50,LIGHT,70,
2026-07-04,17:51,LIGHT,69,
2026-07-04,17:52,LIGHT,64,
2026-07-04,17:53,LIGHT,63,
2026-07-04,17:54,LIGHT,67,
2026-07-04,17:55,LIGHT,67,
2026-07-04,17:56,LIGHT,67,
2026-07-04,17:57,LIGHT,63,
2026-07-04,17:58,LIGHT,64,
2026-07-04,17:59,LIGHT,69,
2026-07-04,18:00,LIGHT,60,
2026-07-04,18:01,LIGHT,59,
2026-07-04,18:02,LIGHT,59,
2026-07-04,18:03,LIGHT,58,
2026-07-04,18:04,LIGHT,60,
2026-07-05,06:58,LIGHT,172,
2026-07-05,06:59,LIGHT,172,
2026-07-05,07:00,LIGHT,172,
2026-07-05,07:01,LIGHT,172,
2026-07-05,07:02,LIGHT,173,
2026-07-05,07:03,LIGHT,173,
2026-07-05,07:04,LIGHT,173,
2026-07-05,07:05,LIGHT,172,
2026-07-05,07:06,LIGHT,172,
2026-07-05,07:07,LIGHT,171,
2026-07-05,07:08,LIGHT,172,
2026-07-05,07:09,LIGHT,172,
2026-07-05,07:10,LIGHT,172,
2026-07-05,07:11,LIGHT,172,
2026-07-05,07:12,DEEP,172,
2026-07-05,07:13,DEEP,172,
2026-07-05,07:14,DEEP,172,
2026-07-05,07:15,DEEP,172,
2026-07-05,07:16,DEEP,172,
2026-07-05,07:17,DEEP,171,
2026-07-05,07:18,DEEP,171,
2026-07-05,07:19,DEEP,173,
2026-07-05,07:20,DEEP,173,
2026-07-05,07:21,DEEP,173,
2026-07-05,07:22,DEEP,173,
2026-07-05,07:23,DEEP,173,
2026-07-05,07:24,DEEP,173,
2026-07-05,07:25,DEEP,173,
2026-07-05,07:26,DEEP,173,
2026-07-05,07:27,DEEP,173,
2026-07-05,07:28,DEEP,172,
2026-07-05,07:29,DEEP,172,
2026-07-05,07:30,DEEP,173,
2026-07-05,07:31,DEEP,172,
2026-07-05,07:32,DEEP,172,
2026-07-05,07:33,DEEP,172,
2026-07-05,07:34,DEEP,174,
2026-07-05,07:35,DEEP,173,
2026-07-05,07:36,DEEP,172,
2026-07-05,07:37,LIGHT,172,
2026-07-05,07:38,LIGHT,172,
2026-07-05,07:39,LIGHT,172,
2026-07-05,07:40,WAKE,173,
2026-07-05,07:41,WAKE,173,
2026-07-05,07:42,LIGHT,173,
2026-07-05,07:43,LIGHT,173,
2026-07-05,07:44,LIGHT,173,
2026-07-05,07:45,LIGHT,173,
2026-07-05,07:46,LIGHT,173,
2026-07-05,07:47,LIGHT,173,
2026-07-05,07:48,LIGHT,175,
2026-07-05,07:49,LIGHT,175,
2026-07-05,07:50,REM,151,
2026-07-05,07:51,REM,137,
2026-07-05,07:52,REM,139,
2026-07-05,07:53,REM,137,
2026-07-05,07:54,REM,119,
2026-07-05,07:55,REM,113,
2026-07-05,07:56,REM,106,
2026-07-05,07:57,REM,110,
2026-07-05,07:58,REM,120,
2026-07-05,07:59,REM,114,
2026-07-05,08:00,REM,106,
2026-07-05,08:01,REM,105,
2026-07-05,08:02,REM,102,
2026-07-05,08:03,REM,99,
2026-07-05,08:04,REM,99,
2026-07-05,08:05,REM,98,
2026-07-05,08:06,REM,102,
2026-07-05,08:07,REM,101,
2026-07-05,08:08,REM,110,
2026-07-05,08:09,REM,109,
2026-07-05,08:10,REM,107,
2026-07-05,08:11,REM,104,
2026-07-05,08:12,REM,105,
2026-07-05,08:13,REM,109,
2026-07-05,08:14,LIGHT,101,
2026-07-05,08:15,LIGHT,98,
2026-07-05,08:16,LIGHT,95,
2026-07-05,08:17,LIGHT,92,
2026-07-05,08:18,LIGHT,91,
2026-07-05,08:19,LIGHT,93,
2026-07-05,08:20,LIGHT,95,
2026-07-05,08:21,LIGHT,89,
2026-07-05,08:22,LIGHT,88,
2026-07-05,08:23,LIGHT,86,
2026-07-05,08:24,LIGHT,87,
2026-07-05,08:25,LIGHT,93,
2026-07-05,08:26,LIGHT,91,
2026-07-05,08:27,LIGHT,91,
2026-07-05,08:28,LIGHT,91,
2026-07-05,08:29,LIGHT,91,
2026-07-05,08:30,LIGHT,91,
2026-07-05,08:31,LIGHT,90,
2026-07-05,08:32,WAKE,94,
2026-07-05,08:33,LIGHT,90,
2026-07-05,08:34,LIGHT,88,
2026-07-05,08:35,LIGHT,86,
2026-07-05,08:36,LIGHT,87,
2026-07-05,08:37,LIGHT,88,
2026-07-05,08:38,LIGHT,86,
2026-07-05,08:39,LIGHT,86,
2026-07-05,08:40,LIGHT,88,
2026-07-05,08:41,LIGHT,88,
2026-07-05,08:42,LIGHT,88,
2026-07-05,08:43,LIGHT,83,
2026-07-05,08:44,LIGHT,85,
2026-07-05,08:45,LIGHT,85,
2026-07-05,08:46,LIGHT,87,
2026-07-05,08:47,LIGHT,87,
2026-07-05,08:48,LIGHT,86,
2026-07-05,08:49,LIGHT,84,
2026-07-05,08:50,LIGHT,88,
2026-07-05,08:51,DEEP,87,
2026-07-05,08:52,DEEP,87,
2026-07-05,08:53,DEEP,87,
2026-07-05,08:54,DEEP,83,
2026-07-05,08:55,DEEP,85,
2026-07-05,08:56,DEEP,85,
2026-07-05,08:57,DEEP,84,
2026-07-05,08:58,DEEP,82,
2026-07-05,08:59,DEEP,82,
2026-07-05,09:00,DEEP,80,
2026-07-05,09:01,LIGHT,82,
2026-07-05,09:02,LIGHT,85,
2026-07-05,09:03,LIGHT,84,
2026-07-05,09:04,LIGHT,81,
2026-07-05,09:05,LIGHT,80,
2026-07-05,09:06,LIGHT,81,
2026-07-05,09:07,LIGHT,82,
2026-07-05,09:08,LIGHT,81,
2026-07-05,09:09,LIGHT,79,
2026-07-05,09:10,LIGHT,79,
2026-07-05,09:11,LIGHT,80,
2026-07-05,09:12,REM,82,
2026-07-05,09:13,REM,80,
2026-07-05,09:14,REM,79,
2026-07-05,09:15,REM,83,
2026-07-05,09:16,REM,81,
2026-07-05,09:17,REM,76,
2026-07-05,09:18,REM,86,
2026-07-05,09:19,REM,87,
2026-07-05,09:20,REM,81,
2026-07-05,09:21,REM,78,
2026-07-05,09:22,REM,79,
2026-07-05,09:23,REM,86,
2026-07-05,09:24,REM,96,
2026-07-05,09:25,REM,99,
2026-07-05,09:26,REM,98,
2026-07-05,09:27,REM,88,
2026-07-05,09:28,REM,83,
2026-07-05,09:29,REM,80,
2026-07-05,09:30,REM,77,
2026-07-05,09:31,REM,78,
2026-07-05,09:32,REM,78,
2026-07-05,09:33,REM,75,
2026-07-05,09:34,REM,76,
2026-07-05,09:35,REM,78,
2026-07-05,09:36,REM,78,
2026-07-05,09:37,REM,79,
2026-07-05,09:38,REM,71,
2026-07-05,09:39,REM,68,
2026-07-05,09:40,REM,67,
2026-07-05,09:41,REM,69,
2026-07-05,09:42,REM,76,
2026-07-05,09:43,REM,71,
2026-07-05,09:44,REM,68,
2026-07-05,09:45,REM,69,
2026-07-05,09:46,REM,70,
2026-07-05,09:47,REM,72,
2026-07-05,09:48,REM,81,
2026-07-05,09:49,REM,88,
2026-07-05,09:50,REM,79,
2026-07-05,09:51,REM,72,
2026-07-05,09:52,REM,74,
2026-07-05,09:53,REM,80,
2026-07-05,09:54,REM,77,
2026-07-05,09:55,LIGHT,75,
2026-07-05,09:56,LIGHT,77,
2026-07-05,09:57,LIGHT,77,
2026-07-05,09:58,LIGHT,77,
2026-07-05,09:59,LIGHT,77,
2026-07-05,10:00,LIGHT,82,
2026-07-05,10:01,LIGHT,87,
2026-07-05,10:02,LIGHT,91,
2026-07-05,10:03,LIGHT,88,
2026-07-05,10:04,LIGHT,82,
2026-07-05,10:05,LIGHT,79,
2026-07-05,10:06,LIGHT,76,
2026-07-05,10:07,LIGHT,72,
2026-07-05,10:08,LIGHT,69,
2026-07-05,10:09,LIGHT,76,
2026-07-05,10:10,LIGHT,85,
2026-07-05,10:11,LIGHT,87,
2026-07-05,10:12,LIGHT,83,
2026-07-05,10:13,LIGHT,81,
2026-07-05,10:14,LIGHT,88,
2026-07-05,10:15,LIGHT,90,
2026-07-05,10:16,LIGHT,86,
2026-07-05,10:17,LIGHT,87,
2026-07-05,10:18,LIGHT,87,
2026-07-05,10:19,LIGHT,90,
2026-07-05,10:20,LIGHT,89,
2026-07-05,10:21,LIGHT,90,
2026-07-05,10:22,WAKE,90,
2026-07-05,10:23,LIGHT,71,
2026-07-05,10:24,LIGHT,63,
2026-07-05,10:25,LIGHT,63,
2026-07-05,10:26,LIGHT,65,
2026-07-05,10:27,LIGHT,65,
2026-07-05,10:28,LIGHT,64,
2026-07-05,10:29,LIGHT,62,
2026-07-05,10:30,LIGHT,61,
2026-07-05,10:31,LIGHT,61,
2026-07-05,10:32,LIGHT,62,
2026-07-05,10:33,LIGHT,62,
2026-07-05,10:34,LIGHT,70,
2026-07-05,10:35,LIGHT,80,
2026-07-05,10:36,LIGHT,73,
2026-07-05,10:37,LIGHT,75,
2026-07-05,10:38,LIGHT,75,
2026-07-05,10:39,LIGHT,76,
2026-07-05,10:40,LIGHT,76,
2026-07-05,10:41,LIGHT,76,
2026-07-05,10:42,LIGHT,78,
2026-07-05,10:43,LIGHT,80,
2026-07-05,10:44,LIGHT,81,
2026-07-05,10:45,LIGHT,81,
2026-07-05,10:46,LIGHT,82,
2026-07-05,10:47,LIGHT,84,
2026-07-05,10:48,LIGHT,93,
2026-07-05,10:49,LIGHT,105,
2026-07-05,10:50,LIGHT,96,
2026-07-05,10:51,LIGHT,86,
2026-07-05,10:52,LIGHT,79,
2026-07-05,10:53,LIGHT,80,
2026-07-05,10:54,LIGHT,82,
2026-07-05,10:55,LIGHT,78,
2026-07-05,10:56,LIGHT,79,
2026-07-05,10:57,LIGHT,79,
2026-07-05,10:58,LIGHT,76,
2026-07-05,10:59,LIGHT,82,
2026-07-05,11:00,LIGHT,79,
2026-07-05,11:01,LIGHT,81,
2026-07-05,11:02,LIGHT,81,
2026-07-05,11:03,REM,94,
2026-07-05,11:04,REM,115,
2026-07-05,11:05,REM,124,
2026-07-05,11:06,REM,99,
2026-07-05,11:07,REM,84,
2026-07-05,11:08,REM,80,
2026-07-05,11:09,REM,77,
2026-07-05,11:10,REM,79,
2026-07-05,11:11,REM,76,
2026-07-05,11:12,REM,78,
2026-07-05,11:13,REM,81,
2026-07-05,11:14,REM,80,
2026-07-05,11:15,REM,77,
2026-07-05,11:16,REM,77,
2026-07-05,11:17,REM,82,
2026-07-05,11:18,REM,83,
2026-07-05,11:19,REM,83,
2026-07-05,11:20,REM,82,
2026-07-05,11:21,REM,84,
2026-07-05,11:22,REM,83,
2026-07-05,11:23,REM,85,
2026-07-05,11:24,REM,82,
2026-07-05,11:25,REM,82,
2026-07-05,11:26,REM,80,
2026-07-05,11:27,REM,80,
2026-07-05,11:28,LIGHT,80,
2026-07-05,11:29,LIGHT,80,
2026-07-05,11:30,LIGHT,81,
2026-07-05,11:31,LIGHT,77,
2026-07-05,11:32,LIGHT,76,
2026-07-05,11:33,LIGHT,99,
2026-07-05,11:34,LIGHT,100,
2026-07-05,11:35,LIGHT,81,
2026-07-05,11:36,LIGHT,82,
2026-07-05,11:37,LIGHT,83,
2026-07-05,11:38,LIGHT,77,
2026-07-05,11:39,LIGHT,72,
2026-07-05,11:40,LIGHT,74,
2026-07-05,11:41,LIGHT,84,
2026-07-05,11:42,LIGHT,95,
2026-07-05,11:43,LIGHT,93,
2026-07-05,11:44,LIGHT,98,
2026-07-05,11:45,LIGHT,98,
2026-07-05,11:46,LIGHT,88,
2026-07-05,11:47,LIGHT,87,
2026-07-05,11:48,LIGHT,84,
2026-07-05,11:49,LIGHT,83,
2026-07-05,11:50,LIGHT,87,
2026-07-05,11:51,LIGHT,86,
2026-07-05,11:52,LIGHT,86,
2026-07-05,11:53,LIGHT,87,
2026-07-05,11:54,LIGHT,89,
2026-07-05,11:55,LIGHT,90,
2026-07-05,11:56,LIGHT,83,
2026-07-05,11:57,LIGHT,87,
2026-07-05,11:58,LIGHT,85,
2026-07-05,11:59,LIGHT,87,
2026-07-05,12:00,LIGHT,86,
2026-07-05,12:01,LIGHT,86,
2026-07-05,12:02,LIGHT,86,
2026-07-05,12:03,LIGHT,86,
2026-07-05,12:04,DEEP,87,
2026-07-05,12:05,DEEP,86,
2026-07-05,12:06,DEEP,89,
2026-07-05,12:07,DEEP,89,
2026-07-05,12:08,DEEP,89,
2026-07-05,12:09,DEEP,88,
2026-07-05,12:10,DEEP,89,
2026-07-05,12:11,DEEP,96,
2026-07-05,12:12,DEEP,119,
2026-07-05,12:13,DEEP,131,
2026-07-05,12:14,DEEP,128,
2026-07-05,12:15,DEEP,118,
2026-07-05,12:16,LIGHT,117,
2026-07-05,12:17,LIGHT,108,
2026-07-05,12:18,LIGHT,89,
2026-07-05,12:19,LIGHT,78,
2026-07-05,12:20,LIGHT,74,
2026-07-05,12:21,DEEP,70,
2026-07-05,12:22,DEEP,70,
2026-07-05,12:23,DEEP,69,
2026-07-05,12:24,DEEP,68,
2026-07-05,12:25,DEEP,68,
2026-07-05,12:26,DEEP,69,
2026-07-05,12:27,DEEP,66,
2026-07-05,12:28,LIGHT,66,
2026-07-05,12:29,LIGHT,68,
2026-07-05,12:30,LIGHT,68,
2026-07-05,12:31,WAKE,69,
2026-07-05,12:32,LIGHT,72,
2026-07-05,12:33,LIGHT,66,
2026-07-05,21:00,LIGHT,70,
2026-07-05,21:01,LIGHT,67,
2026-07-05,21:02,LIGHT,64,
2026-07-05,21:03,LIGHT,68,
2026-07-05,21:04,LIGHT,67,
2026-07-05,21:05,LIGHT,69,
2026-07-05,21:06,LIGHT,76,
2026-07-05,21:07,LIGHT,76,
2026-07-05,21:08,LIGHT,78,
2026-07-05,21:09,LIGHT,81,
2026-07-05,21:10,LIGHT,79,
2026-07-05,21:11,LIGHT,75,
2026-07-05,21:12,LIGHT,69,
2026-07-05,21:13,LIGHT,67,
2026-07-05,21:14,DEEP,65,
2026-07-05,21:15,DEEP,75,
2026-07-05,21:16,DEEP,71,
2026-07-05,21:17,DEEP,67,
2026-07-05,21:18,DEEP,66,
2026-07-05,21:19,DEEP,65,
2026-07-05,21:20,DEEP,79,
2026-07-05,21:21,DEEP,92,
2026-07-05,21:22,DEEP,84,
2026-07-05,21:23,DEEP,83,
2026-07-05,21:24,DEEP,80,
2026-07-05,21:25,DEEP,85,
2026-07-05,21:26,DEEP,90,
2026-07-05,21:27,DEEP,86,
2026-07-05,21:28,DEEP,85,
2026-07-05,21:29,DEEP,82,
2026-07-05,21:30,DEEP,86,
2026-07-05,21:31,DEEP,82,
2026-07-05,21:32,DEEP,70,
2026-07-05,21:33,DEEP,73,
2026-07-05,21:34,DEEP,70,
2026-07-05,21:35,DEEP,65,
2026-07-05,21:36,DEEP,65,
2026-07-05,21:37,DEEP,68,
2026-07-05,21:38,DEEP,75,
2026-07-05,21:39,DEEP,68,
2026-07-05,21:40,DEEP,79,
2026-07-05,21:41,DEEP,72,
2026-07-05,21:42,DEEP,63,
2026-07-05,21:43,LIGHT,59,
2026-07-05,21:44,LIGHT,57,
2026-07-05,21:45,LIGHT,54,
2026-07-05,21:46,LIGHT,59,
2026-07-05,21:47,LIGHT,61,
2026-07-05,21:48,LIGHT,59,
2026-07-05,21:49,LIGHT,63,
2026-07-05,21:50,LIGHT,62,
2026-07-05,21:51,REM,63,
2026-07-05,21:52,REM,63,
2026-07-05,21:53,REM,60,
2026-07-05,21:54,REM,61,
2026-07-05,21:55,REM,64,
2026-07-05,21:56,REM,67,
2026-07-05,21:57,REM,64,
2026-07-05,21:58,REM,60,
2026-07-05,21:59,REM,58,
2026-07-05,22:00,REM,60,
2026-07-05,22:01,REM,60,
2026-07-05,22:02,REM,65,
2026-07-05,22:03,REM,59,
2026-07-05,22:04,REM,58,
2026-07-05,22:05,REM,55,
2026-07-05,22:06,REM,60,
2026-07-05,22:07,REM,60,
2026-07-05,22:08,REM,57,
2026-07-05,22:09,REM,58,
2026-07-05,22:10,REM,57,
2026-07-05,22:11,REM,61,
2026-07-05,22:12,REM,65,
2026-07-05,22:13,LIGHT,61,
2026-07-05,22:14,LIGHT,61,
2026-07-05,22:15,LIGHT,61,
2026-07-05,22:16,LIGHT,61,
2026-07-05,22:17,LIGHT,60,
2026-07-05,22:18,LIGHT,62,
2026-07-05,22:19,LIGHT,67,
2026-07-05,22:20,LIGHT,67,
2026-07-05,22:21,LIGHT,71,
2026-07-05,22:22,LIGHT,68,
2026-07-05,22:23,LIGHT,70,
2026-07-05,22:24,LIGHT,68,
2026-07-05,22:25,LIGHT,73,
2026-07-05,22:26,LIGHT,69,
2026-07-05,22:27,LIGHT,66,
2026-07-05,22:28,LIGHT,64,
2026-07-05,22:29,LIGHT,69,
2026-07-05,22:30,LIGHT,66,
2026-07-05,22:31,LIGHT,73,
2026-07-05,22:32,LIGHT,73,
2026-07-05,22:33,LIGHT,70,
2026-07-05,22:34,LIGHT,68,
2026-07-05,22:35,LIGHT,68,
2026-07-05,22:36,LIGHT,61,
2026-07-05,22:37,LIGHT,63,
2026-07-05,22:38,LIGHT,63,
2026-07-05,22:39,LIGHT,62,
2026-07-05,22:40,LIGHT,62,
2026-07-05,22:41,LIGHT,65,
2026-07-05,22:42,LIGHT,66,
2026-07-05,22:43,WAKE,66,
2026-07-05,22:44,LIGHT,68,
2026-07-05,22:45,LIGHT,69,
2026-07-05,22:46,LIGHT,67,
2026-07-05,22:47,LIGHT,64,
2026-07-05,22:48,LIGHT,66,
2026-07-05,22:49,LIGHT,72,
2026-07-05,22:50,WAKE,70,
2026-07-05,22:51,LIGHT,67,
2026-07-05,22:52,LIGHT,67,
2026-07-05,22:53,LIGHT,69,
2026-07-05,22:54,LIGHT,69,
2026-07-05,22:55,LIGHT,70,
2026-07-05,22:56,LIGHT,68,
2026-07-05,22:57,LIGHT,73,
2026-07-05,22:58,LIGHT,75,
2026-07-05,22:59,LIGHT,72,
2026-07-05,23:00,LIGHT,72,
2026-07-05,23:01,LIGHT,67,
2026-07-05,23:02,LIGHT,66,
2026-07-05,23:03,LIGHT,68,
2026-07-05,23:04,LIGHT,70,
2026-07-05,23:05,LIGHT,75,
2026-07-05,20:58,LIGHT,74,
2026-07-05,20:59,LIGHT,72,
2026-07-05,21:00,LIGHT,70,
2026-07-05,21:01,LIGHT,67,
2026-07-05,21:02,LIGHT,64,
2026-07-05,21:03,LIGHT,68,
2026-07-05,21:04,LIGHT,67,
2026-07-05,21:05,LIGHT,69,
2026-07-05,21:06,LIGHT,76,
2026-07-05,21:07,LIGHT,76,
2026-07-05,21:08,LIGHT,78,
2026-07-05,21:09,LIGHT,81,
2026-07-05,21:10,LIGHT,79,
2026-07-05,21:11,LIGHT,75,
2026-07-05,21:12,LIGHT,69,
2026-07-05,21:13,LIGHT,67,
2026-07-05,21:14,DEEP,65,
2026-07-05,21:15,DEEP,75,
2026-07-05,21:16,DEEP,71,
2026-07-05,21:17,DEEP,67,
2026-07-05,21:18,DEEP,66,
2026-07-05,21:19,DEEP,65,
2026-07-05,21:20,DEEP,79,
2026-07-05,21:21,DEEP,92,
2026-07-05,21:22,DEEP,84,
2026-07-05,21:23,DEEP,83,
2026-07-05,21:24,DEEP,80,
2026-07-05,21:25,DEEP,85,
2026-07-05,21:26,DEEP,90,
2026-07-05,21:27,DEEP,86,
2026-07-05,21:28,DEEP,85,
2026-07-05,21:29,DEEP,82,
2026-07-05,21:30,DEEP,86,
2026-07-05,21:31,DEEP,82,
2026-07-05,21:32,DEEP,70,
2026-07-05,21:33,DEEP,73,
2026-07-05,21:34,DEEP,70,
2026-07-05,21:35,DEEP,65,
2026-07-05,21:36,DEEP,65,
2026-07-05,21:37,DEEP,68,
2026-07-05,21:38,DEEP,75,
2026-07-05,21:39,DEEP,68,
2026-07-05,21:40,DEEP,79,
2026-07-05,21:41,DEEP,72,
2026-07-05,21:42,DEEP,63,
2026-07-05,21:43,LIGHT,59,
2026-07-05,21:44,LIGHT,57,
2026-07-05,21:45,LIGHT,54,
2026-07-05,21:46,LIGHT,59,
2026-07-05,21:47,LIGHT,61,
2026-07-05,21:48,LIGHT,59,
2026-07-05,21:49,LIGHT,63,
2026-07-05,21:50,LIGHT,62,
2026-07-05,21:51,REM,63,
2026-07-05,21:52,REM,63,
2026-07-05,21:53,REM,60,
2026-07-05,21:54,REM,61,
2026-07-05,21:55,REM,64,
2026-07-05,21:56,REM,67,
2026-07-05,21:57,REM,64,
2026-07-05,21:58,REM,60,
2026-07-05,21:59,REM,58,
2026-07-05,22:00,REM,60,
2026-07-05,22:01,REM,60,
2026-07-05,22:02,REM,65,
2026-07-05,22:03,REM,59,
2026-07-05,22:04,REM,58,
2026-07-05,22:05,REM,55,
2026-07-05,22:06,REM,60,
2026-07-05,22:07,REM,60,
2026-07-05,22:08,REM,57,
2026-07-05,22:09,REM,58,
2026-07-05,22:10,REM,57,
2026-07-05,22:11,REM,61,
2026-07-05,22:12,REM,65,
2026-07-05,22:13,REM,61,
2026-07-05,22:14,REM,61,
2026-07-05,22:15,LIGHT,61,
2026-07-05,22:16,LIGHT,61,
2026-07-05,22:17,LIGHT,60,
2026-07-05,22:18,LIGHT,62,
2026-07-05,22:19,LIGHT,67,
2026-07-05,22:20,LIGHT,67,
2026-07-05,22:21,LIGHT,71,
2026-07-05,22:22,LIGHT,68,
2026-07-05,22:23,LIGHT,70,
2026-07-05,22:24,LIGHT,68,
2026-07-05,22:25,LIGHT,73,
2026-07-05,22:26,LIGHT,69,
2026-07-05,22:27,LIGHT,66,
2026-07-05,22:28,LIGHT,64,
2026-07-05,22:29,LIGHT,69,
2026-07-05,22:30,LIGHT,66,
2026-07-05,22:31,LIGHT,73,
2026-07-05,22:32,LIGHT,73,
2026-07-05,22:33,LIGHT,70,
2026-07-05,22:34,LIGHT,68,
2026-07-05,22:35,LIGHT,68,
2026-07-05,22:36,DEEP,61,
2026-07-05,22:37,DEEP,63,
2026-07-05,22:38,DEEP,63,
2026-07-05,22:39,DEEP,62,
2026-07-05,22:40,LIGHT,62,
2026-07-05,22:41,LIGHT,65,
2026-07-05,22:42,LIGHT,66,
2026-07-05,22:43,WAKE,66,
2026-07-05,22:44,LIGHT,68,
2026-07-05,22:45,LIGHT,69,
2026-07-05,22:46,WAKE,67,
2026-07-05,22:47,LIGHT,64,
2026-07-05,22:48,LIGHT,66,
2026-07-05,22:49,LIGHT,72,
2026-07-05,22:50,LIGHT,70,
2026-07-05,22:51,LIGHT,67,
2026-07-05,22:52,WAKE,67,
2026-07-05,22:53,WAKE,69,
2026-07-05,22:54,LIGHT,69,
2026-07-05,22:55,WAKE,70,
2026-07-05,22:56,WAKE,68,
2026-07-05,22:57,WAKE,73,
2026-07-05,22:58,WAKE,75,
2026-07-05,22:59,WAKE,72,
2026-07-05,23:00,WAKE,72,
2026-07-05,23:01,WAKE,67,
2026-07-05,23:02,WAKE,66,
2026-07-05,23:03,WAKE,68,
2026-07-05,23:04,WAKE,70,
2026-07-05,23:05,WAKE,75,
2026-07-05,23:06,WAKE,69,
2026-07-05,23:07,WAKE,69,
2026-07-05,23:08,WAKE,68,
2026-07-05,23:09,WAKE,70,
2026-07-05,23:10,WAKE,72,
2026-07-05,23:11,WAKE,68,
2026-07-05,23:12,WAKE,70,
2026-07-05,23:13,WAKE,67,
2026-07-05,23:14,WAKE,70,
2026-07-05,23:15,WAKE,70,
2026-07-05,23:16,WAKE,69,
2026-07-05,23:17,WAKE,67,
2026-07-05,23:18,WAKE,68,
2026-07-05,23:19,WAKE,69,
2026-07-05,23:20,WAKE,71,
2026-07-05,23:21,WAKE,73,
2026-07-05,23:22,WAKE,70,
2026-07-05,23:23,WAKE,67,
2026-07-05,23:24,WAKE,69,
2026-07-05,23:25,WAKE,69,
2026-07-05,23:26,WAKE,69,
2026-07-05,23:27,WAKE,69,
2026-07-05,23:28,WAKE,88,
2026-07-05,23:29,WAKE,90,
2026-07-05,23:30,WAKE,93,
2026-07-05,23:31,WAKE,84,
2026-07-05,23:32,WAKE,77,
2026-07-05,23:33,WAKE,87,
2026-07-05,23:34,WAKE,93,
2026-07-05,23:35,WAKE,93,
2026-07-05,23:36,WAKE,88,
2026-07-05,23:37,WAKE,83,
2026-07-05,23:38,WAKE,87,
2026-07-05,23:39,WAKE,89,
2026-07-05,23:40,WAKE,88,
2026-07-05,23:41,WAKE,90,
2026-07-05,23:42,WAKE,90,
2026-07-05,23:43,WAKE,90,
2026-07-05,23:44,WAKE,90,
2026-07-05,23:45,WAKE,90,
2026-07-05,23:46,WAKE,91,
2026-07-05,23:47,WAKE,85,
2026-07-05,23:48,WAKE,86,
2026-07-05,23:49,WAKE,82,
2026-07-05,23:50,WAKE,81,
2026-07-05,23:51,WAKE,80,
2026-07-05,23:52,WAKE,77,
2026-07-05,23:53,WAKE,79,
2026-07-05,23:54,WAKE,78,
2026-07-05,23:55,WAKE,78,
2026-07-05,23:56,WAKE,78,
2026-07-05,23:57,WAKE,78,
2026-07-05,23:58,WAKE,77,
2026-07-05,23:59,WAKE,74,
2026-07-06,00:00,WAKE,74,
2026-07-06,00:01,WAKE,73,
2026-07-06,00:02,WAKE,71,
2026-07-06,00:03,WAKE,71,
2026-07-06,00:04,WAKE,70,
2026-07-06,00:05,WAKE,74,
2026-07-06,00:06,WAKE,76,
2026-07-06,00:07,WAKE,75,
2026-07-06,00:08,WAKE,69,
2026-07-06,00:09,WAKE,70,
2026-07-06,00:10,WAKE,72,
2026-07-06,00:11,WAKE,72,
2026-07-06,00:12,WAKE,70,
2026-07-06,00:13,WAKE,66,
2026-07-06,00:14,WAKE,63,
2026-07-06,00:15,WAKE,63,
2026-07-06,00:16,WAKE,64,
2026-07-06,00:17,WAKE,64,
2026-07-06,00:18,WAKE,66,
2026-07-06,00:19,WAKE,66,
2026-07-06,00:20,WAKE,72,
2026-07-06,00:21,WAKE,70,
2026-07-06,00:22,WAKE,70,
2026-07-06,00:23,WAKE,66,
2026-07-06,00:24,WAKE,64,
2026-07-06,00:25,WAKE,64,
2026-07-06,00:26,WAKE,64,
2026-07-06,00:27,WAKE,71,
2026-07-06,00:28,WAKE,74,
2026-07-06,00:29,WAKE,73,
2026-07-06,00:30,WAKE,75,
2026-07-06,00:31,WAKE,77,
2026-07-06,00:32,WAKE,75,
2026-07-06,00:33,WAKE,75,
2026-07-06,00:34,WAKE,75,
2026-07-06,00:35,WAKE,70,
2026-07-06,00:36,WAKE,69,
2026-07-06,00:37,WAKE,68,
2026-07-06,00:38,WAKE,70,
2026-07-06,00:39,WAKE,72,
2026-07-06,00:40,WAKE,77,
2026-07-06,00:41,WAKE,77,
2026-07-06,00:42,WAKE,76,
2026-07-06,00:43,WAKE,80,
2026-07-06,00:44,WAKE,80,
2026-07-06,00:45,WAKE,74,
2026-07-06,00:46,WAKE,73,
2026-07-06,00:47,WAKE,73,
2026-07-06,00:48,WAKE,77,
2026-07-06,00:49,WAKE,78,
2026-07-06,00:50,WAKE,78,
2026-07-06,00:51,WAKE,78,
2026-07-06,00:52,WAKE,79,
2026-07-06,00:53,WAKE,80,
2026-07-06,00:54,WAKE,75,
2026-07-06,00:55,WAKE,73,
2026-07-06,00:56,WAKE,83,
2026-07-06,00:57,WAKE,86,
2026-07-06,00:58,WAKE,81,
2026-07-06,00:59,WAKE,81,
2026-07-06,01:00,WAKE,82,
2026-07-06,01:01,WAKE,82,
2026-07-06,01:02,WAKE,79,
2026-07-06,01:03,WAKE,83,
2026-07-06,01:04,WAKE,83,
2026-07-06,01:05,WAKE,77,
2026-07-06,01:06,WAKE,78,
2026-07-06,01:07,WAKE,88,
2026-07-06,01:08,WAKE,80,
2026-07-06,01:09,WAKE,80,
2026-07-06,01:10,WAKE,80,
2026-07-06,01:11,WAKE,77,
2026-07-06,01:12,WAKE,76,
2026-07-06,01:13,WAKE,77,
2026-07-06,01:14,WAKE,81,
2026-07-06,01:15,WAKE,83,
2026-07-06,01:16,WAKE,79,
2026-07-06,01:17,WAKE,78,
2026-07-06,01:18,WAKE,74,
2026-07-06,01:19,WAKE,72,
2026-07-06,01:20,WAKE,74,
2026-07-06,01:21,WAKE,81,
2026-07-06,01:22,WAKE,93,
2026-07-06,01:23,WAKE,90,
2026-07-06,01:24,WAKE,87,
2026-07-06,01:25,WAKE,78,
2026-07-06,01:26,WAKE,74,
2026-07-06,01:27,WAKE,72,
2026-07-06,01:28,WAKE,74,
2026-07-06,01:29,WAKE,76,
2026-07-06,01:30,WAKE,72,
2026-07-06,01:31,WAKE,72,
2026-07-06,01:32,WAKE,81,
2026-07-06,01:33,WAKE,91,
2026-07-06,01:34,WAKE,95,
2026-07-06,01:35,WAKE,92,
2026-07-06,01:36,WAKE,74,
2026-07-06,01:37,WAKE,68,
2026-07-06,01:38,WAKE,67,
2026-07-06,01:39,WAKE,64,
2026-07-06,01:40,WAKE,61,
2026-07-06,01:41,WAKE,62,
2026-07-06,01:42,WAKE,62,
2026-07-06,01:43,WAKE,64,
2026-07-06,01:44,WAKE,72,
2026-07-06,01:45,WAKE,66,
2026-07-06,01:46,WAKE,63,
2026-07-06,01:47,WAKE,65,
2026-07-06,01:48,WAKE,65,
2026-07-06,01:49,WAKE,67,
2026-07-06,01:50,WAKE,66,
2026-07-06,01:51,WAKE,65,
2026-07-06,01:52,WAKE,65,
2026-07-06,01:53,WAKE,72,
2026-07-06,01:54,WAKE,65,
2026-07-06,01:55,WAKE,65,
2026-07-06,01:56,WAKE,67,
2026-07-06,01:57,WAKE,65,
2026-07-06,01:58,WAKE,62,
2026-07-06,01:59,WAKE,62,
2026-07-06,02:00,WAKE,64,
2026-07-06,02:01,WAKE,63,
2026-07-06,02:02,WAKE,63,
2026-07-06,02:03,WAKE,61,
2026-07-06,02:04,WAKE,61,
2026-07-06,02:05,WAKE,61,
2026-07-06,02:06,WAKE,60,
2026-07-06,02:07,WAKE,58,
2026-07-06,02:08,WAKE,58,
2026-07-06,02:09,WAKE,58,
2026-07-06,02:10,WAKE,59,
2026-07-06,02:11,WAKE,58,
2026-07-06,02:12,WAKE,58,
2026-07-06,02:13,WAKE,61,
2026-07-06,02:14,WAKE,61,
2026-07-06,02:15,WAKE,63,
2026-07-06,02:16,WAKE,63,
2026-07-06,02:17,WAKE,63,
2026-07-06,02:18,WAKE,63,
2026-07-06,02:19,WAKE,60,
2026-07-06,02:20,WAKE,58,
2026-07-06,02:21,WAKE,59,
2026-07-06,02:22,WAKE,64,
2026-07-06,02:23,WAKE,69,
2026-07-06,02:24,WAKE,81,
2026-07-06,02:25,WAKE,85,
2026-07-06,02:26,WAKE,83,
2026-07-06,02:27,LIGHT,80,
2026-07-06,02:28,LIGHT,84,
2026-07-06,02:29,WAKE,78,
2026-07-06,02:30,LIGHT,83,
2026-07-06,02:31,LIGHT,83,
2026-07-06,02:32,LIGHT,80,
2026-07-06,02:33,LIGHT,82,
2026-07-06,02:34,LIGHT,75,
2026-07-06,02:35,LIGHT,64,
2026-07-06,02:36,LIGHT,61,
2026-07-06,02:37,WAKE,65,
2026-07-06,02:38,WAKE,65,
2026-07-06,02:39,WAKE,57,
2026-07-06,02:40,WAKE,54,
2026-07-06,02:41,WAKE,54,
2026-07-06,02:42,WAKE,56,
2026-07-06,02:43,WAKE,58,
2026-07-06,02:44,WAKE,55,
2026-07-06,02:45,WAKE,60,
2026-07-06,02:46,WAKE,57,
2026-07-06,02:47,WAKE,58,
2026-07-06,02:48,LIGHT,55,
2026-07-06,02:49,WAKE,55,
2026-07-06,02:50,LIGHT,55,
2026-07-06,02:51,WAKE,55,
2026-07-06,02:52,LIGHT,60,
2026-07-06,02:53,LIGHT,53,
2026-07-06,02:54,LIGHT,52,
2026-07-06,02:55,WAKE,50,
2026-07-06,02:56,WAKE,50,
2026-07-06,02:57,LIGHT,50,
2026-07-06,02:58,LIGHT,50,
2026-07-06,02:59,LIGHT,51,
2026-07-06,03:00,WAKE,51,
2026-07-06,03:01,LIGHT,51,
2026-07-06,03:02,LIGHT,51,
2026-07-06,03:03,LIGHT,51,
2026-07-06,03:04,LIGHT,49,
2026-07-06,03:05,WAKE,49,
2026-07-06,03:06,LIGHT,50,
2026-07-06,03:07,LIGHT,50,
2026-07-06,03:08,LIGHT,50,
2026-07-06,03:09,LIGHT,50,
2026-07-06,03:10,LIGHT,50,
2026-07-06,03:11,LIGHT,49,
2026-07-06,03:12,LIGHT,49,
2026-07-06,03:13,LIGHT,49,
2026-07-06,03:14,REM,49,
2026-07-06,03:15,REM,49,
2026-07-06,03:16,REM,49,
2026-07-06,03:17,REM,48,
2026-07-06,03:18,REM,49,
2026-07-06,03:19,REM,50,
2026-07-06,03:20,REM,50,
2026-07-06,03:21,REM,50,
2026-07-06,03:22,LIGHT,50,
2026-07-06,03:23,LIGHT,48,
2026-07-06,03:24,LIGHT,48,
2026-07-06,03:25,LIGHT,48,
2026-07-06,03:26,LIGHT,48,
2026-07-06,03:27,LIGHT,48,
2026-07-06,03:28,LIGHT,48,
2026-07-06,03:29,LIGHT,48,
2026-07-06,03:30,LIGHT,48,
2026-07-06,03:31,LIGHT,49,
2026-07-06,03:32,LIGHT,53,
2026-07-06,03:33,LIGHT,47,
2026-07-06,03:34,LIGHT,46,
2026-07-06,03:35,LIGHT,46,
2026-07-06,03:36,LIGHT,47,
2026-07-06,03:37,LIGHT,47,
2026-07-06,03:38,LIGHT,47,
2026-07-06,03:39,LIGHT,47,
2026-07-06,03:40,LIGHT,48,
2026-07-06,03:41,LIGHT,48,
2026-07-06,03:42,LIGHT,48,
2026-07-06,03:43,LIGHT,53,
2026-07-06,03:44,LIGHT,53,
2026-07-06,03:45,LIGHT,49,
2026-07-06,03:46,LIGHT,49,
2026-07-06,03:47,LIGHT,50,
2026-07-06,03:48,LIGHT,50,
2026-07-06,03:49,LIGHT,50,
2026-07-06,03:50,LIGHT,50,
2026-07-06,03:51,LIGHT,50,
2026-07-06,03:52,LIGHT,50,
2026-07-06,03:53,LIGHT,50,
2026-07-06,03:54,LIGHT,55,
2026-07-06,03:55,LIGHT,49,
2026-07-06,03:56,LIGHT,49,
2026-07-06,03:57,LIGHT,52,
2026-07-06,03:58,LIGHT,59,
2026-07-06,03:59,LIGHT,52,
2026-07-06,04:00,REM,50,
2026-07-06,04:01,REM,50,
2026-07-06,04:02,REM,52,
2026-07-06,04:03,REM,52,
2026-07-06,04:04,REM,55,
2026-07-06,04:05,REM,53,
2026-07-06,04:06,REM,55,
2026-07-06,04:07,REM,55,
2026-07-06,04:08,REM,59,
2026-07-06,04:09,REM,55,
2026-07-06,04:10,REM,51,
2026-07-06,04:11,LIGHT,51,
2026-07-06,04:12,LIGHT,50,
2026-07-06,04:13,LIGHT,51,
2026-07-06,04:14,LIGHT,51,
2026-07-06,04:15,LIGHT,51,
2026-07-06,04:16,LIGHT,50,
2026-07-06,16:19,LIGHT,76,
2026-07-06,16:20,LIGHT,88,
2026-07-06,16:21,LIGHT,71,
2026-07-06,16:22,LIGHT,71,
2026-07-06,16:23,LIGHT,70,
2026-07-06,16:24,LIGHT,68,
2026-07-06,16:25,LIGHT,69,
2026-07-06,16:26,LIGHT,70,
2026-07-06,16:27,LIGHT,71,
2026-07-06,16:28,LIGHT,66,
2026-07-06,16:29,LIGHT,70,
2026-07-06,16:30,LIGHT,83,
2026-07-06,16:31,DEEP,88,
2026-07-06,16:32,DEEP,93,
2026-07-06,16:33,DEEP,90,
2026-07-06,16:34,DEEP,87,
2026-07-06,16:35,DEEP,85,
2026-07-06,16:36,DEEP,73,
2026-07-06,16:37,DEEP,68,
2026-07-06,16:38,DEEP,67,
2026-07-06,16:39,DEEP,79,
2026-07-06,16:40,DEEP,74,
2026-07-06,16:41,DEEP,76,
2026-07-06,16:42,LIGHT,79,
2026-07-06,16:43,LIGHT,74,
2026-07-06,16:44,LIGHT,69,
2026-07-06,16:45,LIGHT,75,
2026-07-06,16:46,LIGHT,90,
2026-07-06,16:47,LIGHT,95,
2026-07-06,16:48,LIGHT,97,
2026-07-06,16:49,LIGHT,91,
2026-07-06,16:50,LIGHT,88,
2026-07-06,16:51,DEEP,88,
2026-07-06,16:52,DEEP,75,
2026-07-06,16:53,DEEP,69,
2026-07-06,16:54,DEEP,68,
2026-07-06,16:55,DEEP,82,
2026-07-06,16:56,DEEP,88,
2026-07-06,16:57,DEEP,77,
2026-07-06,16:58,LIGHT,84,
2026-07-06,16:59,LIGHT,86,
2026-07-06,17:00,LIGHT,81,
2026-07-06,17:01,LIGHT,81,
2026-07-06,17:02,LIGHT,78,
2026-07-06,17:03,LIGHT,76,
2026-07-06,17:04,DEEP,74,
2026-07-06,17:05,DEEP,77,
2026-07-06,17:06,DEEP,79,
2026-07-06,17:07,DEEP,79,
2026-07-06,17:08,DEEP,78,
2026-07-06,17:09,DEEP,78,
2026-07-06,17:10,LIGHT,76,
2026-07-06,17:11,LIGHT,75,
2026-07-06,17:12,LIGHT,72,
2026-07-06,17:13,LIGHT,67,
2026-07-06,17:14,LIGHT,65,
2026-07-06,17:15,REM,61,
2026-07-06,17:16,REM,58,
2026-07-06,17:17,REM,58,
2026-07-06,17:18,REM,60,
2026-07-06,17:19,REM,62,
2026-07-06,17:20,REM,63,
2026-07-06,17:21,REM,71,
2026-07-06,17:22,REM,68,
2026-07-06,17:23,REM,73,
2026-07-06,17:24,REM,79,
2026-07-06,17:25,REM,77,
2026-07-06,17:26,REM,75,
2026-07-06,17:27,REM,76,
2026-07-06,17:28,REM,76,
2026-07-06,17:29,REM,78,
2026-07-06,17:30,REM,83,
2026-07-06,17:31,LIGHT,80,
2026-07-06,17:32,LIGHT,82,
2026-07-06,17:33,LIGHT,80,
2026-07-06,17:34,LIGHT,82,
2026-07-06,17:35,LIGHT,81,
2026-07-06,17:36,LIGHT,70,
2026-07-06,17:37,LIGHT,63,
2026-07-06,17:38,LIGHT,61,
2026-07-06,17:39,LIGHT,62,
2026-07-06,17:40,LIGHT,64,
2026-07-06,17:41,LIGHT,69,
2026-07-06,17:42,LIGHT,81,
2026-07-06,17:43,LIGHT,86,
2026-07-06,17:44,LIGHT,93,
2026-07-06,17:45,LIGHT,93,
2026-07-06,17:46,LIGHT,95,
2026-07-06,17:47,LIGHT,83,
2026-07-06,17:48,LIGHT,72,
2026-07-06,17:49,LIGHT,117,
2026-07-06,17:50,LIGHT,97,
2026-07-06,17:51,LIGHT,75,
2026-07-06,17:52,LIGHT,75,
2026-07-07,03:05,LIGHT,66,
2026-07-07,03:06,LIGHT,63,
2026-07-07,03:07,LIGHT,60,
2026-07-07,03:08,LIGHT,60,
2026-07-07,03:09,LIGHT,61,
2026-07-07,03:10,LIGHT,65,
2026-07-07,03:11,LIGHT,68,
2026-07-07,03:12,LIGHT,69,
2026-07-07,03:13,LIGHT,64,
2026-07-07,03:14,LIGHT,66,
2026-07-07,03:15,LIGHT,63,
2026-07-07,03:16,DEEP,63,
2026-07-07,03:17,DEEP,60,
2026-07-07,03:18,DEEP,64,
2026-07-07,03:19,DEEP,72,
2026-07-07,03:20,DEEP,70,
2026-07-07,03:21,DEEP,64,
2026-07-07,03:22,DEEP,63,
2026-07-07,03:23,DEEP,63,
2026-07-07,03:24,DEEP,63,
2026-07-07,03:25,DEEP,61,
2026-07-07,03:26,DEEP,60,
2026-07-07,03:27,DEEP,59,
2026-07-07,03:28,DEEP,60,
2026-07-07,03:29,DEEP,65,
2026-07-07,03:30,DEEP,67,
2026-07-07,03:31,DEEP,64,
2026-07-07,03:32,DEEP,56,
2026-07-07,03:33,DEEP,53,
2026-07-07,03:34,DEEP,50,
2026-07-07,03:35,DEEP,50,
2026-07-07,03:36,DEEP,51,
2026-07-07,03:37,DEEP,50,
2026-07-07,03:38,DEEP,52,
2026-07-07,03:39,DEEP,50,
2026-07-07,03:40,DEEP,49,
2026-07-07,03:41,DEEP,49,
2026-07-07,03:42,DEEP,49,
2026-07-07,03:43,DEEP,49,
2026-07-07,03:44,DEEP,50,
2026-07-07,03:45,DEEP,50,
2026-07-07,03:46,LIGHT,50,
2026-07-07,03:47,LIGHT,50,
2026-07-07,03:48,LIGHT,50,
2026-07-07,03:49,LIGHT,49,
2026-07-07,03:50,LIGHT,50,
2026-07-07,03:51,DEEP,50,
2026-07-07,03:52,DEEP,51,
2026-07-07,03:53,DEEP,50,
2026-07-07,03:54,DEEP,50,
2026-07-07,03:55,LIGHT,51,
2026-07-07,03:56,LIGHT,51,
2026-07-07,03:57,LIGHT,51,
2026-07-07,03:58,LIGHT,51,
2026-07-07,03:59,WAKE,51,
2026-07-07,04:00,LIGHT,51,
2026-07-07,04:01,LIGHT,51,
2026-07-07,04:02,LIGHT,51,
2026-07-07,04:03,REM,51,
2026-07-07,04:04,REM,51,
2026-07-07,04:05,REM,51,
2026-07-07,04:06,REM,51,
2026-07-07,04:07,REM,51,
2026-07-07,04:08,REM,50,
2026-07-07,04:09,REM,50,
2026-07-07,04:10,REM,50,
2026-07-07,04:11,REM,50,
2026-07-07,04:12,REM,50,
2026-07-07,04:13,REM,50,
2026-07-07,04:14,REM,50,
2026-07-07,04:15,REM,50,
2026-07-07,04:16,REM,50,
2026-07-07,04:17,REM,50,
2026-07-07,04:18,REM,50,
2026-07-07,04:19,LIGHT,51,
2026-07-07,04:20,LIGHT,58,
2026-07-07,04:21,LIGHT,52,
2026-07-07,04:22,LIGHT,57,
2026-07-07,04:23,LIGHT,51,
2026-07-07,04:24,LIGHT,50,
2026-07-07,04:25,LIGHT,53,
2026-07-07,04:26,LIGHT,51,
2026-07-07,04:27,LIGHT,49,
2026-07-07,04:28,LIGHT,49,
2026-07-07,04:29,LIGHT,49,
2026-07-07,04:30,LIGHT,49,
2026-07-07,04:31,LIGHT,51,
2026-07-07,04:32,LIGHT,49,
2026-07-07,04:33,LIGHT,49,
2026-07-07,04:34,LIGHT,49,
2026-07-07,04:35,LIGHT,52,
2026-07-07,04:36,LIGHT,49,
2026-07-07,04:37,LIGHT,49,
2026-07-07,04:38,LIGHT,50,
2026-07-07,04:39,LIGHT,50,
2026-07-07,04:40,LIGHT,48,
2026-07-07,04:41,LIGHT,49,
2026-07-07,04:42,LIGHT,49,
2026-07-07,04:43,LIGHT,51,
2026-07-07,04:44,LIGHT,51,
2026-07-07,04:45,LIGHT,52,
2026-07-07,04:46,LIGHT,52,
2026-07-07,04:47,LIGHT,51,
2026-07-07,04:48,LIGHT,53,
2026-07-07,04:49,LIGHT,54,
2026-07-07,04:50,LIGHT,51,
2026-07-07,04:51,LIGHT,50,
2026-07-07,04:52,LIGHT,50,
2026-07-07,04:53,LIGHT,50,
2026-07-07,04:54,LIGHT,50,
2026-07-07,04:55,DEEP,51,
2026-07-07,04:56,DEEP,51,
2026-07-07,04:57,DEEP,51,
2026-07-07,04:58,DEEP,51,
2026-07-07,04:59,DEEP,50,
2026-07-07,05:00,DEEP,50,
2026-07-07,05:01,DEEP,50,
2026-07-07,05:02,DEEP,50,
2026-07-07,05:03,DEEP,50,
2026-07-07,05:04,DEEP,50,
2026-07-07,05:05,DEEP,50,
2026-07-07,05:06,DEEP,49,
2026-07-07,05:07,DEEP,49,
2026-07-07,05:08,DEEP,49,
2026-07-07,05:09,LIGHT,56,
2026-07-07,05:10,LIGHT,49,
2026-07-07,05:11,LIGHT,46,
2026-07-07,05:12,LIGHT,46,
2026-07-07,05:13,LIGHT,51,
2026-07-07,05:14,LIGHT,48,
2026-07-07,05:15,LIGHT,47,
2026-07-07,05:16,LIGHT,46,
2026-07-07,05:17,DEEP,46,
2026-07-07,05:18,DEEP,46,
2026-07-07,05:19,DEEP,46,
2026-07-07,05:20,LIGHT,47,
2026-07-07,05:21,LIGHT,47,
2026-07-07,05:22,LIGHT,47,
2026-07-07,05:23,WAKE,47,
2026-07-07,05:24,LIGHT,48,
2026-07-07,05:25,LIGHT,53,
2026-07-07,05:26,LIGHT,50,
2026-07-07,05:27,LIGHT,48,
2026-07-07,05:28,LIGHT,47,
2026-07-07,05:29,LIGHT,47,
2026-07-07,05:30,REM,48,
2026-07-07,05:31,REM,47,
2026-07-07,05:32,REM,48,
2026-07-07,05:33,REM,48,
2026-07-07,05:34,REM,48,
2026-07-07,05:35,REM,48,
2026-07-07,05:36,REM,48,
2026-07-07,05:37,REM,48,
2026-07-07,05:38,REM,49,
2026-07-07,05:39,REM,51,
2026-07-07,05:40,REM,61,
2026-07-07,05:41,REM,53,
2026-07-07,05:42,REM,50,
2026-07-07,05:43,REM,50,
2026-07-07,05:44,REM,48,
2026-07-07,05:45,REM,48,
2026-07-07,05:46,REM,48,
2026-07-07,05:47,REM,48,
2026-07-07,05:48,REM,48,
2026-07-07,05:49,REM,48,
2026-07-07,05:50,REM,49,
2026-07-07,05:51,REM,49,
2026-07-07,05:52,REM,50,
2026-07-07,05:53,REM,50,
2026-07-07,05:54,REM,55,
2026-07-07,05:55,REM,51,
2026-07-07,05:56,REM,49,
2026-07-07,05:57,REM,49,
2026-07-07,05:58,LIGHT,49,
2026-07-07,05:59,LIGHT,50,
2026-07-07,06:00,LIGHT,49,
2026-07-07,06:01,LIGHT,49,
2026-07-07,06:02,LIGHT,49,
2026-07-07,06:03,LIGHT,50,
2026-07-07,06:04,LIGHT,49,
2026-07-07,06:05,LIGHT,49,
2026-07-07,06:06,LIGHT,49,
2026-07-07,06:07,LIGHT,49,
2026-07-07,06:08,LIGHT,49,
2026-07-07,06:09,LIGHT,49,
2026-07-07,06:10,LIGHT,49,
2026-07-07,06:11,LIGHT,49,
2026-07-07,06:12,LIGHT,49,
2026-07-07,06:13,LIGHT,50,
2026-07-07,06:14,LIGHT,50,
2026-07-07,06:15,LIGHT,50,
2026-07-07,06:16,LIGHT,50,
2026-07-07,06:17,LIGHT,49,
2026-07-07,06:18,LIGHT,49,
2026-07-07,06:19,LIGHT,49,
2026-07-07,06:20,LIGHT,49,
2026-07-07,06:21,LIGHT,49,
2026-07-07,06:22,LIGHT,49,
2026-07-07,06:23,LIGHT,49,
2026-07-07,06:24,LIGHT,49,
2026-07-07,06:25,LIGHT,49,
2026-07-07,06:26,LIGHT,49,
2026-07-07,06:27,LIGHT,51,
2026-07-07,06:28,LIGHT,50,
2026-07-07,06:29,LIGHT,50,
2026-07-07,06:30,LIGHT,49,
2026-07-07,06:31,LIGHT,49,
2026-07-07,06:32,LIGHT,47,
2026-07-07,06:33,LIGHT,47,
2026-07-07,06:34,LIGHT,50,
2026-07-07,06:35,LIGHT,51,
2026-07-07,06:36,LIGHT,52,
2026-07-07,06:37,LIGHT,54,
2026-07-07,06:38,LIGHT,58,
2026-07-07,06:39,LIGHT,59,
2026-07-07,06:40,LIGHT,66,
2026-07-07,06:41,LIGHT,68,
2026-07-07,06:42,LIGHT,65,
2026-07-07,06:43,LIGHT,55,
2026-07-07,06:44,LIGHT,50,
2026-07-07,06:45,LIGHT,48,
2026-07-07,06:46,LIGHT,48,
2026-07-07,06:47,LIGHT,48,
2026-07-07,06:48,LIGHT,47,
2026-07-07,06:49,LIGHT,47,
2026-07-07,06:50,LIGHT,47,
2026-07-07,06:51,LIGHT,48,
2026-07-07,06:52,LIGHT,51,
2026-07-07,06:53,LIGHT,49,
2026-07-07,06:54,REM,50,
2026-07-07,06:55,REM,48,
2026-07-07,06:56,REM,47,
2026-07-07,06:57,REM,48,
2026-07-07,06:58,REM,47,
2026-07-07,06:59,REM,47,
2026-07-07,07:00,REM,47,
2026-07-07,07:01,REM,47,
2026-07-07,07:02,REM,48,
2026-07-07,07:03,REM,48,
2026-07-07,07:04,REM,48,
2026-07-07,07:05,REM,48,
2026-07-07,07:06,REM,49,
2026-07-07,07:07,REM,49,
2026-07-07,07:08,REM,49,
2026-07-07,07:09,REM,51,
2026-07-07,07:10,REM,55,
2026-07-07,07:11,REM,49,
2026-07-07,07:12,REM,47,
2026-07-07,07:13,REM,47,
2026-07-07,07:14,REM,48,
2026-07-07,07:15,REM,48,
2026-07-07,07:16,REM,48,
2026-07-07,07:17,REM,54,
2026-07-07,07:18,REM,48,
2026-07-07,07:19,LIGHT,47,
2026-07-07,07:20,LIGHT,47,
2026-07-07,07:21,LIGHT,47,
2026-07-07,07:22,LIGHT,48,
2026-07-07,07:23,LIGHT,48,
2026-07-07,07:24,LIGHT,48,
2026-07-07,07:25,LIGHT,48,
2026-07-07,07:26,LIGHT,48,
2026-07-07,07:27,LIGHT,48,
2026-07-07,07:28,LIGHT,48,
2026-07-07,07:29,LIGHT,48,
2026-07-07,07:30,LIGHT,49,
2026-07-07,07:31,LIGHT,49,
2026-07-07,07:32,LIGHT,48,
2026-07-07,07:33,LIGHT,55,
2026-07-07,07:34,LIGHT,59,
2026-07-07,07:35,LIGHT,51,
2026-07-07,07:36,LIGHT,48,
2026-07-07,07:37,LIGHT,47,
2026-07-07,07:38,LIGHT,47,
2026-07-07,07:39,LIGHT,47,
2026-07-07,07:40,LIGHT,47,
2026-07-07,07:41,LIGHT,47,
2026-07-07,07:42,LIGHT,54,
2026-07-07,07:43,LIGHT,48,
2026-07-07,07:44,LIGHT,46,
2026-07-07,07:45,LIGHT,46,
2026-07-07,07:46,LIGHT,46,
2026-07-07,07:47,LIGHT,47,
2026-07-07,07:48,LIGHT,47,
2026-07-07,07:49,LIGHT,47,
2026-07-07,07:50,LIGHT,47,
2026-07-07,07:51,LIGHT,47,
2026-07-07,07:52,LIGHT,47,
2026-07-07,07:53,LIGHT,48,
2026-07-07,07:54,LIGHT,48,
2026-07-07,07:55,LIGHT,48,
2026-07-07,07:56,LIGHT,48,
2026-07-07,07:57,LIGHT,48,
2026-07-07,07:58,LIGHT,48,
2026-07-07,07:59,LIGHT,48,
2026-07-07,08:00,LIGHT,55,
2026-07-07,08:01,LIGHT,57,
2026-07-07,08:02,LIGHT,49,
2026-07-07,08:03,LIGHT,47,
2026-07-07,08:04,LIGHT,47,
2026-07-07,08:05,LIGHT,47,
2026-07-07,08:06,LIGHT,45,
2026-07-07,08:07,REM,46,
2026-07-07,08:08,REM,50,
2026-07-07,08:09,REM,45,
2026-07-07,08:10,REM,48,
2026-07-07,08:11,REM,48,
2026-07-07,08:12,REM,49,
2026-07-07,08:13,REM,51,
2026-07-07,08:14,REM,50,
2026-07-07,08:15,REM,49,
2026-07-07,08:16,REM,49,
2026-07-07,08:17,REM,47,
2026-07-07,08:18,REM,47,
2026-07-07,08:19,REM,47,
2026-07-07,08:20,REM,51,
2026-07-07,08:21,REM,53,
2026-07-07,08:22,REM,47,
2026-07-07,08:23,REM,46,
2026-07-07,08:24,REM,44,
2026-07-07,08:25,REM,44,
2026-07-07,08:26,REM,46,
2026-07-07,08:27,REM,48,
2026-07-07,08:28,REM,48,
2026-07-07,08:29,REM,48,
2026-07-07,08:30,REM,48,
2026-07-07,08:31,REM,48,
2026-07-07,08:32,REM,48,
2026-07-07,08:33,REM,48,
2026-07-07,08:34,REM,45,
2026-07-07,08:35,REM,46,
2026-07-07,08:36,REM,46,
2026-07-07,08:37,REM,46,
2026-07-07,08:38,REM,46,
2026-07-07,08:39,REM,46,
2026-07-07,08:40,REM,48,
2026-07-07,08:41,LIGHT,50,
2026-07-07,08:42,LIGHT,49,
2026-07-07,08:43,LIGHT,51,
2026-07-07,08:44,LIGHT,53,
2026-07-07,08:45,LIGHT,50,
2026-07-07,08:46,WAKE,50,
2026-07-07,08:47,WAKE,49,
2026-07-07,08:48,LIGHT,49,
2026-07-07,08:49,LIGHT,46,
2026-07-07,08:50,LIGHT,45,
2026-07-07,08:51,LIGHT,47,
2026-07-07,08:52,LIGHT,47,
2026-07-07,08:53,LIGHT,47,
2026-07-07,08:54,LIGHT,47,
2026-07-07,08:55,LIGHT,47,
2026-07-07,08:56,LIGHT,47,
2026-07-07,08:57,LIGHT,47,
2026-07-07,08:58,LIGHT,48,
2026-07-07,08:59,LIGHT,48,
2026-07-07,09:00,LIGHT,50,
2026-07-07,09:01,LIGHT,57,
2026-07-07,09:02,LIGHT,49,
2026-07-07,09:03,LIGHT,48,
2026-07-07,09:04,LIGHT,45,
2026-07-07,09:05,LIGHT,46,
2026-07-07,09:06,LIGHT,46,
2026-07-07,09:07,LIGHT,47,
2026-07-07,09:08,LIGHT,47,
2026-07-07,09:09,LIGHT,47,
2026-07-07,09:10,LIGHT,47,
2026-07-07,09:11,LIGHT,49,
2026-07-07,09:12,LIGHT,48,
2026-07-07,09:13,LIGHT,47,
2026-07-07,09:14,LIGHT,47,
2026-07-07,09:15,LIGHT,49,
2026-07-07,09:16,LIGHT,49,
2026-07-07,09:17,LIGHT,47,
2026-07-07,09:18,LIGHT,49,
2026-07-07,09:19,LIGHT,49,
2026-07-07,09:20,LIGHT,48,
2026-07-07,09:21,LIGHT,46,
2026-07-07,09:22,LIGHT,46,
2026-07-07,09:23,LIGHT,46,
2026-07-07,09:24,LIGHT,46,
2026-07-07,09:25,LIGHT,46,
2026-07-07,09:26,LIGHT,46,
2026-07-07,09:27,LIGHT,46,
2026-07-07,09:28,LIGHT,46,
2026-07-07,09:29,LIGHT,46,
2026-07-07,09:30,LIGHT,46,
2026-07-07,09:31,LIGHT,48,
2026-07-07,09:32,LIGHT,47,
2026-07-07,09:33,LIGHT,47,
2026-07-07,09:34,LIGHT,47,
2026-07-07,09:35,LIGHT,47,
2026-07-07,09:36,LIGHT,47,
2026-07-07,09:37,LIGHT,47,
2026-07-07,09:38,LIGHT,47,
2026-07-07,09:39,LIGHT,47,
2026-07-07,09:40,LIGHT,47,
2026-07-07,09:41,WAKE,47,
2026-07-07,09:42,LIGHT,47,
2026-07-07,09:43,LIGHT,47,
2026-07-07,09:44,LIGHT,52,
2026-07-07,09:45,REM,49,
2026-07-07,09:46,REM,52,
2026-07-07,09:47,REM,46,
2026-07-07,09:48,REM,46,
2026-07-07,09:49,REM,45,
2026-07-07,09:50,REM,46,
2026-07-07,09:51,REM,46,
2026-07-07,09:52,REM,46,
2026-07-07,09:53,REM,47,
2026-07-07,09:54,REM,52,
2026-07-07,09:55,REM,47,
2026-07-07,09:56,REM,47,
2026-07-07,09:57,REM,44,
2026-07-07,09:58,REM,45,
2026-07-07,09:59,REM,46,
2026-07-07,10:00,REM,47,
2026-07-07,10:01,REM,48,
2026-07-07,10:02,REM,48,
2026-07-07,10:03,REM,48,
2026-07-07,10:04,REM,48,
2026-07-07,10:05,REM,48,
2026-07-07,10:06,REM,48,
2026-07-07,10:07,REM,48,
2026-07-07,10:08,REM,47,
2026-07-07,10:09,REM,48,
2026-07-07,10:10,REM,48,
2026-07-07,10:11,REM,48,
2026-07-07,10:12,REM,49,
2026-07-07,10:13,REM,48,
2026-07-07,10:14,REM,48,
2026-07-07,10:15,REM,49,
2026-07-07,10:16,REM,49,
2026-07-07,10:17,REM,56,
2026-07-07,10:18,REM,49,
2026-07-07,10:19,REM,46,
2026-07-07,10:20,LIGHT,46,
2026-07-07,10:21,LIGHT,53,
2026-07-07,10:22,LIGHT,47,
2026-07-07,10:23,LIGHT,47,
2026-07-07,10:24,LIGHT,47,
2026-07-07,10:25,LIGHT,46,
2026-07-07,10:26,LIGHT,47,
2026-07-07,10:27,LIGHT,52,
2026-07-07,10:28,LIGHT,49,
2026-07-07,10:29,LIGHT,46,
2026-07-07,10:30,LIGHT,54,
2026-07-07,10:31,LIGHT,49,
2026-07-07,10:32,LIGHT,50,
2026-07-07,10:33,LIGHT,60,
2026-07-07,10:34,LIGHT,50,
2026-07-07,10:35,LIGHT,60,
2026-07-07,10:36,LIGHT,60,
2026-07-07,10:37,LIGHT,63,
2026-07-07,10:38,LIGHT,55,
2026-07-07,10:39,LIGHT,58,
2026-07-07,10:40,LIGHT,55,
2026-07-07,10:41,LIGHT,51,
2026-07-07,10:42,LIGHT,49,
2026-07-07,10:43,LIGHT,59,
2026-07-07,10:44,LIGHT,64,
2026-07-07,10:45,DEEP,53,
2026-07-07,10:46,DEEP,55,
2026-07-07,10:47,DEEP,59,
2026-07-07,10:48,DEEP,56,
2026-07-07,10:49,DEEP,51,
2026-07-07,10:50,DEEP,63,
2026-07-07,10:51,DEEP,55,
2026-07-07,10:52,DEEP,52,
2026-07-07,10:53,DEEP,50,
2026-07-07,10:54,DEEP,53,
2026-07-07,10:55,DEEP,52,
2026-07-07,10:56,DEEP,57,
2026-07-07,10:57,DEEP,51,
2026-07-07,10:58,DEEP,53,
2026-07-07,10:59,DEEP,60,
2026-07-07,11:00,DEEP,55,
2026-07-07,11:01,DEEP,58,
2026-07-07,11:02,DEEP,52,
2026-07-07,11:03,DEEP,58,
2026-07-07,11:04,DEEP,62,
2026-07-07,11:05,DEEP,66,
2026-07-07,11:06,DEEP,55,
2026-07-07,11:07,DEEP,58,
2026-07-07,11:08,DEEP,52,
2026-07-07,11:09,DEEP,59,
2026-07-07,11:10,DEEP,69,
2026-07-07,11:11,DEEP,60,
2026-07-07,11:12,DEEP,62,
2026-07-07,11:13,LIGHT,61,
2026-07-07,11:14,LIGHT,67,
2026-07-07,11:15,LIGHT,86,
2026-07-07,11:16,WAKE,80,
2026-07-07,11:17,LIGHT,77,
2026-07-07,11:18,LIGHT,64,
2026-07-07,11:19,LIGHT,66,
2026-07-07,11:20,LIGHT,54,
2026-07-07,11:21,LIGHT,51,
2026-07-07,11:22,LIGHT,56,
2026-07-07,11:23,LIGHT,64,
2026-07-07,11:24,REM,61,
2026-07-07,11:25,REM,58,
2026-07-07,11:26,REM,61,
2026-07-07,11:27,REM,70,
2026-07-07,11:28,REM,76,
2026-07-07,11:29,REM,83,
2026-07-07,11:30,REM,83,
2026-07-07,11:31,REM,84,
2026-07-07,11:32,REM,81,
2026-07-07,11:33,REM,83,
2026-07-07,11:34,REM,86,
2026-07-07,11:35,REM,86,
2026-07-07,11:36,REM,86,
2026-07-07,11:37,REM,88,
2026-07-07,11:38,REM,86,
2026-07-07,11:39,REM,87,
2026-07-07,11:40,REM,92,
2026-07-07,11:41,REM,95,
2026-07-07,11:42,REM,97,
2026-07-07,11:43,REM,103,
2026-07-07,11:44,REM,87,
2026-07-07,11:45,REM,63,
2026-07-07,11:46,REM,58,
2026-07-07,11:47,LIGHT,58,
2026-07-07,11:48,LIGHT,55,
2026-07-07,11:49,LIGHT,63,
2026-07-07,11:50,WAKE,68,
2026-07-07,11:51,LIGHT,65,
2026-07-07,11:52,LIGHT,64,
2026-07-07,11:53,LIGHT,61,
2026-07-07,11:54,REM,61,
2026-07-07,11:55,REM,62,
2026-07-07,11:56,REM,58,
2026-07-07,11:57,REM,59,
2026-07-07,11:58,REM,59,
2026-07-07,11:59,REM,59,
2026-07-07,12:00,REM,61,
2026-07-07,12:01,REM,59,
2026-07-07,12:02,REM,61,
2026-07-07,12:03,REM,62,
2026-07-07,12:04,REM,64,
2026-07-07,12:05,REM,65,
2026-07-07,12:06,REM,78,
2026-07-07,12:07,REM,79,
2026-07-07,12:08,REM,76,
2026-07-07,12:09,LIGHT,78,
2026-07-07,12:10,LIGHT,80,
2026-07-07,12:11,LIGHT,70,
2026-07-07,12:12,LIGHT,61,
2026-07-07,12:13,LIGHT,59,
2026-07-07,12:14,LIGHT,61,
2026-07-07,12:15,LIGHT,61,
2026-07-07,12:16,LIGHT,61,
2026-07-07,12:17,LIGHT,59,
2026-07-07,12:18,LIGHT,61,
2026-07-07,12:19,LIGHT,70,
2026-07-07,12:20,LIGHT,90,
2026-07-07,12:21,LIGHT,93,
2026-07-08,03:49,LIGHT,50,
2026-07-08,03:50,LIGHT,52,
2026-07-08,03:51,LIGHT,49,
2026-07-08,03:52,LIGHT,46,
2026-07-08,03:53,LIGHT,45,
2026-07-08,03:54,LIGHT,45,
2026-07-08,03:55,LIGHT,44,
2026-07-08,03:56,LIGHT,47,
2026-07-08,03:57,LIGHT,46,
2026-07-08,03:58,LIGHT,44,
2026-07-08,03:59,DEEP,47,
2026-07-08,04:00,DEEP,47,
2026-07-08,04:01,DEEP,49,
2026-07-08,04:02,DEEP,47,
2026-07-08,04:03,DEEP,47,
2026-07-08,04:04,DEEP,47,
2026-07-08,04:05,DEEP,47,
2026-07-08,04:06,DEEP,47,
2026-07-08,04:07,DEEP,47,
2026-07-08,04:08,DEEP,47,
2026-07-08,04:09,DEEP,47,
2026-07-08,04:10,DEEP,47,
2026-07-08,04:11,DEEP,48,
2026-07-08,04:12,DEEP,48,
2026-07-08,04:13,DEEP,48,
2026-07-08,04:14,DEEP,48,
2026-07-08,04:15,DEEP,48,
2026-07-08,04:16,DEEP,48,
2026-07-08,04:17,DEEP,48,
2026-07-08,04:18,DEEP,48,
2026-07-08,04:19,DEEP,48,
2026-07-08,04:20,DEEP,48,
2026-07-08,04:21,DEEP,48,
2026-07-08,04:22,LIGHT,48,
2026-07-08,04:23,LIGHT,48,
2026-07-08,04:24,LIGHT,48,
2026-07-08,04:25,LIGHT,48,
2026-07-08,04:26,LIGHT,48,
2026-07-08,04:27,LIGHT,48,
2026-07-08,04:28,LIGHT,49,
2026-07-08,04:29,LIGHT,49,
2026-07-08,04:30,LIGHT,49,
2026-07-08,04:31,LIGHT,49,
2026-07-08,04:32,LIGHT,49,
2026-07-08,04:33,LIGHT,49,
2026-07-08,04:34,LIGHT,49,
2026-07-08,04:35,REM,49,
2026-07-08,04:36,REM,49,
2026-07-08,04:37,REM,50,
2026-07-08,04:38,REM,50,
2026-07-08,04:39,REM,50,
2026-07-08,04:40,REM,49,
2026-07-08,04:41,REM,49,
2026-07-08,04:42,REM,49,
2026-07-08,04:43,REM,48,
2026-07-08,04:44,REM,53,
2026-07-08,04:45,REM,50,
2026-07-08,04:46,REM,47,
2026-07-08,04:47,REM,47,
2026-07-08,04:48,REM,47,
2026-07-08,04:49,REM,47,
2026-07-08,04:50,REM,47,
2026-07-08,04:51,LIGHT,54,
2026-07-08,04:52,LIGHT,56,
2026-07-08,04:53,LIGHT,48,
2026-07-08,04:54,LIGHT,45,
2026-07-08,04:55,LIGHT,45,
2026-07-08,04:56,LIGHT,45,
2026-07-08,04:57,LIGHT,46,
2026-07-08,04:58,LIGHT,46,
2026-07-08,04:59,LIGHT,47,
2026-07-08,05:00,LIGHT,46,
2026-07-08,05:01,LIGHT,46,
2026-07-08,05:02,LIGHT,46,
2026-07-08,05:03,LIGHT,46,
2026-07-08,05:04,LIGHT,46,
2026-07-08,05:05,LIGHT,46,
2026-07-08,05:06,LIGHT,46,
2026-07-08,05:07,LIGHT,46,
2026-07-08,05:08,LIGHT,46,
2026-07-08,05:09,LIGHT,46,
2026-07-08,05:10,LIGHT,46,
2026-07-08,05:11,LIGHT,46,
2026-07-08,05:12,LIGHT,46,
2026-07-08,05:13,LIGHT,46,
2026-07-08,05:14,LIGHT,46,
2026-07-08,05:15,LIGHT,47,
2026-07-08,05:16,LIGHT,59,
2026-07-08,05:17,LIGHT,53,
2026-07-08,05:18,LIGHT,48,
2026-07-08,05:19,LIGHT,45,
2026-07-08,05:20,LIGHT,45,
2026-07-08,05:21,LIGHT,47,
2026-07-08,05:22,LIGHT,45,
2026-07-08,05:23,LIGHT,46,
2026-07-08,05:24,LIGHT,46,
2026-07-08,05:25,LIGHT,47,
2026-07-08,05:26,LIGHT,47,
2026-07-08,05:27,LIGHT,47,
2026-07-08,05:28,LIGHT,52,
2026-07-08,05:29,LIGHT,49,
2026-07-08,05:30,LIGHT,45,
2026-07-08,05:31,LIGHT,47,
2026-07-08,05:32,LIGHT,47,
2026-07-08,05:33,LIGHT,47,
2026-07-08,05:34,LIGHT,45,
2026-07-08,05:35,DEEP,45,
2026-07-08,05:36,DEEP,44,
2026-07-08,05:37,DEEP,49,
2026-07-08,05:38,DEEP,46,
2026-07-08,05:39,LIGHT,45,
2026-07-08,05:40,LIGHT,44,
2026-07-08,05:41,LIGHT,44,
2026-07-08,05:42,LIGHT,48,
2026-07-08,05:43,LIGHT,48,
2026-07-08,05:44,LIGHT,45,
2026-07-08,05:45,LIGHT,47,
2026-07-08,05:46,LIGHT,50,
2026-07-08,05:47,LIGHT,51,
2026-07-08,05:48,LIGHT,49,
2026-07-08,05:49,LIGHT,48,
2026-07-08,05:50,LIGHT,46,
2026-07-08,05:51,LIGHT,46,
2026-07-08,05:52,LIGHT,46,
2026-07-08,05:53,LIGHT,46,
2026-07-08,05:54,LIGHT,45,
2026-07-08,05:55,LIGHT,45,
2026-07-08,05:56,LIGHT,46,
2026-07-08,05:57,LIGHT,46,
2026-07-08,05:58,LIGHT,46,
2026-07-08,05:59,LIGHT,46,
2026-07-08,06:00,LIGHT,47,
2026-07-08,06:01,LIGHT,47,
2026-07-08,06:02,LIGHT,47,
2026-07-08,06:03,LIGHT,48,
2026-07-08,06:04,LIGHT,48,
2026-07-08,06:05,LIGHT,48,
2026-07-08,06:06,DEEP,48,
2026-07-08,06:07,DEEP,47,
2026-07-08,06:08,DEEP,47,
2026-07-08,06:09,DEEP,47,
2026-07-08,06:10,DEEP,50,
2026-07-08,06:11,DEEP,54,
2026-07-08,06:12,DEEP,51,
2026-07-08,06:13,DEEP,51,
2026-07-08,06:14,DEEP,48,
2026-07-08,06:15,DEEP,47,
2026-07-08,06:16,DEEP,47,
2026-07-08,06:17,DEEP,46,
2026-07-08,06:18,DEEP,47,
2026-07-08,06:19,DEEP,47,
2026-07-08,06:20,DEEP,47,
2026-07-08,06:21,DEEP,47,
2026-07-08,06:22,DEEP,47,
2026-07-08,06:23,DEEP,47,
2026-07-08,06:24,DEEP,47,
2026-07-08,06:25,DEEP,47,
2026-07-08,06:26,DEEP,47,
2026-07-08,06:27,DEEP,47,
2026-07-08,06:28,DEEP,47,
2026-07-08,06:29,LIGHT,47,
2026-07-08,06:30,LIGHT,47,
2026-07-08,06:31,LIGHT,47,
2026-07-08,06:32,LIGHT,47,
2026-07-08,06:33,LIGHT,47,
2026-07-08,06:34,REM,47,
2026-07-08,06:35,REM,53,
2026-07-08,06:36,REM,47,
2026-07-08,06:37,REM,47,
2026-07-08,06:38,REM,47,
2026-07-08,06:39,LIGHT,47,
2026-07-08,06:40,LIGHT,46,
2026-07-08,06:41,LIGHT,46,
2026-07-08,06:42,WAKE,46,
2026-07-08,06:43,WAKE,46,
2026-07-08,06:44,WAKE,46,
2026-07-08,06:45,LIGHT,46,
2026-07-08,06:46,LIGHT,46,
2026-07-08,06:47,LIGHT,46,
2026-07-08,06:48,LIGHT,46,
2026-07-08,06:49,LIGHT,46,
2026-07-08,06:50,REM,46,
2026-07-08,06:51,REM,46,
2026-07-08,06:52,REM,46,
2026-07-08,06:53,REM,46,
2026-07-08,06:54,LIGHT,48,
2026-07-08,06:55,LIGHT,47,
2026-07-08,06:56,LIGHT,47,
2026-07-08,06:57,LIGHT,46,
2026-07-08,06:58,LIGHT,46,
2026-07-08,06:59,LIGHT,46,
2026-07-08,07:00,LIGHT,46,
2026-07-08,07:01,LIGHT,46,
2026-07-08,07:02,LIGHT,46,
2026-07-08,07:03,LIGHT,46,
2026-07-08,07:04,LIGHT,46,
2026-07-08,07:05,LIGHT,46,
2026-07-08,07:06,LIGHT,46,
2026-07-08,07:07,LIGHT,47,
2026-07-08,07:08,LIGHT,47,
2026-07-08,07:09,LIGHT,46,
2026-07-08,07:10,LIGHT,54,
2026-07-08,07:11,LIGHT,64,
2026-07-08,07:12,LIGHT,56,
2026-07-08,07:13,LIGHT,50,
2026-07-08,07:14,LIGHT,48,
2026-07-08,07:15,LIGHT,46,
2026-07-08,07:16,LIGHT,46,
2026-07-08,07:17,LIGHT,44,
2026-07-08,07:18,LIGHT,49,
2026-07-08,07:19,LIGHT,46,
2026-07-08,07:20,LIGHT,46,
2026-07-08,07:21,LIGHT,49,
2026-07-08,07:22,LIGHT,50,
2026-07-08,07:23,LIGHT,47,
2026-07-08,07:24,LIGHT,52,
2026-07-08,07:25,LIGHT,46,
2026-07-08,07:26,LIGHT,45,
2026-07-08,07:27,LIGHT,43,
2026-07-08,07:28,LIGHT,43,
2026-07-08,07:29,LIGHT,44,
2026-07-08,07:30,LIGHT,44,
2026-07-08,07:31,LIGHT,44,
2026-07-08,07:32,LIGHT,44,
2026-07-08,07:33,LIGHT,44,
2026-07-08,07:34,LIGHT,49,
2026-07-08,07:35,LIGHT,45,
2026-07-08,07:36,LIGHT,44,
2026-07-08,07:37,LIGHT,44,
2026-07-08,07:38,LIGHT,45,
2026-07-08,07:39,LIGHT,44,
2026-07-08,07:40,LIGHT,45,
2026-07-08,07:41,LIGHT,44,
2026-07-08,07:42,LIGHT,43,
2026-07-08,07:43,LIGHT,44,
2026-07-08,07:44,LIGHT,45,
2026-07-08,07:45,LIGHT,45,
2026-07-08,07:46,LIGHT,45,
2026-07-08,07:47,LIGHT,45,
2026-07-08,07:48,LIGHT,45,
2026-07-08,07:49,LIGHT,45,
2026-07-08,07:50,LIGHT,45,
2026-07-08,07:51,LIGHT,46,
2026-07-08,07:52,LIGHT,44,
2026-07-08,07:53,LIGHT,45,
2026-07-08,07:54,LIGHT,45,
2026-07-08,07:55,LIGHT,49,
2026-07-08,07:56,LIGHT,51,
2026-07-08,07:57,LIGHT,45,
2026-07-08,07:58,LIGHT,44,
2026-07-08,07:59,LIGHT,44,
2026-07-08,08:00,LIGHT,44,
2026-07-08,08:01,LIGHT,44,
2026-07-08,08:02,LIGHT,49,
2026-07-08,08:03,WAKE,44,
2026-07-08,08:04,LIGHT,43,
2026-07-08,08:05,LIGHT,43,
2026-07-08,08:06,LIGHT,43,
2026-07-08,08:07,LIGHT,43,
2026-07-08,08:08,LIGHT,43,
2026-07-08,08:09,LIGHT,43,
2026-07-08,08:10,REM,43,
2026-07-08,08:11,REM,43,
2026-07-08,08:12,REM,44,
2026-07-08,08:13,REM,44,
2026-07-08,08:14,REM,44,
2026-07-08,08:15,REM,44,
2026-07-08,08:16,REM,45,
2026-07-08,08:17,REM,45,
2026-07-08,08:18,REM,45,
2026-07-08,08:19,REM,44,
2026-07-08,08:20,REM,44,
2026-07-08,08:21,REM,44,
2026-07-08,08:22,REM,44,
2026-07-08,08:23,LIGHT,44,
2026-07-08,08:24,LIGHT,44,
2026-07-08,08:25,LIGHT,44,
2026-07-08,08:26,LIGHT,44,
2026-07-08,08:27,LIGHT,45,
2026-07-08,08:28,LIGHT,46,
2026-07-08,08:29,LIGHT,45,
2026-07-08,08:30,LIGHT,45,
2026-07-08,08:31,LIGHT,45,
2026-07-08,08:32,LIGHT,45,
2026-07-08,08:33,LIGHT,45,
2026-07-08,08:34,LIGHT,45,
2026-07-08,08:35,LIGHT,45,
2026-07-08,08:36,LIGHT,45,
2026-07-08,08:37,LIGHT,46,
2026-07-08,08:38,LIGHT,46,
2026-07-08,08:39,LIGHT,46,
2026-07-08,08:40,LIGHT,49,
2026-07-08,08:41,LIGHT,61,
2026-07-08,08:42,LIGHT,58,
2026-07-08,08:43,REM,50,
2026-07-08,08:44,REM,50,
2026-07-08,08:45,REM,47,
2026-07-08,08:46,REM,46,
2026-07-08,08:47,REM,45,
2026-07-08,08:48,REM,45,
2026-07-08,08:49,REM,46,
2026-07-08,08:50,REM,50,
2026-07-08,08:51,REM,46,
2026-07-08,08:52,REM,46,
2026-07-08,08:53,REM,46,
2026-07-08,08:54,REM,46,
2026-07-08,08:55,REM,50,
2026-07-08,08:56,REM,49,
2026-07-08,08:57,REM,46,
2026-07-08,08:58,REM,52,
2026-07-08,08:59,REM,48,
2026-07-08,09:00,REM,46,
2026-07-08,09:01,REM,47,
2026-07-08,09:02,REM,46,
2026-07-08,09:03,LIGHT,46,
2026-07-08,09:04,LIGHT,45,
2026-07-08,09:05,LIGHT,51,
2026-07-08,09:06,LIGHT,48,
2026-07-08,09:07,LIGHT,45,
2026-07-08,09:08,LIGHT,45,
2026-07-08,09:09,LIGHT,45,
2026-07-08,09:10,LIGHT,44,
2026-07-08,09:11,LIGHT,44,
2026-07-08,09:12,LIGHT,44,
2026-07-08,09:13,LIGHT,44,
2026-07-08,09:14,LIGHT,44,
2026-07-08,09:15,LIGHT,44,
2026-07-08,09:16,LIGHT,44,
2026-07-08,09:17,LIGHT,44,
2026-07-08,09:18,LIGHT,44,
2026-07-08,09:19,LIGHT,44,
2026-07-08,09:20,LIGHT,44,
2026-07-08,09:21,LIGHT,44,
2026-07-08,09:22,LIGHT,44,
2026-07-08,09:23,LIGHT,44,
2026-07-08,09:24,LIGHT,44,
2026-07-08,09:25,LIGHT,44,
2026-07-08,09:26,LIGHT,45,
2026-07-08,09:27,LIGHT,45,
2026-07-08,09:28,LIGHT,45,
2026-07-08,09:29,LIGHT,45,
2026-07-08,09:30,LIGHT,45,
2026-07-08,09:31,LIGHT,45,
2026-07-08,09:32,LIGHT,45,
2026-07-08,09:33,LIGHT,45,
2026-07-08,09:34,LIGHT,45,
2026-07-08,09:35,LIGHT,46,
2026-07-08,09:36,DEEP,46,
2026-07-08,09:37,DEEP,46,
2026-07-08,09:38,DEEP,55,
2026-07-08,09:39,DEEP,48,
2026-07-08,09:40,DEEP,45,
2026-07-08,09:41,DEEP,46,
2026-07-08,09:42,DEEP,46,
2026-07-08,09:43,DEEP,51,
2026-07-08,09:44,DEEP,46,
2026-07-08,09:45,LIGHT,44,
2026-07-08,09:46,LIGHT,43,
2026-07-08,09:47,LIGHT,50,
2026-07-08,09:48,LIGHT,46,
2026-07-08,09:49,LIGHT,44,
2026-07-08,09:50,LIGHT,44,
2026-07-08,09:51,LIGHT,43,
2026-07-08,09:52,LIGHT,43,
2026-07-08,09:53,REM,45,
2026-07-08,09:54,REM,44,
2026-07-08,09:55,REM,46,
2026-07-08,09:56,REM,48,
2026-07-08,09:57,REM,47,
2026-07-08,09:58,REM,47,
2026-07-08,09:59,REM,48,
2026-07-08,10:00,REM,49,
2026-07-08,10:01,REM,46,
2026-07-08,10:02,REM,46,
2026-07-08,10:03,REM,46,
2026-07-08,10:04,REM,44,
2026-07-08,10:05,REM,44,
2026-07-08,10:06,REM,45,
2026-07-08,10:07,REM,47,
2026-07-08,10:08,REM,45,
2026-07-08,10:09,REM,50,
2026-07-08,10:10,REM,46,
2026-07-08,10:11,REM,45,
2026-07-08,10:12,REM,45,
2026-07-08,10:13,REM,45,
2026-07-08,10:14,REM,45,
2026-07-08,10:15,REM,45,
2026-07-08,10:16,REM,45,
2026-07-08,10:17,REM,45,
2026-07-08,10:18,REM,47,
2026-07-08,10:19,REM,49,
2026-07-08,10:20,REM,46,
2026-07-08,10:21,REM,48,
2026-07-08,10:22,REM,45,
2026-07-08,10:23,REM,44,
2026-07-08,10:24,REM,44,
2026-07-08,10:25,REM,44,
2026-07-08,10:26,REM,44,
2026-07-08,10:27,REM,46,
2026-07-08,10:28,REM,46,
2026-07-08,10:29,LIGHT,45,
2026-07-08,10:30,LIGHT,44,
2026-07-08,10:31,LIGHT,44,
2026-07-08,10:32,LIGHT,45,
2026-07-08,10:33,LIGHT,45,
2026-07-09,02:39,LIGHT,63,
2026-07-09,02:40,LIGHT,63,
2026-07-09,02:41,LIGHT,68,
2026-07-09,02:42,LIGHT,58,
2026-07-09,02:43,LIGHT,50,
2026-07-09,02:44,LIGHT,50,
2026-07-09,02:45,LIGHT,49,
2026-07-09,02:46,LIGHT,55,
2026-07-09,02:47,LIGHT,75,
2026-07-09,02:48,LIGHT,77,
2026-07-09,02:49,LIGHT,59,
2026-07-09,02:50,LIGHT,56,
2026-07-09,02:51,LIGHT,50,
2026-07-09,02:52,LIGHT,50,
2026-07-09,02:53,LIGHT,50,
2026-07-09,02:54,DEEP,57,
2026-07-09,02:55,DEEP,70,
2026-07-09,02:56,DEEP,74,
2026-07-09,02:57,DEEP,63,
2026-07-09,02:58,DEEP,62,
2026-07-09,02:59,DEEP,67,
2026-07-09,03:00,DEEP,57,
2026-07-09,03:01,DEEP,51,
2026-07-09,03:02,DEEP,48,
2026-07-09,03:03,DEEP,47,
2026-07-09,03:04,DEEP,47,
2026-07-09,03:05,DEEP,48,
2026-07-09,03:06,DEEP,48,
2026-07-09,03:07,DEEP,48,
2026-07-09,03:08,DEEP,48,
2026-07-09,03:09,DEEP,47,
2026-07-09,03:10,DEEP,52,
2026-07-09,03:11,DEEP,49,
2026-07-09,03:12,DEEP,47,
2026-07-09,03:13,DEEP,53,
2026-07-09,03:14,DEEP,56,
2026-07-09,03:15,DEEP,48,
2026-07-09,03:16,DEEP,46,
2026-07-09,03:17,DEEP,45,
2026-07-09,03:18,DEEP,45,
2026-07-09,03:19,DEEP,48,
2026-07-09,03:20,DEEP,46,
2026-07-09,03:21,DEEP,46,
2026-07-09,03:22,DEEP,45,
2026-07-09,03:23,DEEP,45,
2026-07-09,03:24,LIGHT,45,
2026-07-09,03:25,LIGHT,47,
2026-07-09,03:26,LIGHT,45,
2026-07-09,03:27,LIGHT,45,
2026-07-09,03:28,LIGHT,45,
2026-07-09,03:29,LIGHT,45,
2026-07-09,03:30,LIGHT,45,
2026-07-09,03:31,LIGHT,45,
2026-07-09,03:32,LIGHT,45,
2026-07-09,03:33,LIGHT,45,
2026-07-09,03:34,LIGHT,45,
2026-07-09,03:35,LIGHT,44,
2026-07-09,03:36,WAKE,44,
2026-07-09,03:37,LIGHT,44,
2026-07-09,03:38,WAKE,44,
2026-07-09,03:39,WAKE,45,
2026-07-09,03:40,WAKE,45,
2026-07-09,03:41,LIGHT,45,
2026-07-09,03:42,LIGHT,45,
2026-07-09,03:43,LIGHT,45,
2026-07-09,03:44,REM,45,
2026-07-09,03:45,REM,45,
2026-07-09,03:46,REM,45,
2026-07-09,03:47,REM,44,
2026-07-09,03:48,REM,44,
2026-07-09,03:49,REM,44,
2026-07-09,03:50,REM,44,
2026-07-09,03:51,REM,44,
2026-07-09,03:52,REM,44,
2026-07-09,03:53,REM,44,
2026-07-09,03:54,REM,44,
2026-07-09,03:55,REM,43,
2026-07-09,03:56,REM,43,
2026-07-09,03:57,REM,43,
2026-07-09,03:58,REM,43,
2026-07-09,03:59,REM,43,
2026-07-09,04:00,REM,43,
2026-07-09,04:01,REM,43,
2026-07-09,04:02,REM,43,
2026-07-09,04:03,LIGHT,43,
2026-07-09,04:04,LIGHT,43,
2026-07-09,04:05,LIGHT,43,
2026-07-09,04:06,LIGHT,43,
2026-07-09,04:07,LIGHT,43,
2026-07-09,04:08,LIGHT,43,
2026-07-09,04:09,LIGHT,43,
2026-07-09,04:10,LIGHT,43,
2026-07-09,04:11,LIGHT,43,
2026-07-09,04:12,LIGHT,43,
2026-07-09,04:13,LIGHT,43,
2026-07-09,04:14,LIGHT,43,
2026-07-09,04:15,LIGHT,43,
2026-07-09,04:16,LIGHT,43,
2026-07-09,04:17,LIGHT,54,
2026-07-09,04:18,LIGHT,51,
2026-07-09,04:19,LIGHT,52,
2026-07-09,04:20,LIGHT,49,
2026-07-09,04:21,LIGHT,45,
2026-07-09,04:22,LIGHT,44,
2026-07-09,04:23,LIGHT,48,
2026-07-09,04:24,LIGHT,46,
2026-07-09,04:25,LIGHT,45,
2026-07-09,04:26,DEEP,45,
2026-07-09,04:27,DEEP,45,
2026-07-09,04:28,DEEP,47,
2026-07-09,04:29,DEEP,46,
2026-07-09,04:30,DEEP,47,
2026-07-09,04:31,DEEP,47,
2026-07-09,04:32,DEEP,47,
2026-07-09,04:33,DEEP,45,
2026-07-09,04:34,DEEP,44,
2026-07-09,04:35,DEEP,46,
2026-07-09,04:36,DEEP,48,
2026-07-09,04:37,DEEP,53,
2026-07-09,04:38,DEEP,45,
2026-07-09,04:39,DEEP,45,
2026-07-09,04:40,DEEP,44,
2026-07-09,04:41,DEEP,44,
2026-07-09,04:42,DEEP,42,
2026-07-09,04:43,DEEP,44,
2026-07-09,04:44,DEEP,44,
2026-07-09,04:45,DEEP,47,
2026-07-09,04:46,LIGHT,43,
2026-07-09,04:47,LIGHT,43,
2026-07-09,04:48,LIGHT,43,
2026-07-09,04:49,LIGHT,42,
2026-07-09,04:50,LIGHT,48,
2026-07-09,04:51,LIGHT,53,
2026-07-09,04:52,LIGHT,44,
2026-07-09,04:53,LIGHT,41,
2026-07-09,04:54,LIGHT,40,
2026-07-09,04:55,LIGHT,40,
2026-07-09,04:56,LIGHT,40,
2026-07-09,04:57,LIGHT,40,
2026-07-09,04:58,LIGHT,40,
2026-07-09,04:59,LIGHT,40,
2026-07-09,05:00,LIGHT,40,
2026-07-09,05:01,LIGHT,40,
2026-07-09,05:02,LIGHT,40,
2026-07-09,05:03,LIGHT,40,
2026-07-09,05:04,LIGHT,40,
2026-07-09,05:05,LIGHT,40,
2026-07-09,05:06,LIGHT,40,
2026-07-09,05:07,LIGHT,40,
2026-07-09,05:08,LIGHT,40,
2026-07-09,05:09,LIGHT,40,
2026-07-09,05:10,LIGHT,47,
2026-07-09,05:11,LIGHT,44,
2026-07-09,05:12,LIGHT,40,
2026-07-09,05:13,LIGHT,40,
2026-07-09,05:14,LIGHT,,
2026-07-09,05:15,LIGHT,,
2026-07-09,05:16,LIGHT,,
2026-07-09,05:17,WAKE,,
2026-07-09,05:18,LIGHT,,
2026-07-09,05:19,LIGHT,45,
2026-07-09,05:20,LIGHT,46,
2026-07-09,05:21,LIGHT,46,
2026-07-09,05:22,LIGHT,43,
2026-07-09,05:23,REM,42,
2026-07-09,05:24,REM,41,
2026-07-09,05:25,REM,41,
2026-07-09,05:26,REM,41,
2026-07-09,05:27,REM,41,
2026-07-09,05:28,REM,43,
2026-07-09,05:29,REM,41,
2026-07-09,05:30,REM,41,
2026-07-09,05:31,REM,43,
2026-07-09,05:32,REM,43,
2026-07-09,05:33,REM,43,
2026-07-09,05:34,REM,46,
2026-07-09,05:35,REM,45,
2026-07-09,05:36,REM,43,
2026-07-09,05:37,REM,43,
2026-07-09,05:38,REM,48,
2026-07-09,05:39,REM,44,
2026-07-09,05:40,REM,43,
2026-07-09,05:41,LIGHT,43,
2026-07-09,05:42,LIGHT,43,
2026-07-09,05:43,LIGHT,41,
2026-07-09,05:44,WAKE,41,
2026-07-09,05:45,LIGHT,42,
2026-07-09,05:46,LIGHT,42,
2026-07-09,05:47,LIGHT,42,
2026-07-09,05:48,LIGHT,42,
2026-07-09,05:49,LIGHT,42,
2026-07-09,05:50,LIGHT,42,
2026-07-09,05:51,LIGHT,44,
2026-07-09,05:52,LIGHT,43,
2026-07-09,05:53,LIGHT,43,
2026-07-09,05:54,LIGHT,43,
2026-07-09,05:55,LIGHT,43,
2026-07-09,05:56,LIGHT,43,
2026-07-09,05:57,LIGHT,43,
2026-07-09,05:58,LIGHT,42,
2026-07-09,05:59,LIGHT,42,
2026-07-09,06:00,LIGHT,42,
2026-07-09,06:01,LIGHT,42,
2026-07-09,06:02,LIGHT,42,
2026-07-09,06:03,LIGHT,42,
2026-07-09,06:04,LIGHT,42,
2026-07-09,06:05,LIGHT,42,
2026-07-09,06:06,LIGHT,42,
2026-07-09,06:07,LIGHT,49,
2026-07-09,06:08,LIGHT,46,
2026-07-09,06:09,LIGHT,46,
2026-07-09,06:10,LIGHT,44,
2026-07-09,06:11,LIGHT,42,
2026-07-09,06:12,WAKE,44,
2026-07-09,06:13,WAKE,45,
2026-07-09,06:14,LIGHT,49,
2026-07-09,06:15,LIGHT,44,
2026-07-09,06:16,LIGHT,42,
2026-07-09,06:17,LIGHT,42,
2026-07-09,06:18,LIGHT,41,
2026-07-09,06:19,LIGHT,43,
2026-07-09,06:20,LIGHT,43,
2026-07-09,06:21,LIGHT,43,
2026-07-09,06:22,LIGHT,46,
2026-07-09,06:23,LIGHT,46,
2026-07-09,06:24,LIGHT,45,
2026-07-09,06:25,LIGHT,43,
2026-07-09,06:26,LIGHT,43,
2026-07-09,06:27,LIGHT,43,
2026-07-09,06:28,LIGHT,43,
2026-07-09,06:29,LIGHT,42,
2026-07-09,06:30,LIGHT,42,
2026-07-09,06:31,LIGHT,41,
2026-07-09,06:32,LIGHT,41,
2026-07-09,06:33,LIGHT,42,
2026-07-09,06:34,LIGHT,43,
2026-07-09,06:35,LIGHT,43,
2026-07-09,06:36,LIGHT,43,
2026-07-09,06:37,LIGHT,43,
2026-07-09,06:38,LIGHT,43,
2026-07-09,06:39,LIGHT,43,
2026-07-09,06:40,LIGHT,43,
2026-07-09,06:41,LIGHT,46,
2026-07-09,06:42,LIGHT,42,
2026-07-09,06:43,LIGHT,42,
2026-07-09,06:44,LIGHT,44,
2026-07-09,06:45,LIGHT,43,
2026-07-09,06:46,LIGHT,43,
2026-07-09,06:47,LIGHT,43,
2026-07-09,06:48,LIGHT,44,
2026-07-09,06:49,LIGHT,43,
2026-07-09,06:50,LIGHT,42,
2026-07-09,06:51,DEEP,42,
2026-07-09,06:52,DEEP,42,
2026-07-09,06:53,DEEP,42,
2026-07-09,06:54,DEEP,42,
2026-07-09,06:55,DEEP,42,
2026-07-09,06:56,DEEP,42,
2026-07-09,06:57,DEEP,43,
2026-07-09,06:58,DEEP,43,
2026-07-09,06:59,DEEP,42,
2026-07-09,07:00,DEEP,42,
2026-07-09,07:01,DEEP,42,
2026-07-09,07:02,DEEP,42,
2026-07-09,07:03,DEEP,42,
2026-07-09,07:04,DEEP,41,
2026-07-09,07:05,DEEP,42,
2026-07-09,07:06,DEEP,42,
2026-07-09,07:07,DEEP,43,
2026-07-09,07:08,DEEP,45,
2026-07-09,07:09,DEEP,44,
2026-07-09,07:10,LIGHT,42,
2026-07-09,07:11,LIGHT,42,
2026-07-09,07:12,LIGHT,42,
2026-07-09,07:13,WAKE,42,
2026-07-09,07:14,LIGHT,42,
2026-07-09,07:15,LIGHT,47,
2026-07-09,07:16,LIGHT,47,
2026-07-09,07:17,LIGHT,46,
2026-07-09,07:18,LIGHT,46,
2026-07-09,07:19,REM,45,
2026-07-09,07:20,REM,42,
2026-07-09,07:21,REM,42,
2026-07-09,07:22,REM,42,
2026-07-09,07:23,REM,42,
2026-07-09,07:24,REM,42,
2026-07-09,07:25,REM,42,
2026-07-09,07:26,REM,42,
2026-07-09,07:27,REM,42,
2026-07-09,07:28,REM,42,
2026-07-09,07:29,REM,42,
2026-07-09,07:30,REM,42,
2026-07-09,07:31,REM,42,
2026-07-09,07:32,REM,42,
2026-07-09,07:33,REM,42,
2026-07-09,07:34,REM,42,
2026-07-09,07:35,REM,42,
2026-07-09,07:36,REM,42,
2026-07-09,07:37,REM,42,
2026-07-09,07:38,REM,42,
2026-07-09,07:39,REM,42,
2026-07-09,07:40,REM,42,
2026-07-09,07:41,REM,42,
2026-07-09,07:42,REM,42,
2026-07-09,07:43,REM,42,
2026-07-09,07:44,REM,42,
2026-07-09,07:45,REM,42,
2026-07-09,07:46,REM,41,
2026-07-09,07:47,REM,41,
2026-07-09,07:48,REM,41,
2026-07-09,07:49,REM,41,
2026-07-09,07:50,REM,41,
2026-07-09,07:51,REM,41,
2026-07-09,07:52,REM,41,
2026-07-09,07:53,REM,41,
2026-07-09,07:54,REM,41,
2026-07-09,07:55,LIGHT,41,
2026-07-09,07:56,LIGHT,41,
2026-07-09,07:57,LIGHT,41,
2026-07-09,07:58,LIGHT,46,
2026-07-09,07:59,LIGHT,43,
2026-07-09,08:00,LIGHT,43,
2026-07-09,08:01,LIGHT,43,
2026-07-09,08:02,LIGHT,43,
2026-07-09,08:03,LIGHT,40,
2026-07-09,08:04,LIGHT,41,
2026-07-09,08:05,LIGHT,42,
2026-07-09,08:06,LIGHT,41,
2026-07-09,08:07,LIGHT,41,
2026-07-09,08:08,LIGHT,41,
2026-07-09,08:09,LIGHT,41,
2026-07-09,08:10,LIGHT,42,
2026-07-09,08:11,LIGHT,41,
2026-07-09,08:12,LIGHT,46,
2026-07-09,08:13,LIGHT,46,
2026-07-09,08:14,LIGHT,43,
2026-07-09,08:15,LIGHT,43,
2026-07-09,08:16,LIGHT,43,
2026-07-09,08:17,LIGHT,43,
2026-07-09,08:18,LIGHT,40,
2026-07-09,08:19,LIGHT,40,
2026-07-09,08:20,LIGHT,42,
2026-07-09,08:21,LIGHT,44,
2026-07-09,08:22,DEEP,41,
2026-07-09,08:23,DEEP,43,
2026-07-09,08:24,DEEP,41,
2026-07-09,08:25,DEEP,,
2026-07-09,08:26,DEEP,41,
2026-07-09,08:27,DEEP,42,
2026-07-09,08:28,DEEP,42,
2026-07-09,08:29,DEEP,40,
2026-07-09,08:30,DEEP,42,
2026-07-09,08:31,DEEP,45,
2026-07-09,08:32,DEEP,42,
2026-07-09,08:33,DEEP,42,
2026-07-09,08:34,DEEP,47,
2026-07-09,08:35,DEEP,44,
2026-07-09,08:36,DEEP,42,
2026-07-09,08:37,DEEP,42,
2026-07-09,08:38,DEEP,41,
2026-07-09,08:39,LIGHT,41,
2026-07-09,08:40,LIGHT,42,
2026-07-09,08:41,LIGHT,49,
2026-07-09,08:42,WAKE,43,
2026-07-09,08:43,WAKE,41,
2026-07-09,08:44,LIGHT,,
2026-07-09,08:45,LIGHT,,
2026-07-09,08:46,LIGHT,,
2026-07-09,08:47,LIGHT,,
2026-07-09,08:48,LIGHT,,
2026-07-09,08:49,LIGHT,,
2026-07-09,08:50,REM,40,
2026-07-09,08:51,REM,46,
2026-07-09,08:52,REM,42,
2026-07-09,08:53,REM,42,
2026-07-09,08:54,REM,41,
2026-07-09,08:55,REM,47,
2026-07-09,08:56,REM,45,
2026-07-09,08:57,REM,43,
2026-07-09,08:58,REM,44,
2026-07-09,08:59,REM,43,
2026-07-09,09:00,LIGHT,42,
2026-07-09,09:01,LIGHT,42,
2026-07-09,09:02,LIGHT,42,
2026-07-09,09:03,LIGHT,42,
2026-07-09,09:04,LIGHT,42,
2026-07-09,09:05,LIGHT,42,
2026-07-09,09:06,LIGHT,42,
2026-07-09,09:07,LIGHT,42,
2026-07-09,09:08,LIGHT,42,
2026-07-09,09:09,LIGHT,42,
2026-07-09,09:10,LIGHT,42,
2026-07-09,09:11,LIGHT,42,
2026-07-09,09:12,LIGHT,43,
2026-07-09,09:13,LIGHT,43,
2026-07-09,09:14,LIGHT,43,
2026-07-09,09:15,LIGHT,43,
2026-07-09,09:16,LIGHT,54,
2026-07-09,09:17,LIGHT,45,
2026-07-09,09:18,LIGHT,42,
2026-07-09,09:19,LIGHT,42,
2026-07-09,09:20,LIGHT,42,
2026-07-09,09:21,LIGHT,47,
2026-07-09,09:22,LIGHT,43,
2026-07-09,09:23,LIGHT,41,
2026-07-09,09:24,LIGHT,41,
2026-07-09,09:25,LIGHT,40,
2026-07-09,09:26,LIGHT,41,
2026-07-09,09:27,LIGHT,41,
2026-07-09,09:28,LIGHT,41,
2026-07-09,09:29,LIGHT,42,
2026-07-09,09:30,LIGHT,42,
2026-07-09,09:31,LIGHT,42,
2026-07-09,09:32,LIGHT,42,
2026-07-09,09:33,LIGHT,42,
2026-07-09,09:34,LIGHT,42,
2026-07-09,09:35,LIGHT,42,
2026-07-09,09:36,LIGHT,42,
2026-07-09,09:37,REM,42,
2026-07-09,09:38,REM,54,
2026-07-09,09:39,REM,52,
2026-07-09,09:40,REM,45,
2026-07-09,09:41,REM,43,
2026-07-09,09:42,REM,41,
2026-07-09,09:43,REM,41,
2026-07-09,09:44,REM,41,
2026-07-09,09:45,REM,41,
2026-07-09,09:46,REM,41,
2026-07-09,09:47,REM,41,
2026-07-09,09:48,REM,41,
2026-07-09,09:49,REM,41,
2026-07-09,09:50,REM,41,
2026-07-09,09:51,REM,41,
2026-07-09,09:52,REM,41,
2026-07-09,09:53,REM,43,
2026-07-09,09:54,REM,49,
2026-07-09,09:55,REM,44,
2026-07-09,09:56,REM,43,
2026-07-09,09:57,REM,43,
2026-07-09,09:58,REM,43,
2026-07-09,09:59,REM,43,
2026-07-09,10:00,REM,50,
2026-07-09,10:01,REM,44,
2026-07-09,10:02,REM,46,
2026-07-09,10:03,REM,43,
2026-07-09,10:04,REM,45,
2026-07-09,10:05,REM,47,
2026-07-09,10:06,REM,45,
2026-07-09,10:07,REM,45,
2026-07-09,10:08,REM,45,
2026-07-09,10:09,LIGHT,45,
2026-07-09,10:10,LIGHT,44,
2026-07-09,10:11,LIGHT,45,
2026-07-09,10:12,LIGHT,45,
2026-07-09,10:13,LIGHT,43,
2026-07-09,10:14,LIGHT,43,
2026-07-09,10:15,LIGHT,44,
2026-07-09,10:16,LIGHT,44,
2026-07-09,10:17,LIGHT,44,
2026-07-09,10:18,LIGHT,46,
2026-07-09,10:19,LIGHT,53,
2026-07-09,10:20,LIGHT,54,
2026-07-09,10:21,LIGHT,56,
2026-07-09,10:22,LIGHT,54,
2026-07-09,10:23,LIGHT,57,
2026-07-09,10:24,LIGHT,59,
2026-07-09,10:25,LIGHT,54,
2026-07-09,10:26,LIGHT,51,
2026-07-09,10:27,LIGHT,53,
2026-07-09,10:28,LIGHT,50,
2026-07-09,10:29,LIGHT,52,
2026-07-09,10:30,LIGHT,57,
2026-07-09,10:31,LIGHT,53,
2026-07-09,10:32,LIGHT,55,
2026-07-09,10:33,LIGHT,52,
2026-07-09,10:34,LIGHT,52,
2026-07-09,10:35,LIGHT,54,
2026-07-09,10:36,LIGHT,48,
2026-07-09,10:37,LIGHT,53,
2026-07-09,10:38,LIGHT,52,
2026-07-09,10:39,LIGHT,49,
2026-07-09,10:40,LIGHT,56,
2026-07-09,10:41,LIGHT,58,
2026-07-09,10:42,LIGHT,58,
2026-07-09,10:43,LIGHT,65,
2026-07-09,10:44,LIGHT,67,
2026-07-09,10:45,LIGHT,54,
2026-07-09,10:46,LIGHT,50,
2026-07-09,10:47,LIGHT,57,
2026-07-09,10:48,LIGHT,72,
2026-07-09,10:49,LIGHT,74,
2026-07-09,10:50,LIGHT,63,
2026-07-09,10:51,LIGHT,63,
2026-07-09,10:52,LIGHT,65,
2026-07-09,10:53,LIGHT,67,
2026-07-09,10:54,DEEP,67,
2026-07-09,10:55,DEEP,66,
2026-07-09,10:56,DEEP,68,
2026-07-09,10:57,DEEP,68,
2026-07-09,10:58,DEEP,71,
2026-07-09,10:59,DEEP,78,
2026-07-09,11:00,DEEP,,
2026-07-09,11:01,DEEP,,
2026-07-09,11:02,LIGHT,,
2026-07-09,11:03,LIGHT,,
2026-07-09,11:04,LIGHT,,
2026-07-09,11:05,LIGHT,,
2026-07-09,11:06,LIGHT,,
2026-07-09,11:07,LIGHT,,
2026-07-09,11:08,LIGHT,,
2026-07-09,11:09,REM,,
2026-07-09,11:10,REM,,
2026-07-09,11:11,REM,,
2026-07-09,11:12,REM,,
2026-07-09,11:13,REM,,
2026-07-09,11:14,REM,,
2026-07-09,11:15,REM,,
2026-07-09,11:16,REM,,
2026-07-09,11:17,REM,,
2026-07-09,11:18,REM,,
2026-07-09,11:19,REM,,
2026-07-09,11:20,REM,,
2026-07-09,11:21,LIGHT,,
2026-07-09,11:22,LIGHT,,
2026-07-09,11:23,LIGHT,,
2026-07-09,11:24,LIGHT,,
2026-07-09,11:25,LIGHT,,
2026-07-10,03:30,LIGHT,60,
2026-07-10,03:31,LIGHT,69,
2026-07-10,03:32,LIGHT,66,
2026-07-10,03:33,LIGHT,65,
2026-07-10,03:34,LIGHT,73,
2026-07-10,03:35,LIGHT,72,
2026-07-10,03:36,LIGHT,68,
2026-07-10,03:37,LIGHT,65,
2026-07-10,03:38,LIGHT,62,
2026-07-10,03:39,LIGHT,62,
2026-07-10,03:40,LIGHT,71,
2026-07-10,03:41,LIGHT,71,
2026-07-10,03:42,LIGHT,73,
2026-07-10,03:43,LIGHT,72,
2026-07-10,03:44,LIGHT,73,
2026-07-10,03:45,LIGHT,70,
2026-07-10,03:46,DEEP,68,
2026-07-10,03:47,DEEP,71,
2026-07-10,03:48,DEEP,76,
2026-07-10,03:49,DEEP,76,
2026-07-10,03:50,DEEP,70,
2026-07-10,03:51,DEEP,66,
2026-07-10,03:52,DEEP,68,
2026-07-10,03:53,DEEP,68,
2026-07-10,03:54,DEEP,71,
2026-07-10,03:55,DEEP,64,
2026-07-10,03:56,DEEP,56,
2026-07-10,03:57,DEEP,53,
2026-07-10,03:58,DEEP,50,
2026-07-10,03:59,DEEP,52,
2026-07-10,04:00,DEEP,52,
2026-07-10,04:01,DEEP,54,
2026-07-10,04:02,DEEP,51,
2026-07-10,04:03,DEEP,51,
2026-07-10,04:04,DEEP,51,
2026-07-10,04:05,DEEP,51,
2026-07-10,04:06,DEEP,51,
2026-07-10,04:07,DEEP,51,
2026-07-10,04:08,DEEP,50,
2026-07-10,04:09,DEEP,50,
2026-07-10,04:10,DEEP,49,
2026-07-10,04:11,DEEP,51,
2026-07-10,04:12,DEEP,51,
2026-07-10,04:13,DEEP,52,
2026-07-10,04:14,DEEP,51,
2026-07-10,04:15,LIGHT,50,
2026-07-10,04:16,LIGHT,50,
2026-07-10,04:17,LIGHT,50,
2026-07-10,04:18,WAKE,52,
2026-07-10,04:19,LIGHT,49,
2026-07-10,04:20,LIGHT,49,
2026-07-10,04:21,LIGHT,51,
2026-07-10,04:22,LIGHT,51,
2026-07-10,04:23,LIGHT,53,
2026-07-10,04:24,LIGHT,59,
2026-07-10,04:25,LIGHT,60,
2026-07-10,04:26,REM,52,
2026-07-10,04:27,REM,49,
2026-07-10,04:28,REM,61,
2026-07-10,04:29,REM,66,
2026-07-10,04:30,REM,55,
2026-07-10,04:31,REM,51,
2026-07-10,04:32,REM,49,
2026-07-10,04:33,REM,48,
2026-07-10,04:34,REM,47,
2026-07-10,04:35,REM,47,
2026-07-10,04:36,REM,48,
2026-07-10,04:37,REM,49,
2026-07-10,04:38,REM,50,
2026-07-10,04:39,REM,47,
2026-07-10,04:40,REM,46,
2026-07-10,04:41,REM,45,
2026-07-10,04:42,REM,47,
2026-07-10,04:43,REM,51,
2026-07-10,04:44,LIGHT,46,
2026-07-10,04:45,LIGHT,45,
2026-07-10,04:46,LIGHT,44,
2026-07-10,04:47,LIGHT,44,
2026-07-10,04:48,LIGHT,44,
2026-07-10,04:49,LIGHT,44,
2026-07-10,04:50,LIGHT,44,
2026-07-10,04:51,LIGHT,44,
2026-07-10,04:52,WAKE,44,
2026-07-10,04:53,LIGHT,45,
2026-07-10,04:54,LIGHT,45,
2026-07-10,04:55,LIGHT,45,
2026-07-10,04:56,LIGHT,45,
2026-07-10,04:57,LIGHT,45,
2026-07-10,04:58,LIGHT,45,
2026-07-10,04:59,LIGHT,45,
2026-07-10,05:00,LIGHT,45,
2026-07-10,05:01,LIGHT,45,
2026-07-10,05:02,LIGHT,45,
2026-07-10,05:03,LIGHT,45,
2026-07-10,05:04,LIGHT,45,
2026-07-10,05:05,LIGHT,45,
2026-07-10,05:06,LIGHT,46,
2026-07-10,05:07,LIGHT,46,
2026-07-10,05:08,LIGHT,46,
2026-07-10,05:09,LIGHT,46,
2026-07-10,05:10,LIGHT,46,
2026-07-10,05:11,LIGHT,46,
2026-07-10,05:12,WAKE,47,
2026-07-10,05:13,LIGHT,47,
2026-07-10,05:14,LIGHT,47,
2026-07-10,05:15,LIGHT,47,
2026-07-10,05:16,LIGHT,47,
2026-07-10,05:17,LIGHT,47,
2026-07-10,05:18,LIGHT,47,
2026-07-10,05:19,LIGHT,47,
2026-07-10,05:20,LIGHT,48,
2026-07-10,05:21,WAKE,48,
2026-07-10,05:22,WAKE,48,
2026-07-10,05:23,LIGHT,48,
2026-07-10,05:24,LIGHT,55,
2026-07-10,05:25,LIGHT,57,
2026-07-10,05:26,LIGHT,54,
2026-07-10,05:27,LIGHT,50,
2026-07-10,05:28,LIGHT,48,
2026-07-10,05:29,LIGHT,48,
2026-07-10,05:30,LIGHT,48,
2026-07-10,05:31,LIGHT,48,
2026-07-10,05:32,LIGHT,48,
2026-07-10,05:33,LIGHT,48,
2026-07-10,05:34,LIGHT,48,
2026-07-10,05:35,LIGHT,48,
2026-07-10,05:36,LIGHT,48,
2026-07-10,05:37,LIGHT,48,
2026-07-10,05:38,LIGHT,48,
2026-07-10,05:39,LIGHT,48,
2026-07-10,05:40,LIGHT,48,
2026-07-10,05:41,LIGHT,49,
2026-07-10,05:42,LIGHT,49,
2026-07-10,05:43,LIGHT,49,
2026-07-10,05:44,LIGHT,49,
2026-07-10,05:45,LIGHT,49,
2026-07-10,05:46,LIGHT,49,
2026-07-10,05:47,LIGHT,49,
2026-07-10,05:48,LIGHT,49,
2026-07-10,05:49,LIGHT,54,
2026-07-10,05:50,LIGHT,53,
2026-07-10,05:51,LIGHT,55,
2026-07-10,05:52,LIGHT,48,
2026-07-10,05:53,LIGHT,47,
2026-07-10,05:54,LIGHT,47,
2026-07-10,05:55,LIGHT,47,
2026-07-10,05:56,LIGHT,47,
2026-07-10,05:57,LIGHT,47,
2026-07-10,05:58,LIGHT,47,
2026-07-10,05:59,LIGHT,47,
2026-07-10,06:00,LIGHT,47,
2026-07-10,06:01,DEEP,47,
2026-07-10,06:02,DEEP,47,
2026-07-10,06:03,DEEP,47,
2026-07-10,06:04,DEEP,46,
2026-07-10,06:05,DEEP,46,
2026-07-10,06:06,DEEP,47,
2026-07-10,06:07,DEEP,52,
2026-07-10,06:08,LIGHT,47,
2026-07-10,06:09,LIGHT,46,
2026-07-10,06:10,LIGHT,45,
2026-07-10,06:11,LIGHT,45,
2026-07-10,06:12,LIGHT,45,
2026-07-10,06:13,LIGHT,45,
2026-07-10,06:14,LIGHT,51,
2026-07-10,06:15,WAKE,47,
2026-07-10,06:16,LIGHT,47,
2026-07-10,06:17,LIGHT,50,
2026-07-10,06:18,LIGHT,50,
2026-07-10,06:19,REM,53,
2026-07-10,06:20,REM,54,
2026-07-10,06:21,REM,52,
2026-07-10,06:22,REM,54,
2026-07-10,06:23,REM,52,
2026-07-10,06:24,REM,55,
2026-07-10,06:25,REM,49,
2026-07-10,06:26,REM,49,
2026-07-10,06:27,REM,49,
2026-07-10,06:28,REM,49,
2026-07-10,06:29,REM,49,
2026-07-10,06:30,REM,49,
2026-07-10,06:31,REM,49,
2026-07-10,06:32,REM,48,
2026-07-10,06:33,REM,48,
2026-07-10,06:34,REM,49,
2026-07-10,06:35,REM,50,
2026-07-10,06:36,REM,54,
2026-07-10,06:37,REM,52,
2026-07-10,06:38,REM,52,
2026-07-10,06:39,REM,52,
2026-07-10,06:40,REM,51,
2026-07-10,06:41,REM,52,
2026-07-10,06:42,REM,51,
2026-07-10,06:43,REM,51,
2026-07-10,06:44,LIGHT,51,
2026-07-10,06:45,LIGHT,51,
2026-07-10,06:46,LIGHT,52,
2026-07-10,06:47,LIGHT,52,
2026-07-10,06:48,LIGHT,52,
2026-07-10,06:49,LIGHT,52,
2026-07-10,06:50,LIGHT,52,
2026-07-10,06:51,LIGHT,52,
2026-07-10,06:52,LIGHT,52,
2026-07-10,06:53,LIGHT,52,
2026-07-10,06:54,LIGHT,52,
2026-07-10,06:55,LIGHT,52,
2026-07-10,06:56,LIGHT,52,
2026-07-10,06:57,LIGHT,52,
2026-07-10,06:58,LIGHT,52,
2026-07-10,06:59,LIGHT,52,
2026-07-10,07:00,LIGHT,51,
2026-07-10,07:01,LIGHT,51,
2026-07-10,07:02,LIGHT,51,
2026-07-10,07:03,LIGHT,55,
2026-07-10,07:04,LIGHT,49,
2026-07-10,07:05,LIGHT,46,
2026-07-10,07:06,LIGHT,46,
2026-07-10,07:07,LIGHT,45,
2026-07-10,07:08,LIGHT,45,
2026-07-10,07:09,LIGHT,45,
2026-07-10,07:10,LIGHT,45,
2026-07-10,07:11,LIGHT,45,
2026-07-10,07:12,LIGHT,45,
2026-07-10,07:13,LIGHT,45,
2026-07-10,07:14,LIGHT,45,
2026-07-10,07:15,LIGHT,45,
2026-07-10,07:16,LIGHT,45,
2026-07-10,07:17,LIGHT,45,
2026-07-10,07:18,LIGHT,45,
2026-07-10,07:19,LIGHT,45,
2026-07-10,07:20,LIGHT,45,
2026-07-10,07:21,LIGHT,45,
2026-07-10,07:22,LIGHT,45,
2026-07-10,07:23,LIGHT,45,
2026-07-10,07:24,LIGHT,45,
2026-07-10,07:25,LIGHT,45,
2026-07-10,07:26,LIGHT,45,
2026-07-10,07:27,LIGHT,45,
2026-07-10,07:28,LIGHT,45,
2026-07-10,07:29,LIGHT,45,
2026-07-10,07:30,LIGHT,45,
2026-07-10,07:31,LIGHT,45,
2026-07-10,07:32,LIGHT,45,
2026-07-10,07:33,LIGHT,45,
2026-07-10,07:34,LIGHT,45,
2026-07-10,07:35,LIGHT,45,
2026-07-10,07:36,LIGHT,45,
2026-07-10,07:37,LIGHT,45,
2026-07-10,07:38,LIGHT,45,
2026-07-10,07:39,LIGHT,45,
2026-07-10,07:40,DEEP,45,
2026-07-10,07:41,DEEP,45,
2026-07-10,07:42,DEEP,45,
2026-07-10,07:43,DEEP,45,
2026-07-10,07:44,DEEP,45,
2026-07-10,07:45,DEEP,45,
2026-07-10,07:46,DEEP,45,
2026-07-10,07:47,DEEP,45,
2026-07-10,07:48,DEEP,45,
2026-07-10,07:49,DEEP,45,
2026-07-10,07:50,DEEP,45,
2026-07-10,07:51,DEEP,45,
2026-07-10,07:52,DEEP,45,
2026-07-10,07:53,DEEP,45,
2026-07-10,07:54,DEEP,45,
2026-07-10,07:55,DEEP,45,
2026-07-10,07:56,DEEP,45,
2026-07-10,07:57,DEEP,45,
2026-07-10,07:58,DEEP,45,
2026-07-10,07:59,LIGHT,45,
2026-07-10,08:00,LIGHT,47,
2026-07-10,08:01,LIGHT,47,
2026-07-10,08:02,REM,62,
2026-07-10,08:03,REM,55,
2026-07-10,08:04,REM,49,
2026-07-10,08:05,REM,51,
2026-07-10,08:06,REM,48,
2026-07-10,08:07,REM,52,
2026-07-10,08:08,REM,49,
2026-07-10,08:09,REM,49,
2026-07-10,08:10,REM,48,
2026-07-10,08:11,REM,50,
2026-07-10,08:12,REM,50,
2026-07-10,08:13,REM,47,
2026-07-10,08:14,REM,50,
2026-07-10,08:15,REM,48,
2026-07-10,08:16,REM,48,
2026-07-10,08:17,REM,48,
2026-07-10,08:18,REM,49,
2026-07-10,08:19,REM,49,
2026-07-10,08:20,REM,50,
2026-07-10,08:21,REM,54,
2026-07-10,08:22,REM,51,
2026-07-10,08:23,REM,48,
2026-07-10,08:24,REM,48,
2026-07-10,08:25,REM,47,
2026-07-10,08:26,REM,48,
2026-07-10,08:27,REM,46,
2026-07-10,08:28,REM,46,
2026-07-10,08:29,REM,51,
2026-07-10,08:30,REM,46,
2026-07-10,08:31,REM,46,
2026-07-10,08:32,REM,46,
2026-07-10,08:33,REM,46,
2026-07-10,08:34,REM,46,
2026-07-10,08:35,REM,46,
2026-07-10,08:36,REM,46,
2026-07-10,08:37,REM,51,
2026-07-10,08:38,REM,47,
2026-07-10,08:39,REM,44,
2026-07-10,08:40,REM,44,
2026-07-10,08:41,REM,44,
2026-07-10,08:42,REM,44,
2026-07-10,08:43,LIGHT,43,
2026-07-10,08:44,LIGHT,43,
2026-07-10,08:45,LIGHT,43,
2026-07-10,08:46,LIGHT,44,
2026-07-10,08:47,LIGHT,44,
2026-07-10,08:48,LIGHT,44,
2026-07-10,08:49,LIGHT,44,
2026-07-10,08:50,LIGHT,44,
2026-07-10,08:51,LIGHT,44,
2026-07-10,08:52,LIGHT,44,
2026-07-10,08:53,LIGHT,44,
2026-07-10,08:54,LIGHT,44,
2026-07-10,08:55,LIGHT,44,
2026-07-10,08:56,LIGHT,44,
2026-07-10,08:57,LIGHT,44,
2026-07-10,08:58,LIGHT,44,
2026-07-10,08:59,LIGHT,44,
2026-07-10,09:00,LIGHT,46,
2026-07-10,09:01,LIGHT,43,
2026-07-10,09:02,LIGHT,43,
2026-07-10,09:03,LIGHT,43,
2026-07-10,09:04,LIGHT,43,
2026-07-10,09:05,LIGHT,45,
2026-07-10,09:06,LIGHT,45,
2026-07-10,09:07,LIGHT,44,
2026-07-10,09:08,LIGHT,44,
2026-07-10,09:09,LIGHT,51,
2026-07-10,09:10,LIGHT,51,
2026-07-10,09:11,LIGHT,53,
2026-07-10,09:12,LIGHT,48,
2026-07-10,09:13,LIGHT,47,
2026-07-10,09:14,LIGHT,47,
2026-07-10,09:15,LIGHT,49,
2026-07-10,09:16,LIGHT,48,
2026-07-10,09:17,LIGHT,49,
2026-07-10,09:18,LIGHT,54,
2026-07-10,09:19,LIGHT,48,
2026-07-10,09:20,LIGHT,49,
2026-07-10,09:21,LIGHT,50,
2026-07-10,09:22,LIGHT,49,
2026-07-10,09:23,LIGHT,47,
2026-07-10,09:24,LIGHT,47,
2026-07-10,09:25,LIGHT,47,
2026-07-10,09:26,LIGHT,47,
2026-07-10,09:27,LIGHT,47,
2026-07-10,09:28,LIGHT,45,
2026-07-10,09:29,LIGHT,46,
2026-07-10,09:30,LIGHT,46,
2026-07-10,09:31,DEEP,46,
2026-07-10,09:32,DEEP,44,
2026-07-10,09:33,DEEP,44,
2026-07-10,09:34,DEEP,46,
2026-07-10,09:35,DEEP,48,
2026-07-10,09:36,DEEP,45,
2026-07-10,09:37,DEEP,50,
2026-07-10,09:38,DEEP,51,
2026-07-10,09:39,LIGHT,47,
2026-07-10,09:40,LIGHT,45,
2026-07-10,09:41,LIGHT,45,
2026-07-10,09:42,LIGHT,47,
2026-07-10,09:43,LIGHT,47,
2026-07-10,09:44,LIGHT,46,
2026-07-10,09:45,LIGHT,48,
2026-07-10,09:46,LIGHT,52,
2026-07-10,09:47,LIGHT,48,
2026-07-10,09:48,LIGHT,46,
2026-07-10,09:49,LIGHT,44,
2026-07-10,09:50,LIGHT,44,
2026-07-10,09:51,LIGHT,45,
2026-07-10,09:52,LIGHT,47,
2026-07-10,09:53,LIGHT,47,
2026-07-10,09:54,LIGHT,47,
2026-07-10,09:55,LIGHT,47,
2026-07-10,09:56,LIGHT,51,
2026-07-10,09:57,LIGHT,47,
2026-07-10,09:58,LIGHT,50,
2026-07-10,09:59,LIGHT,47,
2026-07-10,10:00,LIGHT,49,
2026-07-10,10:01,LIGHT,46,
2026-07-10,10:02,LIGHT,44,
2026-07-10,10:03,LIGHT,44,
2026-07-10,10:04,LIGHT,44,
2026-07-10,10:05,LIGHT,48,
2026-07-10,10:06,LIGHT,48,
2026-07-10,10:07,LIGHT,46,
2026-07-10,10:08,LIGHT,45,
2026-07-10,10:09,LIGHT,45,
2026-07-10,10:10,LIGHT,46,
2026-07-10,10:11,REM,46,
2026-07-10,10:12,REM,46,
2026-07-10,10:13,REM,46,
2026-07-10,10:14,REM,46,
2026-07-10,10:15,LIGHT,46,
2026-07-10,10:16,LIGHT,46,
2026-07-10,10:17,LIGHT,46,
2026-07-10,10:18,LIGHT,46,
2026-07-10,10:19,LIGHT,46,
2026-07-11,04:49,LIGHT,56,
2026-07-11,04:50,LIGHT,56,
2026-07-11,04:51,LIGHT,51,
2026-07-11,04:52,LIGHT,51,
2026-07-11,04:53,LIGHT,49,
2026-07-11,04:54,LIGHT,49,
2026-07-11,04:55,LIGHT,49,
2026-07-11,04:56,DEEP,49,
2026-07-11,04:57,DEEP,49,
2026-07-11,04:58,DEEP,49,
2026-07-11,04:59,DEEP,49,
2026-07-11,05:00,DEEP,50,
2026-07-11,05:01,DEEP,,
2026-07-11,05:02,DEEP,,
2026-07-11,05:03,DEEP,,
2026-07-11,05:04,DEEP,,
2026-07-11,05:05,DEEP,,
2026-07-11,05:06,DEEP,,
2026-07-11,05:07,DEEP,,
2026-07-11,05:08,DEEP,,
2026-07-11,05:09,DEEP,,
2026-07-11,05:10,DEEP,,
2026-07-11,05:11,DEEP,,
2026-07-11,05:12,DEEP,,
2026-07-11,05:13,DEEP,,
2026-07-11,05:14,DEEP,,
2026-07-11,05:15,DEEP,,
2026-07-11,05:16,DEEP,,
2026-07-11,05:17,DEEP,,
2026-07-11,05:18,DEEP,,
2026-07-11,05:19,DEEP,,
2026-07-11,05:20,DEEP,,
2026-07-11,05:21,DEEP,,
2026-07-11,05:22,DEEP,,
2026-07-11,05:23,LIGHT,,
2026-07-11,05:24,LIGHT,,
2026-07-11,05:25,LIGHT,,
2026-07-11,05:26,WAKE,,
2026-07-11,05:27,LIGHT,,
2026-07-11,05:28,LIGHT,,
2026-07-11,05:29,LIGHT,,
2026-07-11,05:30,LIGHT,,
2026-07-11,05:31,LIGHT,,
2026-07-11,05:32,LIGHT,,
2026-07-11,05:33,LIGHT,64,
2026-07-11,05:34,LIGHT,53,
2026-07-11,05:35,LIGHT,47,
2026-07-11,05:36,LIGHT,47,
2026-07-11,05:37,DEEP,49,
2026-07-11,05:38,DEEP,53,
2026-07-11,05:39,DEEP,49,
2026-07-11,05:40,DEEP,48,
2026-07-11,05:41,DEEP,48,
2026-07-11,05:42,DEEP,48,
2026-07-11,05:43,DEEP,55,
2026-07-11,05:44,DEEP,56,
2026-07-11,05:45,DEEP,51,
2026-07-11,05:46,DEEP,51,
2026-07-11,05:47,DEEP,52,
2026-07-11,05:48,DEEP,52,
2026-07-11,05:49,DEEP,54,
2026-07-11,05:50,DEEP,54,
2026-07-11,05:51,LIGHT,54,
2026-07-11,05:52,LIGHT,55,
2026-07-11,05:53,LIGHT,52,
2026-07-11,05:54,LIGHT,52,
2026-07-11,05:55,LIGHT,52,
2026-07-11,05:56,LIGHT,51,
2026-07-11,05:57,LIGHT,56,
2026-07-11,05:58,LIGHT,50,
2026-07-11,05:59,LIGHT,48,
2026-07-11,06:00,LIGHT,47,
2026-07-11,06:01,LIGHT,48,
2026-07-11,06:02,LIGHT,49,
2026-07-11,06:03,LIGHT,49,
2026-07-11,06:04,LIGHT,49,
2026-07-11,06:05,LIGHT,50,
2026-07-11,06:06,LIGHT,57,
2026-07-11,06:07,LIGHT,50,
2026-07-11,06:08,LIGHT,48,
2026-07-11,06:09,LIGHT,48,
2026-07-11,06:10,LIGHT,48,
2026-07-11,06:11,LIGHT,48,
2026-07-11,06:12,LIGHT,48,
2026-07-11,06:13,LIGHT,48,
2026-07-11,06:14,LIGHT,48,
2026-07-11,06:15,LIGHT,48,
2026-07-11,06:16,LIGHT,48,
2026-07-11,06:17,LIGHT,48,
2026-07-11,06:18,LIGHT,48,
2026-07-11,06:19,REM,50,
2026-07-11,06:20,REM,49,
2026-07-11,06:21,REM,49,
2026-07-11,06:22,REM,49,
2026-07-11,06:23,REM,49,
2026-07-11,06:24,REM,49,
2026-07-11,06:25,REM,48,
2026-07-11,06:26,REM,48,
2026-07-11,06:27,REM,48,
2026-07-11,06:28,REM,49,
2026-07-11,06:29,REM,49,
2026-07-11,06:30,REM,49,
2026-07-11,06:31,REM,49,
2026-07-11,06:32,REM,49,
2026-07-11,06:33,REM,49,
2026-07-11,06:34,REM,49,
2026-07-11,06:35,REM,49,
2026-07-11,06:36,REM,49,
2026-07-11,06:37,REM,49,
2026-07-11,06:38,REM,49,
2026-07-11,06:39,REM,49,
2026-07-11,06:40,REM,49,
2026-07-11,06:41,REM,49,
2026-07-11,06:42,REM,49,
2026-07-11,06:43,REM,49,
2026-07-11,06:44,REM,48,
2026-07-11,06:45,REM,48,
2026-07-11,06:46,REM,48,
2026-07-11,06:47,REM,48,
2026-07-11,06:48,REM,48,
2026-07-11,06:49,REM,61,
2026-07-11,06:50,REM,51,
2026-07-11,06:51,REM,48,
2026-07-11,06:52,REM,48,
2026-07-11,06:53,REM,48,
2026-07-11,06:54,REM,48,
2026-07-11,06:55,REM,48,
2026-07-11,06:56,REM,49,
2026-07-11,06:57,REM,54,
2026-07-11,06:58,LIGHT,54,
2026-07-11,06:59,LIGHT,48,
2026-07-11,07:00,LIGHT,46,
2026-07-11,07:01,LIGHT,46,
2026-07-11,07:02,LIGHT,46,
2026-07-11,07:03,LIGHT,56,
2026-07-11,07:04,LIGHT,50,
2026-07-11,07:05,LIGHT,51,
2026-07-11,07:06,LIGHT,54,
2026-07-11,07:07,LIGHT,48,
2026-07-11,07:08,LIGHT,49,
2026-07-11,07:09,LIGHT,51,
2026-07-11,07:10,LIGHT,50,
2026-07-11,07:11,LIGHT,51,
2026-07-11,07:12,LIGHT,51,
2026-07-11,07:13,LIGHT,49,
2026-07-11,07:14,LIGHT,49,
2026-07-11,07:15,LIGHT,48,
2026-07-11,07:16,LIGHT,48,
2026-07-11,07:17,LIGHT,48,
2026-07-11,07:18,LIGHT,49,
2026-07-11,07:19,LIGHT,50,
2026-07-11,07:20,LIGHT,54,
2026-07-11,07:21,LIGHT,48,
2026-07-11,07:22,LIGHT,46,
2026-07-11,07:23,LIGHT,46,
2026-07-11,07:24,LIGHT,45,
2026-07-11,07:25,DEEP,47,
2026-07-11,07:26,DEEP,45,
2026-07-11,07:27,DEEP,45,
2026-07-11,07:28,DEEP,45,
2026-07-11,07:29,DEEP,46,
2026-07-11,07:30,DEEP,45,
2026-07-11,07:31,DEEP,47,
2026-07-11,07:32,DEEP,45,
2026-07-11,07:33,DEEP,46,
2026-07-11,07:34,DEEP,46,
2026-07-11,07:35,DEEP,47,
2026-07-11,07:36,DEEP,47,
2026-07-11,07:37,DEEP,49,
2026-07-11,07:38,DEEP,46,
2026-07-11,07:39,DEEP,46,
2026-07-11,07:40,DEEP,46,
2026-07-11,07:41,DEEP,47,
2026-07-11,07:42,DEEP,47,
2026-07-11,07:43,DEEP,48,
2026-07-11,07:44,DEEP,48,
2026-07-11,07:45,DEEP,48,
2026-07-11,07:46,DEEP,47,
2026-07-11,07:47,DEEP,47,
2026-07-11,07:48,DEEP,47,
2026-07-11,07:49,DEEP,47,
2026-07-11,07:50,DEEP,47,
2026-07-11,07:51,DEEP,47,
2026-07-11,07:52,DEEP,47,
2026-07-11,07:53,DEEP,47,
2026-07-11,07:54,DEEP,48,
2026-07-11,07:55,DEEP,48,
2026-07-11,07:56,DEEP,47,
2026-07-11,07:57,DEEP,47,
2026-07-11,07:58,DEEP,48,
2026-07-11,07:59,DEEP,48,
2026-07-11,08:00,LIGHT,48,
2026-07-11,08:01,LIGHT,48,
2026-07-11,08:02,LIGHT,48,
2026-07-11,08:03,WAKE,48,
2026-07-11,08:04,WAKE,48,
2026-07-11,08:05,LIGHT,48,
2026-07-11,08:06,LIGHT,48,
2026-07-11,08:07,LIGHT,48,
2026-07-11,08:08,LIGHT,48,
2026-07-11,08:09,LIGHT,51,
2026-07-11,08:10,LIGHT,58,
2026-07-11,08:11,LIGHT,49,
2026-07-11,08:12,REM,46,
2026-07-11,08:13,REM,46,
2026-07-11,08:14,REM,47,
2026-07-11,08:15,REM,46,
2026-07-11,08:16,REM,46,
2026-07-11,08:17,REM,46,
2026-07-11,08:18,REM,46,
2026-07-11,08:19,REM,46,
2026-07-11,08:20,REM,46,
2026-07-11,08:21,REM,46,
2026-07-11,08:22,REM,46,
2026-07-11,08:23,REM,46,
2026-07-11,08:24,REM,46,
2026-07-11,08:25,REM,46,
2026-07-11,08:26,REM,46,
2026-07-11,08:27,REM,46,
2026-07-11,08:28,REM,46,
2026-07-11,08:29,REM,46,
2026-07-11,08:30,REM,45,
2026-07-11,08:31,LIGHT,45,
2026-07-11,08:32,LIGHT,45,
2026-07-11,08:33,LIGHT,45,
2026-07-11,08:34,LIGHT,45,
2026-07-11,08:35,LIGHT,44,
2026-07-11,08:36,LIGHT,44,
2026-07-11,08:37,LIGHT,44,
2026-07-11,08:38,LIGHT,44,
2026-07-11,08:39,LIGHT,44,
2026-07-11,08:40,LIGHT,47,
2026-07-11,08:41,LIGHT,52,
2026-07-11,08:42,LIGHT,44,
2026-07-11,08:43,LIGHT,42,
2026-07-11,08:44,LIGHT,42,
2026-07-11,08:45,LIGHT,42,
2026-07-11,08:46,LIGHT,43,
2026-07-11,08:47,LIGHT,47,
2026-07-11,08:48,LIGHT,41,
2026-07-11,08:49,LIGHT,40,
2026-07-11,08:50,LIGHT,41,
2026-07-11,08:51,LIGHT,41,
2026-07-11,08:52,LIGHT,42,
2026-07-11,08:53,LIGHT,42,
2026-07-11,08:54,LIGHT,48,
2026-07-11,08:55,LIGHT,46,
2026-07-11,08:56,LIGHT,43,
2026-07-11,08:57,LIGHT,43,
2026-07-11,08:58,LIGHT,44,
2026-07-11,08:59,LIGHT,44,
2026-07-11,09:00,LIGHT,45,
2026-07-11,09:01,LIGHT,45,
2026-07-11,09:02,LIGHT,44,
2026-07-11,09:03,LIGHT,44,
2026-07-11,09:04,LIGHT,45,
2026-07-11,09:05,LIGHT,43,
2026-07-11,09:06,LIGHT,44,
2026-07-11,09:07,LIGHT,44,
2026-07-11,09:08,LIGHT,44,
2026-07-11,09:09,LIGHT,48,
2026-07-11,09:10,LIGHT,46,
2026-07-11,09:11,WAKE,46,
2026-07-11,09:12,LIGHT,47,
2026-07-11,09:13,LIGHT,46,
2026-07-11,09:14,LIGHT,46,
2026-07-11,09:15,REM,48,
2026-07-11,09:16,REM,49,
2026-07-11,09:17,REM,47,
2026-07-11,09:18,REM,48,
2026-07-11,09:19,REM,45,
2026-07-11,09:20,REM,44,
2026-07-11,09:21,REM,44,
2026-07-11,09:22,REM,45,
2026-07-11,09:23,REM,45,
2026-07-11,09:24,REM,46,
2026-07-11,09:25,REM,46,
2026-07-11,09:26,REM,49,
2026-07-11,09:27,REM,46,
2026-07-11,09:28,REM,47,
2026-07-11,09:29,REM,44,
2026-07-11,09:30,REM,44,
2026-07-11,09:31,REM,44,
2026-07-11,09:32,REM,44,
2026-07-11,09:33,REM,45,
2026-07-11,09:34,REM,45,
2026-07-11,09:35,REM,45,
2026-07-11,09:36,REM,45,
2026-07-11,09:37,REM,45,
2026-07-11,09:38,REM,45,
2026-07-11,09:39,REM,46,
2026-07-11,09:40,REM,46,
2026-07-11,09:41,REM,46,
2026-07-11,09:42,REM,52,
2026-07-11,09:43,REM,45,
2026-07-11,09:44,REM,42,
2026-07-11,09:45,REM,42,
2026-07-11,09:46,REM,42,
2026-07-11,09:47,REM,42,
2026-07-11,09:48,REM,42,
2026-07-11,09:49,REM,42,
2026-07-11,09:50,REM,42,
2026-07-11,09:51,REM,42,
2026-07-11,09:52,REM,44,
2026-07-11,09:53,REM,42,
2026-07-11,09:54,REM,42,
2026-07-11,09:55,LIGHT,44,
2026-07-11,09:56,LIGHT,42,
2026-07-11,09:57,LIGHT,42,
2026-07-11,09:58,LIGHT,42,
2026-07-11,09:59,LIGHT,43,
2026-07-11,10:00,LIGHT,43,
2026-07-11,10:01,LIGHT,43,
2026-07-11,10:02,LIGHT,43,
2026-07-11,10:03,LIGHT,43,
2026-07-11,10:04,LIGHT,43,
2026-07-11,10:05,LIGHT,43,
2026-07-11,10:06,LIGHT,43,
2026-07-11,10:07,LIGHT,43,
2026-07-11,10:08,LIGHT,44,
2026-07-11,10:09,LIGHT,45,
2026-07-11,10:10,LIGHT,44,
2026-07-11,10:11,LIGHT,44,
2026-07-11,10:12,LIGHT,44,
2026-07-11,10:13,LIGHT,45,
2026-07-11,10:14,LIGHT,52,
2026-07-11,10:15,LIGHT,46,
2026-07-11,10:16,LIGHT,45,
2026-07-11,10:17,LIGHT,45,
2026-07-11,10:18,LIGHT,45,
2026-07-11,10:19,LIGHT,45,
2026-07-11,10:20,LIGHT,45,
2026-07-11,10:21,LIGHT,47,
2026-07-11,10:22,LIGHT,50,
2026-07-11,10:23,LIGHT,50,
2026-07-11,10:24,LIGHT,48,
2026-07-11,10:25,WAKE,52,
2026-07-11,10:26,WAKE,45,
2026-07-11,10:27,WAKE,43,
2026-07-11,10:28,WAKE,45,
2026-07-11,10:29,WAKE,45,
2026-07-11,10:30,WAKE,48,
2026-07-11,10:31,LIGHT,54,
2026-07-11,10:32,LIGHT,47,
2026-07-11,10:33,LIGHT,46,
2026-07-11,10:34,LIGHT,46,
2026-07-11,10:35,LIGHT,45,
2026-07-11,10:36,LIGHT,46,
2026-07-11,10:37,LIGHT,47,
2026-07-11,10:38,LIGHT,47,
2026-07-11,10:39,LIGHT,49,
2026-07-11,10:40,LIGHT,49,
2026-07-11,10:41,LIGHT,49,
2026-07-11,10:42,LIGHT,49,
2026-07-11,10:43,LIGHT,49,
2026-07-11,10:44,LIGHT,47,
2026-07-11,10:45,LIGHT,47,
2026-07-12,05:56,LIGHT,58,
2026-07-12,05:57,LIGHT,58,
2026-07-12,05:58,LIGHT,57,
2026-07-12,05:59,LIGHT,57,
2026-07-12,06:00,LIGHT,57,
2026-07-12,06:01,LIGHT,60,
2026-07-12,06:02,LIGHT,60,
2026-07-12,06:03,LIGHT,60,
2026-07-12,06:04,LIGHT,59,
2026-07-12,06:05,LIGHT,66,
2026-07-12,06:06,LIGHT,86,
2026-07-12,06:07,LIGHT,93,
2026-07-12,06:08,LIGHT,95,
2026-07-12,06:09,LIGHT,99,
2026-07-12,06:10,LIGHT,91,
2026-07-12,06:11,LIGHT,78,
2026-07-12,06:12,LIGHT,67,
2026-07-12,06:13,LIGHT,60,
2026-07-12,06:14,LIGHT,65,
2026-07-12,06:15,LIGHT,62,
2026-07-12,06:16,LIGHT,60,
2026-07-12,06:17,DEEP,54,
2026-07-12,06:18,DEEP,54,
2026-07-12,06:19,DEEP,54,
2026-07-12,06:20,DEEP,58,
2026-07-12,06:21,DEEP,58,
2026-07-12,06:22,DEEP,58,
2026-07-12,06:23,DEEP,60,
2026-07-12,06:24,DEEP,58,
2026-07-12,06:25,DEEP,58,
2026-07-12,06:26,DEEP,57,
2026-07-12,06:27,DEEP,56,
2026-07-12,06:28,DEEP,58,
2026-07-12,06:29,DEEP,61,
2026-07-12,06:30,DEEP,58,
2026-07-12,06:31,DEEP,63,
2026-07-12,06:32,DEEP,61,
2026-07-12,06:33,DEEP,60,
2026-07-12,06:34,DEEP,60,
2026-07-12,06:35,DEEP,63,
2026-07-12,06:36,DEEP,82,
2026-07-12,06:37,DEEP,69,
2026-07-12,06:38,DEEP,69,
2026-07-12,06:39,DEEP,69,
2026-07-12,06:40,DEEP,69,
2026-07-12,06:41,DEEP,78,
2026-07-12,06:42,DEEP,69,
2026-07-12,06:43,DEEP,66,
2026-07-12,06:44,DEEP,71,
2026-07-12,06:45,DEEP,69,
2026-07-12,06:46,DEEP,68,
2026-07-12,06:47,DEEP,65,
2026-07-12,06:48,DEEP,68,
2026-07-12,06:49,DEEP,64,
2026-07-12,06:50,LIGHT,66,
2026-07-12,06:51,LIGHT,64,
2026-07-12,06:52,LIGHT,68,
2026-07-12,06:53,LIGHT,65,
2026-07-12,06:54,LIGHT,62,
2026-07-12,06:55,LIGHT,62,
2026-07-12,06:56,LIGHT,67,
2026-07-12,06:57,LIGHT,67,
2026-07-12,06:58,LIGHT,62,
2026-07-12,06:59,LIGHT,59,
2026-07-12,07:00,LIGHT,64,
2026-07-12,07:01,LIGHT,63,
2026-07-12,07:02,LIGHT,61,
2026-07-12,07:03,LIGHT,58,
2026-07-12,07:04,LIGHT,61,
2026-07-12,07:05,LIGHT,59,
2026-07-12,07:06,LIGHT,64,
2026-07-12,07:07,REM,58,
2026-07-12,07:08,REM,55,
2026-07-12,07:09,REM,55,
2026-07-12,07:10,REM,56,
2026-07-12,07:11,REM,57,
2026-07-12,07:12,REM,57,
2026-07-12,07:13,REM,59,
2026-07-12,07:14,REM,58,
2026-07-12,07:15,REM,58,
2026-07-12,07:16,REM,61,
2026-07-12,07:17,REM,59,
2026-07-12,07:18,REM,63,
2026-07-12,07:19,REM,63,
2026-07-12,07:20,REM,59,
2026-07-12,07:21,REM,61,
2026-07-12,07:22,REM,59,
2026-07-12,07:23,REM,60,
2026-07-12,07:24,REM,58,
2026-07-12,07:25,LIGHT,59,
2026-07-12,07:26,LIGHT,59,
2026-07-12,07:27,LIGHT,59,
2026-07-12,07:28,LIGHT,59,
2026-07-12,07:29,LIGHT,59,
2026-07-12,07:30,LIGHT,56,
2026-07-12,07:31,LIGHT,54,
2026-07-12,07:32,LIGHT,64,
2026-07-12,07:33,LIGHT,61,
2026-07-12,07:34,LIGHT,55,
2026-07-12,07:35,LIGHT,57,
2026-07-12,07:36,LIGHT,59,
2026-07-12,07:37,LIGHT,62,
2026-07-12,07:38,LIGHT,55,
2026-07-12,07:39,LIGHT,60,
2026-07-12,07:40,LIGHT,54,
2026-07-12,07:41,LIGHT,55,
2026-07-12,07:42,LIGHT,55,
2026-07-12,07:43,LIGHT,55,
2026-07-12,07:44,LIGHT,56,
2026-07-12,07:45,LIGHT,56,
2026-07-12,07:46,LIGHT,56,
2026-07-12,07:47,LIGHT,64,
2026-07-12,07:48,LIGHT,58,
2026-07-12,07:49,LIGHT,64,
2026-07-12,07:50,LIGHT,56,
2026-07-12,07:51,LIGHT,56,
2026-07-12,07:52,LIGHT,56,
2026-07-12,07:53,LIGHT,60,
2026-07-12,07:54,LIGHT,61,
2026-07-12,07:55,LIGHT,60,
2026-07-12,07:56,LIGHT,58,
2026-07-12,07:57,LIGHT,63,
2026-07-12,07:58,LIGHT,57,
2026-07-12,07:59,LIGHT,62,
2026-07-12,08:00,LIGHT,60,
2026-07-12,08:01,LIGHT,60,
2026-07-12,08:02,LIGHT,62,
2026-07-12,08:03,LIGHT,66,
2026-07-12,08:04,LIGHT,58,
2026-07-12,08:05,LIGHT,60,
2026-07-12,08:06,LIGHT,59,
2026-07-12,08:07,LIGHT,58,
2026-07-12,08:08,LIGHT,60,
2026-07-12,08:09,LIGHT,68,
2026-07-12,08:10,LIGHT,68,
2026-07-12,08:11,LIGHT,68,
2026-07-12,08:12,LIGHT,62,
2026-07-12,08:13,LIGHT,59,
2026-07-12,08:14,LIGHT,61,
2026-07-12,08:15,LIGHT,62,
2026-07-12,08:16,LIGHT,62,
2026-07-12,08:17,LIGHT,67,
2026-07-12,08:18,LIGHT,67,
2026-07-12,08:19,LIGHT,63,
2026-07-12,08:20,LIGHT,64,
2026-07-12,08:21,LIGHT,64,
2026-07-12,08:22,LIGHT,63,
2026-07-12,08:23,LIGHT,64,
2026-07-12,08:24,LIGHT,65,
2026-07-12,08:25,LIGHT,64,
2026-07-12,08:26,LIGHT,66,
2026-07-12,08:27,LIGHT,66,
2026-07-12,08:28,DEEP,62,
2026-07-12,08:29,DEEP,63,
2026-07-12,08:30,DEEP,64,
2026-07-12,08:31,DEEP,66,
2026-07-12,08:32,DEEP,61,
2026-07-12,08:33,DEEP,57,
2026-07-12,08:34,DEEP,58,
2026-07-12,08:35,DEEP,58,
2026-07-12,08:36,DEEP,59,
2026-07-12,08:37,DEEP,68,
2026-07-12,08:38,DEEP,68,
2026-07-12,08:39,DEEP,67,
2026-07-12,08:40,DEEP,64,
2026-07-12,08:41,DEEP,64,
2026-07-12,08:42,LIGHT,64,
2026-07-12,08:43,LIGHT,63,
2026-07-12,08:44,LIGHT,63,
2026-07-12,08:45,LIGHT,64,
2026-07-12,08:46,LIGHT,66,
2026-07-12,08:47,LIGHT,64,
2026-07-12,08:48,LIGHT,64,
2026-07-12,08:49,LIGHT,66,
2026-07-12,08:50,LIGHT,63,
2026-07-12,08:51,LIGHT,64,
2026-07-12,08:52,LIGHT,64,
2026-07-12,08:53,LIGHT,58,
2026-07-12,08:54,LIGHT,57,
2026-07-12,08:55,WAKE,58,
2026-07-12,08:56,WAKE,62,
2026-07-12,08:57,LIGHT,61,
2026-07-12,08:58,LIGHT,63,
2026-07-12,08:59,LIGHT,64,
2026-07-12,09:00,LIGHT,58,
2026-07-12,09:01,LIGHT,58,
2026-07-12,09:02,REM,69,
2026-07-12,09:03,REM,77,
2026-07-12,09:04,REM,66,
2026-07-12,09:05,REM,66,
2026-07-12,09:06,REM,64,
2026-07-12,09:07,REM,64,
2026-07-12,09:08,REM,64,
2026-07-12,09:09,REM,64,
2026-07-12,09:10,REM,68,
2026-07-12,09:11,REM,71,
2026-07-12,09:12,REM,68,
2026-07-12,09:13,REM,63,
2026-07-12,09:14,REM,62,
2026-07-12,09:15,REM,61,
2026-07-12,09:16,REM,62,
2026-07-12,09:17,REM,72,
2026-07-12,09:18,REM,77,
2026-07-12,09:19,REM,77,
2026-07-12,09:20,REM,64,
2026-07-12,09:21,LIGHT,58,
2026-07-12,09:22,LIGHT,56,
2026-07-12,09:23,LIGHT,53,
2026-07-12,09:24,LIGHT,53,
2026-07-12,09:25,LIGHT,56,
2026-07-12,09:26,LIGHT,69,
2026-07-12,09:27,LIGHT,64,
2026-07-12,09:28,LIGHT,57,
2026-07-12,09:29,LIGHT,58,
2026-07-12,09:30,LIGHT,55,
2026-07-12,09:31,LIGHT,56,
2026-07-12,09:32,LIGHT,52,
2026-07-12,09:33,LIGHT,51,
2026-07-12,09:34,LIGHT,50,
2026-07-12,09:35,LIGHT,49,
2026-07-12,09:36,LIGHT,49,
2026-07-12,09:37,LIGHT,49,
2026-07-12,09:38,LIGHT,49,
2026-07-12,09:39,LIGHT,49,
2026-07-12,09:40,LIGHT,48,
2026-07-12,09:41,LIGHT,48,
2026-07-12,09:42,LIGHT,48,
2026-07-12,09:43,LIGHT,48,
2026-07-12,09:44,LIGHT,48,
2026-07-12,09:45,LIGHT,51,
2026-07-12,09:46,LIGHT,53,
2026-07-12,09:47,LIGHT,49,
2026-07-12,09:48,LIGHT,47,
2026-07-12,09:49,LIGHT,47,
2026-07-12,09:50,LIGHT,47,
2026-07-12,09:51,LIGHT,47,
2026-07-12,09:52,LIGHT,47,
2026-07-12,09:53,LIGHT,47,
2026-07-12,09:54,LIGHT,47,
2026-07-12,09:55,LIGHT,47,
2026-07-12,09:56,LIGHT,47,
2026-07-12,09:57,LIGHT,47,
2026-07-12,09:58,LIGHT,47,
2026-07-12,09:59,LIGHT,47,
2026-07-12,10:00,LIGHT,47,
2026-07-12,10:01,LIGHT,47,
2026-07-12,10:02,LIGHT,46,
2026-07-12,10:03,LIGHT,46,
2026-07-12,10:04,LIGHT,46,
2026-07-12,10:05,LIGHT,46,
2026-07-12,10:06,LIGHT,46,
2026-07-12,10:07,LIGHT,46,
2026-07-12,10:08,LIGHT,46,
2026-07-12,10:09,LIGHT,46,
2026-07-12,10:10,LIGHT,46,
2026-07-12,10:11,LIGHT,46,
2026-07-12,10:12,LIGHT,46,
2026-07-12,10:13,LIGHT,46,
2026-07-12,10:14,LIGHT,46,
2026-07-12,10:15,LIGHT,46,
2026-07-12,10:16,LIGHT,46,
2026-07-12,10:17,LIGHT,46,
2026-07-12,10:18,LIGHT,46,
2026-07-12,10:19,LIGHT,46,
2026-07-12,10:20,LIGHT,46,
2026-07-12,10:21,LIGHT,46,
2026-07-12,10:22,REM,47,
2026-07-12,10:23,REM,47,
2026-07-12,10:24,REM,47,
2026-07-12,10:25,REM,47,
2026-07-12,10:26,REM,47,
2026-07-12,10:27,REM,47,
2026-07-12,10:28,REM,46,
2026-07-12,10:29,REM,46,
2026-07-12,10:30,REM,46,
2026-07-12,10:31,REM,46,
2026-07-12,10:32,REM,62,
2026-07-12,10:33,REM,59,
2026-07-12,10:34,REM,49,
2026-07-12,10:35,REM,47,
2026-07-12,10:36,REM,47,
2026-07-12,10:37,REM,47,
2026-07-12,10:38,REM,49,
2026-07-12,10:39,REM,50,
2026-07-12,10:40,REM,50,
2026-07-12,10:41,REM,48,
2026-07-12,10:42,REM,48,
2026-07-12,10:43,REM,50,
2026-07-12,10:44,REM,48,
2026-07-12,10:45,REM,48,
2026-07-12,10:46,REM,50,
2026-07-12,10:47,REM,48,
2026-07-12,10:48,REM,48,
2026-07-12,10:49,REM,52,
2026-07-12,10:50,REM,48,
2026-07-12,10:51,REM,48,
2026-07-12,10:52,REM,47,
2026-07-12,10:53,REM,49,
2026-07-12,10:54,REM,49,
2026-07-12,10:55,REM,49,
2026-07-12,10:56,REM,49,
2026-07-12,10:57,REM,51,
2026-07-12,10:58,REM,50,
2026-07-12,10:59,REM,49,
2026-07-12,11:00,REM,47,
2026-07-12,11:01,REM,48,
2026-07-12,11:02,LIGHT,48,
2026-07-12,11:03,LIGHT,50,
2026-07-12,11:04,LIGHT,50,
2026-07-12,11:05,LIGHT,50,
2026-07-12,11:06,LIGHT,53,
2026-07-12,11:07,LIGHT,50,
2026-07-12,11:08,LIGHT,49,
2026-07-12,11:09,LIGHT,49,
2026-07-12,11:10,LIGHT,48,
2026-07-12,11:11,LIGHT,48,
2026-07-12,11:12,LIGHT,50,
2026-07-12,11:13,LIGHT,49,
2026-07-12,11:14,LIGHT,47,
2026-07-12,11:15,LIGHT,48,
2026-07-12,11:16,LIGHT,49,
2026-07-12,11:17,LIGHT,49,
2026-07-12,11:18,LIGHT,49,
2026-07-12,11:19,LIGHT,49,
2026-07-12,11:20,LIGHT,49,
2026-07-12,11:21,LIGHT,49,
2026-07-12,11:22,LIGHT,49,
2026-07-12,11:23,LIGHT,48,
2026-07-12,11:24,LIGHT,48,
2026-07-12,11:25,LIGHT,48,
2026-07-12,11:26,LIGHT,48,
2026-07-12,11:27,LIGHT,48,
2026-07-12,11:28,LIGHT,48,
2026-07-12,11:29,LIGHT,48,
2026-07-12,11:30,LIGHT,48,
2026-07-12,11:31,LIGHT,48,
2026-07-12,11:32,LIGHT,47,
2026-07-12,11:33,LIGHT,47,
2026-07-12,11:34,LIGHT,47,
2026-07-12,11:35,LIGHT,47,
2026-07-12,11:36,LIGHT,47,
2026-07-12,11:37,LIGHT,46,
2026-07-12,11:38,LIGHT,46,
2026-07-12,11:39,LIGHT,46,
2026-07-12,11:40,LIGHT,46,
2026-07-12,11:41,LIGHT,46,
2026-07-12,11:42,DEEP,46,
2026-07-12,11:43,DEEP,56,
2026-07-12,11:44,DEEP,57,
2026-07-12,11:45,DEEP,66,
2026-07-12,11:46,DEEP,55,
2026-07-12,11:47,DEEP,46,
2026-07-12,11:48,DEEP,43,
2026-07-12,11:49,DEEP,43,
2026-07-12,11:50,DEEP,43,
2026-07-12,11:51,DEEP,52,
2026-07-12,11:52,DEEP,45,
2026-07-12,11:53,LIGHT,44,
2026-07-12,11:54,LIGHT,44,
2026-07-12,11:55,LIGHT,44,
2026-07-12,11:56,LIGHT,45,
2026-07-12,11:57,LIGHT,47,
2026-07-12,11:58,LIGHT,48,
2026-07-12,11:59,LIGHT,45,
2026-07-12,12:00,LIGHT,45,
2026-07-12,12:01,LIGHT,46,
2026-07-12,12:02,LIGHT,48,
2026-07-12,12:03,LIGHT,45,
2026-07-12,12:04,LIGHT,43,
2026-07-12,12:05,LIGHT,43,
2026-07-12,12:06,REM,46,
2026-07-12,12:07,REM,48,
2026-07-12,12:08,REM,46,
2026-07-12,12:09,REM,46,
2026-07-12,12:10,REM,43,
2026-07-12,12:11,REM,43,
2026-07-12,12:12,REM,44,
2026-07-12,12:13,REM,45,
2026-07-12,12:14,REM,45,
2026-07-12,12:15,REM,46,
2026-07-12,12:16,REM,53,
2026-07-12,12:17,REM,47,
2026-07-12,12:18,REM,44,
2026-07-12,12:19,REM,44,
2026-07-12,12:20,REM,44,
2026-07-12,12:21,REM,45,
2026-07-12,12:22,REM,45,
2026-07-12,12:23,REM,45,
2026-07-12,12:24,REM,45,
2026-07-12,12:25,REM,45,
2026-07-12,12:26,REM,45,
2026-07-12,12:27,LIGHT,45,
2026-07-12,12:28,LIGHT,46,
2026-07-12,12:29,LIGHT,46,
2026-07-12,12:30,LIGHT,46,
2026-07-12,12:31,LIGHT,46,
2026-07-12,12:32,LIGHT,46,
2026-07-12,12:33,LIGHT,46,
2026-07-12,12:34,LIGHT,47,
2026-07-12,12:35,LIGHT,47,
2026-07-12,12:36,LIGHT,47,
2026-07-12,12:37,LIGHT,47,
2026-07-12,12:38,LIGHT,48,
2026-07-12,12:39,LIGHT,48,
2026-07-12,12:40,LIGHT,58,
2026-07-12,12:41,WAKE,62,
2026-07-12,12:42,LIGHT,66,
2026-07-12,12:43,LIGHT,68,
2026-07-12,12:44,LIGHT,70,
2026-07-12,12:45,LIGHT,67,
2026-07-12,12:46,LIGHT,67,
2026-07-12,12:47,LIGHT,64,
2026-07-12,12:48,LIGHT,64,
2026-07-12,12:49,LIGHT,67,
2026-07-12,12:50,LIGHT,69,
2026-07-12,12:51,LIGHT,66,
2026-07-12,12:52,LIGHT,62,
2026-07-12,12:53,LIGHT,63,
2026-07-12,12:54,LIGHT,67,
2026-07-12,12:55,LIGHT,67,
2026-07-12,12:56,LIGHT,64,
2026-07-12,12:57,LIGHT,65,
2026-07-12,12:58,LIGHT,76,
2026-07-12,12:59,LIGHT,78,
2026-07-12,13:00,LIGHT,76,
2026-07-12,13:01,LIGHT,59,
2026-07-12,13:02,LIGHT,52,
2026-07-12,13:03,LIGHT,59,
2026-07-12,13:04,LIGHT,60,
2026-07-12,13:05,LIGHT,60,
2026-07-12,13:06,LIGHT,60,
2026-07-12,13:07,LIGHT,55,
2026-07-12,13:08,LIGHT,55,
2026-07-12,13:09,LIGHT,56,
2026-07-12,13:10,LIGHT,55,
2026-07-12,13:11,WAKE,54,
2026-07-12,13:12,LIGHT,54,
2026-07-12,13:13,LIGHT,54,
2026-07-12,13:14,LIGHT,54,
2026-07-12,13:15,WAKE,58,
2026-07-12,13:16,LIGHT,56,
2026-07-13,09:41,LIGHT,,
2026-07-13,09:42,LIGHT,,
2026-07-13,09:43,LIGHT,,
2026-07-13,09:44,LIGHT,,
2026-07-13,09:45,LIGHT,,
2026-07-13,09:46,LIGHT,,
2026-07-13,09:47,LIGHT,,
2026-07-13,09:48,LIGHT,,
2026-07-13,09:49,LIGHT,40,
2026-07-13,09:50,LIGHT,40,
2026-07-13,09:51,LIGHT,40,
2026-07-13,09:52,LIGHT,40,
2026-07-13,09:53,LIGHT,40,
2026-07-13,09:54,LIGHT,40,
2026-07-13,09:55,LIGHT,40,
2026-07-13,09:56,LIGHT,40,
2026-07-13,09:57,DEEP,40,
2026-07-13,09:58,DEEP,40,
2026-07-13,09:59,DEEP,40,
2026-07-13,10:00,DEEP,40,
2026-07-13,10:01,DEEP,40,
2026-07-13,10:02,DEEP,40,
2026-07-13,10:03,DEEP,40,
2026-07-13,10:04,DEEP,40,
2026-07-13,10:05,DEEP,41,
2026-07-13,10:06,DEEP,41,
2026-07-13,10:07,DEEP,41,
2026-07-13,10:08,DEEP,41,
2026-07-13,10:09,DEEP,41,
2026-07-13,10:10,DEEP,41,
2026-07-13,10:11,DEEP,41,
2026-07-13,10:12,DEEP,41,
2026-07-13,10:13,DEEP,41,
2026-07-13,10:14,DEEP,41,
2026-07-13,10:15,DEEP,41,
2026-07-13,10:16,DEEP,43,
2026-07-13,10:17,DEEP,41,
2026-07-13,10:18,DEEP,50,
2026-07-13,10:19,DEEP,56,
2026-07-13,10:20,DEEP,48,
2026-07-13,10:21,DEEP,45,
2026-07-13,10:22,DEEP,44,
2026-07-13,10:23,DEEP,43,
2026-07-13,10:24,DEEP,43,
2026-07-13,10:25,DEEP,42,
2026-07-13,10:26,DEEP,42,
2026-07-13,10:27,DEEP,45,
2026-07-13,10:28,DEEP,44,
2026-07-13,10:29,DEEP,41,
2026-07-13,10:30,LIGHT,46,
2026-07-13,10:31,LIGHT,42,
2026-07-13,10:32,LIGHT,42,
2026-07-13,10:33,WAKE,42,
2026-07-13,10:34,LIGHT,41,
2026-07-13,10:35,LIGHT,46,
2026-07-13,10:36,LIGHT,43,
2026-07-13,10:37,LIGHT,44,
2026-07-13,10:38,LIGHT,50,
2026-07-13,10:39,REM,44,
2026-07-13,10:40,REM,46,
2026-07-13,10:41,REM,45,
2026-07-13,10:42,REM,45,
2026-07-13,10:43,REM,42,
2026-07-13,10:44,REM,41,
2026-07-13,10:45,REM,42,
2026-07-13,10:46,REM,40,
2026-07-13,10:47,REM,40,
2026-07-13,10:48,REM,41,
2026-07-13,10:49,REM,52,
2026-07-13,10:50,REM,47,
2026-07-13,10:51,REM,53,
2026-07-13,10:52,REM,45,
2026-07-13,10:53,REM,41,
2026-07-13,10:54,REM,41,
2026-07-13,10:55,REM,40,
2026-07-13,10:56,REM,40,
2026-07-13,10:57,REM,40,
2026-07-13,10:58,REM,40,
2026-07-13,10:59,REM,44,
2026-07-13,11:00,REM,43,
2026-07-13,11:01,REM,43,
2026-07-13,11:02,REM,44,
2026-07-13,11:03,REM,41,
2026-07-13,11:04,REM,41,
2026-07-13,11:05,REM,41,
2026-07-13,11:06,REM,41,
2026-07-13,11:07,REM,41,
2026-07-13,11:08,REM,41,
2026-07-13,11:09,REM,46,
2026-07-13,11:10,REM,43,
2026-07-13,11:11,REM,41,
2026-07-13,11:12,LIGHT,41,
2026-07-13,11:13,LIGHT,41,
2026-07-13,11:14,LIGHT,42,
2026-07-13,11:15,LIGHT,49,
2026-07-13,11:16,LIGHT,42,
2026-07-13,11:17,LIGHT,40,
2026-07-13,11:18,LIGHT,40,
2026-07-13,11:19,LIGHT,44,
2026-07-13,11:20,LIGHT,49,
2026-07-13,11:21,LIGHT,46,
2026-07-13,11:22,LIGHT,46,
2026-07-13,11:23,LIGHT,46,
2026-07-13,11:24,LIGHT,45,
2026-07-13,11:25,LIGHT,49,
2026-07-13,11:26,LIGHT,46,
2026-07-13,11:27,LIGHT,51,
2026-07-13,11:28,LIGHT,45,
2026-07-13,11:29,LIGHT,44,
2026-07-13,11:30,LIGHT,46,
2026-07-13,11:31,LIGHT,43,
2026-07-13,11:32,DEEP,42,
2026-07-13,11:33,DEEP,40,
2026-07-13,11:34,DEEP,40,
2026-07-13,11:35,DEEP,40,
2026-07-13,11:36,DEEP,41,
2026-07-13,11:37,DEEP,43,
2026-07-13,11:38,DEEP,50,
2026-07-13,11:39,DEEP,46,
2026-07-13,11:40,DEEP,43,
2026-07-13,11:41,DEEP,42,
2026-07-13,11:42,DEEP,42,
2026-07-13,11:43,LIGHT,42,
2026-07-13,11:44,LIGHT,44,
2026-07-13,11:45,LIGHT,44,
2026-07-13,11:46,WAKE,45,
2026-07-13,11:47,LIGHT,48,
2026-07-13,11:48,LIGHT,44,
2026-07-13,11:49,LIGHT,41,
2026-07-13,11:50,LIGHT,41,
2026-07-13,11:51,LIGHT,41,
2026-07-13,11:52,LIGHT,41,
2026-07-13,11:53,LIGHT,41,
2026-07-13,11:54,LIGHT,41,
2026-07-13,11:55,LIGHT,41,
2026-07-13,11:56,LIGHT,41,
2026-07-13,11:57,LIGHT,42,
2026-07-13,11:58,LIGHT,43,
2026-07-13,11:59,LIGHT,43,
2026-07-13,12:00,LIGHT,43,
2026-07-13,12:01,LIGHT,43,
2026-07-13,12:02,LIGHT,43,
2026-07-13,12:03,LIGHT,42,
2026-07-13,12:04,LIGHT,41,
2026-07-13,12:05,LIGHT,41,
2026-07-13,12:06,LIGHT,42,
2026-07-13,12:07,WAKE,42,
2026-07-13,12:08,LIGHT,43,
2026-07-13,12:09,LIGHT,43,
2026-07-13,12:10,LIGHT,43,
2026-07-13,12:11,LIGHT,44,
2026-07-13,12:12,LIGHT,44,
2026-07-13,12:13,LIGHT,44,
2026-07-13,12:14,LIGHT,44,
2026-07-13,12:15,LIGHT,44,
2026-07-13,12:16,LIGHT,44,
2026-07-13,12:17,LIGHT,44,
2026-07-13,12:18,LIGHT,44,
2026-07-13,12:19,LIGHT,44,
2026-07-13,12:20,LIGHT,44,
2026-07-13,12:21,LIGHT,44,
2026-07-13,12:22,LIGHT,44,
2026-07-13,12:23,LIGHT,44,
2026-07-13,12:24,LIGHT,44,
2026-07-13,12:25,LIGHT,44,
2026-07-13,12:26,LIGHT,44,
2026-07-13,12:27,LIGHT,44,
2026-07-13,12:28,LIGHT,44,
2026-07-13,12:29,LIGHT,44,
2026-07-13,12:30,LIGHT,43,
2026-07-13,12:31,LIGHT,43,
2026-07-13,12:32,LIGHT,43,
2026-07-13,12:33,LIGHT,43,
2026-07-13,12:34,LIGHT,43,
2026-07-13,12:35,LIGHT,43,
2026-07-13,12:36,LIGHT,43,
2026-07-13,12:37,LIGHT,43,
2026-07-13,12:38,LIGHT,43,
2026-07-13,12:39,LIGHT,43,
2026-07-13,12:40,LIGHT,43,
2026-07-13,12:41,LIGHT,43,
2026-07-13,12:42,WAKE,43,
2026-07-13,12:43,WAKE,43,
2026-07-13,12:44,WAKE,49,
2026-07-13,12:45,WAKE,59,
2026-07-13,12:46,WAKE,53,
2026-07-13,12:47,WAKE,58,
2026-07-13,12:48,WAKE,52,
2026-07-13,12:49,WAKE,54,
2026-07-13,12:50,WAKE,47,
2026-07-13,12:51,WAKE,46,
2026-07-13,12:52,WAKE,44,
2026-07-13,12:53,WAKE,43,
2026-07-13,12:54,WAKE,43,
2026-07-13,12:55,WAKE,43,
2026-07-13,12:56,WAKE,43,
2026-07-13,12:57,WAKE,51,
2026-07-13,12:58,WAKE,44,
2026-07-13,12:59,WAKE,43,
2026-07-13,13:00,WAKE,44,
2026-07-13,13:01,WAKE,46,
2026-07-13,13:02,WAKE,47,
2026-07-13,13:03,WAKE,47,
2026-07-13,13:04,WAKE,47,
2026-07-13,13:05,WAKE,44,
2026-07-13,13:06,WAKE,49,
2026-07-13,13:07,WAKE,44,
2026-07-13,13:08,WAKE,47,
2026-07-13,13:09,WAKE,45,
2026-07-13,13:10,WAKE,47,
2026-07-13,13:11,WAKE,44,
2026-07-13,13:12,WAKE,48,
2026-07-13,13:13,WAKE,47,
2026-07-13,13:14,WAKE,46,
2026-07-13,13:15,WAKE,43,
2026-07-13,13:16,WAKE,47,
2026-07-13,13:17,WAKE,44,
2026-07-13,13:18,WAKE,44,
2026-07-13,13:19,WAKE,44,
2026-07-13,13:20,WAKE,44,
2026-07-13,13:21,WAKE,46,
2026-07-13,13:22,WAKE,45,
2026-07-13,13:23,WAKE,45,
2026-07-13,13:24,WAKE,51,
2026-07-13,13:25,WAKE,45,
2026-07-13,13:26,WAKE,46,
2026-07-13,13:27,WAKE,50,
2026-07-13,13:28,WAKE,52,
2026-07-13,13:29,WAKE,52,
2026-07-13,13:30,WAKE,54,
2026-07-13,13:31,WAKE,59,
2026-07-13,13:32,WAKE,61,
2026-07-13,13:33,WAKE,52,
2026-07-13,13:34,WAKE,49,
2026-07-13,13:35,WAKE,52,
2026-07-13,13:36,WAKE,49,
2026-07-13,13:37,WAKE,57,
2026-07-13,13:38,WAKE,49,
2026-07-13,13:39,WAKE,54,
2026-07-13,13:40,WAKE,56,
2026-07-13,13:41,WAKE,53,
2026-07-13,13:42,WAKE,60,
2026-07-13,13:43,WAKE,61,
2026-07-13,13:44,WAKE,62,
2026-07-13,13:45,WAKE,65,
2026-07-13,13:46,WAKE,66,
2026-07-13,13:47,WAKE,64,
2026-07-13,13:48,WAKE,63,
2026-07-13,13:49,WAKE,63,
2026-07-13,13:50,WAKE,60,
2026-07-13,13:51,WAKE,65,
2026-07-13,13:52,WAKE,71,
2026-07-13,13:53,WAKE,92,
2026-07-13,13:54,WAKE,88,
2026-07-13,13:55,WAKE,75,
2026-07-13,13:56,WAKE,56,
2026-07-13,13:57,WAKE,53,
2026-07-13,13:58,WAKE,50,
2026-07-13,13:59,WAKE,50,
2026-07-13,14:00,LIGHT,56,
2026-07-13,14:01,LIGHT,55,
2026-07-13,14:02,LIGHT,55,
2026-07-13,14:03,LIGHT,52,
2026-07-13,14:04,LIGHT,54,
2026-07-13,14:05,LIGHT,54,
2026-07-13,14:06,LIGHT,59,
2026-07-13,14:07,LIGHT,62,
2026-07-13,14:08,LIGHT,67,
2026-07-13,14:09,WAKE,64,
2026-07-13,14:10,LIGHT,72,
2026-07-13,14:11,LIGHT,76,
2026-07-13,14:12,LIGHT,78,
2026-07-13,14:13,LIGHT,76,
2026-07-13,14:14,REM,76,
2026-07-13,14:15,REM,66,
2026-07-13,14:16,REM,62,
2026-07-13,14:17,REM,54,
2026-07-13,14:18,REM,52,
2026-07-13,14:19,REM,54,
2026-07-13,14:20,REM,51,
2026-07-13,14:21,REM,56,
2026-07-13,14:22,REM,58,
2026-07-13,14:23,REM,60,
2026-07-13,14:24,REM,78,
2026-07-13,14:25,REM,85,
2026-07-13,14:26,REM,,
2026-07-13,14:27,REM,,
2026-07-13,14:28,REM,,
2026-07-13,14:29,REM,,
2026-07-13,14:30,REM,,
2026-07-13,14:31,REM,,
2026-07-13,14:32,LIGHT,,
2026-07-13,14:33,LIGHT,,
2026-07-13,14:34,LIGHT,,
2026-07-13,14:35,LIGHT,,
2026-07-13,14:36,LIGHT,,
2026-07-13,14:37,LIGHT,,
2026-07-13,14:38,LIGHT,,
2026-07-13,14:39,LIGHT,,
2026-07-13,14:40,LIGHT,,
2026-07-13,14:41,LIGHT,,
2026-07-13,14:42,LIGHT,,
2026-07-13,14:43,LIGHT,,
2026-07-13,14:44,LIGHT,,
2026-07-13,14:45,LIGHT,,
2026-07-13,14:46,LIGHT,,
2026-07-13,14:47,LIGHT,,
2026-07-13,14:48,LIGHT,,
2026-07-13,14:49,LIGHT,,
2026-07-13,14:50,LIGHT,,
2026-07-13,14:51,LIGHT,,
2026-07-13,14:52,DEEP,,
2026-07-13,14:53,DEEP,,
2026-07-13,14:54,DEEP,,
2026-07-13,14:55,DEEP,,
2026-07-13,14:56,DEEP,,
2026-07-13,14:57,DEEP,,
2026-07-13,14:58,DEEP,,
2026-07-13,14:59,DEEP,,
2026-07-13,15:00,DEEP,,
2026-07-13,15:01,DEEP,,
2026-07-13,15:02,DEEP,,
2026-07-13,15:03,DEEP,,
2026-07-13,15:04,DEEP,,
2026-07-13,15:05,DEEP,,
2026-07-13,15:06,DEEP,,
2026-07-13,15:07,DEEP,,
2026-07-13,15:08,DEEP,,
2026-07-13,15:09,LIGHT,,
2026-07-13,15:10,LIGHT,,
2026-07-13,15:11,LIGHT,,
2026-07-13,15:12,WAKE,,
2026-07-13,15:13,LIGHT,,
2026-07-13,15:14,LIGHT,,
2026-07-13,15:15,LIGHT,,
2026-07-13,15:16,LIGHT,,
2026-07-13,15:17,LIGHT,,
2026-07-13,15:18,LIGHT,,
2026-07-13,15:19,LIGHT,,
2026-07-13,15:20,LIGHT,,
2026-07-13,15:21,LIGHT,,
2026-07-13,15:22,LIGHT,,
2026-07-13,15:23,LIGHT,,
2026-07-13,15:24,LIGHT,,
2026-07-13,15:25,LIGHT,,
2026-07-13,15:26,LIGHT,,
2026-07-13,15:27,REM,,
2026-07-13,15:28,REM,,
2026-07-13,15:29,REM,,
2026-07-13,15:30,REM,,
2026-07-13,15:31,REM,,
2026-07-13,15:32,REM,,
2026-07-13,15:33,REM,,
2026-07-13,15:34,REM,,
2026-07-13,15:35,REM,,
2026-07-13,15:36,REM,,
2026-07-13,15:37,REM,,
2026-07-13,15:38,REM,,
2026-07-13,15:39,REM,,
2026-07-13,15:40,REM,,
2026-07-13,15:41,REM,,
2026-07-13,15:42,REM,,
2026-07-13,15:43,REM,,
2026-07-13,15:44,REM,,
2026-07-13,15:45,REM,,
2026-07-13,15:46,REM,,
2026-07-13,15:47,REM,,
2026-07-13,15:48,REM,,
2026-07-13,15:49,REM,,
2026-07-13,15:50,REM,,
2026-07-13,15:51,REM,,
2026-07-13,15:52,LIGHT,,
2026-07-13,15:53,LIGHT,,
2026-07-13,15:54,LIGHT,,
2026-07-13,15:55,LIGHT,,
2026-07-13,15:56,LIGHT,,
2026-07-13,15:57,LIGHT,,
2026-07-13,15:58,LIGHT,,
2026-07-13,15:59,LIGHT,,
2026-07-13,16:00,LIGHT,,
2026-07-13,16:01,LIGHT,,
2026-07-13,16:02,LIGHT,,
2026-07-13,16:03,LIGHT,,
2026-07-13,16:04,LIGHT,,
2026-07-13,16:05,LIGHT,,
2026-07-13,16:06,LIGHT,,
2026-07-13,16:07,LIGHT,,
2026-07-13,16:08,LIGHT,,
2026-07-13,16:09,LIGHT,,
2026-07-13,16:10,LIGHT,,
2026-07-13,16:11,LIGHT,90,
2026-07-13,16:12,LIGHT,101,
2026-07-13,16:13,LIGHT,96,
2026-07-13,16:14,LIGHT,96,
2026-07-13,16:15,LIGHT,92,
2026-07-13,16:16,LIGHT,86,
2026-07-13,16:17,LIGHT,80,
2026-07-13,16:18,LIGHT,77,
2026-07-13,16:19,LIGHT,81,
2026-07-13,16:20,LIGHT,89,
2026-07-13,16:21,LIGHT,90,
2026-07-13,16:22,LIGHT,93,
2026-07-13,16:23,LIGHT,94,
2026-07-13,16:24,LIGHT,97,
2026-07-13,16:25,LIGHT,92,
2026-07-13,16:26,LIGHT,90,
2026-07-13,16:27,LIGHT,89,
2026-07-13,16:28,LIGHT,90,
2026-07-13,16:29,LIGHT,92,
2026-07-13,16:30,LIGHT,89,
2026-07-13,16:31,LIGHT,90,
2026-07-13,16:32,LIGHT,90,
2026-07-13,16:33,LIGHT,92,
2026-07-13,16:34,LIGHT,86,
2026-07-13,16:35,LIGHT,83,
2026-07-13,16:36,LIGHT,85,
2026-07-13,16:37,LIGHT,87,
2026-07-13,16:38,LIGHT,89,
2026-07-13,16:39,LIGHT,83,
2026-07-13,16:40,LIGHT,86,
2026-07-13,16:41,LIGHT,86,
2026-07-13,16:42,LIGHT,92,
2026-07-13,16:43,LIGHT,100,
2026-07-13,16:44,LIGHT,95,
2026-07-13,16:45,LIGHT,93,
2026-07-13,16:46,LIGHT,98,
2026-07-13,16:47,LIGHT,102,
2026-07-13,16:48,LIGHT,88,
2026-07-13,16:49,LIGHT,70,
2026-07-13,16:50,LIGHT,77,
2026-07-13,16:51,LIGHT,105,
2026-07-13,16:52,LIGHT,99,
2026-07-13,16:53,LIGHT,78,
2026-07-13,16:54,LIGHT,70,
2026-07-13,16:55,LIGHT,65,
2026-07-13,16:56,LIGHT,76,
2026-07-13,16:57,REM,99,
2026-07-13,16:58,REM,115,
2026-07-13,16:59,REM,110,
2026-07-13,17:00,REM,106,
2026-07-13,17:01,REM,103,
2026-07-13,17:02,REM,108,
2026-07-13,17:03,REM,115,
2026-07-13,17:04,REM,101,
2026-07-13,17:05,REM,106,
2026-07-13,17:06,REM,106,
2026-07-13,17:07,REM,106,
2026-07-13,17:08,REM,115,
2026-07-13,17:09,REM,122,
2026-07-13,17:10,REM,109,
2026-07-13,17:11,REM,106,
2026-07-13,17:12,REM,98,
2026-07-13,17:13,REM,94,
2026-07-13,17:14,REM,93,
2026-07-13,17:15,REM,107,
2026-07-13,17:16,LIGHT,112,
2026-07-13,17:17,LIGHT,114,
2026-07-13,17:18,LIGHT,111,
2026-07-13,17:19,WAKE,116,
2026-07-13,17:20,LIGHT,108,
2026-07-13,17:21,LIGHT,105,
2026-07-13,17:22,LIGHT,112,
2026-07-13,17:23,REM,124,
2026-07-13,17:24,REM,113,
2026-07-13,17:25,REM,110,
2026-07-13,17:26,REM,111,
2026-07-13,17:27,REM,108,
2026-07-13,17:28,REM,109,
2026-07-13,17:29,REM,107,
2026-07-13,17:30,REM,105,
2026-07-13,17:31,REM,112,
2026-07-13,17:32,REM,117,
2026-07-13,17:33,REM,127,
2026-07-13,17:34,REM,132,
2026-07-13,17:35,REM,128,
2026-07-13,17:36,REM,113,
2026-07-13,17:37,REM,101,
2026-07-13,17:38,REM,102,
2026-07-13,17:39,REM,102,
2026-07-13,17:40,REM,96,
2026-07-13,17:41,REM,93,
2026-07-13,17:42,REM,106,
2026-07-13,17:43,REM,131,
2026-07-13,17:44,REM,132,
2026-07-13,17:45,REM,,
2026-07-13,17:46,REM,,
2026-07-13,17:47,REM,,
2026-07-13,17:48,REM,127,
2026-07-13,17:49,REM,,
2026-07-13,17:50,REM,,
2026-07-13,17:51,REM,,
2026-07-13,17:52,REM,104,
2026-07-13,17:53,REM,89,
2026-07-13,17:54,REM,94,
2026-07-13,17:55,LIGHT,102,
2026-07-13,17:56,LIGHT,102,
2026-07-13,17:57,LIGHT,103,
2026-07-13,17:58,LIGHT,105,
2026-07-13,17:59,LIGHT,101,
2026-07-13,18:00,LIGHT,92,
2026-07-13,18:01,LIGHT,97,
2026-07-13,18:02,LIGHT,94,
2026-07-13,18:03,LIGHT,85,
2026-07-13,18:04,LIGHT,86,
2026-07-13,18:05,LIGHT,81,
2026-07-13,18:06,LIGHT,78,
2026-07-13,18:07,LIGHT,78,
2026-07-13,18:08,LIGHT,78,
2026-07-13,18:09,LIGHT,76,
2026-07-13,18:10,LIGHT,76,
2026-07-13,18:11,LIGHT,77,
2026-07-13,18:12,LIGHT,76,
2026-07-13,18:13,LIGHT,77,
2026-07-13,18:14,LIGHT,75,
2026-07-13,18:15,LIGHT,77,
2026-07-13,18:16,LIGHT,72,
2026-07-13,18:17,LIGHT,72,
2026-07-13,18:18,LIGHT,72,
2026-07-13,18:19,LIGHT,74,
2026-07-13,18:20,LIGHT,72,
2026-07-13,18:21,LIGHT,72,
2026-07-13,18:22,LIGHT,72,
2026-07-13,18:23,LIGHT,71,
2026-07-13,18:24,LIGHT,68,
2026-07-13,18:25,LIGHT,68,
2026-07-13,18:26,LIGHT,71,
2026-07-13,18:27,LIGHT,69,
2026-07-13,18:28,LIGHT,78,
2026-07-13,18:29,LIGHT,88,
2026-07-13,18:30,LIGHT,79,
2026-07-13,18:31,LIGHT,79,
2026-07-13,18:32,LIGHT,86,
2026-07-13,18:33,LIGHT,82,
2026-07-13,18:34,LIGHT,79,
2026-07-13,18:35,LIGHT,84,
2026-07-13,18:36,LIGHT,84,
2026-07-13,18:37,LIGHT,78,
2026-07-13,18:38,LIGHT,72,
2026-07-13,18:39,LIGHT,67,
2026-07-13,18:40,LIGHT,69,
2026-07-13,18:41,LIGHT,66,
2026-07-13,18:42,LIGHT,65,
2026-07-13,18:43,LIGHT,65,
2026-07-13,18:44,REM,65,
2026-07-13,18:45,REM,65,
2026-07-13,18:46,LIGHT,69,
2026-07-13,18:47,LIGHT,68,
2026-07-13,18:48,LIGHT,68,
2026-07-13,18:49,LIGHT,69,
2026-07-13,18:50,LIGHT,72,
2026-07-14,05:03,LIGHT,42,
2026-07-14,05:04,LIGHT,42,
2026-07-14,05:05,LIGHT,42,
2026-07-14,05:06,LIGHT,42,
2026-07-14,05:07,LIGHT,42,
2026-07-14,05:08,LIGHT,42,
2026-07-14,05:09,LIGHT,42,
2026-07-14,05:10,LIGHT,42,
2026-07-14,05:11,LIGHT,42,
2026-07-14,05:12,LIGHT,42,
2026-07-14,05:13,LIGHT,42,
2026-07-14,05:14,LIGHT,42,
2026-07-14,05:15,LIGHT,42,
2026-07-14,05:16,LIGHT,42,
2026-07-14,05:17,LIGHT,42,
2026-07-14,05:18,LIGHT,42,
2026-07-14,05:19,DEEP,42,
2026-07-14,05:20,DEEP,42,
2026-07-14,05:21,DEEP,45,
2026-07-14,05:22,DEEP,47,
2026-07-14,05:23,DEEP,47,
2026-07-14,05:24,DEEP,46,
2026-07-14,05:25,DEEP,46,
2026-07-14,05:26,DEEP,46,
2026-07-14,05:27,DEEP,50,
2026-07-14,05:28,DEEP,47,
2026-07-14,05:29,DEEP,45,
2026-07-14,05:30,DEEP,45,
2026-07-14,05:31,DEEP,45,
2026-07-14,05:32,DEEP,45,
2026-07-14,05:33,DEEP,50,
2026-07-14,05:34,DEEP,48,
2026-07-14,05:35,DEEP,44,
2026-07-14,05:36,DEEP,44,
2026-07-14,05:37,DEEP,44,
2026-07-14,05:38,DEEP,47,
2026-07-14,05:39,DEEP,44,
2026-07-14,05:40,DEEP,44,
2026-07-14,05:41,DEEP,44,
2026-07-14,05:42,DEEP,44,
2026-07-14,05:43,DEEP,44,
2026-07-14,05:44,DEEP,45,
2026-07-14,05:45,DEEP,45,
2026-07-14,05:46,DEEP,45,
2026-07-14,05:47,LIGHT,43,
2026-07-14,05:48,LIGHT,44,
2026-07-14,05:49,LIGHT,44,
2026-07-14,05:50,LIGHT,44,
2026-07-14,05:51,LIGHT,43,
2026-07-14,05:52,LIGHT,48,
2026-07-14,05:53,LIGHT,45,
2026-07-14,05:54,LIGHT,44,
2026-07-14,05:55,LIGHT,44,
2026-07-14,05:56,REM,43,
2026-07-14,05:57,REM,43,
2026-07-14,05:58,REM,43,
2026-07-14,05:59,REM,43,
2026-07-14,06:00,REM,43,
2026-07-14,06:01,REM,43,
2026-07-14,06:02,REM,43,
2026-07-14,06:03,REM,42,
2026-07-14,06:04,REM,43,
2026-07-14,06:05,REM,43,
2026-07-14,06:06,REM,43,
2026-07-14,06:07,REM,43,
2026-07-14,06:08,REM,50,
2026-07-14,06:09,REM,45,
2026-07-14,06:10,REM,41,
2026-07-14,06:11,REM,41,
2026-07-14,06:12,REM,41,
2026-07-14,06:13,REM,41,
2026-07-14,06:14,REM,41,
2026-07-14,06:15,REM,41,
2026-07-14,06:16,LIGHT,41,
2026-07-14,06:17,LIGHT,42,
2026-07-14,06:18,LIGHT,41,
2026-07-14,06:19,LIGHT,41,
2026-07-14,06:20,LIGHT,41,
2026-07-14,06:21,LIGHT,41,
2026-07-14,06:22,LIGHT,41,
2026-07-14,06:23,LIGHT,41,
2026-07-14,06:24,LIGHT,41,
2026-07-14,06:25,LIGHT,41,
2026-07-14,06:26,LIGHT,41,
2026-07-14,06:27,LIGHT,41,
2026-07-14,06:28,LIGHT,41,
2026-07-14,06:29,LIGHT,41,
2026-07-14,06:30,LIGHT,41,
2026-07-14,06:31,LIGHT,41,
2026-07-14,06:32,LIGHT,41,
2026-07-14,06:33,LIGHT,41,
2026-07-14,06:34,LIGHT,42,
2026-07-14,06:35,LIGHT,42,
2026-07-14,06:36,LIGHT,42,
2026-07-14,06:37,LIGHT,42,
2026-07-14,06:38,LIGHT,42,
2026-07-14,06:39,LIGHT,50,
2026-07-14,06:40,LIGHT,49,
2026-07-14,06:41,LIGHT,46,
2026-07-14,06:42,LIGHT,45,
2026-07-14,06:43,LIGHT,45,
2026-07-14,06:44,LIGHT,43,
2026-07-14,06:45,LIGHT,43,
2026-07-14,06:46,LIGHT,43,
2026-07-14,06:47,LIGHT,43,
2026-07-14,06:48,LIGHT,43,
2026-07-14,06:49,LIGHT,43,
2026-07-14,06:50,LIGHT,56,
2026-07-14,06:51,LIGHT,67,
2026-07-14,06:52,DEEP,56,
2026-07-14,06:53,DEEP,47,
2026-07-14,06:54,DEEP,47,
2026-07-14,06:55,DEEP,43,
2026-07-14,06:56,DEEP,42,
2026-07-14,06:57,DEEP,41,
2026-07-14,06:58,DEEP,41,
2026-07-14,06:59,DEEP,41,
2026-07-14,07:00,LIGHT,42,
2026-07-14,07:01,LIGHT,42,
2026-07-14,07:02,LIGHT,47,
2026-07-14,07:03,LIGHT,58,
2026-07-14,07:04,LIGHT,62,
2026-07-14,07:05,LIGHT,59,
2026-07-14,07:06,LIGHT,60,
2026-07-14,07:07,LIGHT,66,
2026-07-14,07:08,LIGHT,67,
2026-07-14,07:09,LIGHT,70,
2026-07-14,07:10,DEEP,72,
2026-07-14,07:11,DEEP,67,
2026-07-14,07:12,DEEP,69,
2026-07-14,07:13,DEEP,66,
2026-07-14,07:14,DEEP,65,
2026-07-14,07:15,DEEP,65,
2026-07-14,07:16,DEEP,72,
2026-07-14,07:17,DEEP,89,
2026-07-14,07:18,DEEP,83,
2026-07-14,07:19,DEEP,75,
2026-07-14,07:20,DEEP,61,
2026-07-14,07:21,DEEP,51,
2026-07-14,07:22,DEEP,48,
2026-07-14,07:23,DEEP,48,
2026-07-14,07:24,DEEP,54,
2026-07-14,07:25,DEEP,47,
2026-07-14,07:26,DEEP,47,
2026-07-14,07:27,DEEP,44,
2026-07-14,07:28,DEEP,42,
2026-07-14,07:29,DEEP,43,
2026-07-14,07:30,DEEP,46,
2026-07-14,07:31,DEEP,45,
2026-07-14,07:32,DEEP,42,
2026-07-14,07:33,DEEP,41,
2026-07-14,07:34,DEEP,41,
2026-07-14,07:35,DEEP,41,
2026-07-14,07:36,DEEP,41,
2026-07-14,07:37,DEEP,41,
2026-07-14,07:38,DEEP,41,
2026-07-14,07:39,DEEP,41,
2026-07-14,07:40,DEEP,41,
2026-07-14,07:41,DEEP,41,
2026-07-14,07:42,REM,40,
2026-07-14,07:43,REM,40,
2026-07-14,07:44,REM,40,
2026-07-14,07:45,REM,42,
2026-07-14,07:46,REM,42,
2026-07-14,07:47,REM,41,
2026-07-14,07:48,REM,47,
2026-07-14,07:49,REM,42,
2026-07-14,07:50,REM,41,
2026-07-14,07:51,REM,41,
2026-07-14,07:52,REM,41,
2026-07-14,07:53,REM,41,
2026-07-14,07:54,REM,41,
2026-07-14,07:55,REM,41,
2026-07-14,07:56,REM,41,
2026-07-14,07:57,REM,41,
2026-07-14,07:58,REM,41,
2026-07-14,07:59,LIGHT,41,
2026-07-14,08:00,LIGHT,41,
2026-07-14,08:01,LIGHT,42,
2026-07-14,08:02,LIGHT,42,
2026-07-14,08:03,LIGHT,43,
2026-07-14,08:04,LIGHT,43,
2026-07-14,08:05,LIGHT,43,
2026-07-14,08:06,LIGHT,43,
2026-07-14,08:07,LIGHT,43,
2026-07-14,08:08,LIGHT,43,
2026-07-14,08:09,LIGHT,43,
2026-07-14,08:10,LIGHT,44,
2026-07-14,08:11,LIGHT,44,
2026-07-14,08:12,LIGHT,44,
2026-07-14,08:13,LIGHT,44,
2026-07-14,08:14,LIGHT,44,
2026-07-14,08:15,LIGHT,44,
2026-07-14,08:16,LIGHT,44,
2026-07-14,08:17,LIGHT,44,
2026-07-14,08:18,LIGHT,45,
2026-07-14,08:19,LIGHT,46,
2026-07-14,08:20,LIGHT,43,
2026-07-14,08:21,LIGHT,43,
2026-07-14,08:22,LIGHT,43,
2026-07-14,08:23,LIGHT,43,
2026-07-14,08:24,LIGHT,43,
2026-07-14,08:25,LIGHT,42,
2026-07-14,08:26,LIGHT,41,
2026-07-14,08:27,LIGHT,41,
2026-07-14,08:28,LIGHT,41,
2026-07-14,08:29,LIGHT,41,
2026-07-14,08:30,LIGHT,41,
2026-07-14,08:31,LIGHT,44,
2026-07-14,08:32,LIGHT,47,
2026-07-14,08:33,LIGHT,44,
2026-07-14,08:34,LIGHT,42,
2026-07-14,08:35,LIGHT,42,
2026-07-14,08:36,LIGHT,43,
2026-07-14,08:37,LIGHT,43,
2026-07-14,08:38,LIGHT,42,
2026-07-14,08:39,LIGHT,41,
2026-07-14,08:40,LIGHT,41,
2026-07-14,08:41,LIGHT,43,
2026-07-14,08:42,LIGHT,42,
2026-07-14,08:43,LIGHT,42,
2026-07-14,08:44,LIGHT,41,
2026-07-14,08:45,LIGHT,41,
2026-07-14,08:46,LIGHT,41,
2026-07-14,08:47,LIGHT,48,
2026-07-14,08:48,LIGHT,45,
2026-07-14,08:49,LIGHT,44,
2026-07-14,08:50,LIGHT,44,
2026-07-14,08:51,LIGHT,43,
2026-07-14,08:52,REM,44,
2026-07-14,08:53,REM,43,
2026-07-14,08:54,REM,43,
2026-07-14,08:55,REM,43,
2026-07-14,08:56,REM,43,
2026-07-14,08:57,REM,43,
2026-07-14,08:58,REM,45,
2026-07-14,08:59,REM,45,
2026-07-14,09:00,REM,44,
2026-07-14,09:01,REM,43,
2026-07-14,09:02,REM,43,
2026-07-14,09:03,REM,44,
2026-07-14,09:04,REM,43,
2026-07-14,09:05,REM,43,
2026-07-14,09:06,REM,42,
2026-07-14,09:07,REM,42,
2026-07-14,09:08,REM,42,
2026-07-14,09:09,REM,42,
2026-07-14,09:10,REM,42,
2026-07-14,09:11,REM,50,
2026-07-14,09:12,REM,43,
2026-07-14,09:13,REM,41,
2026-07-14,09:14,REM,41,
2026-07-14,09:15,REM,43,
2026-07-14,09:16,REM,45,
2026-07-14,09:17,REM,43,
2026-07-14,09:18,REM,43,
2026-07-14,09:19,REM,44,
2026-07-14,09:20,REM,44,
2026-07-14,09:21,REM,43,
2026-07-14,09:22,REM,45,
2026-07-14,09:23,REM,43,
2026-07-14,09:24,REM,40,
2026-07-14,09:25,REM,40,
2026-07-14,09:26,REM,40,
2026-07-14,09:27,REM,40,
2026-07-14,09:28,REM,40,
2026-07-14,09:29,REM,40,
2026-07-14,09:30,REM,40,
2026-07-14,09:31,REM,45,
2026-07-14,09:32,LIGHT,44,
2026-07-14,09:33,LIGHT,44,
2026-07-14,09:34,LIGHT,44,
2026-07-14,09:35,LIGHT,45,
2026-07-14,09:36,LIGHT,40,
2026-07-14,09:37,LIGHT,40,
2026-07-14,09:38,LIGHT,41,
2026-07-14,09:39,LIGHT,40,
2026-07-14,09:40,LIGHT,41,
2026-07-14,09:41,LIGHT,41,
2026-07-14,09:42,LIGHT,42,
2026-07-14,09:43,LIGHT,42,
2026-07-14,09:44,LIGHT,43,
2026-07-14,09:45,LIGHT,41,
2026-07-14,09:46,LIGHT,41,
2026-07-14,09:47,LIGHT,41,
2026-07-14,09:48,LIGHT,41,
2026-07-14,09:49,LIGHT,42,
2026-07-14,09:50,LIGHT,42,
2026-07-14,09:51,LIGHT,42,
2026-07-14,09:52,LIGHT,44,
2026-07-14,09:53,LIGHT,42,
2026-07-14,09:54,LIGHT,42,
2026-07-14,09:55,LIGHT,42,
2026-07-14,09:56,LIGHT,42,
2026-07-14,09:57,LIGHT,43,
2026-07-14,09:58,LIGHT,43,
2026-07-14,09:59,LIGHT,43,
2026-07-14,10:00,LIGHT,43,
2026-07-14,10:01,LIGHT,43,
2026-07-14,10:02,LIGHT,43,
2026-07-14,10:03,LIGHT,43,
2026-07-14,10:04,DEEP,43,
2026-07-14,10:05,DEEP,43,
2026-07-14,10:06,DEEP,43,
2026-07-14,10:07,LIGHT,43,
2026-07-14,10:08,LIGHT,44,
2026-07-14,10:09,LIGHT,44,
2026-07-14,10:10,LIGHT,44,
2026-07-14,10:11,LIGHT,44,
2026-07-14,10:12,LIGHT,44,
2026-07-14,10:13,LIGHT,44,
2026-07-14,10:14,LIGHT,44,
2026-07-14,10:15,LIGHT,44,
2026-07-14,10:16,LIGHT,44,
2026-07-14,10:17,LIGHT,44,
2026-07-14,10:18,LIGHT,44,
2026-07-14,10:19,LIGHT,44,
2026-07-14,10:20,WAKE,44,
2026-07-14,10:21,LIGHT,46,
2026-07-14,10:22,LIGHT,44,
2026-07-14,10:23,LIGHT,44,
2026-07-14,10:24,LIGHT,44,
2026-07-14,10:25,LIGHT,46,
2026-07-14,10:26,LIGHT,46,
2026-07-14,10:27,LIGHT,42,
2026-07-14,10:28,LIGHT,42,
2026-07-14,10:29,LIGHT,47,
2026-07-14,10:30,LIGHT,41,
2026-07-14,10:31,REM,41,
2026-07-14,10:32,REM,41,
2026-07-14,10:33,REM,41,
2026-07-14,10:34,REM,42,
2026-07-14,10:35,REM,42,
2026-07-14,10:36,REM,48,
2026-07-14,10:37,REM,48,
2026-07-14,10:38,REM,50,
2026-07-14,10:39,REM,42,
2026-07-14,10:40,REM,40,
2026-07-14,10:41,REM,,
2026-07-14,10:42,LIGHT,,
2026-07-14,10:43,LIGHT,,
2026-07-14,10:44,LIGHT,,
2026-07-14,10:45,LIGHT,45,
2026-07-14,10:46,LIGHT,41,
2026-07-14,10:47,LIGHT,41,
2026-07-14,10:48,LIGHT,47,
2026-07-14,10:49,LIGHT,47,
2026-07-14,10:50,LIGHT,44,
2026-07-14,10:51,LIGHT,43,
2026-07-14,10:52,LIGHT,42,
2026-07-14,10:53,LIGHT,42,
2026-07-14,10:54,LIGHT,42,
2026-07-14,10:55,LIGHT,42,
2026-07-14,10:56,LIGHT,43,
2026-07-14,10:57,LIGHT,46,
2026-07-14,10:58,LIGHT,45,
2026-07-14,10:59,LIGHT,45,
2026-07-14,11:00,LIGHT,43,
2026-07-14,11:01,LIGHT,43,
2026-07-14,11:02,LIGHT,45,
2026-07-14,11:03,LIGHT,45,
2026-07-14,11:04,LIGHT,44,
2026-07-14,11:05,LIGHT,43,
2026-07-14,11:06,LIGHT,46,
2026-07-14,11:07,LIGHT,44,
2026-07-14,11:08,LIGHT,44,
2026-07-14,11:09,LIGHT,44,
2026-07-14,11:10,LIGHT,47,
2026-07-14,11:11,LIGHT,44,
2026-07-14,11:12,LIGHT,46,
2026-07-14,11:13,REM,43,
2026-07-14,11:14,REM,41,
2026-07-14,11:15,REM,43,
2026-07-14,11:16,REM,46,
2026-07-14,11:17,REM,43,
2026-07-14,11:18,REM,41,
2026-07-14,11:19,REM,43,
2026-07-14,11:20,REM,43,
2026-07-14,11:21,REM,43,
2026-07-14,11:22,REM,44,
2026-07-14,11:23,REM,44,
2026-07-14,11:24,REM,49,
2026-07-14,11:25,REM,46,
2026-07-14,11:26,REM,46,
2026-07-14,11:27,REM,45,
2026-07-14,11:28,REM,46,
2026-07-14,11:29,REM,44,
2026-07-14,11:30,REM,46,
2026-07-14,11:31,REM,43,
2026-07-14,11:32,REM,41,
2026-07-14,11:33,REM,42,
2026-07-14,11:34,REM,41,
2026-07-14,11:35,REM,41,
2026-07-14,11:36,REM,41,
2026-07-14,11:37,REM,41,
2026-07-14,11:38,REM,41,
2026-07-14,11:39,REM,41,
2026-07-14,11:40,REM,41,
2026-07-14,11:41,REM,42,
2026-07-14,11:42,REM,42,
2026-07-14,11:43,REM,42,
2026-07-14,11:44,REM,42,
2026-07-14,11:45,REM,49,
2026-07-14,11:46,REM,42,
2026-07-14,11:47,REM,,
2026-07-14,11:48,LIGHT,,
2026-07-14,11:49,LIGHT,,
2026-07-14,11:50,LIGHT,,
2026-07-14,11:51,LIGHT,,
2026-07-14,11:52,LIGHT,40,
2026-07-14,11:53,LIGHT,40,
2026-07-14,11:54,LIGHT,,
2026-07-14,11:55,LIGHT,41,
2026-07-14,11:56,LIGHT,40,
2026-07-14,11:57,LIGHT,,
2026-07-14,11:58,LIGHT,46,
2026-07-14,11:59,LIGHT,41,
2026-07-14,12:00,LIGHT,,
2026-07-14,12:01,LIGHT,,
2026-07-14,12:02,LIGHT,,
2026-07-14,12:03,LIGHT,,
2026-07-14,12:04,LIGHT,40,
2026-07-14,12:05,LIGHT,40,
2026-07-14,12:06,LIGHT,41,
2026-07-14,12:07,LIGHT,43,
2026-07-14,12:08,LIGHT,42,
2026-07-14,12:09,LIGHT,41,
2026-07-14,12:10,LIGHT,41,
2026-07-14,12:11,LIGHT,41,
2026-07-14,12:12,LIGHT,41,
2026-07-14,12:13,LIGHT,41,
2026-07-14,12:14,LIGHT,41,
2026-07-14,12:15,LIGHT,41,
2026-07-14,12:16,LIGHT,41,
2026-07-14,12:17,LIGHT,41,
2026-07-14,12:18,DEEP,41,
2026-07-14,12:19,DEEP,41,
2026-07-14,12:20,DEEP,41,
2026-07-14,12:21,DEEP,41,
2026-07-14,12:22,DEEP,41,
2026-07-14,12:23,DEEP,41,
2026-07-14,12:24,DEEP,41,
2026-07-14,12:25,DEEP,41,
2026-07-14,12:26,DEEP,41,
2026-07-14,12:27,DEEP,41,
2026-07-14,12:28,DEEP,41,
2026-07-14,12:29,DEEP,42,
2026-07-14,12:30,DEEP,42,
2026-07-14,12:31,DEEP,42,
2026-07-14,12:32,DEEP,42,
2026-07-14,12:33,DEEP,42,
2026-07-14,12:34,DEEP,43,
2026-07-14,12:35,DEEP,43,
2026-07-14,12:36,DEEP,43,
2026-07-14,12:37,DEEP,43,
2026-07-14,12:38,DEEP,43,
2026-07-14,12:39,DEEP,43,
2026-07-14,12:40,DEEP,43,
2026-07-14,12:41,DEEP,43,
2026-07-14,12:42,DEEP,43,
2026-07-14,12:43,DEEP,43,
2026-07-14,12:44,DEEP,43,
2026-07-14,12:45,DEEP,43,
2026-07-14,12:46,LIGHT,43,
2026-07-14,12:47,LIGHT,43,
2026-07-14,12:48,LIGHT,43,
2026-07-14,12:49,LIGHT,52,
2026-07-14,12:50,LIGHT,52,
2026-07-14,12:51,LIGHT,45,
2026-07-14,12:52,LIGHT,43,
2026-07-14,12:53,LIGHT,42,
2026-07-14,12:54,LIGHT,42,
2026-07-14,12:55,LIGHT,42,
2026-07-14,12:56,LIGHT,43,
2026-07-14,12:57,REM,43,
2026-07-14,12:58,REM,49,
2026-07-14,12:59,REM,45,
2026-07-14,13:00,REM,43,
2026-07-14,13:01,REM,43,
2026-07-14,13:02,REM,43,
2026-07-14,13:03,REM,42,
2026-07-14,13:04,REM,41,
2026-07-14,13:05,REM,42,
2026-07-14,13:06,REM,49,
2026-07-14,13:07,REM,46,
2026-07-14,13:08,REM,45,
2026-07-14,13:09,REM,42,
2026-07-14,13:10,REM,45,
2026-07-14,13:11,REM,44,
2026-07-14,13:12,REM,43,
2026-07-14,13:13,REM,43,
2026-07-14,13:14,LIGHT,43,
2026-07-14,13:15,LIGHT,43,
2026-07-14,13:16,LIGHT,43,
2026-07-14,13:17,LIGHT,43,
2026-07-14,13:18,LIGHT,42,
2026-07-14,13:19,LIGHT,43,
2026-07-14,13:20,LIGHT,43,
2026-07-14,13:21,LIGHT,43,
2026-07-14,13:22,LIGHT,45,
2026-07-14,13:23,LIGHT,48,
2026-07-14,13:24,LIGHT,46,
2026-07-14,13:25,WAKE,46,
2026-07-14,13:26,LIGHT,44,
2026-07-15,04:54,LIGHT,68,
2026-07-15,04:55,LIGHT,68,
2026-07-15,04:56,LIGHT,69,
2026-07-15,04:57,LIGHT,72,
2026-07-15,04:58,LIGHT,70,
2026-07-15,04:59,LIGHT,72,
2026-07-15,05:00,LIGHT,72,
2026-07-15,05:01,LIGHT,72,
2026-07-15,05:02,LIGHT,70,
2026-07-15,05:03,LIGHT,80,
2026-07-15,05:04,LIGHT,70,
2026-07-15,05:05,LIGHT,67,
2026-07-15,05:06,LIGHT,70,
2026-07-15,05:07,LIGHT,67,
2026-07-15,05:08,LIGHT,68,
2026-07-15,05:09,LIGHT,69,
2026-07-15,05:10,LIGHT,67,
2026-07-15,05:11,LIGHT,64,
2026-07-15,05:12,LIGHT,65,
2026-07-15,05:13,LIGHT,68,
2026-07-15,05:14,LIGHT,73,
2026-07-15,05:15,LIGHT,76,
2026-07-15,05:16,LIGHT,74,
2026-07-15,05:17,DEEP,73,
2026-07-15,05:18,DEEP,75,
2026-07-15,05:19,DEEP,75,
2026-07-15,05:20,DEEP,73,
2026-07-15,05:21,DEEP,74,
2026-07-15,05:22,DEEP,79,
2026-07-15,05:23,LIGHT,82,
2026-07-15,05:24,LIGHT,94,
2026-07-15,05:25,LIGHT,102,
2026-07-15,05:26,LIGHT,109,
2026-07-15,05:27,LIGHT,100,
2026-07-15,05:28,LIGHT,97,
2026-07-15,05:29,LIGHT,80,
2026-07-15,05:30,LIGHT,72,
2026-07-15,05:31,LIGHT,69,
2026-07-15,05:32,LIGHT,69,
2026-07-15,05:33,LIGHT,66,
2026-07-15,05:34,WAKE,68,
2026-07-15,05:35,LIGHT,66,
2026-07-15,05:36,LIGHT,66,
2026-07-15,05:37,LIGHT,66,
2026-07-15,05:38,LIGHT,66,
2026-07-15,05:39,LIGHT,65,
2026-07-15,05:40,LIGHT,65,
2026-07-15,05:41,LIGHT,62,
2026-07-15,05:42,LIGHT,62,
2026-07-15,05:43,LIGHT,64,
2026-07-15,05:44,LIGHT,67,
2026-07-15,05:45,LIGHT,67,
2026-07-15,05:46,LIGHT,68,
2026-07-15,05:47,LIGHT,64,
2026-07-15,05:48,LIGHT,64,
2026-07-15,05:49,REM,61,
2026-07-15,05:50,REM,60,
2026-07-15,05:51,REM,62,
2026-07-15,05:52,REM,62,
2026-07-15,05:53,REM,63,
2026-07-15,05:54,LIGHT,71,
2026-07-15,05:55,LIGHT,69,
2026-07-15,05:56,LIGHT,73,
2026-07-15,05:57,LIGHT,76,
2026-07-15,05:58,LIGHT,74,
2026-07-15,05:59,LIGHT,69,
2026-07-15,06:00,LIGHT,65,
2026-07-15,06:01,LIGHT,65,
2026-07-15,06:02,LIGHT,63,
2026-07-15,06:03,LIGHT,62,
2026-07-15,06:04,LIGHT,61,
2026-07-15,06:05,LIGHT,62,
2026-07-15,06:06,LIGHT,61,
2026-07-15,06:07,LIGHT,59,
2026-07-15,06:08,LIGHT,61,
2026-07-15,06:09,LIGHT,61,
2026-07-15,06:10,LIGHT,61,
2026-07-15,06:11,LIGHT,60,
2026-07-15,06:12,LIGHT,60,
2026-07-15,06:13,LIGHT,61,
2026-07-15,06:14,LIGHT,61,
2026-07-15,06:15,LIGHT,61,
2026-07-15,06:16,LIGHT,59,
2026-07-15,06:17,LIGHT,58,
2026-07-15,06:18,LIGHT,58,
2026-07-15,06:19,LIGHT,58,
2026-07-15,06:20,LIGHT,58,
2026-07-15,06:21,LIGHT,58,
2026-07-15,06:22,LIGHT,57,
2026-07-15,06:23,LIGHT,60,
2026-07-15,06:24,LIGHT,59,
2026-07-15,06:25,LIGHT,58,
2026-07-15,06:26,LIGHT,57,
2026-07-15,06:27,LIGHT,56,
2026-07-15,06:28,LIGHT,56,
2026-07-15,06:29,LIGHT,56,
2026-07-15,06:30,LIGHT,56,
2026-07-15,06:31,LIGHT,56,
2026-07-15,06:32,LIGHT,57,
2026-07-15,06:33,LIGHT,69,
2026-07-15,06:34,LIGHT,64,
2026-07-15,06:35,LIGHT,62,
2026-07-15,06:36,LIGHT,61,
2026-07-15,06:37,LIGHT,60,
2026-07-15,06:38,LIGHT,60,
2026-07-15,06:39,LIGHT,63,
2026-07-15,06:40,LIGHT,57,
2026-07-15,06:41,LIGHT,57,
2026-07-15,06:42,LIGHT,57,
2026-07-15,06:43,LIGHT,57,
2026-07-15,06:44,LIGHT,58,
2026-07-15,06:45,LIGHT,58,
2026-07-15,06:46,LIGHT,58,
2026-07-15,06:47,LIGHT,58,
2026-07-15,06:48,LIGHT,58,
2026-07-15,06:49,LIGHT,58,
2026-07-15,06:50,LIGHT,58,
2026-07-15,06:51,WAKE,60,
2026-07-15,06:52,WAKE,68,
2026-07-15,06:53,WAKE,65,
2026-07-15,06:54,WAKE,58,
2026-07-15,06:55,LIGHT,58,
2026-07-15,06:56,LIGHT,57,
2026-07-15,06:57,LIGHT,57,
2026-07-15,06:58,LIGHT,57,
2026-07-15,06:59,LIGHT,57,
2026-07-15,07:00,LIGHT,57,
2026-07-15,07:01,LIGHT,57,
2026-07-15,07:02,LIGHT,57,
2026-07-15,07:03,WAKE,57,
2026-07-15,07:04,WAKE,57,
2026-07-15,07:05,WAKE,57,
2026-07-15,07:06,WAKE,57,
2026-07-15,07:07,WAKE,57,
2026-07-15,07:08,WAKE,57,
2026-07-15,07:09,WAKE,57,
2026-07-15,07:10,WAKE,57,
2026-07-15,07:11,WAKE,57,
2026-07-15,07:12,WAKE,57,
2026-07-15,07:13,WAKE,57,
2026-07-15,07:14,WAKE,57,
2026-07-15,07:15,WAKE,57,
2026-07-15,07:16,WAKE,57,
2026-07-15,07:17,WAKE,57,
2026-07-15,07:18,WAKE,59,
2026-07-15,07:19,WAKE,65,
2026-07-15,07:20,WAKE,59,
2026-07-15,07:21,WAKE,58,
2026-07-15,07:22,WAKE,59,
2026-07-15,07:23,WAKE,63,
2026-07-15,07:24,WAKE,62,
2026-07-15,07:25,WAKE,63,
2026-07-15,07:26,WAKE,63,
2026-07-15,07:27,WAKE,67,
2026-07-15,07:28,WAKE,69,
2026-07-15,07:29,WAKE,65,
2026-07-15,07:30,WAKE,62,
2026-07-15,07:31,WAKE,64,
2026-07-15,07:32,WAKE,71,
2026-07-15,07:33,WAKE,64,
2026-07-15,07:34,WAKE,66,
2026-07-15,07:35,WAKE,63,
2026-07-15,07:36,WAKE,65,
2026-07-15,07:37,WAKE,64,
2026-07-15,07:38,WAKE,64,
2026-07-15,07:39,WAKE,64,
2026-07-15,07:40,WAKE,63,
2026-07-15,07:41,WAKE,63,
2026-07-15,07:42,WAKE,62,
2026-07-15,07:43,WAKE,64,
2026-07-15,07:44,WAKE,67,
2026-07-15,07:45,LIGHT,58,
2026-07-15,07:46,LIGHT,56,
2026-07-15,07:47,LIGHT,58,
2026-07-15,07:48,LIGHT,58,
2026-07-15,07:49,WAKE,58,
2026-07-15,07:50,WAKE,59,
2026-07-15,07:51,LIGHT,59,
2026-07-15,07:52,LIGHT,59,
2026-07-15,07:53,LIGHT,58,
2026-07-15,07:54,LIGHT,58,
2026-07-15,07:55,LIGHT,56,
2026-07-15,07:56,LIGHT,57,
2026-07-15,07:57,LIGHT,59,
2026-07-15,07:58,LIGHT,58,
2026-07-15,07:59,LIGHT,58,
2026-07-15,08:00,LIGHT,58,
2026-07-15,08:01,LIGHT,58,
2026-07-15,08:02,LIGHT,58,
2026-07-15,08:03,LIGHT,58,
2026-07-15,08:04,LIGHT,58,
2026-07-15,08:05,LIGHT,58,
2026-07-15,08:06,LIGHT,58,
2026-07-15,08:07,DEEP,58,
2026-07-15,08:08,DEEP,58,
2026-07-15,08:09,DEEP,59,
2026-07-15,08:10,DEEP,59,
2026-07-15,08:11,DEEP,58,
2026-07-15,08:12,DEEP,58,
2026-07-15,08:13,DEEP,58,
2026-07-15,08:14,DEEP,58,
2026-07-15,08:15,DEEP,58,
2026-07-15,08:16,DEEP,58,
2026-07-15,08:17,DEEP,57,
2026-07-15,08:18,DEEP,57,
2026-07-15,08:19,DEEP,57,
2026-07-15,08:20,DEEP,57,
2026-07-15,08:21,LIGHT,57,
2026-07-15,08:22,LIGHT,57,
2026-07-15,08:23,LIGHT,57,
2026-07-15,08:24,LIGHT,58,
2026-07-15,08:25,DEEP,57,
2026-07-15,08:26,DEEP,57,
2026-07-15,08:27,DEEP,57,
2026-07-15,08:28,DEEP,57,
2026-07-15,08:29,DEEP,56,
2026-07-15,08:30,DEEP,56,
2026-07-15,08:31,DEEP,57,
2026-07-15,08:32,DEEP,58,
2026-07-15,08:33,LIGHT,58,
2026-07-15,08:34,LIGHT,57,
2026-07-15,08:35,LIGHT,56,
2026-07-15,08:36,LIGHT,55,
2026-07-15,08:37,LIGHT,67,
2026-07-15,08:38,LIGHT,58,
2026-07-15,08:39,REM,65,
2026-07-15,08:40,REM,59,
2026-07-15,08:41,REM,59,
2026-07-15,08:42,REM,59,
2026-07-15,08:43,REM,61,
2026-07-15,08:44,REM,58,
2026-07-15,08:45,REM,59,
2026-07-15,08:46,REM,59,
2026-07-15,08:47,REM,58,
2026-07-15,08:48,REM,58,
2026-07-15,08:49,REM,63,
2026-07-15,08:50,REM,64,
2026-07-15,08:51,REM,62,
2026-07-15,08:52,REM,62,
2026-07-15,08:53,REM,61,
2026-07-15,08:54,REM,60,
2026-07-15,08:55,REM,60,
2026-07-15,08:56,REM,62,
2026-07-15,08:57,REM,62,
2026-07-15,08:58,REM,62,
2026-07-15,08:59,REM,61,
2026-07-15,09:00,REM,62,
2026-07-15,09:01,REM,65,
2026-07-15,09:02,REM,62,
2026-07-15,09:03,REM,64,
2026-07-15,09:04,LIGHT,58,
2026-07-15,09:05,LIGHT,55,
2026-07-15,09:06,LIGHT,56,
2026-07-15,09:07,LIGHT,56,
2026-07-15,09:08,LIGHT,57,
2026-07-15,09:09,REM,60,
2026-07-15,09:10,REM,57,
2026-07-15,09:11,REM,56,
2026-07-15,09:12,REM,58,
2026-07-15,09:13,REM,57,
2026-07-15,09:14,REM,57,
2026-07-15,09:15,REM,56,
2026-07-15,09:16,REM,56,
2026-07-15,09:17,REM,60,
2026-07-15,09:18,REM,63,
2026-07-15,09:19,REM,55,
2026-07-15,09:20,REM,55,
2026-07-15,09:21,REM,56,
2026-07-15,09:22,REM,57,
2026-07-15,09:23,REM,57,
2026-07-15,09:24,REM,54,
2026-07-15,09:25,REM,56,
2026-07-15,09:26,REM,53,
2026-07-15,09:27,REM,53,
2026-07-15,09:28,REM,53,
2026-07-15,09:29,REM,53,
2026-07-15,09:30,REM,54,
2026-07-15,09:31,REM,54,
2026-07-15,09:32,REM,55,
2026-07-15,09:33,REM,53,
2026-07-15,09:34,REM,53,
2026-07-15,09:35,REM,53,
2026-07-15,09:36,REM,53,
2026-07-15,09:37,REM,54,
2026-07-15,09:38,LIGHT,54,
2026-07-15,09:39,LIGHT,56,
2026-07-15,09:40,LIGHT,60,
2026-07-15,09:41,LIGHT,55,
2026-07-15,09:42,LIGHT,54,
2026-07-15,09:43,LIGHT,56,
2026-07-15,09:44,LIGHT,54,
2026-07-15,09:45,LIGHT,54,
2026-07-15,09:46,LIGHT,54,
2026-07-15,09:47,LIGHT,55,
2026-07-15,09:48,LIGHT,55,
2026-07-15,09:49,LIGHT,55,
2026-07-15,09:50,LIGHT,54,
2026-07-15,09:51,LIGHT,54,
2026-07-15,09:52,LIGHT,54,
2026-07-15,09:53,LIGHT,56,
2026-07-15,09:54,LIGHT,61,
2026-07-15,09:55,LIGHT,53,
2026-07-15,09:56,LIGHT,51,
2026-07-15,09:57,LIGHT,51,
2026-07-15,09:58,LIGHT,58,
2026-07-15,09:59,LIGHT,53,
2026-07-15,10:00,LIGHT,55,
2026-07-15,10:01,LIGHT,54,
2026-07-15,10:02,LIGHT,53,
2026-07-15,10:03,LIGHT,53,
2026-07-15,10:04,LIGHT,55,
2026-07-15,10:05,LIGHT,52,
2026-07-15,10:06,LIGHT,52,
2026-07-15,10:07,LIGHT,52,
2026-07-15,10:08,LIGHT,52,
2026-07-15,10:09,LIGHT,53,
2026-07-15,10:10,LIGHT,55,
2026-07-15,10:11,LIGHT,60,
2026-07-15,10:12,LIGHT,52,
2026-07-15,10:13,LIGHT,53,
2026-07-15,10:14,LIGHT,54,
2026-07-15,10:15,LIGHT,56,
2026-07-15,10:16,LIGHT,52,
2026-07-15,10:17,LIGHT,54,
2026-07-15,10:18,LIGHT,59,
2026-07-15,10:19,LIGHT,59,
2026-07-15,10:20,LIGHT,57,
2026-07-15,10:21,LIGHT,57,
2026-07-15,10:22,LIGHT,59,
2026-07-15,10:23,LIGHT,57,
2026-07-15,10:24,LIGHT,49,
2026-07-15,10:25,LIGHT,47,
2026-07-15,10:26,LIGHT,55,
2026-07-15,10:27,LIGHT,55,
2026-07-15,10:28,LIGHT,52,
2026-07-15,10:29,LIGHT,52,
2026-07-15,10:30,LIGHT,54,
2026-07-15,10:31,LIGHT,55,
2026-07-15,10:32,LIGHT,53,
2026-07-15,10:33,LIGHT,54,
2026-07-15,10:34,LIGHT,59,
2026-07-15,10:35,LIGHT,65,
2026-07-15,10:36,LIGHT,57,
2026-07-15,10:37,LIGHT,53,
2026-07-15,10:38,LIGHT,50,
2026-07-15,10:39,LIGHT,55,
2026-07-15,10:40,LIGHT,55,
2026-07-15,10:41,LIGHT,50,
2026-07-15,10:42,LIGHT,52,
2026-07-15,10:43,LIGHT,52,
2026-07-15,10:44,LIGHT,52,
2026-07-15,10:45,LIGHT,51,
2026-07-15,10:46,REM,54,
2026-07-15,10:47,REM,61,
2026-07-15,10:48,REM,53,
2026-07-15,10:49,REM,51,
2026-07-15,10:50,REM,48,
2026-07-15,10:51,LIGHT,48,
2026-07-15,10:52,LIGHT,50,
2026-07-15,10:53,LIGHT,57,
2026-07-15,10:54,LIGHT,51,
2026-07-15,10:55,REM,50,
2026-07-15,10:56,REM,50,
2026-07-15,10:57,REM,48,
2026-07-15,10:58,REM,49,
2026-07-15,10:59,REM,49,
2026-07-15,11:00,REM,56,
2026-07-15,11:01,REM,49,
2026-07-15,11:02,REM,48,
2026-07-15,11:03,REM,48,
2026-07-15,11:04,REM,48,
2026-07-15,11:05,REM,48,
2026-07-15,11:06,REM,46,
2026-07-15,11:07,REM,46,
2026-07-15,11:08,REM,48,
2026-07-15,11:09,REM,53,
2026-07-15,11:10,REM,50,
2026-07-15,11:11,REM,48,
2026-07-15,11:12,REM,49,
2026-07-15,11:13,REM,50,
2026-07-15,11:14,REM,50,
2026-07-15,11:15,REM,50,
2026-07-15,11:16,REM,50,
2026-07-15,11:17,REM,50,
2026-07-15,11:18,REM,50,
2026-07-15,11:19,REM,50,
2026-07-15,11:20,REM,51,
2026-07-15,11:21,REM,51,
2026-07-15,11:22,REM,52,
2026-07-15,11:23,REM,52,
2026-07-15,11:24,REM,52,
2026-07-15,11:25,REM,52,
2026-07-15,11:26,REM,52,
2026-07-15,11:27,REM,52,
2026-07-15,11:28,REM,52,
2026-07-15,11:29,REM,52,
2026-07-15,11:30,REM,52,
2026-07-15,11:31,REM,52,
2026-07-15,11:32,REM,52,
2026-07-15,11:33,REM,52,
2026-07-15,11:34,REM,52,
2026-07-15,11:35,REM,52,
2026-07-15,11:36,REM,52,
2026-07-15,11:37,REM,52,
2026-07-15,11:38,REM,52,
2026-07-15,11:39,REM,52,
2026-07-15,11:40,REM,51,
2026-07-15,11:41,REM,51,
2026-07-15,11:42,REM,51,
2026-07-15,11:43,REM,51,
2026-07-15,11:44,REM,50,
2026-07-15,11:45,REM,50,
2026-07-15,11:46,REM,52,
2026-07-15,11:47,REM,66,
2026-07-15,11:48,REM,56,
2026-07-15,11:49,REM,50,
2026-07-15,11:50,REM,49,
2026-07-15,11:51,REM,54,
2026-07-15,11:52,REM,50,
2026-07-15,11:53,REM,49,
2026-07-15,11:54,REM,52,
2026-07-15,11:55,REM,52,
2026-07-15,11:56,REM,48,
2026-07-15,11:57,REM,47,
2026-07-15,11:58,REM,47,
2026-07-15,11:59,LIGHT,48,
2026-07-15,12:00,LIGHT,48,
2026-07-15,12:01,LIGHT,48,
2026-07-15,12:02,LIGHT,53,
2026-07-15,12:03,LIGHT,53,
2026-07-15,12:04,LIGHT,47,
2026-07-15,12:05,LIGHT,47,
2026-07-15,12:06,LIGHT,54,
2026-07-15,12:07,LIGHT,51,
2026-07-15,12:08,LIGHT,53,
2026-07-15,12:09,LIGHT,50,
2026-07-15,12:10,LIGHT,51,
2026-07-15,12:11,LIGHT,48,
2026-07-15,12:12,LIGHT,48,
2026-07-15,12:13,LIGHT,48,
2026-07-15,12:14,LIGHT,50,
2026-07-15,12:15,LIGHT,55,
2026-07-15,12:16,LIGHT,52,
2026-07-15,12:17,LIGHT,52,
2026-07-15,12:18,LIGHT,50,
2026-07-15,12:19,LIGHT,49,
2026-07-15,12:20,DEEP,48,
2026-07-15,12:21,DEEP,50,
2026-07-15,12:22,DEEP,52,
2026-07-15,12:23,DEEP,52,
2026-07-15,12:24,DEEP,54,
2026-07-15,12:25,DEEP,51,
2026-07-15,12:26,DEEP,51,
2026-07-15,12:27,DEEP,46,
2026-07-15,12:28,DEEP,48,
2026-07-15,12:29,DEEP,48,
2026-07-15,12:30,DEEP,50,
2026-07-15,12:31,DEEP,52,
2026-07-15,12:32,DEEP,49,
2026-07-15,12:33,DEEP,48,
2026-07-15,12:34,DEEP,45,
2026-07-15,12:35,DEEP,50,
2026-07-15,12:36,DEEP,57,
2026-07-15,12:37,DEEP,52,
2026-07-15,12:38,DEEP,54,
2026-07-15,12:39,DEEP,49,
2026-07-15,12:40,DEEP,49,
2026-07-15,12:41,DEEP,47,
2026-07-15,12:42,DEEP,47,
2026-07-15,12:43,DEEP,48,
2026-07-15,12:44,DEEP,48,
2026-07-15,12:45,DEEP,48,
2026-07-15,12:46,DEEP,49,
2026-07-15,12:47,DEEP,48,
2026-07-15,12:48,DEEP,48,
2026-07-15,12:49,DEEP,47,
2026-07-15,12:50,DEEP,49,
2026-07-15,12:51,LIGHT,49,
2026-07-15,12:52,LIGHT,47,
2026-07-15,12:53,LIGHT,46,
2026-07-15,12:54,LIGHT,46,
2026-07-15,12:55,LIGHT,46,
2026-07-15,12:56,LIGHT,46,
2026-07-15,12:57,REM,46,
2026-07-15,12:58,REM,46,
2026-07-15,12:59,REM,46,
2026-07-15,13:00,REM,48,
2026-07-15,13:01,REM,48,
2026-07-15,13:02,REM,48,
2026-07-15,13:03,REM,47,
2026-07-15,13:04,REM,47,
2026-07-15,13:05,REM,47,
2026-07-15,13:06,REM,47,
2026-07-15,13:07,REM,47,
2026-07-15,13:08,REM,47,
2026-07-15,13:09,REM,47,
2026-07-15,13:10,REM,47,
2026-07-15,13:11,REM,47,
2026-07-15,13:12,REM,48,
2026-07-15,13:13,REM,48,
2026-07-15,13:14,REM,48,
2026-07-15,13:15,REM,48,
2026-07-15,13:16,REM,48,
2026-07-15,13:17,REM,49,
2026-07-15,13:18,REM,49,
2026-07-15,13:19,REM,49,
2026-07-15,13:20,REM,57,
2026-07-15,13:21,REM,52,
2026-07-15,13:22,REM,53,
2026-07-15,13:23,REM,48,
2026-07-15,13:24,REM,53,
2026-07-15,13:25,REM,46,
2026-07-15,13:26,REM,44,
2026-07-15,13:27,REM,45,
2026-07-15,13:28,REM,46,
2026-07-15,13:29,REM,47,
2026-07-15,13:30,REM,47,
2026-07-15,13:31,LIGHT,49,
2026-07-15,13:32,LIGHT,49,
2026-07-15,13:33,LIGHT,57,
2026-07-15,13:34,LIGHT,57,
2026-07-15,13:35,LIGHT,51,
2026-07-15,13:36,LIGHT,48,
2026-07-15,13:37,LIGHT,46,
2026-07-15,13:38,LIGHT,57,
2026-07-15,13:39,LIGHT,50,
2026-07-15,13:40,LIGHT,61,
2026-07-15,13:41,LIGHT,52,
2026-07-15,13:42,LIGHT,52,
2026-07-15,13:43,LIGHT,54,
2026-07-15,13:44,LIGHT,46,
2026-07-15,13:45,LIGHT,46,
2026-07-15,13:46,LIGHT,47,
2026-07-15,13:47,LIGHT,46,
2026-07-15,13:48,LIGHT,45,
2026-07-15,13:49,LIGHT,47,
2026-07-15,13:50,LIGHT,52,
2026-07-15,13:51,LIGHT,47,
2026-07-15,13:52,LIGHT,49,
2026-07-15,13:53,LIGHT,51,
2026-07-15,13:54,LIGHT,62,
2026-07-15,17:32,LIGHT,59,
2026-07-15,17:33,LIGHT,59,
2026-07-15,17:34,LIGHT,59,
2026-07-15,17:35,LIGHT,63,
2026-07-15,17:36,LIGHT,70,
2026-07-15,17:37,LIGHT,62,
2026-07-15,17:38,LIGHT,58,
2026-07-15,17:39,LIGHT,56,
2026-07-15,17:40,LIGHT,55,
2026-07-15,17:41,LIGHT,59,
2026-07-15,17:42,LIGHT,59,
2026-07-15,17:43,LIGHT,74,
2026-07-15,17:44,LIGHT,79,
2026-07-15,17:45,LIGHT,78,
2026-07-15,17:46,LIGHT,77,
2026-07-15,17:47,LIGHT,74,
2026-07-15,17:48,LIGHT,76,
2026-07-15,17:49,LIGHT,68,
2026-07-15,17:50,LIGHT,74,
2026-07-15,17:51,LIGHT,79,
2026-07-15,17:52,LIGHT,71,
2026-07-15,17:53,LIGHT,66,
2026-07-15,17:54,LIGHT,60,
2026-07-15,17:55,LIGHT,60,
2026-07-15,17:56,LIGHT,59,
2026-07-15,17:57,LIGHT,59,
2026-07-15,17:58,LIGHT,61,
2026-07-15,17:59,LIGHT,61,
2026-07-15,18:00,LIGHT,65,
2026-07-15,18:01,LIGHT,65,
2026-07-15,18:02,DEEP,66,
2026-07-15,18:03,DEEP,61,
2026-07-15,18:04,DEEP,61,
2026-07-15,18:05,DEEP,66,
2026-07-15,18:06,DEEP,64,
2026-07-15,18:07,DEEP,62,
2026-07-15,18:08,DEEP,62,
2026-07-15,18:09,LIGHT,62,
2026-07-15,18:10,LIGHT,62,
2026-07-15,18:11,LIGHT,67,
2026-07-15,18:12,WAKE,64,
2026-07-15,18:13,LIGHT,61,
2026-07-15,18:14,LIGHT,58,
2026-07-15,18:15,LIGHT,56,
2026-07-15,18:16,LIGHT,61,
2026-07-15,18:17,LIGHT,62,
2026-07-15,18:18,LIGHT,59,
2026-07-15,18:19,LIGHT,63,
2026-07-15,18:20,LIGHT,58,
2026-07-15,18:21,WAKE,58,
2026-07-15,18:22,LIGHT,59,
2026-07-15,18:23,LIGHT,58,
2026-07-15,18:24,LIGHT,61,
2026-07-15,18:25,LIGHT,61,
2026-07-15,18:26,LIGHT,61,
2026-07-15,18:27,LIGHT,59,
2026-07-15,18:28,LIGHT,58,
2026-07-15,18:29,LIGHT,58,
2026-07-15,18:30,LIGHT,58,
2026-07-15,18:31,LIGHT,65,
2026-07-16,06:09,LIGHT,58,
2026-07-16,06:10,LIGHT,58,
2026-07-16,06:11,LIGHT,55,
2026-07-16,06:12,LIGHT,57,
2026-07-16,06:13,LIGHT,56,
2026-07-16,06:14,LIGHT,58,
2026-07-16,06:15,LIGHT,62,
2026-07-16,06:16,LIGHT,56,
2026-07-16,06:17,LIGHT,54,
2026-07-16,06:18,LIGHT,52,
2026-07-16,06:19,LIGHT,52,
2026-07-16,06:20,LIGHT,53,
2026-07-16,06:21,LIGHT,56,
2026-07-16,06:22,LIGHT,50,
2026-07-16,06:23,DEEP,50,
2026-07-16,06:24,DEEP,50,
2026-07-16,06:25,DEEP,49,
2026-07-16,06:26,DEEP,49,
2026-07-16,06:27,DEEP,49,
2026-07-16,06:28,DEEP,50,
2026-07-16,06:29,DEEP,50,
2026-07-16,06:30,DEEP,50,
2026-07-16,06:31,LIGHT,51,
2026-07-16,06:32,LIGHT,52,
2026-07-16,06:33,LIGHT,51,
2026-07-16,06:34,WAKE,51,
2026-07-16,06:35,LIGHT,51,
2026-07-16,06:36,LIGHT,51,
2026-07-16,06:37,LIGHT,51,
2026-07-16,06:38,LIGHT,52,
2026-07-16,06:39,LIGHT,52,
2026-07-16,06:40,LIGHT,52,
2026-07-16,06:41,LIGHT,52,
2026-07-16,06:42,LIGHT,52,
2026-07-16,06:43,LIGHT,65,
2026-07-16,06:44,LIGHT,64,
2026-07-16,06:45,LIGHT,53,
2026-07-16,06:46,DEEP,51,
2026-07-16,06:47,DEEP,51,
2026-07-16,06:48,DEEP,51,
2026-07-16,06:49,DEEP,51,
2026-07-16,06:50,DEEP,50,
2026-07-16,06:51,DEEP,50,
2026-07-16,06:52,DEEP,50,
2026-07-16,06:53,LIGHT,50,
2026-07-16,06:54,LIGHT,50,
2026-07-16,06:55,LIGHT,61,
2026-07-16,06:56,LIGHT,56,
2026-07-16,06:57,LIGHT,51,
2026-07-16,06:58,DEEP,51,
2026-07-16,06:59,DEEP,51,
2026-07-16,07:00,DEEP,51,
2026-07-16,07:01,DEEP,51,
2026-07-16,07:02,DEEP,51,
2026-07-16,07:03,DEEP,50,
2026-07-16,07:04,DEEP,50,
2026-07-16,07:05,DEEP,50,
2026-07-16,07:06,DEEP,50,
2026-07-16,07:07,DEEP,50,
2026-07-16,07:08,DEEP,50,
2026-07-16,07:09,DEEP,50,
2026-07-16,07:10,DEEP,49,
2026-07-16,07:11,DEEP,49,
2026-07-16,07:12,DEEP,59,
2026-07-16,07:13,DEEP,59,
2026-07-16,07:14,DEEP,51,
2026-07-16,07:15,DEEP,47,
2026-07-16,07:16,DEEP,47,
2026-07-16,07:17,DEEP,46,
2026-07-16,07:18,DEEP,46,
2026-07-16,07:19,DEEP,46,
2026-07-16,07:20,LIGHT,46,
2026-07-16,07:21,LIGHT,51,
2026-07-16,07:22,LIGHT,63,
2026-07-16,07:23,REM,53,
2026-07-16,07:24,REM,49,
2026-07-16,07:25,REM,48,
2026-07-16,07:26,REM,47,
2026-07-16,07:27,REM,48,
2026-07-16,07:28,REM,48,
2026-07-16,07:29,REM,50,
2026-07-16,07:30,REM,50,
2026-07-16,07:31,REM,50,
2026-07-16,07:32,REM,52,
2026-07-16,07:33,REM,51,
2026-07-16,07:34,REM,51,
2026-07-16,07:35,REM,51,
2026-07-16,07:36,REM,57,
2026-07-16,07:37,REM,50,
2026-07-16,07:38,REM,51,
2026-07-16,07:39,REM,53,
2026-07-16,07:40,REM,53,
2026-07-16,07:41,REM,57,
2026-07-16,07:42,REM,51,
2026-07-16,07:43,REM,51,
2026-07-16,07:44,REM,48,
2026-07-16,07:45,REM,48,
2026-07-16,07:46,REM,48,
2026-07-16,07:47,REM,49,
2026-07-16,07:48,REM,49,
2026-07-16,07:49,REM,52,
2026-07-16,07:50,REM,52,
2026-07-16,07:51,REM,51,
2026-07-16,07:52,REM,51,
2026-07-16,07:53,REM,50,
2026-07-16,07:54,REM,52,
2026-07-16,07:55,REM,56,
2026-07-16,07:56,REM,48,
2026-07-16,07:57,LIGHT,47,
2026-07-16,07:58,LIGHT,47,
2026-07-16,07:59,LIGHT,46,
2026-07-16,08:00,LIGHT,46,
2026-07-16,08:01,LIGHT,46,
2026-07-16,08:02,LIGHT,46,
2026-07-16,08:03,LIGHT,46,
2026-07-16,08:04,LIGHT,46,
2026-07-16,08:05,LIGHT,47,
2026-07-16,08:06,LIGHT,47,
2026-07-16,08:07,LIGHT,47,
2026-07-16,08:08,LIGHT,47,
2026-07-16,08:09,LIGHT,45,
2026-07-16,08:10,LIGHT,45,
2026-07-16,08:11,LIGHT,45,
2026-07-16,08:12,LIGHT,45,
2026-07-16,08:13,LIGHT,45,
2026-07-16,08:14,LIGHT,46,
2026-07-16,08:15,LIGHT,46,
2026-07-16,08:16,DEEP,46,
2026-07-16,08:17,DEEP,46,
2026-07-16,08:18,DEEP,46,
2026-07-16,08:19,DEEP,46,
2026-07-16,08:20,DEEP,46,
2026-07-16,08:21,DEEP,45,
2026-07-16,08:22,DEEP,45,
2026-07-16,08:23,DEEP,45,
2026-07-16,08:24,DEEP,45,
2026-07-16,08:25,DEEP,46,
2026-07-16,08:26,DEEP,46,
2026-07-16,08:27,DEEP,46,
2026-07-16,08:28,DEEP,46,
2026-07-16,08:29,DEEP,46,
2026-07-16,08:30,DEEP,46,
2026-07-16,08:31,DEEP,46,
2026-07-16,08:32,DEEP,46,
2026-07-16,08:33,DEEP,46,
2026-07-16,08:34,DEEP,46,
2026-07-16,08:35,DEEP,46,
2026-07-16,08:36,DEEP,53,
2026-07-16,08:37,DEEP,47,
2026-07-16,08:38,LIGHT,46,
2026-07-16,08:39,LIGHT,46,
2026-07-16,08:40,LIGHT,48,
2026-07-16,08:41,LIGHT,48,
2026-07-16,08:42,LIGHT,48,
2026-07-16,08:43,LIGHT,48,
2026-07-16,08:44,LIGHT,48,
2026-07-16,08:45,LIGHT,48,
2026-07-16,08:46,LIGHT,48,
2026-07-16,08:47,LIGHT,47,
2026-07-16,08:48,REM,48,
2026-07-16,08:49,REM,50,
2026-07-16,08:50,REM,52,
2026-07-16,08:51,REM,54,
2026-07-16,08:52,REM,47,
2026-07-16,08:53,REM,46,
2026-07-16,08:54,REM,45,
2026-07-16,08:55,REM,44,
2026-07-16,08:56,REM,44,
2026-07-16,08:57,REM,44,
2026-07-16,08:58,REM,52,
2026-07-16,08:59,REM,46,
2026-07-16,09:00,REM,46,
2026-07-16,09:01,REM,45,
2026-07-16,09:02,REM,45,
2026-07-16,09:03,REM,45,
2026-07-16,09:04,REM,45,
2026-07-16,09:05,REM,45,
2026-07-16,09:06,REM,50,
2026-07-16,09:07,REM,51,
2026-07-16,09:08,LIGHT,48,
2026-07-16,09:09,LIGHT,48,
2026-07-16,09:10,LIGHT,49,
2026-07-16,09:11,LIGHT,49,
2026-07-16,09:12,LIGHT,49,
2026-07-16,09:13,LIGHT,49,
2026-07-16,09:14,LIGHT,49,
2026-07-16,09:15,LIGHT,49,
2026-07-16,09:16,LIGHT,49,
2026-07-16,09:17,LIGHT,49,
2026-07-16,09:18,LIGHT,49,
2026-07-16,09:19,LIGHT,49,
2026-07-16,09:20,LIGHT,49,
2026-07-16,09:21,LIGHT,48,
2026-07-16,09:22,LIGHT,48,
2026-07-16,09:23,LIGHT,49,
2026-07-16,09:24,LIGHT,49,
2026-07-16,09:25,LIGHT,49,
2026-07-16,09:26,LIGHT,49,
2026-07-16,09:27,LIGHT,49,
2026-07-16,09:28,LIGHT,49,
2026-07-16,09:29,LIGHT,49,
2026-07-16,09:30,LIGHT,49,
2026-07-16,09:31,LIGHT,49,
2026-07-16,09:32,LIGHT,56,
2026-07-16,09:33,LIGHT,61,
2026-07-16,09:34,LIGHT,52,
2026-07-16,09:35,LIGHT,49,
2026-07-16,09:36,LIGHT,47,
2026-07-16,09:37,LIGHT,47,
2026-07-16,09:38,LIGHT,47,
2026-07-16,09:39,LIGHT,47,
2026-07-16,09:40,LIGHT,47,
2026-07-16,09:41,LIGHT,47,
2026-07-16,09:42,LIGHT,47,
2026-07-16,09:43,LIGHT,47,
2026-07-16,09:44,LIGHT,49,
2026-07-16,09:45,LIGHT,58,
2026-07-16,09:46,LIGHT,55,
2026-07-16,09:47,LIGHT,49,
2026-07-16,09:48,LIGHT,46,
2026-07-16,09:49,LIGHT,46,
2026-07-16,09:50,LIGHT,47,
2026-07-16,09:51,LIGHT,47,
2026-07-16,09:52,LIGHT,47,
2026-07-16,09:53,LIGHT,51,
2026-07-16,09:54,LIGHT,55,
2026-07-16,09:55,LIGHT,49,
2026-07-16,09:56,LIGHT,47,
2026-07-16,09:57,LIGHT,48,
2026-07-16,09:58,LIGHT,51,
2026-07-16,09:59,LIGHT,51,
2026-07-16,10:00,LIGHT,49,
2026-07-16,10:01,LIGHT,48,
2026-07-16,10:02,LIGHT,48,
2026-07-16,10:03,LIGHT,48,
2026-07-16,10:04,LIGHT,48,
2026-07-16,10:05,LIGHT,48,
2026-07-16,10:06,LIGHT,48,
2026-07-16,10:07,LIGHT,48,
2026-07-16,10:08,LIGHT,48,
2026-07-16,10:09,LIGHT,48,
2026-07-16,10:10,LIGHT,49,
2026-07-16,10:11,LIGHT,50,
2026-07-16,10:12,LIGHT,51,
2026-07-16,10:13,LIGHT,53,
2026-07-16,10:14,LIGHT,53,
2026-07-16,10:15,LIGHT,54,
2026-07-16,10:16,LIGHT,59,
2026-07-16,10:17,REM,58,
2026-07-16,10:18,REM,55,
2026-07-16,10:19,REM,50,
2026-07-16,10:20,REM,50,
2026-07-16,10:21,REM,51,
2026-07-16,10:22,REM,51,
2026-07-16,10:23,REM,51,
2026-07-16,10:24,REM,51,
2026-07-16,10:25,REM,52,
2026-07-16,10:26,REM,51,
2026-07-16,10:27,REM,50,
2026-07-16,10:28,REM,48,
2026-07-16,10:29,REM,48,
2026-07-16,10:30,REM,50,
2026-07-16,10:31,REM,56,
2026-07-16,10:32,REM,59,
2026-07-16,10:33,REM,49,
2026-07-16,10:34,REM,49,
2026-07-16,10:35,REM,48,
2026-07-16,10:36,REM,47,
2026-07-16,10:37,REM,47,
2026-07-16,10:38,REM,47,
2026-07-16,10:39,REM,46,
2026-07-16,10:40,REM,46,
2026-07-16,10:41,REM,46,
2026-07-16,10:42,REM,53,
2026-07-16,10:43,REM,47,
2026-07-16,10:44,REM,47,
2026-07-16,10:45,REM,44,
2026-07-16,10:46,REM,44,
2026-07-16,10:47,REM,44,
2026-07-16,10:48,REM,45,
2026-07-16,10:49,REM,45,
2026-07-16,10:50,REM,45,
2026-07-16,10:51,REM,44,
2026-07-16,10:52,REM,49,
2026-07-16,10:53,REM,55,
2026-07-16,10:54,REM,56,
2026-07-16,10:55,REM,50,
2026-07-16,10:56,REM,48,
2026-07-16,10:57,REM,48,
2026-07-16,10:58,REM,48,
2026-07-16,10:59,LIGHT,49,
2026-07-16,11:00,LIGHT,49,
2026-07-16,11:01,LIGHT,49,
2026-07-16,11:02,LIGHT,49,
2026-07-16,11:03,LIGHT,53,
2026-07-16,11:04,LIGHT,47,
2026-07-16,11:05,LIGHT,47,
2026-07-16,11:06,LIGHT,47,
2026-07-16,11:07,LIGHT,47,
2026-07-16,11:08,LIGHT,47,
2026-07-16,11:09,LIGHT,47,
2026-07-16,11:10,LIGHT,47,
2026-07-16,11:11,LIGHT,49,
2026-07-16,11:12,LIGHT,47,
2026-07-16,11:13,LIGHT,47,
2026-07-16,11:14,LIGHT,47,
2026-07-16,11:15,LIGHT,47,
2026-07-16,11:16,LIGHT,47,
2026-07-16,11:17,LIGHT,47,
2026-07-16,11:18,LIGHT,47,
2026-07-16,11:19,LIGHT,47,
2026-07-16,11:20,LIGHT,47,
2026-07-16,11:21,LIGHT,47,
2026-07-16,11:22,LIGHT,47,
2026-07-16,11:23,LIGHT,47,
2026-07-16,11:24,LIGHT,47,
2026-07-16,11:25,LIGHT,47,
2026-07-16,11:26,LIGHT,47,
2026-07-16,11:27,LIGHT,47,
2026-07-16,11:28,DEEP,47,
2026-07-16,11:29,DEEP,47,
2026-07-16,11:30,DEEP,47,
2026-07-16,11:31,DEEP,47,
2026-07-16,11:32,DEEP,48,
2026-07-16,11:33,DEEP,50,
2026-07-16,11:34,DEEP,59,
2026-07-16,11:35,DEEP,53,
2026-07-16,11:36,DEEP,47,
2026-07-16,11:37,DEEP,46,
2026-07-16,11:38,DEEP,46,
2026-07-16,11:39,DEEP,46,
2026-07-16,11:40,DEEP,46,
2026-07-16,11:41,DEEP,46,
2026-07-16,11:42,DEEP,51,
2026-07-16,11:43,DEEP,47,
2026-07-16,11:44,DEEP,45,
2026-07-16,11:45,DEEP,45,
2026-07-16,11:46,DEEP,50,
2026-07-16,11:47,DEEP,47,
2026-07-16,11:48,LIGHT,52,
2026-07-16,11:49,LIGHT,50,
2026-07-16,11:50,LIGHT,47,
2026-07-16,11:51,LIGHT,46,
2026-07-16,11:52,LIGHT,52,
2026-07-16,11:53,LIGHT,49,
2026-07-16,11:54,LIGHT,45,
2026-07-16,11:55,LIGHT,46,
2026-07-16,11:56,LIGHT,47,
2026-07-16,11:57,LIGHT,47,
2026-07-16,11:58,LIGHT,48,
2026-07-16,11:59,LIGHT,48,
2026-07-16,12:00,LIGHT,50,
2026-07-16,12:01,LIGHT,50,
2026-07-16,12:02,LIGHT,52,
2026-07-16,12:03,LIGHT,49,
2026-07-16,12:04,REM,49,
2026-07-16,12:05,REM,49,
2026-07-16,12:06,REM,50,
2026-07-16,12:07,REM,51,
2026-07-16,12:08,REM,50,
2026-07-16,12:09,REM,52,
2026-07-16,12:10,REM,48,
2026-07-16,12:11,REM,47,
2026-07-16,12:12,REM,47,
2026-07-16,12:13,REM,47,
2026-07-16,12:14,REM,47,
2026-07-16,12:15,REM,47,
2026-07-16,12:16,REM,48,
2026-07-16,12:17,REM,50,
2026-07-16,12:18,REM,49,
2026-07-16,12:19,REM,48,
2026-07-16,12:20,REM,58,
2026-07-16,12:21,REM,51,
2026-07-16,12:22,REM,51,
2026-07-16,12:23,REM,51,
2026-07-16,12:24,LIGHT,51,
2026-07-16,12:25,LIGHT,51,
2026-07-16,12:26,LIGHT,50,
2026-07-16,12:27,WAKE,50,
2026-07-16,12:28,LIGHT,50,
2026-07-16,12:29,LIGHT,51,
2026-07-16,12:30,LIGHT,50,
2026-07-16,12:31,LIGHT,51,
2026-07-16,12:32,LIGHT,51,
2026-07-16,12:33,LIGHT,51,
2026-07-16,12:34,LIGHT,51,
2026-07-16,12:35,LIGHT,51,
2026-07-16,12:36,LIGHT,51,
2026-07-16,12:37,LIGHT,51,
2026-07-16,12:38,LIGHT,65,
2026-07-16,12:39,LIGHT,54,
2026-07-16,12:40,LIGHT,55,
2026-07-16,12:41,LIGHT,52,
2026-07-16,12:42,LIGHT,49,
2026-07-16,12:43,LIGHT,49,
2026-07-16,12:44,LIGHT,48,
2026-07-16,12:45,LIGHT,48,
2026-07-16,12:46,LIGHT,48,
2026-07-16,12:47,LIGHT,49,
2026-07-16,12:48,LIGHT,49,
2026-07-16,12:49,LIGHT,49,
2026-07-16,12:50,LIGHT,49,
2026-07-16,12:51,LIGHT,49,
2026-07-16,12:52,LIGHT,50,
2026-07-16,12:53,LIGHT,50,
2026-07-16,12:54,LIGHT,50,
2026-07-16,12:55,LIGHT,50,
2026-07-16,12:56,LIGHT,50,
2026-07-16,12:57,LIGHT,51,
2026-07-16,12:58,LIGHT,51,
2026-07-16,12:59,LIGHT,52,
2026-07-16,13:00,LIGHT,52,
2026-07-16,13:01,LIGHT,52,
2026-07-16,13:02,LIGHT,52,
2026-07-16,13:03,LIGHT,52,
2026-07-16,13:04,LIGHT,50,
2026-07-16,13:05,DEEP,50,
2026-07-16,13:06,DEEP,50,
2026-07-16,13:07,DEEP,50,
2026-07-16,13:08,DEEP,50,
2026-07-16,13:09,DEEP,50,
2026-07-16,13:10,DEEP,61,
2026-07-16,13:11,DEEP,53,
2026-07-16,13:12,DEEP,54,
2026-07-16,13:13,DEEP,65,
2026-07-16,13:14,DEEP,70,
2026-07-16,13:15,DEEP,70,
2026-07-16,13:16,DEEP,68,
2026-07-16,13:17,DEEP,70,
2026-07-16,13:18,DEEP,64,
2026-07-16,13:19,DEEP,68,
2026-07-16,13:20,DEEP,72,
2026-07-16,13:21,LIGHT,70,
2026-07-16,13:22,LIGHT,66,
2026-07-16,13:23,LIGHT,69,
2026-07-16,13:24,LIGHT,82,
2026-07-16,13:25,LIGHT,76,
2026-07-16,13:26,LIGHT,68,
2026-07-16,13:27,LIGHT,64,
2026-07-16,13:28,LIGHT,66,
2026-07-16,13:29,LIGHT,70,
2026-07-16,13:30,LIGHT,67,
2026-07-16,13:31,LIGHT,61,
2026-07-16,13:32,LIGHT,61,
2026-07-16,13:33,LIGHT,61,
2026-07-16,13:34,LIGHT,63,
2026-07-16,13:35,LIGHT,63,
2026-07-16,13:36,LIGHT,63,
2026-07-16,13:37,LIGHT,62,
2026-07-16,13:38,LIGHT,63,
2026-07-16,13:39,WAKE,60,
2026-07-16,13:40,LIGHT,57,
2026-07-16,13:41,LIGHT,67,
2026-07-16,13:42,LIGHT,61,
2026-07-16,13:43,LIGHT,76,
2026-07-16,13:44,LIGHT,65,
2026-07-16,13:45,LIGHT,65,
2026-07-16,13:46,LIGHT,62,
2026-07-16,13:47,REM,64,
2026-07-16,13:48,REM,63,
2026-07-16,13:49,REM,61,
2026-07-16,13:50,LIGHT,67,
2026-07-16,13:51,LIGHT,71,
2026-07-16,13:52,LIGHT,66,
2026-07-16,13:53,LIGHT,61,
2026-07-16,13:54,LIGHT,71,
2026-07-17,04:51,LIGHT,48,
2026-07-17,04:52,LIGHT,48,
2026-07-17,04:53,LIGHT,48,
2026-07-17,04:54,LIGHT,48,
2026-07-17,04:55,LIGHT,54,
2026-07-17,04:56,LIGHT,51,
2026-07-17,04:57,LIGHT,50,
2026-07-17,04:58,LIGHT,46,
2026-07-17,04:59,LIGHT,43,
2026-07-17,05:00,LIGHT,45,
2026-07-17,05:01,LIGHT,45,
2026-07-17,05:02,LIGHT,45,
2026-07-17,05:03,LIGHT,45,
2026-07-17,05:04,DEEP,45,
2026-07-17,05:05,DEEP,44,
2026-07-17,05:06,DEEP,44,
2026-07-17,05:07,DEEP,44,
2026-07-17,05:08,DEEP,44,
2026-07-17,05:09,DEEP,47,
2026-07-17,05:10,DEEP,55,
2026-07-17,05:11,DEEP,50,
2026-07-17,05:12,DEEP,51,
2026-07-17,05:13,DEEP,47,
2026-07-17,05:14,DEEP,45,
2026-07-17,05:15,DEEP,45,
2026-07-17,05:16,LIGHT,46,
2026-07-17,05:17,LIGHT,47,
2026-07-17,05:18,LIGHT,47,
2026-07-17,05:19,LIGHT,47,
2026-07-17,05:20,DEEP,46,
2026-07-17,05:21,DEEP,47,
2026-07-17,05:22,DEEP,46,
2026-07-17,05:23,DEEP,46,
2026-07-17,05:24,DEEP,46,
2026-07-17,05:25,DEEP,48,
2026-07-17,05:26,DEEP,50,
2026-07-17,05:27,DEEP,49,
2026-07-17,05:28,DEEP,48,
2026-07-17,05:29,DEEP,54,
2026-07-17,05:30,DEEP,54,
2026-07-17,05:31,DEEP,50,
2026-07-17,05:32,DEEP,49,
2026-07-17,05:33,DEEP,47,
2026-07-17,05:34,DEEP,47,
2026-07-17,05:35,DEEP,46,
2026-07-17,05:36,DEEP,46,
2026-07-17,05:37,DEEP,46,
2026-07-17,05:38,DEEP,47,
2026-07-17,05:39,DEEP,47,
2026-07-17,05:40,DEEP,47,
2026-07-17,05:41,DEEP,47,
2026-07-17,05:42,DEEP,47,
2026-07-17,05:43,DEEP,47,
2026-07-17,05:44,DEEP,48,
2026-07-17,05:45,DEEP,48,
2026-07-17,05:46,DEEP,46,
2026-07-17,05:47,DEEP,45,
2026-07-17,05:48,DEEP,45,
2026-07-17,05:49,DEEP,45,
2026-07-17,05:50,DEEP,45,
2026-07-17,05:51,DEEP,45,
2026-07-17,05:52,DEEP,45,
2026-07-17,05:53,DEEP,45,
2026-07-17,05:54,DEEP,45,
2026-07-17,05:55,DEEP,56,
2026-07-17,05:56,DEEP,54,
2026-07-17,05:57,DEEP,48,
2026-07-17,05:58,DEEP,47,
2026-07-17,05:59,DEEP,47,
2026-07-17,06:00,LIGHT,56,
2026-07-17,06:01,LIGHT,56,
2026-07-17,06:02,LIGHT,51,
2026-07-17,06:03,LIGHT,48,
2026-07-17,06:04,LIGHT,47,
2026-07-17,06:05,LIGHT,47,
2026-07-17,06:06,REM,47,
2026-07-17,06:07,REM,47,
2026-07-17,06:08,REM,48,
2026-07-17,06:09,REM,48,
2026-07-17,06:10,REM,58,
2026-07-17,06:11,REM,56,
2026-07-17,06:12,REM,51,
2026-07-17,06:13,REM,50,
2026-07-17,06:14,REM,50,
2026-07-17,06:15,REM,55,
2026-07-17,06:16,REM,50,
2026-07-17,06:17,REM,47,
2026-07-17,06:18,REM,49,
2026-07-17,06:19,REM,47,
2026-07-17,06:20,REM,49,
2026-07-17,06:21,REM,47,
2026-07-17,06:22,LIGHT,47,
2026-07-17,06:23,LIGHT,47,
2026-07-17,06:24,LIGHT,46,
2026-07-17,06:25,LIGHT,46,
2026-07-17,06:26,LIGHT,52,
2026-07-17,06:27,LIGHT,57,
2026-07-17,06:28,LIGHT,64,
2026-07-17,06:29,LIGHT,63,
2026-07-17,06:30,LIGHT,63,
2026-07-17,06:31,LIGHT,60,
2026-07-17,06:32,LIGHT,60,
2026-07-17,06:33,LIGHT,60,
2026-07-17,06:34,LIGHT,57,
2026-07-17,06:35,LIGHT,55,
2026-07-17,06:36,LIGHT,57,
2026-07-17,06:37,LIGHT,60,
2026-07-17,06:38,LIGHT,57,
2026-07-17,06:39,LIGHT,60,
2026-07-17,06:40,LIGHT,73,
2026-07-17,06:41,LIGHT,76,
2026-07-17,06:42,LIGHT,77,
2026-07-17,06:43,LIGHT,77,
2026-07-17,06:44,WAKE,81,
2026-07-17,06:45,WAKE,70,
2026-07-17,06:46,LIGHT,72,
2026-07-17,06:47,LIGHT,76,
2026-07-17,06:48,LIGHT,77,
2026-07-17,06:49,LIGHT,74,
2026-07-17,06:50,LIGHT,72,
2026-07-17,06:51,LIGHT,69,
2026-07-17,06:52,LIGHT,68,
2026-07-17,06:53,LIGHT,75,
2026-07-17,06:54,LIGHT,59,
2026-07-17,06:55,LIGHT,59,
2026-07-17,06:56,LIGHT,56,
2026-07-17,06:57,LIGHT,54,
2026-07-17,06:58,LIGHT,56,
2026-07-17,06:59,LIGHT,56,
2026-07-17,07:00,LIGHT,57,
2026-07-17,07:01,LIGHT,64,
2026-07-17,07:02,LIGHT,60,
2026-07-17,07:03,LIGHT,60,
2026-07-17,07:04,LIGHT,60,
2026-07-17,07:05,LIGHT,60,
2026-07-17,07:06,LIGHT,65,
2026-07-17,07:07,LIGHT,70,
2026-07-17,07:08,LIGHT,62,
2026-07-17,07:09,LIGHT,62,
2026-07-17,07:10,LIGHT,70,
2026-07-17,07:11,LIGHT,75,
2026-07-17,07:12,LIGHT,80,
2026-07-17,07:13,LIGHT,80,
2026-07-17,07:14,WAKE,83,
2026-07-17,07:15,LIGHT,84,
2026-07-17,07:16,LIGHT,80,
2026-07-17,07:17,LIGHT,78,
2026-07-17,07:18,LIGHT,75,
2026-07-17,07:19,LIGHT,79,
2026-07-17,07:20,LIGHT,85,
2026-07-17,07:21,LIGHT,88,
2026-07-17,07:22,LIGHT,84,
2026-07-17,07:23,WAKE,81,
2026-07-17,07:24,LIGHT,79,
2026-07-17,07:25,LIGHT,83,
2026-07-17,07:26,LIGHT,86,
2026-07-17,07:27,LIGHT,93,
2026-07-17,07:28,LIGHT,86,
2026-07-17,07:29,LIGHT,78,
2026-07-17,07:30,LIGHT,70,
2026-07-17,07:31,REM,65,
2026-07-17,07:32,REM,62,
2026-07-17,07:33,REM,65,
2026-07-17,07:34,REM,63,
2026-07-17,07:35,REM,64,
2026-07-17,07:36,REM,63,
2026-07-17,07:37,REM,65,
2026-07-17,07:38,REM,67,
2026-07-17,07:39,REM,71,
2026-07-17,07:40,REM,70,
2026-07-17,07:41,REM,72,
2026-07-17,07:42,REM,71,
2026-07-17,07:43,REM,73,
2026-07-17,07:44,REM,70,
2026-07-17,07:45,REM,70,
2026-07-17,07:46,REM,66,
2026-07-17,07:47,REM,72,
2026-07-17,07:48,REM,84,
2026-07-17,07:49,REM,84,
2026-07-17,07:50,REM,82,
2026-07-17,07:51,REM,84,
2026-07-17,07:52,REM,94,
2026-07-17,07:53,REM,117,
2026-07-17,07:54,REM,132,
2026-07-17,07:55,REM,139,
2026-07-17,07:56,REM,142,
2026-07-17,07:57,LIGHT,144,
2026-07-17,07:58,LIGHT,149,
2026-07-17,07:59,LIGHT,152,
2026-07-17,08:00,LIGHT,155,
2026-07-17,08:01,LIGHT,155,
2026-07-17,08:02,LIGHT,155,
2026-07-17,08:03,LIGHT,156,
2026-07-17,08:04,LIGHT,158,
2026-07-17,08:05,LIGHT,159,
2026-07-17,08:06,LIGHT,157,
2026-07-17,08:07,LIGHT,156,
2026-07-17,08:08,LIGHT,155,
2026-07-17,08:09,LIGHT,155,
2026-07-17,08:10,LIGHT,156,
2026-07-17,08:11,LIGHT,161,
2026-07-17,08:12,LIGHT,158,
2026-07-17,08:13,LIGHT,158,
2026-07-17,08:14,LIGHT,158,
2026-07-17,08:15,LIGHT,158,
2026-07-17,08:16,LIGHT,159,
2026-07-17,08:17,LIGHT,159,
2026-07-17,08:18,LIGHT,159,
2026-07-17,08:19,DEEP,161,
2026-07-17,08:20,DEEP,163,
2026-07-17,08:21,DEEP,163,
2026-07-17,08:22,DEEP,163,
2026-07-17,08:23,DEEP,146,
2026-07-17,08:24,DEEP,125,
2026-07-17,08:25,DEEP,116,
2026-07-17,08:26,DEEP,110,
2026-07-17,08:27,DEEP,106,
2026-07-17,08:28,DEEP,107,
2026-07-17,08:29,DEEP,99,
2026-07-17,08:30,DEEP,101,
2026-07-17,08:31,DEEP,97,
2026-07-17,08:32,DEEP,96,
2026-07-17,08:33,DEEP,111,
2026-07-17,08:34,DEEP,136,
2026-07-17,08:35,DEEP,147,
2026-07-17,08:36,DEEP,154,
2026-07-17,08:37,LIGHT,161,
2026-07-17,08:38,LIGHT,163,
2026-07-17,08:39,LIGHT,164,
2026-07-17,08:40,LIGHT,165,
2026-07-17,08:41,LIGHT,167,
2026-07-17,08:42,LIGHT,168,
2026-07-17,08:43,LIGHT,168,
2026-07-17,08:44,LIGHT,166,
2026-07-17,08:45,LIGHT,168,
2026-07-17,08:46,LIGHT,169,
2026-07-17,08:47,LIGHT,171,
2026-07-17,08:48,LIGHT,173,
2026-07-17,08:49,LIGHT,167,
2026-07-17,08:50,LIGHT,145,
2026-07-17,08:51,LIGHT,134,
2026-07-17,08:52,LIGHT,131,
2026-07-17,08:53,LIGHT,147,
2026-07-17,08:54,LIGHT,159,
2026-07-17,08:55,LIGHT,163,
2026-07-17,08:56,LIGHT,169,
2026-07-17,08:57,LIGHT,172,
2026-07-17,08:58,LIGHT,174,
2026-07-17,08:59,LIGHT,176,
2026-07-17,09:00,LIGHT,174,
2026-07-17,09:01,LIGHT,175,
2026-07-17,09:02,LIGHT,177,
2026-07-17,09:03,LIGHT,178,
2026-07-17,09:04,LIGHT,184,
2026-07-17,09:05,LIGHT,177,
2026-07-17,09:06,LIGHT,166,
2026-07-17,09:07,LIGHT,156,
2026-07-17,09:08,LIGHT,140,
2026-07-17,09:09,LIGHT,122,
2026-07-17,09:10,LIGHT,114,
2026-07-17,09:11,LIGHT,110,
2026-07-17,09:12,LIGHT,107,
2026-07-17,09:13,LIGHT,104,
2026-07-17,09:14,LIGHT,104,
2026-07-17,09:15,LIGHT,101,
2026-07-17,09:16,LIGHT,104,
2026-07-17,09:17,LIGHT,100,
2026-07-17,09:18,LIGHT,100,
2026-07-17,09:19,LIGHT,102,
2026-07-17,09:20,LIGHT,116,
2026-07-17,09:21,LIGHT,103,
2026-07-17,09:22,LIGHT,98,
2026-07-17,09:23,LIGHT,97,
2026-07-17,09:24,LIGHT,92,
2026-07-17,09:25,LIGHT,94,
2026-07-17,09:26,LIGHT,97,
2026-07-17,09:27,LIGHT,91,
2026-07-17,09:28,LIGHT,93,
2026-07-17,09:29,LIGHT,92,
2026-07-17,09:30,LIGHT,90,
2026-07-17,09:31,DEEP,89,
2026-07-17,09:32,DEEP,88,
2026-07-17,09:33,LIGHT,88,
2026-07-17,09:34,LIGHT,89,
2026-07-17,09:35,LIGHT,87,
2026-07-17,09:36,LIGHT,93,
2026-07-17,09:37,LIGHT,93,
2026-07-17,09:38,LIGHT,99,
2026-07-17,09:39,LIGHT,100,
2026-07-17,09:40,LIGHT,95,
2026-07-17,09:41,LIGHT,97,
2026-07-17,09:42,LIGHT,93,
2026-07-17,09:43,LIGHT,93,
2026-07-17,09:44,LIGHT,94,
2026-07-17,09:45,LIGHT,91,
2026-07-17,09:46,LIGHT,87,
2026-07-17,09:47,LIGHT,89,
2026-07-17,09:48,LIGHT,87,
2026-07-17,09:49,LIGHT,84,
2026-07-17,09:50,LIGHT,85,
2026-07-17,09:51,LIGHT,83,
2026-07-17,09:52,LIGHT,81,
2026-07-17,09:53,LIGHT,81,
2026-07-17,09:54,LIGHT,83,
2026-07-17,09:55,LIGHT,97,
2026-07-17,09:56,LIGHT,102,
2026-07-17,09:57,LIGHT,95,
2026-07-17,09:58,LIGHT,88,
2026-07-17,09:59,LIGHT,85,
2026-07-17,10:00,LIGHT,86,
2026-07-17,10:01,LIGHT,84,
2026-07-17,10:02,LIGHT,85,
2026-07-17,10:03,LIGHT,85,
2026-07-17,10:04,LIGHT,84,
2026-07-17,10:05,LIGHT,83,
2026-07-17,10:06,LIGHT,83,
2026-07-17,10:07,LIGHT,83,
2026-07-17,10:08,LIGHT,82,
2026-07-17,10:09,LIGHT,82,
2026-07-17,10:10,LIGHT,85,
2026-07-17,10:11,REM,85,
2026-07-17,10:12,REM,83,
2026-07-17,10:13,REM,81,
2026-07-17,10:14,REM,81,
2026-07-17,10:15,REM,78,
2026-07-17,10:16,REM,83,
2026-07-17,10:17,REM,83,
2026-07-17,10:18,REM,83,
2026-07-17,10:19,REM,78,
2026-07-17,10:20,REM,81,
2026-07-17,10:21,REM,79,
2026-07-17,10:22,REM,79,
2026-07-17,10:23,REM,78,
2026-07-17,10:24,REM,76,
2026-07-17,10:25,REM,76,
2026-07-17,10:26,REM,84,
2026-07-17,10:27,REM,97,
2026-07-17,10:28,REM,98,
2026-07-17,10:29,REM,101,
2026-07-17,10:30,REM,91,
2026-07-17,10:31,REM,80,
2026-07-17,10:32,REM,81,
2026-07-17,10:33,REM,83,
2026-07-17,10:34,REM,77,
2026-07-17,10:35,REM,77,
2026-07-17,10:36,REM,75,
2026-07-17,10:37,REM,75,
2026-07-17,10:38,REM,72,
2026-07-17,10:39,REM,71,
2026-07-17,10:40,REM,73,
2026-07-17,10:41,REM,73,
2026-07-17,10:42,REM,71,
2026-07-17,10:43,REM,73,
2026-07-17,10:44,REM,75,
2026-07-17,10:45,LIGHT,73,
2026-07-17,10:46,LIGHT,75,
2026-07-17,10:47,LIGHT,71,
2026-07-17,10:48,LIGHT,72,
2026-07-17,10:49,LIGHT,77,
2026-07-17,10:50,LIGHT,85,
2026-07-17,10:51,LIGHT,81,
2026-07-17,10:52,LIGHT,73,
2026-07-17,10:53,LIGHT,73,
2026-07-17,10:54,WAKE,79,
2026-07-17,10:55,WAKE,82,
2026-07-17,10:56,LIGHT,76,
2026-07-17,10:57,LIGHT,77,
2026-07-17,10:58,LIGHT,78,
2026-07-17,10:59,LIGHT,80,
2026-07-17,11:00,LIGHT,81,
2026-07-17,11:01,LIGHT,81,
2026-07-17,11:02,LIGHT,78,
2026-07-17,11:03,LIGHT,81,
2026-07-17,11:04,LIGHT,,
2026-07-17,11:05,LIGHT,,
2026-07-17,11:06,LIGHT,,
2026-07-17,11:07,LIGHT,,
2026-07-17,11:08,LIGHT,,
2026-07-17,11:09,LIGHT,,
2026-07-17,11:10,LIGHT,,
2026-07-17,11:11,LIGHT,,
2026-07-17,11:12,LIGHT,,
2026-07-17,11:13,LIGHT,,
2026-07-17,11:14,LIGHT,,
2026-07-17,11:15,LIGHT,,
2026-07-17,11:16,LIGHT,,
2026-07-17,11:17,LIGHT,,
2026-07-17,11:18,LIGHT,,
2026-07-17,11:19,LIGHT,,
2026-07-17,11:20,LIGHT,,
2026-07-17,11:21,LIGHT,,
2026-07-17,11:22,LIGHT,,
2026-07-17,11:23,LIGHT,,
2026-07-17,11:24,DEEP,,
2026-07-17,11:25,DEEP,,
2026-07-17,11:26,DEEP,,
2026-07-17,11:27,DEEP,,
2026-07-17,11:28,DEEP,,
2026-07-17,11:29,DEEP,,
2026-07-17,11:30,DEEP,,
2026-07-17,11:31,DEEP,,
2026-07-17,11:32,LIGHT,,
2026-07-17,11:33,LIGHT,,
2026-07-17,11:34,LIGHT,,
2026-07-17,11:35,WAKE,,
2026-07-17,11:36,LIGHT,,
2026-07-17,11:37,LIGHT,,
2026-07-17,11:38,LIGHT,,
2026-07-17,11:39,LIGHT,,
2026-07-17,11:40,LIGHT,,
2026-07-17,11:41,LIGHT,,
2026-07-17,11:42,LIGHT,,
2026-07-17,11:43,LIGHT,,
2026-07-17,11:44,LIGHT,,
2026-07-17,11:45,LIGHT,,
2026-07-17,11:46,LIGHT,,
2026-07-17,11:47,LIGHT,,
2026-07-17,11:48,LIGHT,,
2026-07-17,11:49,LIGHT,,
2026-07-17,11:50,LIGHT,,
2026-07-17,11:51,LIGHT,,
2026-07-17,11:52,REM,,
2026-07-17,11:53,REM,,
2026-07-17,11:54,REM,,
2026-07-17,11:55,REM,,
2026-07-17,11:56,REM,,
2026-07-17,11:57,REM,,
2026-07-17,11:58,REM,,
2026-07-17,11:59,REM,,
2026-07-17,12:00,REM,,
2026-07-17,12:01,REM,,
2026-07-17,12:02,REM,,
2026-07-17,12:03,REM,,
2026-07-17,12:04,REM,,
2026-07-17,12:05,REM,,
2026-07-17,12:06,REM,,
2026-07-17,12:07,REM,,
2026-07-17,12:08,REM,,
2026-07-17,12:09,REM,,
2026-07-17,12:10,REM,,
2026-07-17,12:11,REM,,
2026-07-17,12:12,REM,,
2026-07-17,12:13,REM,,
2026-07-17,12:14,REM,,
2026-07-17,12:15,REM,,
2026-07-17,12:16,REM,,
2026-07-17,12:17,REM,,
2026-07-17,12:18,REM,,
2026-07-17,12:19,REM,,
2026-07-17,12:20,REM,88,
2026-07-17,12:21,REM,67,
2026-07-17,12:22,REM,63,
2026-07-17,12:23,REM,62,
2026-07-17,12:24,REM,57,
2026-07-17,12:25,REM,58,
2026-07-17,12:26,REM,58,
2026-07-17,12:27,REM,55,
2026-07-17,12:28,LIGHT,55,
2026-07-17,12:29,LIGHT,59,
2026-07-17,12:30,LIGHT,60,
2026-07-17,12:31,LIGHT,53,
2026-07-17,12:32,LIGHT,52,
2026-07-17,12:33,LIGHT,64,
2026-07-17,12:34,LIGHT,59,
2026-07-17,12:35,LIGHT,,
2026-07-17,12:36,LIGHT,,
2026-07-17,12:37,LIGHT,,
2026-07-17,12:38,LIGHT,,
2026-07-17,12:39,WAKE,,
2026-07-17,12:40,LIGHT,,
2026-07-17,12:41,LIGHT,,
2026-07-17,12:42,LIGHT,,
2026-07-17,12:43,LIGHT,59,
2026-07-17,12:44,LIGHT,,
2026-07-17,12:45,LIGHT,,
2026-07-17,12:46,LIGHT,,
2026-07-17,12:47,LIGHT,,
2026-07-17,12:48,LIGHT,,
2026-07-17,12:49,LIGHT,,
2026-07-17,12:50,LIGHT,,
2026-07-17,12:51,LIGHT,,
2026-07-17,12:52,LIGHT,,
2026-07-17,12:53,LIGHT,,
2026-07-17,12:54,LIGHT,,
2026-07-17,12:55,LIGHT,,
2026-07-17,12:56,LIGHT,,
2026-07-17,12:57,LIGHT,,
2026-07-17,12:58,LIGHT,,
2026-07-17,12:59,LIGHT,,
2026-07-17,13:00,LIGHT,,
2026-07-17,13:01,LIGHT,,
2026-07-17,13:02,LIGHT,,
2026-07-17,13:03,LIGHT,,
2026-07-17,13:04,LIGHT,60,
2026-07-17,13:05,LIGHT,52,
2026-07-17,13:06,LIGHT,49,
2026-07-17,13:07,LIGHT,48,
2026-07-17,13:08,LIGHT,48,
2026-07-17,13:09,LIGHT,48,
2026-07-17,13:10,LIGHT,50,
2026-07-18,02:28,LIGHT,53,
2026-07-18,02:29,LIGHT,51,
2026-07-18,02:30,LIGHT,51,
2026-07-18,02:31,LIGHT,51,
2026-07-18,02:32,LIGHT,51,
2026-07-18,02:33,LIGHT,58,
2026-07-18,02:34,LIGHT,63,
2026-07-18,02:35,LIGHT,60,
2026-07-18,02:36,LIGHT,59,
2026-07-18,02:37,LIGHT,61,
2026-07-18,02:38,LIGHT,63,
2026-07-18,02:39,DEEP,57,
2026-07-18,02:40,DEEP,56,
2026-07-18,02:41,DEEP,57,
2026-07-18,02:42,DEEP,59,
2026-07-18,02:43,DEEP,57,
2026-07-18,02:44,DEEP,60,
2026-07-18,02:45,DEEP,62,
2026-07-18,02:46,DEEP,62,
2026-07-18,02:47,DEEP,63,
2026-07-18,02:48,DEEP,60,
2026-07-18,02:49,DEEP,58,
2026-07-18,02:50,DEEP,54,
2026-07-18,02:51,DEEP,54,
2026-07-18,02:52,DEEP,51,
2026-07-18,02:53,DEEP,50,
2026-07-18,02:54,DEEP,50,
2026-07-18,02:55,DEEP,51,
2026-07-18,02:56,DEEP,57,
2026-07-18,02:57,DEEP,51,
2026-07-18,02:58,DEEP,51,
2026-07-18,02:59,DEEP,48,
2026-07-18,03:00,DEEP,50,
2026-07-18,03:01,DEEP,51,
2026-07-18,03:02,DEEP,51,
2026-07-18,03:03,DEEP,51,
2026-07-18,03:04,DEEP,54,
2026-07-18,03:05,DEEP,55,
2026-07-18,03:06,DEEP,57,
2026-07-18,03:07,DEEP,56,
2026-07-18,03:08,DEEP,51,
2026-07-18,03:09,DEEP,53,
2026-07-18,03:10,DEEP,60,
2026-07-18,03:11,DEEP,61,
2026-07-18,03:12,DEEP,57,
2026-07-18,03:13,DEEP,57,
2026-07-18,03:14,DEEP,54,
2026-07-18,03:15,DEEP,51,
2026-07-18,03:16,DEEP,48,
2026-07-18,03:17,DEEP,48,
2026-07-18,03:18,DEEP,49,
2026-07-18,03:19,DEEP,49,
2026-07-18,03:20,DEEP,50,
2026-07-18,03:21,LIGHT,50,
2026-07-18,03:22,LIGHT,49,
2026-07-18,03:23,LIGHT,48,
2026-07-18,03:24,LIGHT,48,
2026-07-18,03:25,LIGHT,50,
2026-07-18,03:26,LIGHT,48,
2026-07-18,03:27,LIGHT,50,
2026-07-18,03:28,LIGHT,49,
2026-07-18,03:29,LIGHT,46,
2026-07-18,03:30,LIGHT,47,
2026-07-18,03:31,LIGHT,51,
2026-07-18,03:32,LIGHT,48,
2026-07-18,03:33,REM,45,
2026-07-18,03:34,REM,45,
2026-07-18,03:35,REM,45,
2026-07-18,03:36,REM,47,
2026-07-18,03:37,REM,52,
2026-07-18,03:38,REM,49,
2026-07-18,03:39,REM,48,
2026-07-18,03:40,REM,47,
2026-07-18,03:41,REM,49,
2026-07-18,03:42,LIGHT,48,
2026-07-18,03:43,LIGHT,48,
2026-07-18,03:44,LIGHT,48,
2026-07-18,03:45,LIGHT,48,
2026-07-18,03:46,LIGHT,48,
2026-07-18,03:47,LIGHT,48,
2026-07-18,03:48,LIGHT,47,
2026-07-18,03:49,LIGHT,47,
2026-07-18,03:50,LIGHT,47,
2026-07-18,03:51,LIGHT,47,
2026-07-18,03:52,LIGHT,50,
2026-07-18,03:53,LIGHT,48,
2026-07-18,03:54,LIGHT,48,
2026-07-18,03:55,LIGHT,48,
2026-07-18,03:56,LIGHT,50,
2026-07-18,03:57,LIGHT,49,
2026-07-18,03:58,LIGHT,48,
2026-07-18,03:59,LIGHT,47,
2026-07-18,04:00,LIGHT,49,
2026-07-18,04:01,LIGHT,49,
2026-07-18,04:02,LIGHT,48,
2026-07-18,04:03,LIGHT,48,
2026-07-18,04:04,LIGHT,48,
2026-07-18,04:05,LIGHT,49,
2026-07-18,04:06,LIGHT,64,
2026-07-18,04:07,LIGHT,74,
2026-07-18,04:08,LIGHT,76,
2026-07-18,04:09,LIGHT,73,
2026-07-18,04:10,LIGHT,72,
2026-07-18,04:11,LIGHT,64,
2026-07-18,04:12,LIGHT,58,
2026-07-18,04:13,LIGHT,50,
2026-07-18,04:14,LIGHT,48,
2026-07-18,04:15,LIGHT,49,
2026-07-18,04:16,LIGHT,49,
2026-07-18,04:17,LIGHT,47,
2026-07-18,04:18,LIGHT,48,
2026-07-18,04:19,LIGHT,47,
2026-07-18,04:20,LIGHT,47,
2026-07-18,04:21,LIGHT,52,
2026-07-18,04:22,LIGHT,51,
2026-07-18,04:23,LIGHT,51,
2026-07-18,04:24,LIGHT,56,
2026-07-18,04:25,LIGHT,57,
2026-07-18,04:26,LIGHT,57,
2026-07-18,04:27,LIGHT,51,
2026-07-18,04:28,LIGHT,51,
2026-07-18,04:29,LIGHT,51,
2026-07-18,04:30,LIGHT,53,
2026-07-18,04:31,LIGHT,50,
2026-07-18,04:32,LIGHT,48,
2026-07-18,04:33,LIGHT,48,
2026-07-18,04:34,LIGHT,48,
2026-07-18,04:35,LIGHT,48,
2026-07-18,04:36,LIGHT,48,
2026-07-18,04:37,LIGHT,48,
2026-07-18,04:38,LIGHT,46,
2026-07-18,04:39,LIGHT,46,
2026-07-18,04:40,LIGHT,46,
2026-07-18,04:41,LIGHT,46,
2026-07-18,04:42,LIGHT,,
2026-07-18,04:43,LIGHT,52,
2026-07-18,04:44,LIGHT,48,
2026-07-18,04:45,LIGHT,45,
2026-07-18,04:46,LIGHT,45,
2026-07-18,04:47,LIGHT,45,
2026-07-18,04:48,LIGHT,45,
2026-07-18,04:49,LIGHT,45,
2026-07-18,04:50,LIGHT,45,
2026-07-18,04:51,LIGHT,45,
2026-07-18,04:52,LIGHT,45,
2026-07-18,04:53,LIGHT,45,
2026-07-18,04:54,LIGHT,45,
2026-07-18,04:55,LIGHT,45,
2026-07-18,04:56,WAKE,46,
2026-07-18,04:57,WAKE,45,
2026-07-18,04:58,WAKE,45,
2026-07-18,04:59,LIGHT,45,
2026-07-18,05:00,LIGHT,45,
2026-07-18,05:01,LIGHT,45,
2026-07-18,05:02,LIGHT,45,
2026-07-18,05:03,LIGHT,45,
2026-07-18,05:04,LIGHT,45,
2026-07-18,05:05,LIGHT,45,
2026-07-18,05:06,LIGHT,45,
2026-07-18,05:07,LIGHT,45,
2026-07-18,05:08,LIGHT,45,
2026-07-18,05:09,LIGHT,45,
2026-07-18,05:10,REM,45,
2026-07-18,05:11,REM,45,
2026-07-18,05:12,REM,45,
2026-07-18,05:13,REM,45,
2026-07-18,05:14,REM,45,
2026-07-18,05:15,REM,46,
2026-07-18,05:16,REM,46,
2026-07-18,05:17,REM,46,
2026-07-18,05:18,REM,46,
2026-07-18,05:19,REM,46,
2026-07-18,05:20,REM,46,
2026-07-18,05:21,REM,46,
2026-07-18,05:22,REM,46,
2026-07-18,05:23,REM,46,
2026-07-18,05:24,REM,46,
2026-07-18,05:25,REM,47,
2026-07-18,05:26,REM,57,
2026-07-18,05:27,REM,54,
2026-07-18,05:28,REM,48,
2026-07-18,05:29,REM,46,
2026-07-18,05:30,REM,46,
2026-07-18,05:31,REM,46,
2026-07-18,05:32,REM,46,
2026-07-18,05:33,LIGHT,46,
2026-07-18,05:34,LIGHT,46,
2026-07-18,05:35,LIGHT,47,
2026-07-18,05:36,LIGHT,48,
2026-07-18,05:37,LIGHT,48,
2026-07-18,05:38,LIGHT,46,
2026-07-18,05:39,LIGHT,48,
2026-07-18,05:40,LIGHT,50,
2026-07-18,05:41,LIGHT,47,
2026-07-18,05:42,DEEP,47,
2026-07-18,05:43,DEEP,47,
2026-07-18,05:44,DEEP,49,
2026-07-18,05:45,DEEP,56,
2026-07-18,05:46,DEEP,51,
2026-07-18,05:47,DEEP,48,
2026-07-18,05:48,DEEP,48,
2026-07-18,05:49,DEEP,47,
2026-07-18,05:50,DEEP,47,
2026-07-18,05:51,DEEP,48,
2026-07-18,05:52,DEEP,48,
2026-07-18,05:53,DEEP,48,
2026-07-18,05:54,DEEP,48,
2026-07-18,05:55,DEEP,47,
2026-07-18,05:56,LIGHT,47,
2026-07-18,05:57,LIGHT,47,
2026-07-18,05:58,LIGHT,47,
2026-07-18,05:59,LIGHT,47,
2026-07-18,06:00,LIGHT,47,
2026-07-18,06:01,WAKE,46,
2026-07-18,06:02,LIGHT,46,
2026-07-18,06:03,LIGHT,46,
2026-07-18,06:04,LIGHT,46,
2026-07-18,06:05,LIGHT,46,
2026-07-18,06:06,LIGHT,46,
2026-07-18,06:07,LIGHT,47,
2026-07-18,06:08,LIGHT,47,
2026-07-18,06:09,LIGHT,47,
2026-07-18,06:10,LIGHT,48,
2026-07-18,06:11,WAKE,48,
2026-07-18,06:12,WAKE,48,
2026-07-18,06:13,LIGHT,48,
2026-07-18,06:14,LIGHT,48,
2026-07-18,06:15,LIGHT,48,
2026-07-18,06:16,WAKE,48,
2026-07-18,06:17,LIGHT,48,
2026-07-18,06:18,LIGHT,50,
2026-07-18,06:19,LIGHT,54,
2026-07-18,06:20,LIGHT,52,
2026-07-18,06:21,LIGHT,56,
2026-07-18,06:22,LIGHT,50,
2026-07-18,06:23,LIGHT,50,
2026-07-18,06:24,LIGHT,50,
2026-07-18,06:25,LIGHT,49,
2026-07-18,06:26,LIGHT,49,
2026-07-18,13:32,LIGHT,76,
2026-07-18,13:33,LIGHT,68,
2026-07-18,13:34,LIGHT,68,
2026-07-18,13:35,LIGHT,66,
2026-07-18,13:36,LIGHT,60,
2026-07-18,13:37,LIGHT,68,
2026-07-18,13:38,LIGHT,79,
2026-07-18,13:39,LIGHT,72,
2026-07-18,13:40,LIGHT,64,
2026-07-18,13:41,LIGHT,71,
2026-07-18,13:42,DEEP,69,
2026-07-18,13:43,DEEP,72,
2026-07-18,13:44,DEEP,75,
2026-07-18,13:45,LIGHT,70,
2026-07-18,13:46,LIGHT,64,
2026-07-18,13:47,LIGHT,64,
2026-07-18,13:48,WAKE,67,
2026-07-18,13:49,WAKE,66,
2026-07-18,13:50,LIGHT,68,
2026-07-18,13:51,LIGHT,68,
2026-07-18,13:52,LIGHT,66,
2026-07-18,13:53,LIGHT,66,
2026-07-18,13:54,LIGHT,64,
2026-07-18,13:55,LIGHT,70,
2026-07-18,13:56,LIGHT,70,
2026-07-18,13:57,LIGHT,61,
2026-07-18,13:58,WAKE,62,
2026-07-18,13:59,LIGHT,62,
2026-07-18,14:00,LIGHT,63,
2026-07-18,14:01,LIGHT,63,
2026-07-18,14:02,REM,65,
2026-07-18,14:03,REM,60,
2026-07-18,14:04,REM,63,
2026-07-18,14:05,REM,63,
2026-07-18,14:06,REM,68,
2026-07-18,14:07,REM,67,
2026-07-18,14:08,REM,69,
2026-07-18,14:09,REM,78,
2026-07-18,14:10,REM,91,
2026-07-18,14:11,LIGHT,101,
2026-07-18,14:12,LIGHT,82,
2026-07-18,14:13,LIGHT,66,
2026-07-18,14:14,LIGHT,60,
2026-07-18,14:15,LIGHT,59,
2026-07-18,14:16,LIGHT,62,
2026-07-18,14:17,LIGHT,59,
2026-07-18,14:18,LIGHT,59,
2026-07-18,14:19,LIGHT,61,
2026-07-18,14:20,LIGHT,69,
2026-07-18,14:21,LIGHT,79,
2026-07-18,14:22,LIGHT,64,
2026-07-18,14:23,LIGHT,61,
2026-07-18,14:24,LIGHT,62,
2026-07-18,14:25,LIGHT,62,
2026-07-18,14:26,LIGHT,63,
2026-07-18,14:27,LIGHT,64,
2026-07-18,14:28,LIGHT,66,
2026-07-18,14:29,LIGHT,76,
2026-07-18,14:30,LIGHT,85,
2026-07-18,14:31,LIGHT,68,
2026-07-18,14:32,LIGHT,63,
2026-07-18,14:33,LIGHT,65,
2026-07-18,14:34,LIGHT,67,
2026-07-18,14:35,LIGHT,69,
2026-07-18,14:36,LIGHT,64,
2026-07-18,14:37,LIGHT,56,
2026-07-18,14:38,LIGHT,50,
2026-07-18,14:39,LIGHT,51,
2026-07-18,14:40,LIGHT,53,
2026-07-18,14:41,LIGHT,59,
2026-07-18,14:42,LIGHT,63,
2026-07-18,14:43,LIGHT,63,
2026-07-18,14:44,LIGHT,63,
2026-07-18,14:45,DEEP,67,
2026-07-18,14:46,DEEP,69,
2026-07-18,14:47,DEEP,81,
2026-07-18,14:48,DEEP,95,
2026-07-18,14:49,LIGHT,92,
2026-07-18,14:50,LIGHT,79,
2026-07-18,14:51,LIGHT,69,
2026-07-18,14:52,WAKE,66,
2026-07-18,14:53,LIGHT,54,
2026-07-18,14:54,WAKE,52,
2026-07-18,14:55,LIGHT,50,
2026-07-18,14:56,LIGHT,52,
2026-07-18,14:57,LIGHT,54,
2026-07-18,14:58,LIGHT,59,
2026-07-18,14:59,LIGHT,64,
2026-07-18,15:00,LIGHT,69,
2026-07-18,15:01,LIGHT,71,
2026-07-18,15:02,LIGHT,66,
2026-07-18,15:03,LIGHT,63,
2026-07-18,15:04,LIGHT,75,
2026-07-18,15:05,LIGHT,77,
2026-07-18,15:06,LIGHT,74,
2026-07-18,15:07,LIGHT,74,
2026-07-18,15:08,LIGHT,73,
2026-07-18,15:09,LIGHT,77,
2026-07-18,15:10,LIGHT,77,
2026-07-18,15:11,LIGHT,65,
2026-07-18,15:12,LIGHT,56,
2026-07-18,15:13,LIGHT,58,
2026-07-18,15:14,LIGHT,59,
2026-07-18,15:15,REM,66,
2026-07-18,15:16,REM,60,
2026-07-18,15:17,REM,54,
2026-07-18,15:18,REM,55,
2026-07-18,15:19,REM,54,
2026-07-18,15:20,REM,51,
2026-07-18,15:21,REM,56,
2026-07-18,15:22,LIGHT,54,
2026-07-18,15:23,LIGHT,54,
2026-07-18,15:24,LIGHT,58,
2026-07-18,15:25,LIGHT,63,
2026-07-18,15:26,LIGHT,64,
2026-07-18,15:27,LIGHT,57,
2026-07-19,04:54,LIGHT,57,
2026-07-19,04:55,LIGHT,57,
2026-07-19,04:56,LIGHT,57,
2026-07-19,04:57,LIGHT,57,
2026-07-19,04:58,LIGHT,57,
2026-07-19,04:59,LIGHT,60,
2026-07-19,05:00,LIGHT,58,
2026-07-19,05:01,LIGHT,56,
2026-07-19,05:02,DEEP,55,
2026-07-19,05:03,DEEP,54,
2026-07-19,05:04,DEEP,54,
2026-07-19,05:05,DEEP,54,
2026-07-19,05:06,DEEP,55,
2026-07-19,05:07,DEEP,55,
2026-07-19,05:08,DEEP,55,
2026-07-19,05:09,DEEP,55,
2026-07-19,05:10,DEEP,55,
2026-07-19,05:11,DEEP,55,
2026-07-19,05:12,DEEP,55,
2026-07-19,05:13,DEEP,55,
2026-07-19,05:14,DEEP,55,
2026-07-19,05:15,DEEP,55,
2026-07-19,05:16,DEEP,55,
2026-07-19,05:17,DEEP,55,
2026-07-19,05:18,DEEP,57,
2026-07-19,05:19,DEEP,57,
2026-07-19,05:20,DEEP,53,
2026-07-19,05:21,DEEP,53,
2026-07-19,05:22,DEEP,53,
2026-07-19,05:23,DEEP,53,
2026-07-19,05:24,LIGHT,53,
2026-07-19,05:25,LIGHT,53,
2026-07-19,05:26,LIGHT,53,
2026-07-19,05:27,WAKE,54,
2026-07-19,05:28,LIGHT,57,
2026-07-19,05:29,LIGHT,54,
2026-07-19,05:30,LIGHT,54,
2026-07-19,05:31,LIGHT,55,
2026-07-19,05:32,LIGHT,55,
2026-07-19,05:33,LIGHT,55,
2026-07-19,05:34,LIGHT,55,
2026-07-19,05:35,LIGHT,55,
2026-07-19,05:36,LIGHT,55,
2026-07-19,05:37,REM,54,
2026-07-19,05:38,REM,54,
2026-07-19,05:39,REM,55,
2026-07-19,05:40,REM,55,
2026-07-19,05:41,REM,55,
2026-07-19,05:42,REM,55,
2026-07-19,05:43,REM,56,
2026-07-19,05:44,REM,55,
2026-07-19,05:45,REM,53,
2026-07-19,05:46,REM,53,
2026-07-19,05:47,LIGHT,53,
2026-07-19,05:48,LIGHT,53,
2026-07-19,05:49,LIGHT,53,
2026-07-19,05:50,LIGHT,53,
2026-07-19,05:51,LIGHT,53,
2026-07-19,05:52,LIGHT,60,
2026-07-19,05:53,LIGHT,54,
2026-07-19,05:54,LIGHT,51,
2026-07-19,05:55,LIGHT,51,
2026-07-19,05:56,LIGHT,51,
2026-07-19,05:57,LIGHT,58,
2026-07-19,05:58,LIGHT,64,
2026-07-19,05:59,LIGHT,57,
2026-07-19,06:00,LIGHT,51,
2026-07-19,06:01,LIGHT,50,
2026-07-19,06:02,DEEP,52,
2026-07-19,06:03,DEEP,52,
2026-07-19,06:04,DEEP,54,
2026-07-19,06:05,DEEP,61,
2026-07-19,06:06,DEEP,52,
2026-07-19,06:07,DEEP,50,
2026-07-19,06:08,DEEP,52,
2026-07-19,06:09,DEEP,51,
2026-07-19,06:10,DEEP,51,
2026-07-19,06:11,DEEP,51,
2026-07-19,06:12,DEEP,51,
2026-07-19,06:13,DEEP,52,
2026-07-19,06:14,DEEP,52,
2026-07-19,06:15,DEEP,52,
2026-07-19,06:16,DEEP,50,
2026-07-19,06:17,DEEP,51,
2026-07-19,06:18,DEEP,51,
2026-07-19,06:19,DEEP,52,
2026-07-19,06:20,LIGHT,52,
2026-07-19,06:21,LIGHT,52,
2026-07-19,06:22,LIGHT,52,
2026-07-19,06:23,LIGHT,51,
2026-07-19,06:24,LIGHT,51,
2026-07-19,06:25,LIGHT,50,
2026-07-19,06:26,LIGHT,50,
2026-07-19,06:27,LIGHT,50,
2026-07-19,06:28,LIGHT,51,
2026-07-19,06:29,LIGHT,51,
2026-07-19,06:30,LIGHT,51,
2026-07-19,06:31,LIGHT,51,
2026-07-19,06:32,LIGHT,51,
2026-07-19,06:33,LIGHT,51,
2026-07-19,06:34,LIGHT,51,
2026-07-19,06:35,LIGHT,51,
2026-07-19,06:36,LIGHT,51,
2026-07-19,06:37,LIGHT,51,
2026-07-19,06:38,LIGHT,51,
2026-07-19,06:39,LIGHT,52,
2026-07-19,06:40,LIGHT,52,
2026-07-19,06:41,LIGHT,52,
2026-07-19,06:42,LIGHT,52,
2026-07-19,06:43,LIGHT,52,
2026-07-19,06:44,LIGHT,52,
2026-07-19,06:45,LIGHT,62,
2026-07-19,06:46,LIGHT,58,
2026-07-19,06:47,LIGHT,52,
2026-07-19,06:48,LIGHT,51,
2026-07-19,06:49,LIGHT,51,
2026-07-19,06:50,LIGHT,50,
2026-07-19,06:51,LIGHT,50,
2026-07-19,06:52,LIGHT,50,
2026-07-19,06:53,LIGHT,50,
2026-07-19,06:54,LIGHT,50,
2026-07-19,06:55,LIGHT,50,
2026-07-19,06:56,LIGHT,50,
2026-07-19,06:57,LIGHT,51,
2026-07-19,06:58,LIGHT,51,
2026-07-19,06:59,LIGHT,52,
2026-07-19,07:00,LIGHT,52,
2026-07-19,07:01,LIGHT,55,
2026-07-19,07:02,LIGHT,51,
2026-07-19,07:03,LIGHT,54,
2026-07-19,07:04,LIGHT,49,
2026-07-19,07:05,LIGHT,48,
2026-07-19,07:06,LIGHT,48,
2026-07-19,07:07,LIGHT,49,
2026-07-19,07:08,LIGHT,49,
2026-07-19,07:09,LIGHT,49,
2026-07-19,07:10,LIGHT,48,
2026-07-19,07:11,LIGHT,48,
2026-07-19,07:12,LIGHT,49,
2026-07-19,07:13,LIGHT,50,
2026-07-19,07:14,LIGHT,52,
2026-07-19,07:15,LIGHT,51,
2026-07-19,07:16,LIGHT,47,
2026-07-19,07:17,REM,46,
2026-07-19,07:18,REM,46,
2026-07-19,07:19,REM,46,
2026-07-19,07:20,REM,47,
2026-07-19,07:21,REM,54,
2026-07-19,07:22,REM,48,
2026-07-19,07:23,REM,50,
2026-07-19,07:24,REM,47,
2026-07-19,07:25,REM,46,
2026-07-19,07:26,REM,46,
2026-07-19,07:27,REM,46,
2026-07-19,07:28,REM,47,
2026-07-19,07:29,REM,47,
2026-07-19,07:30,REM,47,
2026-07-19,07:31,REM,47,
2026-07-19,07:32,REM,47,
2026-07-19,07:33,REM,47,
2026-07-19,07:34,REM,47,
2026-07-19,07:35,REM,48,
2026-07-19,07:36,REM,48,
2026-07-19,07:37,LIGHT,48,
2026-07-19,07:38,LIGHT,49,
2026-07-19,07:39,LIGHT,49,
2026-07-19,07:40,LIGHT,48,
2026-07-19,07:41,LIGHT,48,
2026-07-19,07:42,LIGHT,48,
2026-07-19,07:43,LIGHT,48,
2026-07-19,07:44,LIGHT,49,
2026-07-19,07:45,LIGHT,49,
2026-07-19,07:46,LIGHT,49,
2026-07-19,07:47,LIGHT,49,
2026-07-19,07:48,LIGHT,49,
2026-07-19,07:49,LIGHT,49,
2026-07-19,07:50,LIGHT,49,
2026-07-19,07:51,LIGHT,50,
2026-07-19,07:52,LIGHT,50,
2026-07-19,07:53,LIGHT,50,
2026-07-19,07:54,LIGHT,50,
2026-07-19,07:55,LIGHT,50,
2026-07-19,07:56,LIGHT,50,
2026-07-19,07:57,LIGHT,55,
2026-07-19,07:58,LIGHT,47,
2026-07-19,07:59,LIGHT,45,
2026-07-19,08:00,LIGHT,49,
2026-07-19,08:01,LIGHT,45,
2026-07-19,08:02,LIGHT,45,
2026-07-19,08:03,LIGHT,45,
2026-07-19,08:04,LIGHT,45,
2026-07-19,08:05,LIGHT,45,
2026-07-19,08:06,LIGHT,46,
2026-07-19,08:07,LIGHT,47,
2026-07-19,08:08,LIGHT,47,
2026-07-19,08:09,LIGHT,48,
2026-07-19,08:10,DEEP,49,
2026-07-19,08:11,DEEP,51,
2026-07-19,08:12,DEEP,53,
2026-07-19,08:13,DEEP,51,
2026-07-19,08:14,DEEP,51,
2026-07-19,08:15,DEEP,51,
2026-07-19,08:16,DEEP,53,
2026-07-19,08:17,LIGHT,54,
2026-07-19,08:18,LIGHT,54,
2026-07-19,08:19,LIGHT,52,
2026-07-19,08:20,LIGHT,52,
2026-07-19,08:21,LIGHT,57,
2026-07-19,08:22,LIGHT,51,
2026-07-19,08:23,LIGHT,48,
2026-07-19,08:24,LIGHT,50,
2026-07-19,08:25,LIGHT,50,
2026-07-19,08:26,LIGHT,50,
2026-07-19,08:27,LIGHT,50,
2026-07-19,08:28,LIGHT,50,
2026-07-19,08:29,LIGHT,48,
2026-07-19,08:30,LIGHT,50,
2026-07-19,08:31,LIGHT,51,
2026-07-19,08:32,LIGHT,51,
2026-07-19,08:33,LIGHT,52,
2026-07-19,08:34,LIGHT,49,
2026-07-19,08:35,LIGHT,50,
2026-07-19,08:36,LIGHT,50,
2026-07-19,08:37,LIGHT,49,
2026-07-19,08:38,LIGHT,49,
2026-07-19,08:39,LIGHT,49,
2026-07-19,08:40,LIGHT,49,
2026-07-19,08:41,LIGHT,50,
2026-07-19,08:42,LIGHT,49,
2026-07-19,08:43,LIGHT,47,
2026-07-19,08:44,LIGHT,51,
2026-07-19,08:45,LIGHT,53,
2026-07-19,08:46,LIGHT,55,
2026-07-19,08:47,LIGHT,50,
2026-07-19,08:48,LIGHT,48,
2026-07-19,08:49,LIGHT,52,
2026-07-19,08:50,LIGHT,52,
2026-07-19,08:51,LIGHT,47,
2026-07-19,08:52,LIGHT,46,
2026-07-19,08:53,LIGHT,46,
2026-07-19,08:54,LIGHT,45,
2026-07-19,08:55,LIGHT,46,
2026-07-19,08:56,LIGHT,47,
2026-07-19,08:57,LIGHT,47,
2026-07-19,08:58,LIGHT,47,
2026-07-19,08:59,LIGHT,45,
2026-07-19,09:00,LIGHT,45,
2026-07-19,09:01,WAKE,46,
2026-07-19,09:02,WAKE,46,
2026-07-19,09:03,WAKE,47,
2026-07-19,09:04,WAKE,47,
2026-07-19,09:05,WAKE,48,
2026-07-19,09:06,LIGHT,46,
2026-07-19,09:07,LIGHT,46,
2026-07-19,09:08,LIGHT,46,
2026-07-19,09:09,REM,46,
2026-07-19,09:10,REM,46,
2026-07-19,09:11,REM,46,
2026-07-19,09:12,REM,46,
2026-07-19,09:13,REM,46,
2026-07-19,09:14,REM,46,
2026-07-19,09:15,REM,46,
2026-07-19,09:16,REM,46,
2026-07-19,09:17,REM,46,
2026-07-19,09:18,REM,53,
2026-07-19,09:19,REM,49,
2026-07-19,09:20,REM,46,
2026-07-19,09:21,REM,46,
2026-07-19,09:22,REM,46,
2026-07-19,09:23,REM,46,
2026-07-19,09:24,REM,46,
2026-07-19,09:25,REM,46,
2026-07-19,09:26,REM,46,
2026-07-19,09:27,REM,46,
2026-07-19,09:28,REM,47,
2026-07-19,09:29,REM,47,
2026-07-19,09:30,REM,47,
2026-07-19,09:31,REM,47,
2026-07-19,09:32,REM,47,
2026-07-19,09:33,REM,47,
2026-07-19,09:34,REM,50,
2026-07-19,09:35,REM,47,
2026-07-19,09:36,REM,47,
2026-07-19,09:37,LIGHT,52,
2026-07-19,09:38,LIGHT,50,
2026-07-19,09:39,LIGHT,46,
2026-07-19,09:40,LIGHT,45,
2026-07-19,09:41,LIGHT,45,
2026-07-19,09:42,LIGHT,45,
2026-07-19,09:43,LIGHT,45,
2026-07-19,09:44,LIGHT,46,
2026-07-19,09:45,LIGHT,46,
2026-07-19,09:46,LIGHT,46,
2026-07-19,09:47,LIGHT,45,
2026-07-19,09:48,LIGHT,45,
2026-07-19,09:49,LIGHT,47,
2026-07-19,09:50,LIGHT,49,
2026-07-19,09:51,LIGHT,45,
2026-07-19,09:52,LIGHT,44,
2026-07-19,09:53,LIGHT,44,
2026-07-19,09:54,LIGHT,44,
2026-07-19,09:55,DEEP,45,
2026-07-19,09:56,DEEP,45,
2026-07-19,09:57,DEEP,45,
2026-07-19,09:58,DEEP,45,
2026-07-19,09:59,DEEP,45,
2026-07-19,10:00,DEEP,45,
2026-07-19,10:01,LIGHT,46,
2026-07-19,10:02,LIGHT,46,
2026-07-19,10:03,LIGHT,47,
2026-07-19,10:04,LIGHT,47,
2026-07-19,10:05,LIGHT,47,
2026-07-19,10:06,LIGHT,47,
2026-07-19,10:07,LIGHT,50,
2026-07-19,10:08,LIGHT,46,
2026-07-19,10:09,LIGHT,46,
2026-07-19,10:10,LIGHT,46,
2026-07-19,10:11,LIGHT,46,
2026-07-19,10:12,LIGHT,46,
2026-07-19,10:13,LIGHT,46,
2026-07-19,10:14,LIGHT,46,
2026-07-19,10:15,LIGHT,46,
2026-07-19,10:16,LIGHT,46,
2026-07-19,10:17,LIGHT,47,
2026-07-19,10:18,LIGHT,48,
2026-07-19,10:19,LIGHT,55,
2026-07-19,10:20,LIGHT,48,
2026-07-19,10:21,LIGHT,46,
2026-07-19,10:22,LIGHT,47,
2026-07-19,10:23,LIGHT,51,
2026-07-19,10:24,LIGHT,47,
2026-07-19,10:25,LIGHT,47,
2026-07-19,10:26,LIGHT,46,
2026-07-19,10:27,LIGHT,46,
2026-07-19,10:28,LIGHT,48,
2026-07-19,10:29,LIGHT,50,
2026-07-19,10:30,LIGHT,50,
2026-07-19,10:31,LIGHT,52,
2026-07-19,10:32,LIGHT,46,
2026-07-19,10:33,LIGHT,46,
2026-07-19,10:34,LIGHT,46,
2026-07-19,10:35,LIGHT,49,
2026-07-19,10:36,LIGHT,49,
2026-07-19,10:37,LIGHT,57,
2026-07-19,10:38,LIGHT,51,
2026-07-19,10:39,LIGHT,49,
2026-07-19,10:40,LIGHT,49,
2026-07-19,10:41,REM,49,
2026-07-19,10:42,REM,49,
2026-07-19,10:43,REM,49,
2026-07-19,10:44,REM,48,
2026-07-19,10:45,REM,49,
2026-07-19,10:46,REM,49,
2026-07-19,10:47,REM,49,
2026-07-19,10:48,REM,48,
2026-07-19,10:49,REM,51,
2026-07-19,10:50,REM,47,
2026-07-19,10:51,REM,47,
2026-07-19,10:52,REM,48,
2026-07-19,10:53,REM,47,
2026-07-19,10:54,REM,49,
2026-07-19,10:55,REM,48,
2026-07-19,10:56,REM,50,
2026-07-19,10:57,REM,47,
2026-07-19,10:58,REM,49,
2026-07-19,10:59,REM,48,
2026-07-19,11:00,REM,52,
2026-07-19,11:01,REM,46,
2026-07-19,11:02,REM,46,
2026-07-19,11:03,REM,43,
2026-07-19,11:04,REM,47,
2026-07-19,11:05,REM,48,
2026-07-19,11:06,REM,50,
2026-07-19,11:07,REM,47,
2026-07-19,11:08,REM,47,
2026-07-19,11:09,REM,47,
2026-07-19,11:10,REM,47,
2026-07-19,11:11,REM,47,
2026-07-19,11:12,REM,49,
2026-07-19,11:13,REM,49,
2026-07-19,11:14,REM,49,
2026-07-19,11:15,REM,47,
2026-07-19,11:16,REM,51,
2026-07-19,11:17,REM,50,
2026-07-19,11:18,REM,52,
2026-07-19,11:19,REM,52,
2026-07-19,11:20,REM,59,
2026-07-19,11:21,LIGHT,50,
2026-07-19,11:22,LIGHT,46,
2026-07-19,11:23,LIGHT,45,
2026-07-19,11:24,LIGHT,47,
2026-07-19,11:25,LIGHT,44,
2026-07-20,04:57,LIGHT,71,
2026-07-20,04:58,LIGHT,73,
2026-07-20,04:59,LIGHT,73,
2026-07-20,05:00,LIGHT,76,
2026-07-20,05:01,LIGHT,88,
2026-07-20,05:02,LIGHT,92,
2026-07-20,05:03,LIGHT,76,
2026-07-20,05:04,LIGHT,73,
2026-07-20,05:05,LIGHT,73,
2026-07-20,05:06,LIGHT,73,
2026-07-20,05:07,LIGHT,73,
2026-07-20,05:08,LIGHT,71,
2026-07-20,05:09,LIGHT,76,
2026-07-20,05:10,LIGHT,73,
2026-07-20,05:11,DEEP,73,
2026-07-20,05:12,DEEP,72,
2026-07-20,05:13,DEEP,86,
2026-07-20,05:14,DEEP,96,
2026-07-20,05:15,DEEP,96,
2026-07-20,05:16,DEEP,85,
2026-07-20,05:17,DEEP,79,
2026-07-20,05:18,DEEP,78,
2026-07-20,05:19,DEEP,77,
2026-07-20,05:20,LIGHT,,
2026-07-20,05:21,LIGHT,,
2026-07-20,05:22,LIGHT,,
2026-07-20,05:23,LIGHT,,
2026-07-20,05:24,LIGHT,,
2026-07-20,05:25,LIGHT,,
2026-07-20,05:26,DEEP,,
2026-07-20,05:27,DEEP,,
2026-07-20,05:28,DEEP,,
2026-07-20,05:29,LIGHT,,
2026-07-20,05:30,LIGHT,,
2026-07-20,05:31,LIGHT,,
2026-07-20,05:32,LIGHT,,
2026-07-20,05:33,LIGHT,,
2026-07-20,05:34,LIGHT,,
2026-07-20,05:35,LIGHT,,
2026-07-20,05:36,DEEP,,
2026-07-20,05:37,DEEP,,
2026-07-20,05:38,DEEP,,
2026-07-20,05:39,DEEP,,
2026-07-20,05:40,DEEP,,
2026-07-20,05:41,DEEP,,
2026-07-20,05:42,DEEP,,
2026-07-20,05:43,DEEP,,
2026-07-20,05:44,DEEP,,
2026-07-20,05:45,DEEP,,
2026-07-20,05:46,DEEP,,
2026-07-20,05:47,DEEP,,
2026-07-20,05:48,DEEP,,
2026-07-20,05:49,DEEP,,
2026-07-20,05:50,DEEP,,
2026-07-20,05:51,DEEP,77,
2026-07-20,05:52,DEEP,84,
2026-07-20,05:53,DEEP,78,
2026-07-20,05:54,LIGHT,74,
2026-07-20,05:55,LIGHT,72,
2026-07-20,05:56,LIGHT,73,
2026-07-20,05:57,LIGHT,84,
2026-07-20,05:58,LIGHT,78,
2026-07-20,05:59,WAKE,75,
2026-07-20,06:00,LIGHT,72,
2026-07-20,06:01,LIGHT,70,
2026-07-20,06:02,LIGHT,75,
2026-07-20,06:03,LIGHT,73,
2026-07-20,06:04,LIGHT,71,
2026-07-20,06:05,LIGHT,70,
2026-07-20,06:06,WAKE,71,
2026-07-20,06:07,LIGHT,71,
2026-07-20,06:08,LIGHT,69,
2026-07-20,06:09,LIGHT,69,
2026-07-20,06:10,LIGHT,73,
2026-07-20,06:11,LIGHT,75,
2026-07-20,06:12,LIGHT,75,
2026-07-20,06:13,LIGHT,74,
2026-07-20,06:14,LIGHT,71,
2026-07-20,06:15,LIGHT,70,
2026-07-20,06:16,LIGHT,70,
2026-07-20,06:17,LIGHT,69,
2026-07-20,06:18,LIGHT,69,
2026-07-20,06:19,LIGHT,67,
2026-07-20,06:20,LIGHT,71,
2026-07-20,06:21,LIGHT,69,
2026-07-20,06:22,LIGHT,65,
2026-07-20,06:23,LIGHT,65,
2026-07-20,06:24,LIGHT,67,
2026-07-20,06:25,LIGHT,69,
2026-07-20,06:26,LIGHT,70,
2026-07-20,06:27,LIGHT,65,
2026-07-20,06:28,LIGHT,68,
2026-07-20,06:29,LIGHT,73,
2026-07-20,06:30,LIGHT,73,
2026-07-20,06:31,LIGHT,73,
2026-07-20,06:32,LIGHT,67,
2026-07-20,06:33,LIGHT,67,
2026-07-20,06:34,LIGHT,67,
2026-07-20,06:35,LIGHT,67,
2026-07-20,06:36,DEEP,71,
2026-07-20,06:37,DEEP,68,
2026-07-20,06:38,DEEP,68,
2026-07-20,06:39,DEEP,69,
2026-07-20,06:40,DEEP,67,
2026-07-20,06:41,DEEP,66,
2026-07-20,06:42,DEEP,67,
2026-07-20,06:43,LIGHT,69,
2026-07-20,06:44,LIGHT,73,
2026-07-20,06:45,LIGHT,70,
2026-07-20,06:46,WAKE,66,
2026-07-20,06:47,WAKE,66,
2026-07-20,06:48,LIGHT,68,
2026-07-20,06:49,LIGHT,71,
2026-07-20,06:50,LIGHT,81,
2026-07-20,06:51,LIGHT,70,
2026-07-20,06:52,LIGHT,64,
2026-07-20,06:53,LIGHT,66,
2026-07-20,06:54,LIGHT,62,
2026-07-20,06:55,LIGHT,64,
2026-07-20,06:56,LIGHT,64,
2026-07-20,06:57,LIGHT,62,
2026-07-20,06:58,LIGHT,63,
2026-07-20,06:59,LIGHT,66,
2026-07-20,07:00,LIGHT,63,
2026-07-20,07:01,LIGHT,63,
2026-07-20,07:02,LIGHT,65,
2026-07-20,07:03,LIGHT,65,
2026-07-20,07:04,LIGHT,65,
2026-07-20,07:05,LIGHT,72,
2026-07-20,07:06,LIGHT,69,
2026-07-20,07:07,LIGHT,66,
2026-07-20,07:08,LIGHT,65,
2026-07-20,07:09,LIGHT,68,
2026-07-20,07:10,LIGHT,68,
2026-07-20,07:11,LIGHT,68,
2026-07-20,07:12,LIGHT,68,
2026-07-20,07:13,LIGHT,69,
2026-07-20,07:14,LIGHT,73,
2026-07-20,07:15,LIGHT,75,
2026-07-20,07:16,LIGHT,88,
2026-07-20,07:17,LIGHT,93,
2026-07-20,07:18,LIGHT,95,
2026-07-20,07:19,LIGHT,92,
2026-07-20,07:20,LIGHT,101,
2026-07-20,07:21,LIGHT,104,
2026-07-20,07:22,LIGHT,104,
2026-07-20,07:23,LIGHT,94,
2026-07-20,07:24,LIGHT,88,
2026-07-20,07:25,LIGHT,85,
2026-07-20,07:26,LIGHT,83,
2026-07-20,07:27,LIGHT,89,
2026-07-20,07:28,LIGHT,94,
2026-07-20,07:29,LIGHT,92,
2026-07-20,07:30,LIGHT,94,
2026-07-20,07:31,LIGHT,94,
2026-07-20,07:32,LIGHT,91,
2026-07-20,07:33,LIGHT,89,
2026-07-20,07:34,LIGHT,86,
2026-07-20,07:35,LIGHT,89,
2026-07-20,07:36,LIGHT,96,
2026-07-20,07:37,LIGHT,106,
2026-07-20,07:38,LIGHT,97,
2026-07-20,07:39,LIGHT,88,
2026-07-20,07:40,LIGHT,89,
2026-07-20,07:41,LIGHT,86,
2026-07-20,07:42,LIGHT,83,
2026-07-20,07:43,LIGHT,84,
2026-07-20,07:44,LIGHT,89,
2026-07-20,07:45,LIGHT,91,
2026-07-20,07:46,LIGHT,90,
2026-07-20,07:47,DEEP,88,
2026-07-20,07:48,DEEP,88,
2026-07-20,07:49,DEEP,85,
2026-07-20,07:50,DEEP,86,
2026-07-20,07:51,DEEP,89,
2026-07-20,07:52,DEEP,91,
2026-07-20,07:53,DEEP,105,
2026-07-20,07:54,DEEP,110,
2026-07-20,07:55,DEEP,115,
2026-07-20,07:56,DEEP,122,
2026-07-20,07:57,DEEP,115,
2026-07-20,07:58,LIGHT,103,
2026-07-20,07:59,LIGHT,92,
2026-07-20,08:00,LIGHT,88,
2026-07-20,08:01,LIGHT,88,
2026-07-20,08:02,LIGHT,81,
2026-07-20,08:03,LIGHT,82,
2026-07-20,08:04,LIGHT,88,
2026-07-20,08:05,LIGHT,88,
2026-07-20,08:06,LIGHT,81,
2026-07-20,08:07,LIGHT,78,
2026-07-20,08:08,LIGHT,78,
2026-07-20,08:09,LIGHT,78,
2026-07-20,08:10,LIGHT,87,
2026-07-20,08:11,REM,84,
2026-07-20,08:12,REM,81,
2026-07-20,08:13,REM,79,
2026-07-20,08:14,REM,81,
2026-07-20,08:15,REM,84,
2026-07-20,08:16,REM,85,
2026-07-20,08:17,REM,81,
2026-07-20,08:18,REM,80,
2026-07-20,08:19,REM,73,
2026-07-20,08:20,REM,76,
2026-07-20,08:21,REM,76,
2026-07-20,08:22,REM,77,
2026-07-20,08:23,REM,77,
2026-07-20,08:24,REM,74,
2026-07-20,08:25,REM,74,
2026-07-20,08:26,REM,74,
2026-07-20,08:27,REM,73,
2026-07-20,08:28,REM,75,
2026-07-20,08:29,REM,75,
2026-07-20,08:30,REM,75,
2026-07-20,08:31,REM,79,
2026-07-20,08:32,REM,74,
2026-07-20,08:33,REM,75,
2026-07-20,08:34,REM,77,
2026-07-20,08:35,REM,74,
2026-07-20,08:36,REM,77,
2026-07-20,08:37,REM,74,
2026-07-20,08:38,REM,75,
2026-07-20,08:39,REM,77,
2026-07-20,08:40,REM,76,
2026-07-20,08:41,REM,72,
2026-07-20,08:42,REM,70,
2026-07-20,08:43,REM,70,
2026-07-20,08:44,REM,71,
2026-07-20,08:45,REM,70,
2026-07-20,08:46,REM,69,
2026-07-20,08:47,REM,70,
2026-07-20,08:48,LIGHT,75,
2026-07-20,08:49,LIGHT,72,
2026-07-20,08:50,LIGHT,69,
2026-07-20,08:51,WAKE,71,
2026-07-20,08:52,LIGHT,68,
2026-07-20,08:53,LIGHT,68,
2026-07-20,08:54,LIGHT,66,
2026-07-20,08:55,LIGHT,69,
2026-07-20,08:56,LIGHT,67,
2026-07-20,08:57,LIGHT,65,
2026-07-20,08:58,LIGHT,65,
2026-07-20,08:59,LIGHT,65,
2026-07-20,09:00,LIGHT,65,
2026-07-20,09:01,LIGHT,70,
2026-07-20,09:02,LIGHT,68,
2026-07-20,09:03,LIGHT,66,
2026-07-20,09:04,LIGHT,70,
2026-07-20,09:05,LIGHT,68,
2026-07-20,09:06,LIGHT,65,
2026-07-20,09:07,LIGHT,70,
2026-07-20,09:08,LIGHT,66,
2026-07-20,09:09,LIGHT,68,
2026-07-20,09:10,LIGHT,66,
2026-07-20,09:11,LIGHT,67,
2026-07-20,09:12,LIGHT,67,
2026-07-20,09:13,LIGHT,65,
2026-07-20,09:14,LIGHT,69,
2026-07-20,09:15,LIGHT,69,
2026-07-20,09:16,LIGHT,66,
2026-07-20,09:17,LIGHT,66,
2026-07-20,09:18,LIGHT,67,
2026-07-20,09:19,LIGHT,71,
2026-07-20,09:20,LIGHT,75,
2026-07-20,09:21,LIGHT,75,
2026-07-20,09:22,LIGHT,80,
2026-07-20,09:23,LIGHT,80,
2026-07-20,09:24,LIGHT,82,
2026-07-20,09:25,LIGHT,92,
2026-07-20,09:26,LIGHT,100,
2026-07-20,09:27,LIGHT,105,
2026-07-20,09:28,LIGHT,89,
2026-07-20,09:29,LIGHT,81,
2026-07-20,09:30,LIGHT,78,
2026-07-20,09:31,LIGHT,80,
2026-07-20,09:32,LIGHT,85,
2026-07-20,09:33,LIGHT,79,
2026-07-20,09:34,LIGHT,79,
2026-07-20,09:35,LIGHT,74,
2026-07-20,09:36,LIGHT,75,
2026-07-20,09:37,LIGHT,77,
2026-07-20,09:38,LIGHT,77,
2026-07-20,09:39,LIGHT,83,
2026-07-20,09:40,LIGHT,75,
2026-07-20,09:41,LIGHT,69,
2026-07-20,09:42,LIGHT,71,
2026-07-20,09:43,LIGHT,71,
2026-07-20,09:44,LIGHT,73,
2026-07-20,09:45,LIGHT,72,
2026-07-20,09:46,LIGHT,71,
2026-07-20,09:47,LIGHT,72,
2026-07-20,09:48,LIGHT,69,
2026-07-20,09:49,LIGHT,77,
2026-07-20,09:50,LIGHT,81,
2026-07-20,09:51,LIGHT,73,
2026-07-20,09:52,LIGHT,76,
2026-07-20,09:53,LIGHT,79,
2026-07-20,09:54,LIGHT,85,
2026-07-20,09:55,LIGHT,77,
2026-07-20,09:56,LIGHT,69,
2026-07-20,09:57,LIGHT,68,
2026-07-20,09:58,LIGHT,68,
2026-07-20,09:59,LIGHT,66,
2026-07-20,10:00,LIGHT,67,
2026-07-20,10:01,LIGHT,78,
2026-07-20,10:02,LIGHT,109,
2026-07-20,10:03,LIGHT,109,
2026-07-20,10:04,LIGHT,83,
2026-07-20,10:05,DEEP,76,
2026-07-20,10:06,DEEP,71,
2026-07-20,10:07,DEEP,69,
2026-07-20,10:08,LIGHT,86,
2026-07-20,10:09,LIGHT,96,
2026-07-20,10:10,LIGHT,96,
2026-07-20,10:11,LIGHT,67,
2026-07-20,10:12,LIGHT,59,
2026-07-20,10:13,LIGHT,59,
2026-07-20,10:14,LIGHT,59,
2026-07-20,10:15,LIGHT,60,
2026-07-20,10:16,LIGHT,60,
2026-07-20,10:17,LIGHT,70,
2026-07-20,10:18,LIGHT,69,
2026-07-20,10:19,LIGHT,68,
2026-07-20,10:20,LIGHT,65,
2026-07-20,10:21,LIGHT,68,
2026-07-20,10:22,LIGHT,64,
2026-07-20,10:23,LIGHT,66,
2026-07-20,10:24,LIGHT,65,
2026-07-20,10:25,LIGHT,66,
2026-07-20,10:26,LIGHT,77,
2026-07-20,10:27,LIGHT,69,
2026-07-20,10:28,LIGHT,66,
2026-07-20,10:29,LIGHT,63,
2026-07-20,10:30,LIGHT,61,
2026-07-20,10:31,LIGHT,67,
2026-07-20,10:32,WAKE,70,
2026-07-20,10:33,LIGHT,75,
2026-07-20,10:34,LIGHT,72,
2026-07-20,10:35,LIGHT,68,
2026-07-20,10:36,REM,64,
2026-07-20,10:37,REM,63,
2026-07-20,10:38,REM,62,
2026-07-20,10:39,REM,68,
2026-07-20,10:40,REM,68,
2026-07-20,10:41,REM,65,
2026-07-20,10:42,REM,65,
2026-07-20,10:43,REM,67,
2026-07-20,10:44,REM,61,
2026-07-20,10:45,REM,66,
2026-07-20,10:46,REM,61,
2026-07-20,10:47,REM,62,
2026-07-20,10:48,REM,59,
2026-07-20,10:49,REM,61,
2026-07-20,10:50,REM,63,
2026-07-20,10:51,REM,64,
2026-07-20,10:52,REM,59,
2026-07-20,10:53,REM,60,
2026-07-20,10:54,REM,57,
2026-07-20,10:55,REM,59,
2026-07-20,10:56,LIGHT,63,
2026-07-20,10:57,LIGHT,60,
2026-07-20,10:58,LIGHT,58,
2026-07-20,10:59,LIGHT,61,
2026-07-20,11:00,LIGHT,66,
2026-07-20,11:01,LIGHT,66,
2026-07-20,11:02,LIGHT,64,
2026-07-20,11:03,LIGHT,61,
2026-07-20,11:04,LIGHT,61,
2026-07-20,11:05,LIGHT,60,
2026-07-20,11:06,REM,57,
2026-07-20,11:07,REM,59,
2026-07-20,11:08,REM,61,
2026-07-20,11:09,REM,59,
2026-07-20,11:10,REM,57,
2026-07-20,11:11,REM,56,
2026-07-20,11:12,REM,56,
2026-07-20,11:13,REM,56,
2026-07-20,11:14,REM,58,
2026-07-20,11:15,REM,61,
2026-07-20,11:16,REM,66,
2026-07-20,11:17,REM,62,
2026-07-20,11:18,REM,62,
2026-07-20,11:19,REM,69,
2026-07-20,11:20,REM,61,
2026-07-20,11:21,REM,60,
2026-07-20,11:22,REM,62,
2026-07-20,11:23,REM,61,
2026-07-20,11:24,REM,66,
2026-07-20,11:25,REM,65,
2026-07-20,11:26,REM,67,
2026-07-20,11:27,REM,72,
2026-07-20,11:28,REM,73,
2026-07-20,11:29,REM,73,
2026-07-20,11:30,REM,60,
2026-07-20,11:31,REM,57,
2026-07-20,11:32,REM,57,
2026-07-20,11:33,REM,57,
2026-07-20,11:34,REM,55,
2026-07-20,11:35,REM,61,
2026-07-20,11:36,REM,57,
2026-07-20,11:37,REM,55,
2026-07-20,11:38,REM,60,
2026-07-20,11:39,REM,58,
2026-07-20,11:40,REM,58,
2026-07-20,11:41,REM,61,
2026-07-20,11:42,REM,60,
2026-07-20,11:43,LIGHT,57,
2026-07-20,11:44,LIGHT,56,
2026-07-20,11:45,LIGHT,56,
2026-07-20,11:46,LIGHT,60,
2026-07-20,11:47,LIGHT,58,
2026-07-20,11:48,LIGHT,55,
2026-07-20,11:49,LIGHT,54,
2026-07-20,11:50,LIGHT,56,
2026-07-20,11:51,LIGHT,54,
2026-07-20,11:52,LIGHT,57,
2026-07-20,11:53,LIGHT,55,
2026-07-20,11:54,LIGHT,54,
2026-07-20,11:55,LIGHT,54,
2026-07-20,11:56,LIGHT,66,
2026-07-20,11:57,LIGHT,85,
2026-07-20,11:58,LIGHT,94,
2026-07-20,11:59,LIGHT,99,
2026-07-20,12:00,LIGHT,101,
2026-07-20,12:01,LIGHT,90,
2026-07-20,12:02,LIGHT,84,
2026-07-20,12:03,LIGHT,84,
2026-07-20,12:04,LIGHT,77,
2026-07-20,12:05,LIGHT,73,
2026-07-20,12:06,LIGHT,73,
2026-07-20,12:07,LIGHT,74,
2026-07-20,12:08,LIGHT,71,
2026-07-20,12:09,LIGHT,65,
2026-07-20,12:10,LIGHT,67,
2026-07-20,12:11,LIGHT,74,
2026-07-20,12:12,LIGHT,76,
2026-07-20,12:13,LIGHT,79,
2026-07-20,12:14,DEEP,82,
2026-07-20,12:15,DEEP,87,
2026-07-20,12:16,DEEP,88,
2026-07-20,12:17,DEEP,86,
2026-07-20,12:18,DEEP,90,
2026-07-20,12:19,DEEP,93,
2026-07-20,12:20,DEEP,102,
2026-07-20,12:21,DEEP,103,
2026-07-20,12:22,DEEP,84,
2026-07-20,12:23,DEEP,79,
2026-07-20,12:24,LIGHT,79,
2026-07-20,12:25,LIGHT,86,
2026-07-20,12:26,LIGHT,78,
2026-07-20,12:27,WAKE,80,
2026-07-20,12:28,WAKE,85,
2026-07-20,12:29,LIGHT,91,
2026-07-20,12:30,LIGHT,101,
2026-07-20,12:31,LIGHT,109,
2026-07-20,12:32,LIGHT,95,
2026-07-20,12:33,LIGHT,97,
2026-07-20,12:34,LIGHT,72,
2026-07-20,12:35,LIGHT,60,
2026-07-20,12:36,LIGHT,57,
2026-07-20,12:37,LIGHT,55,
2026-07-20,12:38,LIGHT,52,
2026-07-20,12:39,LIGHT,54,
2026-07-20,12:40,LIGHT,54,
2026-07-20,12:41,LIGHT,55,
2026-07-20,12:42,LIGHT,55,
2026-07-20,12:43,LIGHT,52,
2026-07-20,12:44,LIGHT,55,
2026-07-20,12:45,LIGHT,60,
2026-07-20,12:46,LIGHT,65,
2026-07-20,12:47,LIGHT,62,
2026-07-20,12:48,LIGHT,66,
2026-07-20,12:49,LIGHT,63,
2026-07-20,12:50,LIGHT,57,
2026-07-20,12:51,LIGHT,63,
2026-07-20,12:52,LIGHT,60,
2026-07-20,12:53,LIGHT,62,
2026-07-20,12:54,LIGHT,60,
2026-07-20,12:55,LIGHT,54,
2026-07-20,12:56,LIGHT,56,
2026-07-20,12:57,LIGHT,61,
2026-07-20,12:58,LIGHT,58,
2026-07-20,12:59,LIGHT,58,
2026-07-20,13:00,LIGHT,60,
2026-07-20,13:01,LIGHT,60,
2026-07-20,13:02,LIGHT,57,
2026-07-20,13:03,LIGHT,58,
2026-07-20,13:04,LIGHT,61,
2026-07-20,13:05,LIGHT,57,
2026-07-20,13:06,LIGHT,59,
2026-07-20,13:07,LIGHT,60,
2026-07-20,13:08,REM,67,
2026-07-20,13:09,REM,70,
2026-07-20,13:10,REM,70,
2026-07-20,13:11,REM,66,
2026-07-20,13:12,REM,66,
2026-07-20,13:13,REM,67,
2026-07-20,13:14,REM,69,
2026-07-20,13:15,REM,76,
2026-07-20,13:16,REM,68,
2026-07-20,13:17,REM,60,
2026-07-20,13:18,REM,64,
2026-07-20,13:19,REM,68,
2026-07-20,13:20,REM,73,
2026-07-20,13:21,REM,77,
2026-07-20,13:22,REM,79,
2026-07-20,13:23,REM,70,
2026-07-20,13:24,REM,64,
2026-07-20,13:25,REM,60,
2026-07-20,13:26,REM,60,
2026-07-20,13:27,REM,60,
2026-07-20,13:28,REM,61,
2026-07-20,13:29,REM,61,
2026-07-20,13:30,REM,58,
2026-07-20,13:31,REM,58,
2026-07-20,13:32,REM,57,
2026-07-20,13:33,REM,57,
2026-07-20,13:34,REM,56,
2026-07-20,13:35,REM,57,
2026-07-20,13:36,REM,57,
2026-07-20,13:37,LIGHT,59,
2026-07-20,13:38,LIGHT,60,
2026-07-20,13:39,LIGHT,59,
2026-07-20,13:40,LIGHT,56,
2026-07-20,13:41,LIGHT,57,
2026-07-21,14:03,LIGHT,,
2026-07-21,14:04,LIGHT,,
2026-07-21,14:05,LIGHT,,
2026-07-21,14:06,LIGHT,,
2026-07-21,14:07,LIGHT,,
2026-07-21,14:08,LIGHT,,
2026-07-21,14:09,LIGHT,,
2026-07-21,14:10,LIGHT,,
2026-07-21,14:11,LIGHT,,
2026-07-21,14:12,LIGHT,,
2026-07-21,14:13,LIGHT,,
2026-07-21,14:14,LIGHT,,
2026-07-21,14:15,LIGHT,,
2026-07-21,14:16,DEEP,,
2026-07-21,14:17,DEEP,,
2026-07-21,14:18,DEEP,,
2026-07-21,14:19,DEEP,,
2026-07-21,14:20,DEEP,,
2026-07-21,14:21,DEEP,,
2026-07-21,14:22,DEEP,,
2026-07-21,14:23,DEEP,,
2026-07-21,14:24,DEEP,,
2026-07-21,14:25,DEEP,,
2026-07-21,14:26,DEEP,,
2026-07-21,14:27,DEEP,,
2026-07-21,14:28,DEEP,,
2026-07-21,14:29,DEEP,,
2026-07-21,14:30,DEEP,,
2026-07-21,14:31,DEEP,,
2026-07-21,14:32,DEEP,,
2026-07-21,14:33,DEEP,,
2026-07-21,14:34,DEEP,,
2026-07-21,14:35,DEEP,,
2026-07-21,14:36,DEEP,,
2026-07-21,14:37,DEEP,,
2026-07-21,14:38,DEEP,,
2026-07-21,14:39,DEEP,,
2026-07-21,14:40,DEEP,,
2026-07-21,14:41,DEEP,,
2026-07-21,14:42,DEEP,,
2026-07-21,14:43,DEEP,,
2026-07-21,14:44,DEEP,,
2026-07-21,14:45,DEEP,,
2026-07-21,14:46,DEEP,,
2026-07-21,14:47,DEEP,,
2026-07-21,14:48,DEEP,,
2026-07-21,14:49,DEEP,,
2026-07-21,14:50,DEEP,,
2026-07-21,14:51,DEEP,,
2026-07-21,14:52,DEEP,,
2026-07-21,14:53,DEEP,,
2026-07-21,14:54,DEEP,,
2026-07-21,14:55,DEEP,,
2026-07-21,14:56,DEEP,,
2026-07-21,14:57,DEEP,,
2026-07-21,14:58,DEEP,,
2026-07-21,14:59,DEEP,,
2026-07-21,15:00,DEEP,,
2026-07-21,15:01,DEEP,,
2026-07-21,15:02,DEEP,,
2026-07-21,15:03,DEEP,,
2026-07-21,15:04,DEEP,,
2026-07-21,15:05,DEEP,,
2026-07-21,15:06,DEEP,,
2026-07-21,15:07,DEEP,,
2026-07-21,15:08,DEEP,,
2026-07-21,15:09,DEEP,,
2026-07-21,15:10,DEEP,,
2026-07-21,15:11,DEEP,,
2026-07-21,15:12,DEEP,,
2026-07-21,15:13,DEEP,,
2026-07-21,15:14,DEEP,,
2026-07-21,15:15,DEEP,,
2026-07-21,15:16,DEEP,,
2026-07-21,15:17,DEEP,,
2026-07-21,15:18,LIGHT,,
2026-07-21,15:19,LIGHT,,
2026-07-21,15:20,LIGHT,,
2026-07-21,15:21,WAKE,,
2026-07-21,15:22,WAKE,,
2026-07-21,15:23,WAKE,,
2026-07-21,15:24,LIGHT,,
2026-07-21,15:25,LIGHT,,
2026-07-21,15:26,LIGHT,,
2026-07-21,15:27,LIGHT,,
2026-07-21,15:28,LIGHT,,
2026-07-21,15:29,LIGHT,,
2026-07-21,15:30,REM,,
2026-07-21,15:31,REM,,
2026-07-21,15:32,REM,,
2026-07-21,15:33,REM,,
2026-07-21,15:34,REM,,
2026-07-21,15:35,REM,,
2026-07-21,15:36,REM,,
2026-07-21,15:37,REM,,
2026-07-21,15:38,REM,,
2026-07-21,15:39,REM,,
2026-07-21,15:40,REM,,
2026-07-21,15:41,REM,,
2026-07-21,15:42,REM,,
2026-07-21,15:43,REM,,
2026-07-21,15:44,REM,,
2026-07-21,15:45,REM,,
2026-07-21,15:46,REM,,
2026-07-21,15:47,REM,,
2026-07-21,15:48,REM,,
2026-07-21,15:49,LIGHT,,
2026-07-21,15:50,LIGHT,,
2026-07-21,15:51,LIGHT,,
2026-07-21,15:52,LIGHT,,
2026-07-21,15:53,LIGHT,,
2026-07-21,15:54,LIGHT,,
2026-07-21,15:55,LIGHT,,
2026-07-21,15:56,LIGHT,,
2026-07-21,15:57,LIGHT,,
2026-07-21,15:58,LIGHT,,
2026-07-21,15:59,LIGHT,,
2026-07-21,16:00,LIGHT,,
2026-07-21,16:01,LIGHT,,
2026-07-21,16:02,LIGHT,,
2026-07-21,16:03,LIGHT,,
2026-07-21,16:04,LIGHT,,
2026-07-21,16:05,LIGHT,,
2026-07-21,16:06,LIGHT,,
2026-07-21,16:07,LIGHT,,
2026-07-21,16:08,LIGHT,,
2026-07-21,16:09,LIGHT,,
2026-07-21,16:10,LIGHT,,
2026-07-21,16:11,LIGHT,,
2026-07-21,16:12,LIGHT,,
2026-07-21,16:13,LIGHT,,
2026-07-21,16:14,LIGHT,,
2026-07-21,16:15,LIGHT,,
2026-07-21,16:16,LIGHT,,
2026-07-21,16:17,LIGHT,,
2026-07-21,16:18,LIGHT,,
2026-07-21,16:19,LIGHT,,
2026-07-21,16:20,LIGHT,,
2026-07-21,16:21,LIGHT,,
2026-07-21,16:22,LIGHT,,
2026-07-21,16:23,LIGHT,,
2026-07-21,16:24,LIGHT,,
2026-07-21,16:25,LIGHT,,
2026-07-21,16:26,LIGHT,,
2026-07-21,16:27,LIGHT,,
2026-07-21,16:28,LIGHT,,
2026-07-21,16:29,LIGHT,,
2026-07-21,16:30,WAKE,,
2026-07-21,16:31,LIGHT,,
2026-07-21,16:32,LIGHT,,
2026-07-21,16:33,LIGHT,,
2026-07-21,16:34,LIGHT,,
2026-07-21,16:35,LIGHT,,
2026-07-21,16:36,LIGHT,,
2026-07-21,16:37,LIGHT,,
2026-07-21,16:38,LIGHT,,
2026-07-21,16:39,LIGHT,,
2026-07-21,16:40,LIGHT,,
2026-07-21,16:41,LIGHT,,
2026-07-21,16:42,LIGHT,,
2026-07-21,16:43,LIGHT,,
2026-07-21,16:44,LIGHT,,
2026-07-21,16:45,LIGHT,,
2026-07-21,16:46,LIGHT,,
2026-07-21,16:47,LIGHT,,
2026-07-21,16:48,LIGHT,,
2026-07-21,16:49,LIGHT,,
2026-07-21,16:50,LIGHT,,
2026-07-21,16:51,WAKE,,
2026-07-21,16:52,LIGHT,,
2026-07-21,16:53,LIGHT,,
2026-07-21,16:54,LIGHT,,
2026-07-21,16:55,LIGHT,,
2026-07-21,16:56,LIGHT,,
2026-07-21,16:57,LIGHT,,
2026-07-21,16:58,LIGHT,,
2026-07-21,16:59,LIGHT,,
